Statistik från Skolverket, https://www.skolverket.se

Grundskola - Antal elever per årskurs
Valt läsår: 2022/23

Skola;Skol-enhetskod;Skolkommun;Kommun-kod;Typ av huvudman;Huvudman;Huvudman orgnr;Elever, årskurs 1-9;Andel (%) flickor, årskurs 1-9;Andel (%) elever med utländsk bakgrund, åk 1-9;Andel (%) elever med föräldrar med eftergymnasial utb., åk 1-9;Elever, årskurs 1;Elever, årskurs 2;Elever, årskurs 3;Elever, årskurs 4;Elever, årskurs 5;Elever, årskurs 6;Elever, årskurs 7;Elever, årskurs 8;Elever, årskurs 9;
Ahlafors Fria skola;71387206;Ale;1440;Enskild;Ahlafors Fria Skola Ekonomisk förening;7696142343;258;48,4;4,7;69,8;24;22;22;25;49;23;24;46;23;
Alboskolan;72616393;Ale;1440;Kommunal;Ale kommun;2120001439;184;52,7;8,7;55,4;.;.;.;64;63;57;.;.;.;
Aroseniusskolan;48529699;Ale;1440;Kommunal;Ale kommun;2120001439;445;46,7;13,5;58,7;.;.;.;.;.;.;186;130;129;
Bohusskolan;11043800;Ale;1440;Kommunal;Ale kommun;2120001439;547;49,7;38,2;63,6;54;53;43;44;51;39;81;96;86;
Da Vinciskolan A-C;71893438;Ale;1440;Kommunal;Ale kommun;2120001439;227;50,7;29,1;60,4;.;.;.;.;.;.;79;69;79;
Da Vinciskolan D-F;71729095;Ale;1440;Kommunal;Ale kommun;2120001439;217;52,5;26,7;57,1;.;.;.;.;.;.;67;72;78;
Garnvindeskolan;97093265;Ale;1440;Kommunal;Ale kommun;2120001439;204;44,1;15,2;52,5;70;66;68;.;.;.;.;.;.;
Himlaskolan;54807007;Ale;1440;Kommunal;Ale kommun;2120001439;140;50,0;12,1;55,7;33;19;24;23;6;35;.;.;.;
Kronaskolan 4-6;58798062;Ale;1440;Kommunal;Ale kommun;2120001439;288;44,4;20,5;70,8;.;.;.;98;96;94;.;.;.;
Kronaskolan F-3;59239104;Ale;1440;Kommunal;Ale kommun;2120001439;350;45,4;18,0;73,7;133;104;113;.;.;.;.;.;.;
Kyrkbyskolan;16944234;Ale;1440;Kommunal;Ale kommun;2120001439;320;47,8;31,9;69,4;.;.;.;98;99;123;.;.;.;
Nolskolan;12789480;Ale;1440;Kommunal;Ale kommun;2120001439;291;49,1;26,5;62,2;39;43;50;47;55;57;.;.;.;
Nödingeskolan;22564015;Ale;1440;Kommunal;Ale kommun;2120001439;295;46,4;31,5;68,1;79;102;114;.;.;.;.;.;.;
Surteskolan;81439850;Ale;1440;Kommunal;Ale kommun;2120001439;236;53,8;42,8;65,3;30;44;37;37;38;50;.;.;.;
Gustav Adolfsskolan;74064638;Alingsås;1489;Kommunal;Alingsås kommun;2120001553;335;49,9;9,6;68,7;.;.;.;.;.;.;112;114;109;
Hemsjö Kyrkskola;63452058;Alingsås;1489;Kommunal;Alingsås kommun;2120001553;149;47,7;4,0;62,4;28;26;26;21;21;27;.;.;.;
Ingaredsskolan;49115714;Alingsås;1489;Kommunal;Alingsås kommun;2120001553;235;44,3;7,2;79,6;50;40;35;48;24;38;.;.;.;
Kullingsbergsskolan;78832157;Alingsås;1489;Kommunal;Alingsås kommun;2120001553;232;47,8;11,2;75,0;47;45;35;34;41;30;.;.;.;
Lendahlsskolan F-6;34338735;Alingsås;1489;Kommunal;Alingsås kommun;2120001553;224;50,9;30,4;52,2;32;42;22;39;44;45;.;.;.;
Linnéskolan;32478204;Alingsås;1489;Enskild;Alingsås Waldorfskoleförening;8640010511;19;52,6;..;42,1;4;6;4;2;3;.;.;.;.;
Långareds skola;28639614;Alingsås;1489;Kommunal;Alingsås kommun;2120001553;100;47,0;12,0;59,0;12;18;17;24;15;14;.;.;.;
Magra skola;78273632;Alingsås;1489;Kommunal;Alingsås kommun;2120001553;49;51,0;..;53,1;5;10;13;7;7;7;.;.;.;
Montessoriskolan Globen;87109819;Alingsås;1489;Enskild;Alingsås Montessori Skola Globen;8640009794;373;47,2;10,7;85,0;31;35;33;33;35;48;54;53;51;
Nolbyskolan;46546067;Alingsås;1489;Kommunal;Alingsås kommun;2120001553;288;46,2;25,3;61,1;39;49;42;43;68;47;.;.;.;
Nolhagaskolan;84581048;Alingsås;1489;Kommunal;Alingsås kommun;2120001553;426;49,5;18,1;70,7;.;.;.;.;.;.;144;139;143;
Noltorpsskolan 4-6;87146353;Alingsås;1489;Kommunal;Alingsås kommun;2120001553;195;54,4;30,8;56,9;.;.;.;77;51;67;.;.;.;
Noltorpsskolan F-3;86435318;Alingsås;1489;Kommunal;Alingsås kommun;2120001553;208;44,7;25,0;61,5;67;70;71;.;.;.;.;.;.;
Sollebrunns skola F-9;76908037;Alingsås;1489;Kommunal;Alingsås kommun;2120001553;338;47,3;14,2;48,5;29;33;25;30;29;36;56;57;43;
Stadsskogenskolan;38957274;Alingsås;1489;Kommunal;Alingsås kommun;2120001553;319;46,7;11,6;77,4;52;51;49;50;53;64;.;.;.;
Stora Mellby skola;90924483;Alingsås;1489;Kommunal;Alingsås kommun;2120001553;81;48,1;..;60,5;21;7;11;16;13;13;.;.;.;
Vittra Gerdsken;98272016;Alingsås;1489;Enskild;Vittraskolorna AB;5564586716;444;50,7;12,2;68,5;43;44;43;47;50;48;61;53;55;
Västra Bodarna skola;71895385;Alingsås;1489;Kommunal;Alingsås kommun;2120001553;131;51,9;4,6;83,2;19;20;23;26;14;29;.;.;.;
Ängaboskolan F-6;57136802;Alingsås;1489;Kommunal;Alingsås kommun;2120001553;315;47,6;18,1;63,2;50;52;49;46;56;62;.;.;.;
Ödenäs skola;70153094;Alingsås;1489;Kommunal;Alingsås kommun;2120001553;43;58,1;..;79,1;13;3;9;7;7;4;.;.;.;
Östlyckeskolan 7-9;63399058;Alingsås;1489;Kommunal;Alingsås kommun;2120001553;403;43,9;19,9;58,1;.;.;.;.;.;.;122;146;135;
Friskolan Kronobergshed;79378495;Alvesta;0764;Enskild;Friskolan Kronobergshed Ek. för.;7696124531;44;40,9;25,0;54,5;9;9;2;10;6;8;.;.;.;
Grönkullaskolan;66644840;Alvesta;0764;Kommunal;Alvesta kommun;2120000639;360;39,4;78,3;36,7;44;61;67;61;71;56;.;.;.;
Hagaskolan;67183147;Alvesta;0764;Kommunal;Alvesta kommun;2120000639;465;53,3;48,0;47,3;.;.;.;.;.;.;163;154;148;
Hjortsbergaskolan;36322706;Alvesta;0764;Kommunal;Alvesta kommun;2120000639;81;34,6;9,9;61,7;12;15;7;18;12;17;.;.;.;
Mohedaskolan;69699568;Alvesta;0764;Kommunal;Alvesta kommun;2120000639;432;49,8;16,2;53,2;60;49;46;35;48;45;42;54;53;
Prästängsskolan;59234401;Alvesta;0764;Kommunal;Alvesta kommun;2120000639;358;46,1;22,3;59,2;51;59;70;58;51;69;.;.;.;
Skatelövsskolan;55218290;Alvesta;0764;Kommunal;Alvesta kommun;2120000639;139;51,8;8,6;58,3;23;29;31;19;17;20;.;.;.;
Vislandaskolan;88176175;Alvesta;0764;Kommunal;Alvesta kommun;2120000639;394;47,7;18,8;48,2;28;35;30;40;41;35;57;60;68;
Furulidskolan;88669294;Aneby;0604;Kommunal;Aneby kommun;2120000498;316;46,5;25,6;51,9;.;.;.;.;.;77;77;81;81;
Oasens skola;48000763;Aneby;0604;Enskild;Oasen Utbildningscenter AB;5566501796;17;41,2;35,3;..;3;4;.;4;4;.;2;.;.;
Parkskolan;29991409;Aneby;0604;Kommunal;Aneby kommun;2120000498;104;56,7;26,0;50,0;44;24;36;.;.;.;.;.;.;
Sunhult skola;72916171;Aneby;0604;Kommunal;Aneby kommun;2120000498;59;45,8;8,5;44,1;12;11;14;8;14;.;.;.;.;
Tallbackaskolan;34811255;Aneby;0604;Kommunal;Aneby kommun;2120000498;185;50,8;23,8;56,2;27;25;19;60;54;.;.;.;.;
Vireda skola;81763314;Aneby;0604;Kommunal;Aneby kommun;2120000498;64;54,7;..;65,6;10;12;16;14;12;.;.;.;.;
Brattbergsskolan;77132043;Arboga;1984;Kommunal;Arboga kommun;2120002122;112;48,2;17,0;50,9;30;42;40;.;.;.;.;.;.;
Gäddgårdsskolan 7-9;65483259;Arboga;1984;Kommunal;Arboga kommun;2120002122;221;43,9;36,2;50,2;.;.;.;.;.;1;75;75;70;
Gäddgårdsskolan F-6;40576446;Arboga;1984;Kommunal;Arboga kommun;2120002122;318;48,7;36,8;42,1;40;24;47;67;76;64;.;.;.;
Götlunda skola;56897691;Arboga;1984;Kommunal;Arboga kommun;2120002122;88;48,9;..;54,5;14;17;14;13;16;14;.;.;.;
Ladubacksskolan;76878404;Arboga;1984;Kommunal;Arboga kommun;2120002122;219;45,7;6,4;67,1;40;42;45;50;42;.;.;.;.;
Medåkers Friskola;53910317;Arboga;1984;Enskild;Medåkers Friskola Ekonomisk förening;7696383129;37;32,4;..;48,6;7;9;5;6;7;3;.;.;.;
Nybyholmsskolan;80553326;Arboga;1984;Kommunal;Arboga kommun;2120002122;99;50,5;43,4;33,3;23;22;18;21;15;.;.;.;.;
Stureskolan;13854755;Arboga;1984;Kommunal;Arboga kommun;2120002122;299;44,8;20,1;54,8;.;.;.;.;.;81;70;73;75;
Silverskolan;14254350;Arjeplog;2506;Kommunal;Arjeplogs kommun;2120002668;212;49,5;8,5;50,0;18;22;25;27;31;25;23;17;24;
Fridhemsskolan;48373752;Arvidsjaur;2505;Kommunal;Arvidsjaurs kommun;2120002650;189;40,2;11,6;46,0;.;.;.;.;.;.;52;59;78;
Parkskolan;16305064;Arvidsjaur;2505;Kommunal;Arvidsjaurs kommun;2120002650;25;48,0;..;40,0;1;5;5;1;5;8;.;.;.;
Ringelskolan;72388632;Arvidsjaur;2505;Kommunal;Arvidsjaurs kommun;2120002650;185;53,0;10,8;42,7;.;.;.;58;68;59;.;.;.;
Tallbackaskolan;13473423;Arvidsjaur;2505;Kommunal;Arvidsjaurs kommun;2120002650;195;48,2;13,3;42,6;67;67;61;.;.;.;.;.;.;
Dotteviksskolan;71123975;Arvika;1784;Kommunal;Arvika kommun;2120001892;160;51,3;26,9;52,5;23;26;34;28;31;18;.;.;.;
Edane skola;26650042;Arvika;1784;Kommunal;Arvika kommun;2120001892;148;52,7;5,4;58,8;30;23;28;30;18;19;.;.;.;
Estetiska skolan, högstadiet;99375199;Arvika;1784;Enskild;Estetiska Skolan Arvika;8740020212;150;69,3;17,3;75,3;.;.;.;.;.;.;51;46;53;
Gateskolan;99788707;Arvika;1784;Kommunal;Arvika kommun;2120001892;335;50,4;16,1;62,7;40;42;48;72;62;71;.;.;.;
Glava skola;96746847;Arvika;1784;Kommunal;Arvika kommun;2120001892;62;40,3;17,7;33,9;9;4;13;15;14;7;.;.;.;
Graningegården;21442650;Arvika;1784;Kommunal;Arvika kommun;2120001892;74;44,6;..;81,1;26;23;25;.;.;.;.;.;.;
Järvenskolan;63265335;Arvika;1784;Kommunal;Arvika kommun;2120001892;135;51,1;4,4;47,4;25;23;26;23;17;21;.;.;.;
Jössefors skola;57618045;Arvika;1784;Kommunal;Arvika kommun;2120001892;87;57,5;5,7;46,0;25;32;30;.;.;.;.;.;.;
Klässbols skola;34377463;Arvika;1784;Kommunal;Arvika kommun;2120001892;97;35,1;7,2;56,7;13;16;20;16;16;16;.;.;.;
Kyrkebyskolan 4-6;53178437;Arvika;1784;Kommunal;Arvika kommun;2120001892;186;55,4;29,6;54,8;.;.;.;61;59;66;.;.;.;
Kyrkebyskolan F-3;82022664;Arvika;1784;Kommunal;Arvika kommun;2120001892;202;46,5;30,7;52,0;63;70;69;.;.;.;.;.;.;
Minnebergsskolan;55958613;Arvika;1784;Kommunal;Arvika kommun;2120001892;712;46,3;19,5;50,7;.;.;.;.;.;.;252;244;216;
Rinnens skola;71530490;Arvika;1784;Kommunal;Arvika kommun;2120001892;45;51,1;..;62,2;7;5;9;6;13;5;.;.;.;
Styckåsskolan;11995760;Arvika;1784;Kommunal;Arvika kommun;2120001892;119;42,9;37,0;55,5;17;19;22;18;18;25;.;.;.;
Sulviks skola;30153289;Arvika;1784;Kommunal;Arvika kommun;2120001892;81;40,7;9,9;39,5;.;.;.;33;25;23;.;.;.;
Hammars skola;95952398;Askersund;1882;Kommunal;Askersunds kommun;2120001983;33;33,3;.;27,3;9;13;11;.;.;.;.;.;.;
Närlundaskolan;34933810;Askersund;1882;Kommunal;Askersunds kommun;2120001983;295;48,1;19,0;45,4;47;51;54;77;66;.;.;.;.;
Rönneshytta skola;42366130;Askersund;1882;Kommunal;Askersunds kommun;2120001983;107;53,3;..;47,7;15;12;21;17;22;20;.;.;.;
Sjöängsskolan;15766661;Askersund;1882;Kommunal;Askersunds kommun;2120001983;411;48,2;11,2;40,9;.;.;.;.;.;81;109;105;116;
Åmmebergs skola;94560681;Askersund;1882;Kommunal;Askersunds kommun;2120001983;34;67,6;..;23,5;11;13;10;.;.;.;.;.;.;
Åsbro skola;26625115;Askersund;1882;Kommunal;Askersunds kommun;2120001983;134;47,8;12,7;38,8;25;18;19;27;24;21;.;.;.;
Bergsnässkolan;52904254;Avesta;2084;Kommunal;Avesta kommun;2120002262;258;49,2;50,0;45,0;.;.;.;89;98;71;.;.;.;
By skola;99431045;Avesta;2084;Kommunal;Avesta kommun;2120002262;45;42,2;..;37,8;4;11;.;11;13;6;.;.;.;
Domarhagsskolan;87516620;Avesta;2084;Kommunal;Avesta kommun;2120002262;303;49,2;35,3;43,6;.;.;.;.;.;.;100;103;100;
Fors skola;18273641;Avesta;2084;Kommunal;Avesta kommun;2120002262;112;52,7;8,0;50,0;17;12;13;28;18;24;.;.;.;
Grytnäs friskola;96138660;Avesta;2084;Enskild;Avesta-Grytnäs pastorat;2520047560;120;47,5;..;52,5;20;20;20;21;19;20;.;.;.;
Johan Olovsskolan;48240990;Avesta;2084;Kommunal;Avesta kommun;2120002262;213;51,2;16,4;39,4;11;13;17;22;16;18;31;44;41;
Karlbo skola;97945801;Avesta;2084;Kommunal;Avesta kommun;2120002262;177;52,5;10,7;50,3;34;32;25;28;25;33;.;.;.;
Krylbo skola;62043194;Avesta;2084;Kommunal;Avesta kommun;2120002262;78;50,0;76,9;17,9;28;26;24;.;.;.;.;.;.;
Markusskolan;15648377;Avesta;2084;Kommunal;Avesta kommun;2120002262;222;45,0;46,8;48,2;74;71;77;.;.;.;.;.;.;
Nordanö skola;49218585;Avesta;2084;Kommunal;Avesta kommun;2120002262;33;42,4;..;57,6;11;9;13;.;.;.;.;.;.;
Skogsbo skola;92591861;Avesta;2084;Kommunal;Avesta kommun;2120002262;440;53,0;27,0;45,2;64;52;60;92;73;99;.;.;.;
Åvestadalskolan;30454178;Avesta;2084;Kommunal;Avesta kommun;2120002262;323;48,9;24,1;45,2;.;.;.;.;.;.;93;102;128;
Bengtsgården;28484259;Bengtsfors;1460;Kommunal;Bengtsfors kommun;2120001470;282;44,0;31,6;45,0;.;.;.;.;.;.;93;112;77;
Bäckeskolan;46016643;Bengtsfors;1460;Kommunal;Bengtsfors kommun;2120001470;68;50,0;14,7;35,3;11;9;11;11;14;12;.;.;.;
Ekhagsskolan;95530848;Bengtsfors;1460;Kommunal;Bengtsfors kommun;2120001470;175;49,7;36,0;37,7;25;30;31;32;33;24;.;.;.;
Franserudsskolan;89639468;Bengtsfors;1460;Kommunal;Bengtsfors kommun;2120001470;286;46,2;29,0;51,4;48;42;46;51;45;54;.;.;.;
Hackås skola;70084130;Berg;2326;Kommunal;Bergs kommun;2120002502;56;42,9;..;53,6;12;9;12;7;5;11;.;.;.;
Klövsjö skola;90462401;Berg;2326;Kommunal;Bergs kommun;2120002502;34;38,2;.;67,6;5;8;5;8;3;5;.;.;.;
Kövra Byskola;82304602;Berg;2326;Enskild;Kövra Byskola AB;5567657316;41;48,8;..;73,2;9;7;5;7;8;5;.;.;.;
Ljungdalens skola;47079538;Berg;2326;Kommunal;Bergs kommun;2120002502;10;50,0;..;60,0;2;.;2;3;1;2;.;.;.;
Myrvikens skola;56709330;Berg;2326;Kommunal;Bergs kommun;2120002502;199;44,7;6,5;49,2;21;20;18;20;16;23;20;29;32;
Rätans skola;28750488;Berg;2326;Kommunal;Bergs kommun;2120002502;23;39,1;30,4;26,1;1;4;4;3;5;6;.;.;.;
Svenstaviks skola 7-9;63849173;Berg;2326;Kommunal;Bergs kommun;2120002502;135;48,1;28,9;44,4;.;1;.;.;.;.;47;44;43;
Svenstaviks skola F-6;64147674;Berg;2326;Kommunal;Bergs kommun;2120002502;126;46,8;47,6;39,7;27;19;17;21;22;20;.;.;.;
Åsarna skola;67992279;Berg;2326;Kommunal;Bergs kommun;2120002502;42;57,1;14,3;35,7;13;10;4;3;9;3;.;.;.;
Castorskolan 4-9;81730469;Bjurholm;2403;Kommunal;Bjurholms kommun;2120002833;161;47,8;11,2;60,2;.;.;.;27;32;28;26;20;28;
Castorskolan F-3;95790040;Bjurholm;2403;Kommunal;Bjurholms kommun;2120002833;63;47,6;15,9;52,4;24;17;22;.;.;.;.;.;.;
Brogårdaskolan;74696775;Bjuv;1260;Kommunal;Bjuvs kommun;2120001041;330;46,7;35,8;46,1;58;59;65;46;56;46;.;.;.;
Ekeby skola;56636046;Bjuv;1260;Kommunal;Bjuvs kommun;2120001041;422;46,9;17,5;38,6;39;40;49;49;61;43;47;53;41;
Jens Billeskolan;63754384;Bjuv;1260;Kommunal;Bjuvs kommun;2120001041;453;50,1;40,0;40,6;36;57;63;54;53;45;55;45;45;
Varagårdsskolan;10419361;Bjuv;1260;Kommunal;Bjuvs kommun;2120001041;494;49,4;55,3;32,4;39;31;38;40;40;41;94;89;82;
Brönjaskolan;60633912;Boden;2582;Kommunal;Bodens kommun;2120002767;300;46,0;13,3;70,0;.;.;.;.;.;.;97;85;118;
Fagernäs skola;55055777;Boden;2582;Kommunal;Bodens kommun;2120002767;127;39,4;16,5;41,7;23;18;21;25;21;19;.;.;.;
Fria Emilia;98998541;Boden;2582;Enskild;Friskola Fria Emilia Boden ekonomisk förening;7696083455;245;48,2;18,0;58,8;31;28;18;27;27;29;28;30;27;
Harads skola;82094905;Boden;2582;Kommunal;Bodens kommun;2120002767;61;55,7;45,9;26,2;13;8;9;8;15;8;.;.;.;
Hedensskolan;53832535;Boden;2582;Kommunal;Bodens kommun;2120002767;235;44,7;16,2;53,6;42;40;37;40;38;38;.;.;.;
Mimers Brunn Vittjärv;65431245;Boden;2582;Enskild;Mimers Vittjärv AB;5567226062;65;38,5;..;61,5;14;14;7;8;10;12;.;.;.;
Mårängskolan;75860725;Boden;2582;Kommunal;Bodens kommun;2120002767;329;50,2;12,2;72,6;65;46;63;53;53;49;.;.;.;
Noblaskolan Boden;40708452;Boden;2582;Enskild;Pysslingen Förskolor och Skolor AB;5560354309;300;49,0;8,0;64,0;18;21;21;20;21;21;67;44;67;
Prästholmsskolan;31341183;Boden;2582;Kommunal;Bodens kommun;2120002767;190;48,9;41,1;44,7;35;25;33;27;37;33;.;.;.;
Stureskolan;83862028;Boden;2582;Kommunal;Bodens kommun;2120002767;342;41,8;33,3;44,4;.;.;.;.;.;.;125;120;97;
Svartbjörnsbyns skola;98704682;Boden;2582;Kommunal;Bodens kommun;2120002767;132;43,9;26,5;53,0;22;24;14;25;25;22;.;.;.;
Tankeborgen Svartlå Fria;97359904;Boden;2582;Enskild;Svartlå-Sandträsk Ekonomiska Föreningen;7696081434;29;51,7;17,2;44,8;5;5;2;10;4;3;.;.;.;
Torpgärdsskolan;67642516;Boden;2582;Kommunal;Bodens kommun;2120002767;256;47,3;7,8;69,9;39;41;47;43;41;45;.;.;.;
Unbyns skola;10411502;Boden;2582;Kommunal;Bodens kommun;2120002767;50;52,0;..;64,0;12;7;11;5;11;4;.;.;.;
Älvskolan;29649408;Boden;2582;Kommunal;Bodens kommun;2120002767;27;40,7;..;40,7;4;2;4;5;7;5;.;.;.;
Bollebygdskolan 4-6;54447651;Bollebygd;1443;Kommunal;Bollebygds kommun;2120002973;197;53,8;17,8;55,8;.;.;.;66;65;66;.;.;.;
Bollebygdskolan 7-9;60372258;Bollebygd;1443;Kommunal;Bollebygds kommun;2120002973;372;49,2;11,3;58,3;.;.;.;.;.;.;129;114;129;
Bollebygdskolan F-3;39280013;Bollebygd;1443;Kommunal;Bollebygds kommun;2120002973;223;47,1;12,6;61,4;71;73;79;.;.;.;.;.;.;
Föräldrakooperativet Gadden;43939920;Bollebygd;1443;Enskild;Föräldrakoop.Gadden Ek.Förening;7164481132;129;47,3;..;79,1;23;22;22;20;21;21;.;.;.;
Töllsjöskolan;45052222;Bollebygd;1443;Kommunal;Bollebygds kommun;2120002973;99;43,4;9,1;60,6;9;15;19;15;21;20;.;.;.;
Örelundskolan;16196769;Bollebygd;1443;Kommunal;Bollebygds kommun;2120002973;124;53,2;12,9;51,6;16;19;19;20;27;23;.;.;.;
Alirskolan 7-9;65024773;Bollnäs;2183;Kommunal;Bollnäs kommun;2120002361;298;48,0;46,0;33,6;.;.;.;.;.;.;88;106;104;
Arbråskolan F-9;75662206;Bollnäs;2183;Kommunal;Bollnäs kommun;2120002361;231;46,8;16,0;43,3;22;28;21;30;14;30;31;28;27;
Björktjära skola F-6;44164435;Bollnäs;2183;Kommunal;Bollnäs kommun;2120002361;265;47,2;16,6;66,4;47;41;42;43;45;47;.;.;.;
Edenskolan;69498258;Bollnäs;2183;Enskild;Stiftelsen Bollnäs Bibelcenter;8865009610;27;48,1;55,6;48,1;4;5;2;3;1;1;4;2;5;
FRI att VÄXA Växsjö Byskola;38769534;Bollnäs;2183;Enskild;Växsjö byskola AB;5568021496;46;47,8;..;41,3;11;7;5;6;7;10;.;.;.;
Friskolan Lust & Lära;91187921;Bollnäs;2183;Enskild;Friskolan Lust & Lära i Bollnäs AB;5567748149;397;44,3;8,6;63,5;.;.;.;.;.;.;138;119;140;
Granbergsskolan F-6;72687432;Bollnäs;2183;Kommunal;Bollnäs kommun;2120002361;220;48,2;10,0;46,8;42;38;27;46;31;36;.;.;.;
Kilafors skola F-9;41793797;Bollnäs;2183;Kommunal;Bollnäs kommun;2120002361;191;48,2;15,2;51,3;20;14;12;22;15;19;40;27;22;
Kilbergsskolan F-6;92407606;Bollnäs;2183;Kommunal;Bollnäs kommun;2120002361;322;53,4;15,5;55,9;55;47;53;51;49;67;.;.;.;
Nyhamre skola F-6;29124453;Bollnäs;2183;Kommunal;Bollnäs kommun;2120002361;332;47,6;64,2;34,9;47;47;56;60;59;63;.;.;.;
Rengsjöskolan F-6;43389766;Bollnäs;2183;Kommunal;Bollnäs kommun;2120002361;111;44,1;..;52,3;12;21;19;14;21;24;.;.;.;
Segersta skola;74734342;Bollnäs;2183;Enskild;Segersta skola AB;5592527765;57;47,4;8,8;73,7;13;5;10;12;9;8;.;.;.;
Sörängs skola;69693147;Bollnäs;2183;Enskild;Sörängs skola AB;5568793417;62;45,2;8,1;67,7;7;11;13;10;12;9;.;.;.;
Vallsta skola F-6;81577420;Bollnäs;2183;Kommunal;Bollnäs kommun;2120002361;71;56,3;..;57,7;14;8;15;7;18;9;.;.;.;
Västansjö skola;95802522;Bollnäs;2183;Enskild;Västansjö skola AB;5569182784;72;56,9;..;48,6;16;7;10;22;9;8;.;.;.;
Gärdslösa skola;74710343;Borgholm;0885;Kommunal;Borgholms kommun;2120000795;60;43,3;.;46,7;17;9;16;12;6;.;.;.;.;
Köpings skola;64896318;Borgholm;0885;Kommunal;Borgholms kommun;2120000795;81;53,1;12,3;49,4;16;19;16;11;19;.;.;.;.;
Rälla skola;23868656;Borgholm;0885;Kommunal;Borgholms kommun;2120000795;47;44,7;..;53,2;7;14;8;9;9;.;.;.;.;
Slottsskolan;80852248;Borgholm;0885;Kommunal;Borgholms kommun;2120000795;269;51,3;17,8;44,2;.;.;.;.;.;68;59;67;75;
Viktoriaskolan;42934439;Borgholm;0885;Kommunal;Borgholms kommun;2120000795;147;49,0;31,3;51,0;30;22;29;31;34;.;.;1;.;
Åkerboskolan;82520504;Borgholm;0885;Kommunal;Borgholms kommun;2120000795;133;48,9;20,3;46,6;9;18;11;26;13;17;8;14;17;
Amsbergs skola;53466112;Borlänge;2081;Kommunal;Borlänge kommun;2120002239;47;48,9;..;42,6;13;21;13;.;.;.;.;.;.;
Domnarvets skola;91219337;Borlänge;2081;Kommunal;Borlänge kommun;2120002239;612;52,0;16,3;55,6;48;59;67;67;61;66;73;85;86;
Forssaklackskolan;84601215;Borlänge;2081;Kommunal;Borlänge kommun;2120002239;465;44,7;19,1;56,6;.;.;.;.;.;.;136;158;171;
Forssaängskolan;16213077;Borlänge;2081;Kommunal;Borlänge kommun;2120002239;311;46,3;26,7;59,8;46;55;51;50;48;61;.;.;.;
Gylle skola 7-9;11406792;Borlänge;2081;Kommunal;Borlänge kommun;2120002239;392;46,7;25,5;45,9;.;.;.;.;.;.;121;133;138;
Gylle skola F-6;80265253;Borlänge;2081;Kommunal;Borlänge kommun;2120002239;400;48,0;18,8;54,8;65;62;72;64;67;70;.;.;.;
Halvarsgårdars skola;98971545;Borlänge;2081;Kommunal;Borlänge kommun;2120002239;58;48,3;..;24,1;11;14;11;.;14;8;.;.;.;
Immanuelskolan;24147931;Borlänge;2081;Enskild;Stiftelsen Immanuel;8826020722;118;52,5;17,8;50,0;14;15;15;9;12;9;11;18;15;
Kunskapsskolan Borlänge;70510891;Borlänge;2081;Enskild;Kunskapsskolan i Sverige Aktiebolag;5565661815;355;53,2;28,5;58,0;.;.;.;18;30;56;72;80;99;
Kvarnsvedens skola;53010712;Borlänge;2081;Kommunal;Borlänge kommun;2120002239;426;46,5;12,0;56,6;66;69;65;68;81;77;.;.;.;
Kyrkskolan;39328823;Borlänge;2081;Kommunal;Borlänge kommun;2120002239;133;55,6;..;61,7;26;22;20;26;19;20;.;.;.;
Lanternan;59137023;Borlänge;2081;Enskild;Adventum Specialpedagogik AB;5563876753;18;..;33,3;38,9;.;.;4;1;3;.;.;7;3;
Maserskolan;56442130;Borlänge;2081;Kommunal;Borlänge kommun;2120002239;357;48,7;73,9;31,7;.;.;.;.;.;.;129;133;95;
Mjälgaskolan;47473951;Borlänge;2081;Kommunal;Borlänge kommun;2120002239;48;41,7;81,3;31,3;18;19;11;.;.;.;.;.;.;
Nygårdsskolan;23251345;Borlänge;2081;Kommunal;Borlänge kommun;2120002239;285;49,1;85,3;20,0;48;47;38;60;53;39;.;.;.;
Ornäs skola;58395955;Borlänge;2081;Kommunal;Borlänge kommun;2120002239;415;46,7;11,8;63,1;25;22;23;50;62;67;60;48;58;
Paradisskolan;73689078;Borlänge;2081;Kommunal;Borlänge kommun;2120002239;268;50,0;91,0;15,3;48;55;47;49;41;28;.;.;.;
Skräddarbacksskolan;73660679;Borlänge;2081;Kommunal;Borlänge kommun;2120002239;436;50,5;16,5;58,0;73;77;69;71;74;72;.;.;.;
Tjärnaskolan;34516710;Borlänge;2081;Kommunal;Borlänge kommun;2120002239;268;51,5;78,4;30,6;35;55;45;46;53;34;.;.;.;
Torsångs skola;94897392;Borlänge;2081;Kommunal;Borlänge kommun;2120002239;94;50,0;.;77,7;37;29;28;.;.;.;.;.;.;
Tunets skola;83119674;Borlänge;2081;Kommunal;Borlänge kommun;2120002239;132;51,5;4,5;56,1;27;25;18;22;17;23;.;.;.;
Aplaredskolan;79575640;Borås;1490;Kommunal;Borås kommun;2120001561;50;58,0;..;68,0;12;7;8;9;14;.;.;.;.;
Asklandaskolan;97485987;Borås;1490;Kommunal;Borås kommun;2120001561;236;42,4;6,8;71,6;40;40;40;40;40;36;.;.;.;
Bergdalskolan F-6;85493502;Borås;1490;Kommunal;Borås kommun;2120001561;322;49,1;29,2;60,9;47;47;47;66;46;69;.;.;.;
Björkhöjdskolan 7-9;95576349;Borås;1490;Kommunal;Borås kommun;2120001561;177;45,8;54,2;48,6;.;.;.;.;.;.;74;103;.;
Björkhöjdskolan F-6;80373308;Borås;1490;Kommunal;Borås kommun;2120001561;215;46,0;56,7;59,1;37;59;61;58;.;.;.;.;.;
Bodaskolan 7-9;67454907;Borås;1490;Kommunal;Borås kommun;2120001561;473;48,4;59,2;45,2;.;.;.;.;.;.;157;161;155;
Bodaskolan F-6;94172239;Borås;1490;Kommunal;Borås kommun;2120001561;261;51,7;83,1;34,9;44;42;38;40;55;42;.;.;.;
Borgstenaskolan;77362129;Borås;1490;Kommunal;Borås kommun;2120001561;77;48,1;6,5;41,6;10;15;8;13;14;17;.;.;.;
Borås Kristna skola;64720166;Borås;1490;Enskild;AB Borås Kristna Skola;5592935042;155;49,0;50,3;58,1;14;16;19;15;17;18;14;18;24;
Bredaredskolan;88594941;Borås;1490;Kommunal;Borås kommun;2120001561;112;42,9;..;62,5;18;19;17;22;14;22;.;.;.;
Byttorpskolan;60337075;Borås;1490;Kommunal;Borås kommun;2120001561;137;46,7;67,9;31,4;34;30;22;11;20;20;.;.;.;
Dalsjöskolan 4-6;95015820;Borås;1490;Kommunal;Borås kommun;2120001561;212;46,7;7,1;57,5;.;.;.;69;69;74;.;.;.;
Dalsjöskolan 7-9;60557814;Borås;1490;Kommunal;Borås kommun;2120001561;429;49,9;9,6;57,1;.;.;.;.;.;.;145;138;146;
Daltorpskolan 7-9;97706771;Borås;1490;Kommunal;Borås kommun;2120001561;454;46,3;46,5;47,4;.;.;.;.;.;.;113;152;189;
Daltorpskolan F-6 Kronäng 2;13746989;Borås;1490;Kommunal;Borås kommun;2120001561;115;40,9;56,5;34,8;19;17;25;13;19;22;.;.;.;
Dannikeskolan;24961270;Borås;1490;Kommunal;Borås kommun;2120001561;66;48,5;10,6;37,9;10;13;13;12;8;10;.;.;.;
Ekarängskolan;95440729;Borås;1490;Kommunal;Borås kommun;2120001561;278;51,8;74,1;46,0;51;52;47;41;37;50;.;.;.;
Engelbrektskolan 7-9;86215855;Borås;1490;Kommunal;Borås kommun;2120001561;345;46,7;36,2;57,1;.;.;.;.;.;.;126;98;121;
Engelbrektskolan F-6;70233136;Borås;1490;Kommunal;Borås kommun;2120001561;372;46,2;28,8;68,3;64;65;61;43;72;67;.;.;.;
Erikslundskolan 7-9;73269899;Borås;1490;Kommunal;Borås kommun;2120001561;212;51,9;62,7;36,3;.;.;.;.;.;.;67;73;72;
Erikslundskolan F-6;71926648;Borås;1490;Kommunal;Borås kommun;2120001561;107;43,9;72,9;27,1;20;18;21;12;16;20;.;.;.;
Fjärdingskolan F-6;74866813;Borås;1490;Kommunal;Borås kommun;2120001561;279;42,3;87,8;24,7;39;42;57;51;34;56;.;.;.;
Fristadskolan 7-9;86708639;Borås;1490;Kommunal;Borås kommun;2120001561;403;45,9;12,2;62,8;.;.;.;.;.;.;141;130;132;
Gula skolan;90802324;Borås;1490;Kommunal;Borås kommun;2120001561;219;53,4;8,2;53,9;36;39;39;42;35;28;.;.;.;
Gånghesterskolan;20256677;Borås;1490;Kommunal;Borås kommun;2120001561;208;44,7;11,1;68,3;20;35;38;37;39;39;.;.;.;
Hestra Midgårdskolan;77733096;Borås;1490;Kommunal;Borås kommun;2120001561;336;46,7;34,2;63,4;74;60;59;53;47;43;.;.;.;
Internationella Engelska Skolan Borås;58354320;Borås;1490;Enskild;Internationella Engelska Skolan i Sverige AB;5564624368;529;49,5;56,0;69,0;.;.;.;96;98;94;64;90;87;
Kerstinsgårdskolan;53233617;Borås;1490;Kommunal;Borås kommun;2120001561;73;50,7;8,2;65,8;24;24;25;.;.;.;.;.;.;
Kinnarummaskolan F-6;98161840;Borås;1490;Kommunal;Borås kommun;2120001561;78;51,3;..;55,1;11;19;9;22;11;6;.;.;.;
Kristinebergskolan;26533038;Borås;1490;Kommunal;Borås kommun;2120001561;352;52,6;43,5;55,7;61;64;57;56;53;61;.;.;.;
Kunskapsskolan Borås;10257640;Borås;1490;Enskild;Kunskapsskolan i Sverige Aktiebolag;5565661815;695;56,8;32,4;68,1;47;47;35;58;60;88;128;131;101;
Malmen Montessori;10132939;Borås;1490;Enskild;Malmen Montessori;8645012132;528;49,1;23,3;72,7;58;63;58;58;57;60;56;63;55;
Myråsskolan;41007432;Borås;1490;Kommunal;Borås kommun;2120001561;477;47,2;22,4;75,1;83;96;75;93;73;57;.;.;.;
Målsrydskolan;90649345;Borås;1490;Kommunal;Borås kommun;2120001561;71;46,5;21,1;53,5;13;13;9;12;14;10;.;.;.;
Rångedalaskolan;48846255;Borås;1490;Kommunal;Borås kommun;2120001561;67;41,8;..;50,7;15;15;15;16;6;.;.;.;.;
Sandaredskolan;72403229;Borås;1490;Kommunal;Borås kommun;2120001561;393;49,4;7,9;72,5;66;65;68;61;67;66;.;.;.;
Sandgärdskolan;98081621;Borås;1490;Kommunal;Borås kommun;2120001561;429;47,1;10,3;69,2;.;.;.;.;.;.;150;131;148;
Sandhultskolan;64760945;Borås;1490;Kommunal;Borås kommun;2120001561;124;46,0;13,7;54,0;19;22;21;17;23;22;.;.;.;
Sjöboskolan;64604672;Borås;1490;Kommunal;Borås kommun;2120001561;239;44,8;51,5;43,9;40;43;49;38;31;38;.;.;.;
Sjömarkenskolan;42811967;Borås;1490;Kommunal;Borås kommun;2120001561;374;49,2;13,9;77,3;59;77;69;47;49;73;.;.;.;
Sparsörskolorna;63472172;Borås;1490;Kommunal;Borås kommun;2120001561;247;42,9;11,7;72,1;45;38;41;39;45;39;.;.;.;
Svaneholmskolan F-6;22258443;Borås;1490;Kommunal;Borås kommun;2120001561;102;51,0;31,4;38,2;22;12;19;16;14;19;.;.;.;
Svedjeskolan;46112711;Borås;1490;Kommunal;Borås kommun;2120001561;148;39,2;30,4;56,8;20;20;33;25;38;12;.;.;.;
Särlaskolan 7-9;23108037;Borås;1490;Kommunal;Borås kommun;2120001561;198;48,5;71,7;27,3;.;.;.;.;.;.;59;70;69;
Särlaskolan F-6;64915682;Borås;1490;Kommunal;Borås kommun;2120001561;148;58,8;87,2;14,2;23;34;16;15;25;35;.;.;.;
Trandaredskolan F-6;88323204;Borås;1490;Kommunal;Borås kommun;2120001561;432;47,9;25,5;60,0;80;65;79;66;75;67;.;.;.;
Tummarpskolan;98158692;Borås;1490;Kommunal;Borås kommun;2120001561;135;50,4;8,9;62,2;48;42;45;.;.;.;.;.;.;
Viskaforsskolan 7-9;50756758;Borås;1490;Kommunal;Borås kommun;2120001561;203;46,8;23,2;43,3;.;.;.;.;.;.;73;46;84;
Viskaforsskolan F-6;43567691;Borås;1490;Kommunal;Borås kommun;2120001561;253;41,5;24,5;52,6;48;38;33;48;39;47;.;.;.;
Äsperedskolan;24622763;Borås;1490;Kommunal;Borås kommun;2120001561;82;51,2;..;58,5;7;14;18;10;15;18;.;.;.;
Banslättsskolan;86192571;Botkyrka;0127;Kommunal;Botkyrka kommun;2120002882;380;50,8;19,2;76,3;75;79;77;73;76;.;.;.;.;
Björkhaga Skola;43238662;Botkyrka;0127;Kommunal;Botkyrka kommun;2120002882;478;51,5;57,5;45,2;51;42;60;58;45;63;62;54;43;
Borgskolan;71048800;Botkyrka;0127;Kommunal;Botkyrka kommun;2120002882;218;45,9;90,4;35,8;22;35;44;34;41;42;.;.;.;
Borgsskolan Borggruppen 1GR;84891659;Botkyrka;0127;Kommunal;Botkyrka kommun;2120002882;9;..;~100;..;.;1;.;3;3;2;.;.;.;
Botkyrka Friskola F-9;80378022;Botkyrka;0127;Enskild;JPK Education AB;5564944063;359;55,7;65,2;47,9;44;43;45;38;43;38;27;46;35;
Broängsskolan;38661388;Botkyrka;0127;Kommunal;Botkyrka kommun;2120002882;587;44,1;30,5;62,7;56;49;53;52;56;60;92;86;83;
Brunnaskolan;53426548;Botkyrka;0127;Kommunal;Botkyrka kommun;2120002882;495;43,4;81,2;33,5;63;64;56;42;44;46;63;65;52;
Edessaskolan;16762245;Botkyrka;0127;Enskild;Stiftelsen Bar Hebreus;8024242391;135;54,8;51,9;50,4;24;21;26;21;26;17;.;.;.;
Eklidsskolan;15620768;Botkyrka;0127;Kommunal;Botkyrka kommun;2120002882;185;44,3;25,9;73,0;33;40;37;38;37;.;.;.;.;
Falkbergsskolan;85558618;Botkyrka;0127;Kommunal;Botkyrka kommun;2120002882;423;48,2;17,7;73,5;.;.;.;.;.;118;102;101;102;
Falkbergsskolan klass 6-9 A 1GR;23477041;Botkyrka;0127;Kommunal;Botkyrka kommun;2120002882;12;..;..;83,3;.;.;.;.;.;1;5;3;3;
Fittjaskolan Botkyrka Norra;40631085;Botkyrka;0127;Kommunal;Botkyrka kommun;2120002882;496;50,6;88,9;27,6;47;41;36;39;49;42;83;80;79;
Fittjaskolan Lilla Aspen 1GR;40172619;Botkyrka;0127;Kommunal;Botkyrka kommun;2120002882;17;..;58,8;52,9;1;.;1;1;3;3;2;6;.;
Freinetskolan Kastanjen;29524966;Botkyrka;0127;Enskild;Freinetskolan Kastanjen Ekonomisk Förening;7696000590;171;46,8;56,7;56,7;.;39;21;18;14;22;20;21;16;
Grindtorpsskolan;57228484;Botkyrka;0127;Kommunal;Botkyrka kommun;2120002882;466;52,4;86,7;36,5;53;60;62;52;48;57;35;52;47;
Hammerstaskolan;25918983;Botkyrka;0127;Kommunal;Botkyrka kommun;2120002882;334;52,1;77,8;43,4;42;39;31;40;33;37;40;36;36;
Hammerstaskolan Språkenhet 1GR;54270895;Botkyrka;0127;Kommunal;Botkyrka kommun;2120002882;25;28,0;~100;24,0;4;1;3;5;4;2;3;.;3;
JENSEN grundskola Kvarnsjön;80731562;Botkyrka;0127;Enskild;Jensen Education College AB;5566358759;535;50,3;40,6;58,7;58;89;60;60;45;56;60;54;53;
Karsby International School;67742754;Botkyrka;0127;Kommunal;Botkyrka kommun;2120002882;364;51,9;93,4;33,0;42;40;40;36;36;34;42;50;44;
Kassmyraskolan;25506439;Botkyrka;0127;Kommunal;Botkyrka kommun;2120002882;381;45,9;44,1;55,9;54;63;72;74;66;52;.;.;.;
Kunskapsskolan Tumba;84411355;Botkyrka;0127;Enskild;Kunskapsskolan i Sverige Aktiebolag;5565661815;369;53,1;46,9;58,3;.;.;.;18;18;67;73;108;85;
Kvarnhagsskolan;56417100;Botkyrka;0127;Kommunal;Botkyrka kommun;2120002882;466;49,6;85,0;36,5;56;68;51;57;46;55;45;42;46;
Malmsjö skola;86985859;Botkyrka;0127;Kommunal;Botkyrka kommun;2120002882;419;45,8;25,3;49,9;50;39;53;37;44;48;55;45;48;
Parkhemsskolan;51863294;Botkyrka;0127;Kommunal;Botkyrka kommun;2120002882;245;44,1;15,9;75,5;50;50;49;47;49;.;.;.;.;
Rikstens skola;75580959;Botkyrka;0127;Kommunal;Botkyrka kommun;2120002882;692;48,6;21,8;70,5;75;73;82;94;78;86;77;75;52;
Rikstens skola Trampolinen 1GR;76849293;Botkyrka;0127;Kommunal;Botkyrka kommun;2120002882;9;..;..;..;.;1;1;1;.;1;2;1;2;
Skogsbacksskolan;10657244;Botkyrka;0127;Kommunal;Botkyrka kommun;2120002882;136;50,0;80,9;38,2;50;49;37;.;.;.;.;.;.;
Storvretskolan;18534178;Botkyrka;0127;Kommunal;Botkyrka kommun;2120002882;247;43,7;79,8;28,3;.;.;.;46;23;40;46;36;56;
Storvretskolan 1GR;16223141;Botkyrka;0127;Kommunal;Botkyrka kommun;2120002882;27;..;18,5;55,6;.;.;.;1;3;4;4;7;8;
Sverigefinska skolan, Botkyrka;57850353;Botkyrka;0127;Enskild;Sverigefinska Skolan i Botkyrka Aktiebolag;5565721247;88;52,3;17,0;53,4;13;17;12;13;12;3;11;3;4;
Tallidsskolan;45757947;Botkyrka;0127;Kommunal;Botkyrka kommun;2120002882;225;43,6;88,0;40,4;49;51;44;39;42;.;.;.;.;
Trädgårdsstadsskolan;58310322;Botkyrka;0127;Kommunal;Botkyrka kommun;2120002882;616;46,8;21,9;78,1;54;53;54;54;54;91;91;84;81;
Tullingebergsskolan;10495223;Botkyrka;0127;Kommunal;Botkyrka kommun;2120002882;149;44,3;46,3;67,8;24;28;34;35;28;.;.;.;.;
Tunaskolan;36350546;Botkyrka;0127;Kommunal;Botkyrka kommun;2120002882;680;47,8;49,3;55,4;73;77;76;68;78;79;77;74;78;
Stenbockskolan L;28058389;Boxholm;0560;Kommunal;Boxholms kommun;2120000407;145;45,5;23,4;44,8;49;48;48;.;.;.;.;.;.;
Stenbockskolan MH;23991743;Boxholm;0560;Kommunal;Boxholms kommun;2120000407;282;51,4;16,7;50,4;.;.;.;44;40;41;54;56;47;
Åsbo skola;27814689;Boxholm;0560;Kommunal;Boxholms kommun;2120000407;112;47,3;7,1;47,3;16;24;14;19;18;21;.;.;.;
Alvikenskolan;55163663;Bromölla;1272;Kommunal;Bromölla kommun;2120000894;349;53,3;27,8;46,1;61;56;45;62;60;65;.;.;.;
Dalaskolan Norra;87987096;Bromölla;1272;Kommunal;Bromölla kommun;2120000894;246;50,8;31,3;54,9;36;38;39;47;42;44;.;.;.;
Dalaskolan Södra;79707757;Bromölla;1272;Kommunal;Bromölla kommun;2120000894;114;50,0;32,5;52,6;.;.;.;.;.;.;43;32;39;
Edenryds skola;37658022;Bromölla;1272;Kommunal;Bromölla kommun;2120000894;107;46,7;15,0;57,0;24;19;17;11;20;16;.;.;.;
Gualövs skola;67942007;Bromölla;1272;Kommunal;Bromölla kommun;2120000894;46;43,5;13,0;39,1;7;8;11;.;10;10;.;.;.;
Humleskolan;18195751;Bromölla;1272;Kommunal;Bromölla kommun;2120000894;281;45,9;23,5;48,0;.;.;.;.;.;.;88;91;102;
Näsums skola;43549980;Bromölla;1272;Kommunal;Bromölla kommun;2120000894;130;52,3;16,9;47,7;25;17;21;21;22;24;.;.;.;
Bräcke skola;63287550;Bräcke;2305;Kommunal;Bräcke kommun;2120002460;229;45,4;30,6;39,3;25;26;19;26;26;27;24;32;24;
Gällö skola;34671510;Bräcke;2305;Kommunal;Bräcke kommun;2120002460;237;51,5;18,1;48,1;25;36;22;34;24;29;27;21;19;
Kälarne skola;82223639;Bräcke;2305;Kommunal;Bräcke kommun;2120002460;91;49,5;18,7;47,3;10;9;9;6;10;8;12;11;16;
Dalslundskolan 4-6;65794511;Burlöv;1231;Kommunal;Burlövs kommun;2120001025;269;52,0;20,8;75,1;.;.;.;90;87;92;.;.;.;
Dalslundskolan 7-9;58712142;Burlöv;1231;Kommunal;Burlövs kommun;2120001025;206;52,4;33,0;62,1;.;.;.;.;.;.;65;71;70;
Dalslundskolan F-3;63471148;Burlöv;1231;Kommunal;Burlövs kommun;2120001025;163;49,7;24,5;77,3;75;42;46;.;.;.;.;.;.;
Humlemadskolan;12436715;Burlöv;1231;Kommunal;Burlövs kommun;2120001025;226;48,2;76,5;37,2;42;40;34;39;38;33;.;.;.;
Svanetorpskolan;55734921;Burlöv;1231;Kommunal;Burlövs kommun;2120001025;70;55,7;7,1;85,7;25;26;19;.;.;.;.;.;.;
Svenshögskolan;82378508;Burlöv;1231;Kommunal;Burlövs kommun;2120001025;263;49,4;81,0;42,6;50;45;45;35;45;43;.;.;.;
Södervångskolan;64830407;Burlöv;1231;Kommunal;Burlövs kommun;2120001025;108;47,2;13,0;86,1;24;45;39;.;.;.;.;.;.;
Tågarpskolan;34882305;Burlöv;1231;Kommunal;Burlövs kommun;2120001025;306;52,0;56,5;44,4;59;70;43;34;46;54;.;.;.;
Vårboskolan;95748172;Burlöv;1231;Kommunal;Burlövs kommun;2120001025;302;40,1;73,8;34,4;.;.;.;.;.;.;106;91;105;
Bjäre skola;64633692;Båstad;1278;Kommunal;Båstads kommun;2120000944;202;44,1;21,3;56,4;37;43;37;25;29;31;.;.;.;
Båstad Montessoriskola Asken;35158169;Båstad;1278;Enskild;Båstad Montessori Ekonomisk Förening;7164367695;104;43,3;14,4;79,8;16;23;21;11;16;17;.;.;.;
Förslövs skola F-9;94453321;Båstad;1278;Kommunal;Båstads kommun;2120000944;455;49,5;20,7;55,8;37;28;49;40;46;41;82;68;64;
Strandängsskolan F-9;16148785;Båstad;1278;Kommunal;Båstads kommun;2120000944;548;52,7;25,0;64,4;29;33;35;53;48;43;102;103;102;
Östra Karups skola;88295885;Båstad;1278;Kommunal;Båstads kommun;2120000944;156;48,1;21,2;60,9;23;27;27;25;25;29;.;.;.;
Hagaskolan;93081338;Dals-Ed;1438;Kommunal;Dals-Eds kommun;2120001413;306;50,3;13,1;51,6;.;.;.;54;47;61;53;45;46;
Snörrumskolan;62394711;Dals-Ed;1438;Kommunal;Dals-Eds kommun;2120001413;156;42,9;12,2;50,0;55;36;65;.;.;.;.;.;.;
Baldersskolan;95432644;Danderyd;0162;Kommunal;Danderyds kommun;2120000126;110;56,4;9,1;95,5;34;49;27;.;.;.;.;.;.;
British International School*;66620411;Danderyd;0162;Enskild;Stiftelsen Borgen 2 - British International School Stockholm;8024777289;415;44,1;74,7;61,4;48;36;49;46;57;49;39;47;44;
Danderyds Montessoriskola;59848694;Danderyd;0162;Enskild;Montessori Förskolor och Skolor i Sverige AB;5591658975;97;56,7;23,7;93,8;19;15;19;9;17;18;.;.;.;
Ekebyskolan;94987345;Danderyd;0162;Kommunal;Danderyds kommun;2120000126;246;44,3;16,7;88,6;45;26;24;51;47;53;.;.;.;
Elevverket;95940425;Danderyd;0162;Enskild;Danderyds Enskilda Skola Aktiebolag;5563210706;156;37,8;21,2;83,3;44;20;34;25;14;19;.;.;.;
Enebybergs skola;63581692;Danderyd;0162;Kommunal;Danderyds kommun;2120000126;553;46,7;11,9;90,8;94;102;98;84;83;92;.;.;.;
Fribergaskolan;42986451;Danderyd;0162;Kommunal;Danderyds kommun;2120000126;546;42,9;15,6;86,4;.;.;.;.;.;.;176;184;186;
Kevingeskolan;95676943;Danderyd;0162;Kommunal;Danderyds kommun;2120000126;190;45,8;22,6;83,2;26;24;25;26;39;50;.;.;.;
Kyrkskolan;89317818;Danderyd;0162;Kommunal;Danderyds kommun;2120000126;372;44,6;11,8;92,5;47;50;52;75;71;77;.;.;.;
Långängsskolan;10735290;Danderyd;0162;Kommunal;Danderyds kommun;2120000126;136;50,0;16,9;91,2;35;51;50;.;.;.;.;.;.;
Mörbyskolan;97174070;Danderyd;0162;Kommunal;Danderyds kommun;2120000126;505;46,1;15,0;86,9;.;.;.;.;.;.;171;166;168;
Stocksundsskolan;72370577;Danderyd;0162;Kommunal;Danderyds kommun;2120000126;438;46,8;17,1;86,8;39;43;52;94;92;118;.;.;.;
Vasaskolan;43289917;Danderyd;0162;Kommunal;Danderyds kommun;2120000126;205;46,3;12,2;84,4;1;29;19;35;60;61;.;.;.;
Vendestigens skola;57106833;Danderyd;0162;Enskild;Vendestigens Förskola och Skola AB;5565422762;50;60,0;26,0;82,0;9;9;10;8;4;10;.;.;.;
Viktor Rydbergs Samskola;13493243;Danderyd;0162;Enskild;Stiftelsen Viktor Rydbergs Skolor;8120005650;572;51,0;11,5;90,2;.;.;.;.;.;.;190;191;191;
Ösbyskolan;78808043;Danderyd;0162;Enskild;Ösbyskolan AB;5566994009;75;54,7;..;90,7;25;25;25;.;.;.;.;.;.;
Bruksskolan;10302576;Degerfors;1862;Kommunal;Degerfors kommun;2120001934;141;53,2;29,1;44,7;21;21;25;20;28;26;.;.;.;
Parkskolan;47814121;Degerfors;1862;Kommunal;Degerfors kommun;2120001934;134;50,7;31,3;35,8;15;17;23;29;23;27;.;.;.;
Stora Vallaskolan;96969231;Degerfors;1862;Kommunal;Degerfors kommun;2120001934;298;52,0;27,9;38,6;.;.;.;.;.;.;84;110;104;
Strömtorpsskolan;45554806;Degerfors;1862;Kommunal;Degerfors kommun;2120001934;220;51,8;20,0;41,4;37;34;44;35;36;34;.;.;.;
Svartå skola;93324945;Degerfors;1862;Kommunal;Degerfors kommun;2120001934;31;48,4;29,0;54,8;7;5;7;1;9;2;.;.;.;
Åtorps skola;67016830;Degerfors;1862;Kommunal;Degerfors kommun;2120001934;55;45,5;..;65,5;9;9;8;6;13;10;.;.;.;
Risbäck;66468123;Dorotea;2425;Kommunal;Dorotea kommun;2120002809;8;.;..;..;.;1;1;2;1;3;.;.;.;
Strandenskolan F-9;17181067;Dorotea;2425;Kommunal;Dorotea kommun;2120002809;224;49,1;15,6;39,3;16;26;20;27;29;26;34;28;18;
Adolfsfors skola;48315891;Eda;1730;Kommunal;Eda kommun;2120001769;57;38,6;.;40,4;13;13;12;10;9;.;.;.;.;
Gunnarsbyskolan F-9;69352527;Eda;1730;Kommunal;Eda kommun;2120001769;410;47,8;37,6;36,3;45;60;43;51;40;35;49;45;42;
Gärdesskolan;28042382;Eda;1730;Kommunal;Eda kommun;2120001769;129;48,1;29,5;36,4;18;22;16;27;21;25;.;.;.;
Hierneskolan F-9;55674136;Eda;1730;Kommunal;Eda kommun;2120001769;191;46,1;15,7;33,5;22;14;18;17;18;28;26;23;25;
Birkaskolan;27595656;Ekerö;0125;Enskild;Mälaröarnas Montessori, Ek. För.;7696032353;282;46,5;8,9;80,9;32;33;30;32;29;31;33;31;31;
Drottningholmskolan;28231215;Ekerö;0125;Enskild;Drottningholmskolan, Mälaröarnas Waldorfskola;8152013010;129;55,8;7,0;82,9;18;23;19;21;20;13;.;.;15;
Ekebyhovskolan;99373839;Ekerö;0125;Kommunal;Ekerö kommun;2120000050;446;43,0;19,3;70,9;71;68;66;89;76;76;.;.;.;
Färentuna skola;43038662;Ekerö;0125;Kommunal;Ekerö kommun;2120000050;219;50,2;10,5;59,4;42;33;32;35;31;46;.;.;.;
Munsö skola;33159363;Ekerö;0125;Kommunal;Ekerö kommun;2120000050;21;42,9;28,6;47,6;11;7;3;.;.;.;.;.;.;
Närlundaskolan;40904373;Ekerö;0125;Kommunal;Ekerö kommun;2120000050;359;45,4;21,4;72,7;62;59;57;59;61;54;3;3;1;
Sanduddens skola;39195819;Ekerö;0125;Kommunal;Ekerö kommun;2120000050;311;52,4;8,7;79,4;58;42;54;42;56;59;.;.;.;
Skå skola;26138955;Ekerö;0125;Kommunal;Ekerö kommun;2120000050;81;51,9;..;85,2;27;30;24;.;.;.;.;.;.;
Stenhamraskolan;11025388;Ekerö;0125;Kommunal;Ekerö kommun;2120000050;389;48,1;10,8;68,9;50;58;70;70;74;67;.;.;.;
Sundby skola;41377165;Ekerö;0125;Kommunal;Ekerö kommun;2120000050;137;43,8;23,4;62,0;21;23;25;25;19;24;.;.;.;
Tappströmsskolan;52217632;Ekerö;0125;Kommunal;Ekerö kommun;2120000050;629;46,9;14,1;70,3;.;.;.;.;.;.;202;211;216;
Träkvista skola;66475520;Ekerö;0125;Kommunal;Ekerö kommun;2120000050;563;47,2;7,3;81,5;60;59;60;59;59;60;87;60;59;
Uppgårdskolan;95057356;Ekerö;0125;Kommunal;Ekerö kommun;2120000050;330;45,5;12,4;64,2;.;.;.;.;.;.;99;115;116;
Broarps skola;30452569;Eksjö;0686;Enskild;Attendo Individ och familj AB;5564778958;20;25,0;40,0;25,0;.;.;.;.;2;1;5;4;8;
Furulundsskolan;48108874;Eksjö;0686;Kommunal;Eksjö kommun;2120000589;195;50,8;29,7;46,7;.;.;.;31;22;22;44;40;36;
Furulundsskolan A;76775667;Eksjö;0686;Kommunal;Eksjö kommun;2120000589;70;44,3;31,4;37,1;28;20;22;.;.;.;.;.;.;
Grevhagsskolan;70675077;Eksjö;0686;Kommunal;Eksjö kommun;2120000589;311;50,2;29,9;61,4;54;48;66;46;49;48;.;.;.;
Hultskolan;95090544;Eksjö;0686;Kommunal;Eksjö kommun;2120000589;73;49,3;12,3;65,8;8;16;13;9;14;13;.;.;.;
Höredaskolan;14664038;Eksjö;0686;Kommunal;Eksjö kommun;2120000589;94;46,8;..;60,6;15;17;20;15;13;14;.;.;.;
Ingatorpsskolan;65465842;Eksjö;0686;Kommunal;Eksjö kommun;2120000589;79;50,6;32,9;45,6;13;22;12;9;16;7;.;.;.;
Linnéskolan;87335241;Eksjö;0686;Kommunal;Eksjö kommun;2120000589;271;53,5;41,0;53,9;45;45;48;45;48;40;.;.;.;
Norrtullskolan;70174655;Eksjö;0686;Kommunal;Eksjö kommun;2120000589;289;49,5;23,2;71,3;47;48;48;51;45;50;.;.;.;
Prästängsskolan A;48457931;Eksjö;0686;Kommunal;Eksjö kommun;2120000589;253;55,3;30,4;60,5;.;.;.;.;.;.;91;85;77;
Prästängsskolan B;98124174;Eksjö;0686;Kommunal;Eksjö kommun;2120000589;257;49,4;31,5;62,3;.;.;.;.;.;.;91;88;78;
Bjurbäcksskolan 7-9;37716305;Emmaboda;0862;Kommunal;Emmaboda kommun;2120000738;318;48,7;36,2;37,7;.;.;.;.;.;.;104;112;102;
Bjurbäcksskolan F-6;73798677;Emmaboda;0862;Kommunal;Emmaboda kommun;2120000738;248;47,2;43,1;37,5;47;31;48;43;40;39;.;.;.;
Johansfors skola   F-6;21786908;Emmaboda;0862;Kommunal;Emmaboda kommun;2120000738;88;47,7;18,2;44,3;14;16;20;14;13;11;.;.;.;
Lindås skola  F-6;76954248;Emmaboda;0862;Kommunal;Emmaboda kommun;2120000738;114;48,2;25,4;46,5;19;13;26;20;21;15;.;.;.;
Långasjö skola    F-6;94837012;Emmaboda;0862;Kommunal;Emmaboda kommun;2120000738;69;55,1;8,7;29,0;17;7;16;10;13;6;.;.;.;
Vissefjärda skola F-6;41013207;Emmaboda;0862;Kommunal;Emmaboda kommun;2120000738;104;51,0;12,5;63,5;19;15;24;19;15;12;.;.;.;
Bergtallens skola;73178642;Enköping;0381;Enskild;Villberga Familjecenter Aktiebolag;5565716650;15;..;..;60,0;.;.;.;.;.;.;2;4;9;
Bergvretenskolan;56521117;Enköping;0381;Kommunal;Enköpings kommun;2120000282;681;44,6;12,9;60,5;64;101;78;75;76;71;71;72;73;
Entréskolan Enköping;97000303;Enköping;0381;Enskild;AmiSgo AB;5568148117;97;61,9;17,5;36,1;.;.;.;9;8;12;26;16;26;
Enöglaskolan;12753670;Enköping;0381;Kommunal;Enköpings kommun;2120000282;459;50,3;79,3;27,2;64;60;53;52;49;41;42;40;58;
Fjärdhundraskolan;94821900;Enköping;0381;Kommunal;Enköpings kommun;2120000282;311;46,6;14,5;45,7;31;29;44;37;32;33;33;36;36;
Grillbyskolan;69708298;Enköping;0381;Kommunal;Enköpings kommun;2120000282;162;50,0;13,6;51,2;25;28;25;36;27;21;.;.;.;
Hummelstaskolan;89762772;Enköping;0381;Kommunal;Enköpings kommun;2120000282;187;46,0;13,9;44,9;32;30;45;34;23;23;.;.;.;
Korsängsskolan;96757645;Enköping;0381;Kommunal;Enköpings kommun;2120000282;693;46,6;41,4;49,5;89;89;95;81;70;68;75;73;53;
Kunskapsskolan Enköping;67723630;Enköping;0381;Enskild;Kunskapsskolan i Sverige Aktiebolag;5565661815;627;54,2;22,3;65,4;.;.;.;84;86;91;131;115;120;
Lillkyrkaskolan;22410547;Enköping;0381;Kommunal;Enköpings kommun;2120000282;134;47,0;11,9;58,2;22;20;18;32;26;16;.;.;.;
Munksundsskolan;70152961;Enköping;0381;Kommunal;Enköpings kommun;2120000282;312;48,1;17,6;60,6;60;66;59;50;40;37;.;.;.;
Robinson Fanna;89708433;Enköping;0381;Enskild;Tellusskolan AB;5568086085;61;54,1;..;60,7;14;14;9;12;12;.;.;.;.;
Robinson Husberg;72849973;Enköping;0381;Enskild;Tellusskolan AB;5568086085;72;51,4;..;80,6;14;14;14;15;15;.;.;.;.;
Robinson Svedia;71071044;Enköping;0381;Enskild;Tellusskolan AB;5568086085;69;49,3;17,4;60,9;14;14;13;14;14;.;.;.;.;
Robinson Vårfru;83519502;Enköping;0381;Enskild;Tellusskolan AB;5568086085;172;48,8;8,1;71,5;.;.;.;.;.;44;44;42;42;
Rombergaskolan;15287785;Enköping;0381;Kommunal;Enköpings kommun;2120000282;155;46,5;56,1;30,3;66;46;43;.;.;.;.;.;.;
Skolstaskolan;30265734;Enköping;0381;Kommunal;Enköpings kommun;2120000282;186;50,0;12,4;61,8;30;26;37;35;25;33;.;.;.;
S:t Iliansskolan;34699165;Enköping;0381;Kommunal;Enköpings kommun;2120000282;470;50,4;46,8;41,1;.;.;.;38;33;38;130;130;101;
Örsundsbroskolan;98587494;Enköping;0381;Kommunal;Enköpings kommun;2120000282;495;48,1;9,5;61,2;55;62;59;62;56;48;53;64;36;
Björktorpsskolan 4-6;11280060;Eskilstuna;0484;Kommunal;Eskilstuna kommun;2120000357;227;43,6;80,2;30,8;.;.;.;81;64;82;.;.;.;
Björktorpsskolan F-3;36462704;Eskilstuna;0484;Kommunal;Eskilstuna kommun;2120000357;245;51,0;79,2;31,0;78;69;98;.;.;.;.;.;.;
British Junior Primary, Eskilstuna;40579483;Eskilstuna;0484;Enskild;British Schools AB;5567516389;526;53,8;33,8;68,4;88;87;87;86;99;79;.;.;.;
British Junior Secondary, Eskilstuna;50048111;Eskilstuna;0484;Enskild;British Schools AB;5567516389;283;52,3;39,9;69,6;.;.;.;.;.;.;111;84;88;
Djurgårdsskolan F-9;54605092;Eskilstuna;0484;Kommunal;Eskilstuna kommun;2120000357;783;51,9;17,8;66,7;55;57;57;77;90;90;117;120;120;
Edvardslundsskolan F-6;30374696;Eskilstuna;0484;Kommunal;Eskilstuna kommun;2120000357;441;44,9;17,0;59,6;71;70;73;73;75;79;.;.;.;
Entréskolan Eskilstuna;10443922;Eskilstuna;0484;Enskild;AmiSgo AB;5568148117;206;79,6;17,5;52,4;.;.;.;17;22;18;52;43;54;
Faktoriet 7-9;64275635;Eskilstuna;0484;Kommunal;Eskilstuna kommun;2120000357;358;41,9;19,6;77,4;.;.;.;.;.;.;120;120;118;
Fristadsskolan 7-9;26140079;Eskilstuna;0484;Kommunal;Eskilstuna kommun;2120000357;450;49,1;48,2;43,8;.;.;.;.;.;.;151;150;149;
Fröslundaskolan F-6;11685163;Eskilstuna;0484;Kommunal;Eskilstuna kommun;2120000357;272;48,5;79,0;13,6;90;48;70;20;19;25;.;.;.;
Gillberga skola F-6;46674480;Eskilstuna;0484;Kommunal;Eskilstuna kommun;2120000357;111;38,7;..;60,4;17;22;11;20;17;24;.;.;.;
Gökstensskolan F-9;85601783;Eskilstuna;0484;Kommunal;Eskilstuna kommun;2120000357;765;48,4;20,7;54,2;52;56;57;58;53;54;141;148;146;
Hammargärdets skola F-6;25284848;Eskilstuna;0484;Kommunal;Eskilstuna kommun;2120000357;62;51,6;..;51,6;9;14;18;2;12;7;.;.;.;
Hållstaskolan F-6;13561097;Eskilstuna;0484;Kommunal;Eskilstuna kommun;2120000357;100;51,0;15,0;64,0;13;18;15;19;13;22;.;.;.;
Hällberga skola F-6;98262818;Eskilstuna;0484;Kommunal;Eskilstuna kommun;2120000357;115;52,2;11,3;57,4;19;26;16;20;22;12;.;.;.;
Hällby skola F-6;14989708;Eskilstuna;0484;Kommunal;Eskilstuna kommun;2120000357;387;46,3;12,9;65,1;65;68;71;59;56;68;.;.;.;
Internationella Engelska Skolan Eskilstuna;36759013;Eskilstuna;0484;Enskild;Internationella Engelska Skolan i Sverige AB;5564624368;1 129;48,5;77,4;53,6;52;104;52;127;130;128;172;184;180;
Kjula skola F-6;41563453;Eskilstuna;0484;Kommunal;Eskilstuna kommun;2120000357;254;47,6;3,5;64,2;38;45;38;45;52;36;.;.;.;
Lagersbergsskolan F-6;85172821;Eskilstuna;0484;Kommunal;Eskilstuna kommun;2120000357;461;52,1;64,9;33,0;55;60;61;89;98;98;.;.;.;
Lundbyskolan F-6;39228461;Eskilstuna;0484;Kommunal;Eskilstuna kommun;2120000357;333;42,6;30,0;71,5;58;55;52;58;53;57;.;.;.;
Mesta skola F-3;83229706;Eskilstuna;0484;Kommunal;Eskilstuna kommun;2120000357;179;47,5;21,8;72,1;50;65;64;.;.;.;.;.;.;
Näshulta friskola;29254257;Eskilstuna;0484;Enskild;Näshulta Framtid;8176065848;54;46,3;16,7;48,1;8;11;7;12;16;.;.;.;.;
Skiftingehus F-9;65025285;Eskilstuna;0484;Kommunal;Eskilstuna kommun;2120000357;451;48,1;62,5;37,7;41;35;31;25;40;28;82;79;90;
Skogstorpsskolan F-9;30622727;Eskilstuna;0484;Kommunal;Eskilstuna kommun;2120000357;756;48,5;11,1;63,4;57;53;60;71;52;64;139;125;135;
Skogsängsskolan F-6;19112648;Eskilstuna;0484;Kommunal;Eskilstuna kommun;2120000357;400;50,3;49,5;44,5;73;67;80;72;46;62;.;.;.;
Slagstaskolan F-6;27487150;Eskilstuna;0484;Kommunal;Eskilstuna kommun;2120000357;476;48,3;23,3;64,7;90;77;76;75;82;76;.;.;.;
Slottsskolan F-6;73006718;Eskilstuna;0484;Kommunal;Eskilstuna kommun;2120000357;381;45,9;36,2;44,9;68;66;73;69;56;49;.;.;.;
Stålforsskolan 7-9;14327803;Eskilstuna;0484;Kommunal;Eskilstuna kommun;2120000357;477;52,2;58,9;44,2;.;.;.;.;.;.;152;164;161;
Sverigefinska sk. i Eskilstuna;98816098;Eskilstuna;0484;Enskild;Stiftelsen Sverigefinska Skolan i E-Tuna /Erk/;8180013396;83;51,8;9,6;39,8;17;18;16;15;9;8;.;.;.;
Tegelviken F-9;78673553;Eskilstuna;0484;Kommunal;Eskilstuna kommun;2120000357;432;48,8;10,0;71,5;36;37;46;41;55;53;63;52;49;
Vallby skola F-3;52597635;Eskilstuna;0484;Kommunal;Eskilstuna kommun;2120000357;75;37,3;8,0;73,3;35;21;19;.;.;.;.;.;.;
Årbyskolan F-9;63315515;Eskilstuna;0484;Kommunal;Eskilstuna kommun;2120000357;688;50,1;68,5;39,2;78;57;76;58;59;68;101;105;86;
Ärla skola F-6;97475266;Eskilstuna;0484;Kommunal;Eskilstuna kommun;2120000357;179;45,8;5,0;51,4;29;35;30;31;32;22;.;.;.;
Ärstaskolan F-6;41833926;Eskilstuna;0484;Kommunal;Eskilstuna kommun;2120000357;193;51,8;61,7;51,8;25;23;27;36;35;47;.;.;.;
Ekenässkolan;83526311;Eslöv;1285;Kommunal;Eslövs kommun;2120001173;375;45,3;30,9;58,7;.;.;.;.;.;.;115;110;150;
Flyingeskolan;30190678;Eslöv;1285;Kommunal;Eslövs kommun;2120001173;166;50,0;13,9;74,7;29;29;31;29;19;29;.;.;.;
Fridasroskolan;85535876;Eslöv;1285;Kommunal;Eslövs kommun;2120001173;294;47,3;26,2;62,9;49;52;46;52;50;45;.;.;.;
Harlösa skola;89857863;Eslöv;1285;Kommunal;Eslövs kommun;2120001173;80;40,0;20,0;61,3;18;14;15;13;12;8;.;.;.;
Källebergsskolan;26645758;Eslöv;1285;Kommunal;Eslövs kommun;2120001173;296;51,7;32,8;55,1;.;.;.;.;.;.;105;106;85;
Marieskolan;10583321;Eslöv;1285;Kommunal;Eslövs kommun;2120001173;182;44,0;22,0;46,2;41;27;32;26;30;26;.;.;.;
Montessorifriskolan i Eslöv;68546833;Eslöv;1285;Enskild;Eslövs Montessorifriskola;8465023961;67;43,3;9,0;82,1;12;12;11;11;11;10;.;.;.;
Norrevångsskolan 7-9;37995642;Eslöv;1285;Kommunal;Eslövs kommun;2120001173;365;49,3;34,8;47,9;.;.;.;.;.;.;141;114;110;
Norrevångsskolan F-6;28661237;Eslöv;1285;Kommunal;Eslövs kommun;2120001173;349;48,1;42,4;52,1;71;48;75;53;50;52;.;.;.;
Sallerupskolan;13488043;Eslöv;1285;Kommunal;Eslövs kommun;2120001173;346;46,0;31,5;53,5;51;51;71;53;49;71;.;.;.;
Stehagskolan;74200315;Eslöv;1285;Kommunal;Eslövs kommun;2120001173;269;51,3;5,9;71,0;50;42;49;39;47;42;.;.;.;
Västra skolan;58463429;Eslöv;1285;Kommunal;Eslövs kommun;2120001173;340;50,3;39,1;57,9;52;52;52;50;56;78;.;.;.;
Ölyckeskolan 7-9;97938241;Eslöv;1285;Kommunal;Eslövs kommun;2120001173;181;54,1;13,3;51,9;.;.;.;.;.;.;65;53;63;
Ölyckeskolan f-6;97617940;Eslöv;1285;Kommunal;Eslövs kommun;2120001173;225;51,6;16,4;56,0;43;40;30;27;45;40;.;.;.;
Östra skolan;86681887;Eslöv;1285;Kommunal;Eslövs kommun;2120001173;240;52,9;71,7;35,8;37;38;33;49;43;40;.;.;.;
Östra Strö skola;85547980;Eslöv;1285;Kommunal;Eslövs kommun;2120001173;33;39,4;..;66,7;9;10;14;.;.;.;.;.;.;
Bredöls skola;81777373;Essunga;1445;Kommunal;Essunga kommun;2120002916;88;46,6;..;53,4;17;22;16;12;21;.;.;.;.;
Jonslunds skola;58737998;Essunga;1445;Kommunal;Essunga kommun;2120002916;116;44,8;4,3;31,9;23;26;23;18;26;.;.;.;.;
Nossebro skola år 0-5;57353499;Essunga;1445;Kommunal;Essunga kommun;2120002916;163;57,7;19,6;42,9;27;40;32;24;40;.;.;.;.;
Nossebro skola år 6-9;26531220;Essunga;1445;Kommunal;Essunga kommun;2120002916;289;50,5;12,1;38,4;.;.;.;.;.;78;70;67;74;
Alfaskolan;22362814;Fagersta;1982;Kommunal;Fagersta kommun;2120002106;314;45,5;83,1;21,7;48;42;65;66;43;50;.;.;.;
Lindgårdsskolan 7-9;95382478;Fagersta;1982;Enskild;Västanfors-Västervåla Församling;2520040524;83;49,4;41,0;53,0;.;.;.;.;.;.;41;23;19;
Lindgårdsskolan F-6;95162796;Fagersta;1982;Enskild;Västanfors-Västervåla Församling;2520040524;166;45,8;24,7;65,1;44;33;22;23;22;22;.;.;.;
Mariaskolan;81300090;Fagersta;1982;Kommunal;Fagersta kommun;2120002106;275;51,3;11,6;55,3;42;45;43;61;42;42;.;.;.;
Per Olsskolan;98041227;Fagersta;1982;Kommunal;Fagersta kommun;2120002106;301;49,2;41,5;37,9;43;48;52;51;57;50;.;.;.;
Risbroskolan;88657987;Fagersta;1982;Kommunal;Fagersta kommun;2120002106;430;51,2;37,7;43,3;.;.;.;.;.;.;145;139;146;
Apelskolan 1;31158776;Falkenberg;1382;Kommunal;Falkenbergs kommun;2120001231;106;48,1;21,7;26,4;18;18;21;15;21;13;.;.;.;
Apelskolan 2;58501067;Falkenberg;1382;Kommunal;Falkenbergs kommun;2120001231;231;51,1;20,3;39,4;.;.;.;.;.;.;78;79;74;
Fageredssskolan;14729346;Falkenberg;1382;Kommunal;Falkenbergs kommun;2120001231;45;60,0;20,0;48,9;11;5;5;6;12;6;.;.;.;
Fajansskolan;10237615;Falkenberg;1382;Kommunal;Falkenbergs kommun;2120001231;151;47,0;66,9;31,8;23;24;24;28;30;22;.;.;.;
Falkenbergs Montessoriskola;78647439;Falkenberg;1382;Kommunal;Falkenbergs kommun;2120001231;180;43,3;24,4;56,7;20;19;20;20;20;20;20;20;21;
Hertingsskolan;42973495;Falkenberg;1382;Kommunal;Falkenbergs kommun;2120001231;302;56,0;22,5;58,6;47;51;48;52;56;48;.;.;.;
Hjortsbergsskolan;37122951;Falkenberg;1382;Kommunal;Falkenbergs kommun;2120001231;367;54,2;18,3;67,0;68;70;50;56;66;57;.;.;.;
Ljungbyskolan;61787701;Falkenberg;1382;Kommunal;Falkenbergs kommun;2120001231;109;58,7;7,3;46,8;21;19;12;19;16;22;.;.;.;
Långavekaskolan;69301003;Falkenberg;1382;Kommunal;Falkenbergs kommun;2120001231;98;52,0;8,2;68,4;14;19;18;7;25;15;.;.;.;
Långåsskolan;24273275;Falkenberg;1382;Kommunal;Falkenbergs kommun;2120001231;85;47,1;21,2;42,4;11;13;10;13;19;19;.;.;.;
Morups friskola;12266600;Falkenberg;1382;Enskild;Morups friskola, förskola o fritidshem ekonomisk förening;7696074181;65;49,2;9,2;76,9;9;11;14;11;8;12;.;.;.;
Okome skola;48567965;Falkenberg;1382;Kommunal;Falkenbergs kommun;2120001231;76;46,1;14,5;52,6;12;18;13;12;8;13;.;.;.;
Schubergstorpsskolan;74631634;Falkenberg;1382;Kommunal;Falkenbergs kommun;2120001231;199;50,8;34,7;46,7;35;32;37;22;30;43;.;.;.;
Skogstorpsskolan 1;34104887;Falkenberg;1382;Kommunal;Falkenbergs kommun;2120001231;288;50,3;34,0;45,8;44;39;40;.;.;.;84;81;.;
Skogstorpsskolan 2;71339649;Falkenberg;1382;Kommunal;Falkenbergs kommun;2120001231;199;47,2;41,2;49,2;.;.;.;36;42;49;.;.;72;
Slöingeskolan;29837397;Falkenberg;1382;Kommunal;Falkenbergs kommun;2120001231;159;45,9;17,6;48,4;24;24;25;26;25;35;.;.;.;
Söderskolan;59144575;Falkenberg;1382;Kommunal;Falkenbergs kommun;2120001231;161;47,2;20,5;46,6;9;17;9;17;22;23;.;1;63;
Thoren Framtid i Falkenberg;97555379;Falkenberg;1382;Enskild;Thoren Framtid AB;5567497051;166;42,2;3,6;77,7;26;24;44;20;37;15;.;.;.;
Tullbroskolan 1;56615270;Falkenberg;1382;Kommunal;Falkenbergs kommun;2120001231;223;47,1;35,9;48,0;.;.;.;.;.;.;83;78;62;
Tullbroskolan 2;59799831;Falkenberg;1382;Kommunal;Falkenbergs kommun;2120001231;298;51,0;24,5;48,7;.;.;.;.;.;.;108;128;62;
Tångaskolan 1;59080390;Falkenberg;1382;Kommunal;Falkenbergs kommun;2120001231;157;46,5;65,0;28,0;29;24;17;30;26;31;.;.;.;
Tångaskolan 2;59944028;Falkenberg;1382;Kommunal;Falkenbergs kommun;2120001231;214;49,1;43,0;44,4;.;.;.;.;.;.;81;73;60;
Vessigebroskolan;61569087;Falkenberg;1382;Kommunal;Falkenbergs kommun;2120001231;123;46,3;13,8;48,8;14;25;21;15;22;26;.;.;.;
Vesterhavsskolan;35136963;Falkenberg;1382;Enskild;Vesterhavet AB;5567870398;566;48,1;13,6;66,6;44;44;44;44;44;46;100;101;99;
Vinbergsskolan;24744194;Falkenberg;1382;Kommunal;Falkenbergs kommun;2120001231;269;50,6;15,2;59,5;46;52;46;40;41;44;.;.;.;
Årstadsskolan;62814243;Falkenberg;1382;Kommunal;Falkenbergs kommun;2120001231;19;36,8;..;47,4;5;8;6;.;.;.;.;.;.;
Älvseredsskolan;78790933;Falkenberg;1382;Kommunal;Falkenbergs kommun;2120001231;41;63,4;34,1;36,6;8;7;8;6;7;5;.;.;.;
Ätranskolan;15702531;Falkenberg;1382;Kommunal;Falkenbergs kommun;2120001231;79;49,4;20,3;38,0;10;13;14;15;11;16;.;.;.;
Broddetorpsskolan;69493590;Falköping;1499;Kommunal;Falköpings kommun;2120001744;71;52,1;11,3;74,6;10;11;17;8;12;13;.;.;.;
Centralskolan F-6;46358943;Falköping;1499;Kommunal;Falköpings kommun;2120001744;283;53,7;58,7;35,3;57;53;62;56;29;26;.;.;.;
Dotorpsskolan;91138242;Falköping;1499;Kommunal;Falköpings kommun;2120001744;182;44,5;80,2;30,8;21;20;19;22;37;63;.;.;.;
Flobyskolan 7-9;54765026;Falköping;1499;Kommunal;Falköpings kommun;2120001744;129;41,9;13,2;42,6;.;.;.;.;.;.;49;38;42;
Flobyskolan F-6;54957877;Falköping;1499;Kommunal;Falköpings kommun;2120001744;184;53,8;17,9;35,3;33;37;28;24;28;34;.;.;.;
Gudhemsskolan;48695990;Falköping;1499;Kommunal;Falköpings kommun;2120001744;205;48,8;3,9;55,6;25;20;22;31;21;24;22;18;22;
Gustaf Dalénskolan;43269172;Falköping;1499;Kommunal;Falköpings kommun;2120001744;393;47,6;15,0;52,7;30;41;30;57;35;45;46;44;65;
Högstadium Centrum;17911537;Falköping;1499;Kommunal;Falköpings kommun;2120001744;597;46,9;41,2;55,1;.;.;.;.;.;.;204;186;207;
Kinnarpsskolan 7-9;51079534;Falköping;1499;Kommunal;Falköpings kommun;2120001744;108;51,9;9,3;46,3;.;.;.;.;.;.;43;33;32;
Kinnarpsskolan F-6;15357005;Falköping;1499;Kommunal;Falköpings kommun;2120001744;153;50,3;13,1;44,4;24;25;32;21;26;25;.;.;.;
Mössebergsskolan;74695983;Falköping;1499;Kommunal;Falköpings kommun;2120001744;444;47,5;21,8;61,7;66;72;79;72;73;82;.;.;.;
Odensbergsskolan;12985644;Falköping;1499;Kommunal;Falköpings kommun;2120001744;96;46,9;..;53,1;16;24;17;22;17;.;.;.;.;
Thoren Framtid i Falköping;48252217;Falköping;1499;Enskild;Thoren Framtid AB;5567497051;99;56,6;47,5;37,4;5;15;7;9;9;11;7;16;20;
Vartoftaskolan 7-9;96973204;Falköping;1499;Kommunal;Falköpings kommun;2120001744;89;37,1;6,7;38,2;.;.;.;.;.;.;25;33;31;
Vartoftaskolan F-6;93035626;Falköping;1499;Kommunal;Falköpings kommun;2120001744;126;53,2;7,1;36,5;19;22;22;27;20;16;.;.;.;
Vindängen;43435547;Falköping;1499;Kommunal;Falköpings kommun;2120001744;270;45,2;24,8;58,1;47;43;40;47;45;48;.;.;.;
Vårkullens skolveckohem;43911053;Falköping;1499;Enskild;Vårkullen AB;5566086756;2;..;..;..;.;.;.;.;.;.;1;.;1;
Åsarpsskolan;72615710;Falköping;1499;Kommunal;Falköpings kommun;2120001744;67;41,8;9,0;43,3;11;11;12;12;15;6;.;.;.;
Åsle Friskola;26665746;Falköping;1499;Enskild;Åsle Friskola ekonomisk förening;7696361646;41;56,1;.;68,3;9;5;4;8;6;9;.;.;.;
Åttagårdsskolan;76578072;Falköping;1499;Kommunal;Falköpings kommun;2120001744;102;48,0;69,6;35,3;18;22;25;17;20;.;.;.;.;
Aspebodaskolan;48985419;Falun;2080;Kommunal;Falu kommun;2120002221;115;34,8;8,7;77,4;19;20;22;14;22;18;.;.;.;
Bjursåsskolan F-9;98702223;Falun;2080;Kommunal;Falu kommun;2120002221;352;45,7;5,7;57,1;32;38;26;19;33;36;52;65;51;
Britsarvsskolan;17033155;Falun;2080;Kommunal;Falu kommun;2120002221;429;49,4;33,6;49,9;28;27;16;28;16;24;102;90;98;
Danholnsskolan;21243852;Falun;2080;Kommunal;Falu kommun;2120002221;62;58,1;..;54,8;13;12;10;14;13;.;.;.;.;
Friskolan Mosaik;65494903;Falun;2080;Enskild;Friskolan Mosaik i Falun ekonomisk förening;7696149751;209;51,7;10,0;84,7;22;23;23;23;23;24;24;25;22;
Främbyskolan;53796764;Falun;2080;Kommunal;Falu kommun;2120002221;226;50,4;11,9;70,8;43;46;40;39;30;28;.;.;.;
Gruvrisskolan;16034765;Falun;2080;Kommunal;Falu kommun;2120002221;416;52,4;5,3;80,8;75;75;74;68;62;62;.;.;.;
Grycksboskolan;22409073;Falun;2080;Kommunal;Falu kommun;2120002221;146;52,1;7,5;58,9;25;28;19;29;27;18;.;.;.;
Hosjöskolan;23964495;Falun;2080;Kommunal;Falu kommun;2120002221;260;44,2;13,1;72,3;44;42;43;47;39;45;.;.;.;
Hälsingbergsskolan;42110808;Falun;2080;Kommunal;Falu kommun;2120002221;211;45,5;10,4;78,7;31;40;37;24;39;40;.;.;.;
Hälsinggårdsskolan;28599917;Falun;2080;Kommunal;Falu kommun;2120002221;550;49,8;34,4;51,8;36;40;37;46;36;21;114;122;98;
Innovitaskolan Falun;72625090;Falun;2080;Enskild;Pysslingen Förskolor och Skolor AB;5560354309;495;50,3;4,0;85,5;54;54;54;54;54;54;63;54;54;
Internationella Engelska Skolan Falun;34401115;Falun;2080;Enskild;Internationella Engelska Skolan i Sverige AB;5564624368;471;56,9;43,7;69,2;.;.;.;59;90;67;91;82;82;
Liljansskolan;76418419;Falun;2080;Kommunal;Falu kommun;2120002221;50;56,0;.;66,0;12;5;10;10;4;9;.;.;.;
Linghedsskolan;48065404;Falun;2080;Kommunal;Falu kommun;2120002221;68;52,9;7,4;50,0;12;10;8;10;15;13;.;.;.;
Lärande Grundskola Falun;41444691;Falun;2080;Enskild;Lärande i Sverige AB;5565715892;147;38,8;13,6;61,9;.;.;.;.;.;20;33;38;56;
Montessoriskolan i Falun;57444890;Falun;2080;Kommunal;Falu kommun;2120002221;230;54,3;18,3;70,9;27;28;25;20;20;27;28;28;27;
Rönndalsskolan;78676362;Falun;2080;Kommunal;Falu kommun;2120002221;121;46,3;5,0;47,9;18;27;19;22;17;18;.;.;.;
Slättaskolan;52979014;Falun;2080;Kommunal;Falu kommun;2120002221;424;50,5;15,1;71,9;75;72;74;72;69;62;.;.;.;
Sundbornsskolan;27005091;Falun;2080;Kommunal;Falu kommun;2120002221;128;41,4;..;74,2;14;21;22;26;21;24;.;.;.;
Svärdsjöskolan;27506076;Falun;2080;Kommunal;Falu kommun;2120002221;378;48,1;9,3;51,3;23;30;29;27;32;28;84;73;52;
Sågmyraskolan;13917456;Falun;2080;Kommunal;Falu kommun;2120002221;42;50,0;21,4;40,5;9;7;8;9;6;3;.;.;.;
Södra skolan;87645833;Falun;2080;Kommunal;Falu kommun;2120002221;229;43,7;36,7;60,3;41;49;31;36;38;34;.;.;.;
Toftaskolan;71102563;Falun;2080;Kommunal;Falu kommun;2120002221;25;40,0;.;48,0;6;4;1;7;5;2;.;.;.;
Vikaskolan;48804420;Falun;2080;Kommunal;Falu kommun;2120002221;112;59,8;5,4;82,1;21;17;17;21;21;15;.;.;.;
Västra Skolan;27153243;Falun;2080;Kommunal;Falu kommun;2120002221;527;50,5;14,6;66,8;.;.;.;.;.;.;180;170;177;
Östra skolan;35993773;Falun;2080;Kommunal;Falu kommun;2120002221;254;49,2;15,7;72,8;49;39;41;50;29;46;.;.;.;
Brattfors skola;86042309;Filipstad;1782;Kommunal;Filipstads kommun;2120001876;25;64,0;.;44,0;5;4;6;1;4;5;.;.;.;
Ferlinskolan;76981284;Filipstad;1782;Kommunal;Filipstads kommun;2120001876;290;51,7;31,4;31,7;.;.;.;.;.;.;105;90;95;
Nordmarks skola;87243457;Filipstad;1782;Kommunal;Filipstads kommun;2120001876;37;43,2;..;40,5;8;7;7;4;6;5;.;.;.;
Nykroppa skola;81713999;Filipstad;1782;Kommunal;Filipstads kommun;2120001876;34;35,3;35,3;32,4;7;5;8;9;2;3;.;.;.;
Persbergs skola;99468217;Filipstad;1782;Enskild;Persbergs Skolas Föräldraförening;8740010494;51;37,3;..;33,3;9;7;9;8;10;8;.;.;.;
Strandvägsskolan;49822531;Filipstad;1782;Kommunal;Filipstads kommun;2120001876;204;49,0;34,3;33,3;74;73;57;.;.;.;.;.;.;
Stålvallaskolan;37648787;Filipstad;1782;Kommunal;Filipstads kommun;2120001876;100;44,0;24,0;25,0;9;9;16;15;9;11;6;12;13;
Åsenskolan;98680382;Filipstad;1782;Kommunal;Filipstads kommun;2120001876;224;50,9;34,8;29,9;.;.;.;64;78;82;.;.;.;
Björke skola;53733869;Finspång;0562;Kommunal;Finspångs kommun;2120000423;29;44,8;..;37,9;9;5;3;1;4;7;.;.;.;
Brenäs skola;95938848;Finspång;0562;Kommunal;Finspångs kommun;2120000423;25;64,0;.;60,0;6;2;6;3;5;3;.;.;.;
Grosvadskolan Nord;48774912;Finspång;0562;Kommunal;Finspångs kommun;2120000423;162;48,8;35,2;49,4;.;.;.;.;.;60;.;102;.;
Grosvadskolan Syd;40732962;Finspång;0562;Kommunal;Finspångs kommun;2120000423;187;55,6;33,7;50,3;.;.;.;.;.;.;99;.;88;
Grytgöls skola;43897173;Finspång;0562;Kommunal;Finspångs kommun;2120000423;49;51,0;.;46,9;9;8;8;11;6;7;.;.;.;
Hällestads skola;98557587;Finspång;0562;Kommunal;Finspångs kommun;2120000423;153;54,9;5,9;47,7;28;25;24;29;24;23;.;.;.;
Högalidsskolan;34833593;Finspång;0562;Kommunal;Finspångs kommun;2120000423;149;47,0;20,1;56,4;26;25;22;25;24;27;.;.;.;
Ljusfalls friskola;52689015;Finspång;0562;Enskild;Ljusfalls Skolas Ekonomiska Förening;7696105282;22;54,5;.;77,3;5;5;2;3;4;3;.;.;.;
Lotorps skola;55248937;Finspång;0562;Kommunal;Finspångs kommun;2120000423;130;40,0;7,7;55,4;20;15;21;25;27;22;.;.;.;
Nyhemsskolan 7-9;65487720;Finspång;0562;Kommunal;Finspångs kommun;2120000423;323;46,4;13,6;47,1;.;.;.;.;.;.;125;96;102;
Nyhemsskolan F-6;94721000;Finspång;0562;Kommunal;Finspångs kommun;2120000423;148;52,0;40,5;43,9;26;24;25;24;27;22;.;.;.;
Rejmyre skola;60106183;Finspång;0562;Kommunal;Finspångs kommun;2120000423;84;51,2;11,9;34,5;14;18;11;10;20;11;.;.;.;
Storängsskolan;50531913;Finspång;0562;Kommunal;Finspångs kommun;2120000423;355;46,5;46,5;44,2;73;75;58;76;73;.;.;.;.;
Svälthagsskolan;69570704;Finspång;0562;Kommunal;Finspångs kommun;2120000423;84;54,8;21,4;54,8;25;26;33;.;.;.;.;.;.;
Viggestorpsskolan;15534344;Finspång;0562;Kommunal;Finspångs kommun;2120000423;243;46,9;11,1;60,9;25;27;23;54;65;49;.;.;.;
Bettna skola;74938627;Flen;0482;Kommunal;Flens kommun;2120000332;66;42,4;15,2;40,9;10;12;6;14;12;12;.;.;.;
Bruksskolan;59846075;Flen;0482;Kommunal;Flens kommun;2120000332;121;45,5;51,2;23,1;18;15;19;18;29;22;.;.;.;
Europaskolan Malmköping;38215460;Flen;0482;Enskild;Europaskolan Malmköping AB;5567480511;300;43,0;25,7;38,7;.;.;.;37;32;54;69;51;57;
Flens kristna skola;52287808;Flen;0482;Enskild;Flens Kristna Skola AB;5568505191;92;37,0;70,7;48,9;12;11;12;12;11;4;10;11;9;
Kyrkskolan;83252289;Flen;0482;Kommunal;Flens kommun;2120000332;100;51,0;7,0;54,0;10;26;16;15;19;14;.;.;.;
Malmaskolan;41621337;Flen;0482;Kommunal;Flens kommun;2120000332;86;52,3;36,0;39,5;20;32;34;.;.;.;.;.;.;
Sparreholms skola;66357455;Flen;0482;Enskild;Sparreholms Utbildning AB (svb);5569568180;36;50,0;..;50,0;11;15;10;.;.;.;.;.;.;
Stenhammarskolan 4-6;92253510;Flen;0482;Kommunal;Flens kommun;2120000332;253;51,0;62,8;35,2;.;.;.;83;101;69;.;.;.;
Stenhammarskolan 7-9;81546814;Flen;0482;Kommunal;Flens kommun;2120000332;315;47,0;58,4;31,1;.;.;.;.;.;.;106;96;113;
Stenhammarskolan F-3;93189258;Flen;0482;Kommunal;Flens kommun;2120000332;228;43,4;63,6;29,8;75;76;77;.;.;.;.;.;.;
Stiftelsen Dunkers förskola och skola;87319414;Flen;0482;Enskild;Stiftelsen Dunkers Skola;8185013722;47;53,2;..;61,7;9;10;9;7;9;3;.;.;.;
Dejeskolan 4-9;48228294;Forshaga;1763;Kommunal;Forshaga kommun;2120001819;235;44,3;11,1;50,6;.;.;.;32;32;43;54;36;38;
Dejeskolan F-3;63021199;Forshaga;1763;Kommunal;Forshaga kommun;2120001819;117;56,4;12,8;47,0;40;37;40;.;.;.;.;.;.;
Forshaga Lärcenter H-stadiet;68533503;Forshaga;1763;Kommunal;Forshaga kommun;2120001819;295;49,2;13,6;57,6;.;.;.;.;.;.;104;91;100;
Forshaga Lärcenter LM-stadiet;83331030;Forshaga;1763;Kommunal;Forshaga kommun;2120001819;122;45,9;9,8;71,3;17;24;14;23;22;22;.;.;.;
Grossbolsskolan;81149834;Forshaga;1763;Kommunal;Forshaga kommun;2120001819;228;51,3;15,8;55,3;35;39;37;38;42;37;.;.;.;
Olsätersskolan;93730554;Forshaga;1763;Kommunal;Forshaga kommun;2120001819;48;52,1;..;56,3;8;9;10;13;8;.;.;.;.;
Skivedsskolan;27783058;Forshaga;1763;Kommunal;Forshaga kommun;2120001819;204;45,1;7,8;65,2;38;50;35;27;27;27;.;.;.;
Högsäter skola;83198353;Färgelanda;1439;Kommunal;Färgelanda kommun;2120001421;81;39,5;17,3;56,8;13;15;11;14;14;14;.;.;.;
Höjdenskolan;79397845;Färgelanda;1439;Kommunal;Färgelanda kommun;2120001421;92;58,7;9,8;38,0;26;36;30;.;.;.;.;.;.;
Järbo friskola;39533335;Färgelanda;1439;Enskild;Järbo Friskola;8024478847;38;60,5;..;44,7;3;5;10;.;13;7;.;.;.;
Stigens Friskola AB;87759640;Färgelanda;1439;Enskild;Stigens Friskola AB;5568559917;40;50,0;22,5;45,0;5;5;9;4;13;4;.;.;.;
Valboskolan 1-6;99759166;Färgelanda;1439;Kommunal;Färgelanda kommun;2120001421;84;50,0;13,1;39,3;.;.;.;32;22;30;.;.;.;
Valboskolan 7-9;17089857;Färgelanda;1439;Kommunal;Färgelanda kommun;2120001421;214;43,9;14,5;43,5;.;.;.;.;.;.;74;73;67;
Ödeborgs skola;35061408;Färgelanda;1439;Kommunal;Färgelanda kommun;2120001421;84;45,2;19,0;39,3;11;16;15;18;13;11;.;.;.;
Björboskola;39921667;Gagnef;2026;Kommunal;Gagnefs kommun;2120002155;34;44,1;..;61,8;22;12;.;.;.;.;.;.;.;
Bäsnaskola;64837308;Gagnef;2026;Kommunal;Gagnefs kommun;2120002155;44;56,8;.;52,3;17;14;13;.;.;.;.;.;.;
Djurmoskolan;79683330;Gagnef;2026;Kommunal;Gagnefs kommun;2120002155;97;54,6;..;61,9;14;20;15;15;15;18;.;.;.;
Djuråsskolan F-9;36819574;Gagnef;2026;Kommunal;Gagnefs kommun;2120002155;462;47,0;5,2;58,0;34;34;29;43;33;44;85;79;81;
Kyrkskolan;39127609;Gagnef;2026;Kommunal;Gagnefs kommun;2120002155;131;46,6;..;69,5;14;19;17;35;24;22;.;.;.;
Mockfjärdsskolan;95610127;Gagnef;2026;Kommunal;Gagnefs kommun;2120002155;345;49,9;10,4;43,8;35;34;26;31;35;36;37;62;49;
Syrholnsskola;66641627;Gagnef;2026;Kommunal;Gagnefs kommun;2120002155;69;55,1;21,7;49,3;.;.;12;21;20;16;.;.;.;
Bureskolan;91542623;Gislaved;0662;Kommunal;Gislaveds kommun;2120000514;97;47,4;25,8;29,9;21;9;26;11;22;8;.;.;.;
Ekenskolan;28566222;Gislaved;0662;Kommunal;Gislaveds kommun;2120000514;275;49,5;33,8;48,0;43;42;45;47;51;47;.;.;.;
Gullviveskolan;89989940;Gislaved;0662;Kommunal;Gislaveds kommun;2120000514;389;48,3;45,5;40,1;.;.;.;133;131;125;.;.;.;
Gyllenforsskolan;60157765;Gislaved;0662;Kommunal;Gislaveds kommun;2120000514;194;50,0;47,4;36,1;64;67;63;.;.;.;.;.;.;
Isabergskolan;30777212;Gislaved;0662;Kommunal;Gislaveds kommun;2120000514;152;56,6;17,1;55,9;11;27;33;24;25;32;.;.;.;
Klockargårdskolan;27057988;Gislaved;0662;Kommunal;Gislaveds kommun;2120000514;72;56,9;12,5;40,3;15;9;11;11;11;15;.;.;.;
Lundåkerskolan;47236914;Gislaved;0662;Kommunal;Gislaveds kommun;2120000514;398;49,5;49,0;31,4;.;.;.;.;.;.;118;138;142;
Montessorifriskolan i Gislaved;93436580;Gislaved;0662;Enskild;Montessorifriskolan i Gislaved Ekonomiska förening;7696123103;102;60,8;20,6;61,8;13;11;12;12;12;11;10;10;11;
Nordinskolan;40991541;Gislaved;0662;Kommunal;Gislaveds kommun;2120000514;318;52,2;28,9;39,0;.;.;.;.;.;.;97;101;120;
Skeppshultskolan;25720600;Gislaved;0662;Kommunal;Gislaveds kommun;2120000514;53;49,1;..;32,1;15;7;5;14;6;6;.;.;.;
Sörgårdsskolan;89859181;Gislaved;0662;Kommunal;Gislaveds kommun;2120000514;211;44,5;44,1;46,4;69;72;70;.;.;.;.;.;.;
Töråsskolan;90837768;Gislaved;0662;Kommunal;Gislaveds kommun;2120000514;141;52,5;47,5;51,1;21;23;23;23;26;25;.;.;.;
Villstadskolan;82127811;Gislaved;0662;Kommunal;Gislaveds kommun;2120000514;188;52,1;38,8;42,0;.;.;.;63;62;63;.;.;.;
Åsenskolan;70954223;Gislaved;0662;Kommunal;Gislaveds kommun;2120000514;319;48,9;32,0;51,1;.;.;.;.;.;.;111;109;99;
Åtteråsskolan;46098033;Gislaved;0662;Kommunal;Gislaveds kommun;2120000514;180;43,3;41,1;42,8;63;62;55;.;.;.;.;.;.;
Ängslyckans skola;26596084;Gislaved;0662;Kommunal;Gislaveds kommun;2120000514;55;43,6;..;47,3;6;11;7;13;7;11;.;.;.;
Ölmestadskolan;85013151;Gislaved;0662;Kommunal;Gislaveds kommun;2120000514;234;48,7;29,1;48,7;36;19;25;13;20;21;34;35;31;
Dansutskolan F-6;76365900;Gnesta;0461;Kommunal;Gnesta kommun;2120002965;312;47,1;8,0;62,5;53;49;53;53;49;55;.;.;.;
Frejaskolan F-9;89195825;Gnesta;0461;Kommunal;Gnesta kommun;2120002965;655;46,6;16,9;54,7;41;44;41;51;45;60;120;129;124;
Gnesta Waldorfskola;35159342;Gnesta;0461;Enskild;Gnesta Waldorfskoleförening;8190013030;199;46,7;19,6;72,9;24;33;23;26;17;29;15;10;22;
Kvarnbackaskolan F-6;19546209;Gnesta;0461;Kommunal;Gnesta kommun;2120002965;56;50,0;30,4;42,9;13;7;11;4;11;10;.;.;.;
Welandersborgs skola F-6;17508329;Gnesta;0461;Kommunal;Gnesta kommun;2120002965;118;42,4;12,7;51,7;18;20;17;23;21;19;.;.;.;
Bäckaskolan 7-9;43172419;Gnosjö;0617;Kommunal;Gnosjö kommun;2120000506;258;46,5;43,0;39,5;.;.;.;.;.;.;75;84;99;
Bäckaskolan F-6;26185758;Gnosjö;0617;Kommunal;Gnosjö kommun;2120000506;251;50,6;47,8;39,0;53;58;28;43;38;31;.;.;.;
Ekbackens skola;80690202;Gnosjö;0617;Kommunal;Gnosjö kommun;2120000506;65;46,2;7,7;64,6;10;11;11;11;12;10;.;.;.;
Hillerstorpsskolan 7-9;33877675;Gnosjö;0617;Kommunal;Gnosjö kommun;2120000506;96;47,9;29,2;37,5;.;.;.;.;.;.;37;15;44;
Hillerstorpsskolan F-6;39116597;Gnosjö;0617;Kommunal;Gnosjö kommun;2120000506;168;51,2;44,0;42,9;37;19;24;25;33;30;.;.;.;
Kulltorpsskolan;10440237;Gnosjö;0617;Kommunal;Gnosjö kommun;2120000506;63;58,7;14,3;38,1;11;11;16;5;9;11;.;.;.;
Åvikenskolan;90411655;Gnosjö;0617;Kommunal;Gnosjö kommun;2120000506;130;42,3;34,6;40,8;25;22;21;22;22;18;.;.;.;
Alléskolan;51219919;Gotland;0980;Kommunal;Region Gotland;2120000803;225;41,8;9,3;73,8;.;46;46;43;46;44;.;.;.;
Dalhem skola;89321968;Gotland;0980;Kommunal;Region Gotland;2120000803;97;41,2;6,2;66,0;14;17;15;15;18;18;.;.;.;
Endre skola;96366802;Gotland;0980;Kommunal;Region Gotland;2120000803;69;53,6;..;55,1;14;9;11;16;6;13;.;.;.;
Eskelhem skola;64449160;Gotland;0980;Kommunal;Region Gotland;2120000803;29;44,8;..;69,0;11;7;11;.;.;.;.;.;.;
Fole skola;19881184;Gotland;0980;Kommunal;Region Gotland;2120000803;94;59,6;5,3;45,7;11;22;14;18;13;16;.;.;.;
Fårösundsskolan;68188627;Gotland;0980;Kommunal;Region Gotland;2120000803;127;46,5;22,8;41,7;14;15;11;15;12;18;22;15;5;
Garda skola;81394787;Gotland;0980;Kommunal;Region Gotland;2120000803;84;57,1;..;53,6;18;14;15;14;13;10;.;.;.;
Gråboskolan;72009712;Gotland;0980;Kommunal;Region Gotland;2120000803;181;49,2;24,3;37,6;17;30;32;40;29;33;.;.;.;
Guteskolan, grundskola;42518434;Gotland;0980;Enskild;Guteskolan AB;5567044267;291;55,0;11,3;56,4;25;32;30;22;34;31;39;40;38;
Havdhem skola;17588092;Gotland;0980;Kommunal;Region Gotland;2120000803;72;52,8;8,3;52,8;11;11;17;13;11;9;.;.;.;
Humlegårdsskolan;49148021;Gotland;0980;Kommunal;Region Gotland;2120000803;38;31,6;..;60,5;38;.;.;.;.;.;.;.;.;
Högbyskolan;94163432;Gotland;0980;Kommunal;Region Gotland;2120000803;308;48,1;16,2;46,1;17;24;17;21;18;22;73;56;60;
Innovitaskolan Visby;52229866;Gotland;0980;Enskild;Pysslingen Förskolor och Skolor AB;5560354309;429;50,8;7,0;72,0;42;41;40;41;50;52;56;54;53;
Klinteskolan;24429776;Gotland;0980;Kommunal;Region Gotland;2120000803;278;50,0;17,6;46,8;21;25;18;32;44;41;38;34;25;
Kräklingbo skola;47799551;Gotland;0980;Kommunal;Region Gotland;2120000803;33;54,5;27,3;39,4;4;6;7;9;4;3;.;.;.;
Lyckåkerskolan;55052496;Gotland;0980;Kommunal;Region Gotland;2120000803;120;41,7;10,0;52,5;37;39;44;.;.;.;.;.;.;
Lärbro skola;12113282;Gotland;0980;Kommunal;Region Gotland;2120000803;91;47,3;..;37,4;14;18;14;19;12;14;.;.;.;
Lövsta resursskola;23656786;Gotland;0980;Kommunal;Region Gotland;2120000803;10;..;..;..;.;.;.;.;2;.;2;3;3;
Montessori Friskola Gotland;26322884;Gotland;0980;Enskild;Montessori Friskola Gotland AB;5567935514;65;60,0;9,2;84,6;13;13;11;10;11;7;.;.;.;
Norrbackaskolan;16160425;Gotland;0980;Kommunal;Region Gotland;2120000803;129;48,1;5,4;81,4;21;22;21;23;21;21;.;.;.;
Orionskolan;27928506;Gotland;0980;Enskild;Stiftelsen Orionskolan;8340017915;150;47,3;10,7;82,7;16;22;18;16;25;18;21;5;9;
Polhemskolan;64909736;Gotland;0980;Kommunal;Region Gotland;2120000803;117;43,6;19,7;68,4;17;24;19;17;14;26;.;.;.;
Romaskolan;60700608;Gotland;0980;Kommunal;Region Gotland;2120000803;321;48,6;4,7;44,2;24;29;23;25;23;29;59;63;46;
Sanda skola;48487229;Gotland;0980;Kommunal;Region Gotland;2120000803;47;42,6;.;68,1;15;16;16;.;.;.;.;.;.;
Solberga resursskola 4-9;64662433;Gotland;0980;Kommunal;Region Gotland;2120000803;23;21,7;..;43,5;.;.;.;5;2;4;4;6;2;
Solbergaskolan;96609581;Gotland;0980;Kommunal;Region Gotland;2120000803;671;48,9;12,2;65,7;.;.;.;.;33;29;204;214;191;
Solklintsskolan;10979668;Gotland;0980;Kommunal;Region Gotland;2120000803;187;45,5;17,1;32,1;19;15;12;12;17;19;31;28;34;
S:t Hansskolan;92605941;Gotland;0980;Kommunal;Region Gotland;2120000803;135;48,1;4,4;83,7;19;22;21;22;24;27;.;.;.;
Stenkyrka skola;66967867;Gotland;0980;Kommunal;Region Gotland;2120000803;49;51,0;10,2;59,2;8;8;9;10;3;11;.;.;.;
Stånga skola;88965786;Gotland;0980;Kommunal;Region Gotland;2120000803;87;49,4;6,9;55,2;10;16;20;16;7;18;.;.;.;
Södervärnsskolan;80013231;Gotland;0980;Kommunal;Region Gotland;2120000803;584;45,5;12,3;56,8;.;.;.;57;46;52;145;138;146;
Terra Novaskolan;27591331;Gotland;0980;Kommunal;Region Gotland;2120000803;151;44,4;11,9;60,3;27;20;21;27;26;30;.;.;.;
Tjelvar Resursskola F-3;40341856;Gotland;0980;Kommunal;Region Gotland;2120000803;9;..;.;..;3;2;4;.;.;.;.;.;.;
Tjelvarskolan;52791160;Gotland;0980;Kommunal;Region Gotland;2120000803;104;46,2;24,0;51,9;25;18;23;38;.;.;.;.;.;
Vänge skola;41120027;Gotland;0980;Kommunal;Region Gotland;2120000803;41;61,0;.;36,6;4;8;5;8;.;16;.;.;.;
Väskinde skola;15459377;Gotland;0980;Kommunal;Region Gotland;2120000803;200;49,0;4,0;65,5;25;35;35;28;45;32;.;.;.;
Västerhejde skola;46114318;Gotland;0980;Kommunal;Region Gotland;2120000803;236;51,3;3,8;65,7;33;38;34;37;55;39;.;.;.;
Öja skola;37203128;Gotland;0980;Kommunal;Region Gotland;2120000803;38;52,6;..;42,1;5;5;7;10;3;8;.;.;.;
Borgviks skola;94270954;Grums;1764;Enskild;Borgviks skola Ekonomisk förening;7696013486;45;31,1;..;51,1;11;4;15;8;5;2;.;.;.;
Jättestenskolan;16891307;Grums;1764;Kommunal;Grums kommun;2120001827;462;48,7;11,9;34,0;.;.;.;66;73;69;87;73;94;
Slottsbrons skola;16885406;Grums;1764;Kommunal;Grums kommun;2120001827;64;50,0;18,8;34,4;20;20;24;.;.;.;.;.;.;
Södra Skolan;29262102;Grums;1764;Kommunal;Grums kommun;2120001827;191;46,6;13,1;38,2;68;66;57;.;.;.;.;.;.;
Värmskogs Friskola;99302196;Grums;1764;Enskild;Föräldrakooperativet Värmskog Ekonomisk förening;7164512886;53;47,2;22,6;43,4;12;6;13;3;11;8;.;.;.;
Lunnevienheten;54556634;Grästorp;1444;Kommunal;Grästorps kommun;2120001595;162;45,7;8,0;53,7;44;60;58;.;.;.;.;.;.;
Nya Centralskolan 4-9;31381375;Grästorp;1444;Kommunal;Grästorps kommun;2120001595;385;48,3;10,1;55,6;.;.;.;57;55;69;62;72;70;
Gullstensskolan åk 7-9;89624871;Gullspång;1447;Kommunal;Gullspångs kommun;2120001637;171;53,2;37,4;29,2;.;.;.;.;.;.;43;61;67;
Gullstensskolan åk F-6;41746496;Gullspång;1447;Kommunal;Gullspångs kommun;2120001637;184;52,2;40,8;38,0;23;33;31;28;38;31;.;.;.;
Regnbågsskolan;44509207;Gullspång;1447;Kommunal;Gullspångs kommun;2120001637;126;50,0;23,8;25,4;23;19;21;23;23;17;.;.;.;
Emmaskolan F-6;45945515;Gällivare;2523;Kommunal;Gällivare kommun;2120002726;38;60,5;13,2;44,7;8;6;10;7;3;4;.;.;.;
Hakkas Centralskola;73575145;Gällivare;2523;Kommunal;Gällivare kommun;2120002726;70;52,9;8,6;35,7;4;5;5;6;10;4;14;11;11;
Hedskolan L;45062453;Gällivare;2523;Kommunal;Gällivare kommun;2120002726;205;51,7;13,2;59,5;69;63;73;.;.;.;.;.;.;
Hedskolan M;45033945;Gällivare;2523;Kommunal;Gällivare kommun;2120002726;161;48,4;23,0;48,4;.;.;.;58;54;49;.;.;.;
Malmens friskola;37140962;Gällivare;2523;Enskild;Malmens Friskola AB;5565528022;133;45,9;..;66,9;.;.;.;20;20;24;24;21;24;
Mariaskolan F-6;58713286;Gällivare;2523;Kommunal;Gällivare kommun;2120002726;149;45,0;16,8;40,3;44;23;22;19;20;21;.;.;.;
Myranskolan LM;82657877;Gällivare;2523;Kommunal;Gällivare kommun;2120002726;111;47,7;4,5;41,4;20;19;19;20;19;14;.;.;.;
Puoltikasvaara skola F-6;95103750;Gällivare;2523;Kommunal;Gällivare kommun;2120002726;15;53,3;.;46,7;2;.;3;2;3;5;.;.;.;
Sjöparksskolan A;46309621;Gällivare;2523;Kommunal;Gällivare kommun;2120002726;203;45,3;17,7;43,8;.;.;.;.;.;.;70;66;67;
Sjöparksskolan B;42583405;Gällivare;2523;Kommunal;Gällivare kommun;2120002726;203;52,7;22,2;44,8;.;.;.;.;.;.;72;62;69;
Tallbackaskolan;70483173;Gällivare;2523;Kommunal;Gällivare kommun;2120002726;260;51,2;18,8;44,6;47;46;44;47;42;34;.;.;.;
Tjautjasjaure skola;70754502;Gällivare;2523;Kommunal;Gällivare kommun;2120002726;11;63,6;.;63,6;2;.;9;.;.;.;.;.;.;
Alborga skola;87313898;Gävle;2180;Kommunal;Gävle kommun;2120002338;74;51,4;..;75,7;26;26;22;.;.;.;.;.;.;
Andersbergsskolan;97375168;Gävle;2180;Kommunal;Gävle kommun;2120002338;189;46,0;65,1;36,0;40;48;27;33;23;18;.;.;.;
Bergby Centralskola 1-9;55373417;Gävle;2180;Kommunal;Gävle kommun;2120002338;239;51,9;9,6;37,7;23;26;36;29;32;23;26;25;19;
Björke skola;41333982;Gävle;2180;Kommunal;Gävle kommun;2120002338;49;49,0;..;75,5;12;19;18;.;.;.;.;.;.;
Forsbacka skola;47347348;Gävle;2180;Kommunal;Gävle kommun;2120002338;94;41,5;8,5;48,9;11;17;17;21;13;15;.;.;.;
Fridhemsskolan;80874928;Gävle;2180;Kommunal;Gävle kommun;2120002338;246;54,5;6,9;83,3;49;27;27;47;47;49;.;.;.;
Hagaströms skola;31296560;Gävle;2180;Kommunal;Gävle kommun;2120002338;295;52,2;5,1;84,1;49;48;53;50;48;47;.;.;.;
Hedesunda skola;20872848;Gävle;2180;Kommunal;Gävle kommun;2120002338;150;48,7;4,7;54,0;29;28;23;25;28;17;.;.;.;
Hemlingbyskolan;34746919;Gävle;2180;Kommunal;Gävle kommun;2120002338;79;46,8;..;91,1;28;27;24;.;.;.;.;.;.;
Internationella Engelska Skolan Gävle;53952728;Gävle;2180;Enskild;Internationella Engelska Skolan i Sverige AB;5564624368;1 090;50,6;61,8;61,9;.;.;96;114;133;157;178;209;203;
Kunskapsskolan Gävle;21423670;Gävle;2180;Enskild;Kunskapsskolan i Sverige Aktiebolag;5565661815;391;54,0;14,8;60,6;.;.;.;20;43;66;101;77;84;
Lilla Sätraskolan;21439131;Gävle;2180;Kommunal;Gävle kommun;2120002338;160;47,5;55,6;41,9;.;.;.;85;75;.;.;.;.;
Lillhagsskolan;51387807;Gävle;2180;Kommunal;Gävle kommun;2120002338;643;42,5;8,6;62,5;49;45;49;52;52;44;122;115;115;
Ludvigsbergsskolan;55989559;Gävle;2180;Kommunal;Gävle kommun;2120002338;404;50,5;4,2;66,3;68;56;67;70;72;71;.;.;.;
Magelungens grundskola Gävle;64745639;Gävle;2180;Enskild;Magelungen Utveckling AB;5564891447;21;38,1;..;47,6;.;.;.;.;.;1;1;8;11;
Milboskolan;93378411;Gävle;2180;Kommunal;Gävle kommun;2120002338;302;51,0;3,6;74,8;44;33;51;61;65;48;.;.;.;
Nynässkolan 7-9;40944032;Gävle;2180;Kommunal;Gävle kommun;2120002338;358;54,2;43,6;48,0;.;.;.;.;.;.;142;108;108;
Prolympia, Gävle;57578095;Gävle;2180;Enskild;Ulno AB;5566577705;647;40,3;8,3;75,7;24;23;25;56;56;116;116;115;116;
Sjöängsskolan;14591437;Gävle;2180;Kommunal;Gävle kommun;2120002338;269;49,4;21,6;62,8;51;47;40;45;44;42;.;.;.;
Sofiaskolan Gävle AB;80398748;Gävle;2180;Enskild;Sofiaskolan Gävle AB;5568478126;175;59,4;16,6;80,6;33;33;31;28;23;27;.;.;.;
Sofiedalskolan;80177526;Gävle;2180;Kommunal;Gävle kommun;2120002338;698;45,7;6,3;65,3;18;26;25;42;43;51;172;167;154;
Solängsskolan;58984764;Gävle;2180;Kommunal;Gävle kommun;2120002338;429;49,7;46,2;56,4;91;89;66;66;60;57;.;.;.;
Staffansskolan;46764433;Gävle;2180;Kommunal;Gävle kommun;2120002338;338;52,1;66,9;37,3;73;69;56;40;36;64;.;.;.;
Stigslunds skola;91652716;Gävle;2180;Kommunal;Gävle kommun;2120002338;567;49,7;7,4;71,1;25;26;42;49;50;49;111;112;103;
Stora Sätraskolan;49779956;Gävle;2180;Kommunal;Gävle kommun;2120002338;284;45,4;69,0;36,3;.;.;.;.;.;71;67;68;78;
Strömsbro skola;53246486;Gävle;2180;Kommunal;Gävle kommun;2120002338;245;52,2;9,4;76,7;50;49;35;49;42;20;.;.;.;
Sörbyskolan;23223141;Gävle;2180;Kommunal;Gävle kommun;2120002338;438;50,7;21,2;67,8;74;75;67;86;76;60;.;.;.;
Tallbackens skola;62570207;Gävle;2180;Kommunal;Gävle kommun;2120002338;169;56,2;6,5;86,4;26;30;25;24;25;39;.;.;.;
Tranmursskolan GKS;87088456;Gävle;2180;Enskild;Föreningen för Gefle Kristna Skola;8850018683;66;60,6;25,8;56,1;4;.;8;5;8;6;11;14;10;
Trödje skola;70120191;Gävle;2180;Kommunal;Gävle kommun;2120002338;21;47,6;..;71,4;7;6;8;.;.;.;.;.;.;
Ulvsäterskolan;28831906;Gävle;2180;Kommunal;Gävle kommun;2120002338;368;49,7;58,4;48,6;134;138;96;.;.;.;.;.;.;
Vallbacksskolan;54990077;Gävle;2180;Kommunal;Gävle kommun;2120002338;531;44,4;21,7;62,7;.;.;.;.;.;.;184;170;177;
Vikingaskolan;82269879;Gävle;2180;Kommunal;Gävle kommun;2120002338;389;51,2;5,9;61,7;69;75;77;54;56;58;.;.;.;
Vittra Gävle;11476454;Gävle;2180;Enskild;Friskolan Lyftet AB;5566044599;165;47,3;57,6;33,9;18;19;16;16;21;20;20;19;16;
Ytterharnäs skola;28017179;Gävle;2180;Kommunal;Gävle kommun;2120002338;77;37,7;.;70,1;17;15;16;13;14;2;.;.;.;
Åbyggeby skola;78748400;Gävle;2180;Kommunal;Gävle kommun;2120002338;48;54,2;..;62,5;14;18;16;.;.;.;.;.;.;
Algebraskolan;40526633;Göteborg;1480;Enskild;Algebrautbildning Föreningen;8024730445;175;45,1;88,6;59,4;24;22;24;20;23;22;19;21;.;
Annedalsskolan F-6;66906957;Göteborg;1480;Kommunal;Göteborgs kommun;2120001355;277;50,9;18,4;80,1;47;44;49;47;47;43;.;.;.;
Askimsskolan F-6;42558944;Göteborg;1480;Kommunal;Göteborgs kommun;2120001355;273;47,6;23,4;65,2;25;43;24;61;48;72;.;.;.;
Asperöskolan F-3;19582003;Göteborg;1480;Kommunal;Göteborgs kommun;2120001355;25;44,0;..;92,0;6;9;10;.;.;.;.;.;.;
Assaredsskolan;25852980;Göteborg;1480;Enskild;Assareds Skolkooperativ Ek För.;7164451390;232;48,3;52,2;64,7;25;26;26;26;26;26;26;26;25;
Azbuka Lyceum Grundskola;13475966;Göteborg;1480;Enskild;Azbuka Lyceum AB;5568515372;83;49,4;91,6;55,4;21;19;16;16;11;.;.;.;.;
Backaskolan F-6;44439157;Göteborg;1480;Kommunal;Göteborgs kommun;2120001355;298;43,3;56,4;56,7;50;51;48;51;49;49;.;.;.;
Backegårdsskolan F-6;26299421;Göteborg;1480;Kommunal;Göteborgs kommun;2120001355;240;49,6;93,8;29,6;43;41;43;43;37;33;.;.;.;
Bagaregårdsskolan F-6;25410468;Göteborg;1480;Kommunal;Göteborgs kommun;2120001355;164;48,8;12,2;87,8;27;27;27;28;27;28;.;.;.;
Bergsgårdsskolan F-6;96685185;Göteborg;1480;Kommunal;Göteborgs kommun;2120001355;281;53,0;86,8;29,2;52;50;46;49;46;38;.;.;.;
Bergsjöskolan F-9;27526205;Göteborg;1480;Kommunal;Göteborgs kommun;2120001355;416;47,6;94,2;25,2;39;39;48;40;36;41;74;57;42;
Bergumsskolan F-9;43545297;Göteborg;1480;Kommunal;Göteborgs kommun;2120001355;769;48,2;21,5;59,3;67;63;68;92;87;77;113;105;97;
Bjurslättsskolan F-6;37407044;Göteborg;1480;Kommunal;Göteborgs kommun;2120001355;489;50,5;57,1;57,1;77;95;75;100;76;66;.;.;.;
Björkåsskolan F-6;43136650;Göteborg;1480;Kommunal;Göteborgs kommun;2120001355;287;45,6;48,1;58,9;47;49;46;47;50;48;.;.;.;
Björlandaskolan F-6;14567750;Göteborg;1480;Kommunal;Göteborgs kommun;2120001355;474;47,5;14,3;77,6;78;50;67;96;91;92;.;.;.;
Björsaredsskolan F-3;76096182;Göteborg;1480;Kommunal;Göteborgs kommun;2120001355;62;50,0;30,6;56,5;23;19;20;.;.;.;.;.;.;
Brandströmska skolan Nylöse;11295861;Göteborg;1480;Enskild;Stiftelsen för Kristen Skolverksamhet;8572054065;351;55,3;75,8;47,0;41;35;41;41;40;44;36;40;33;
Brottkärrskolan F-6;67882295;Göteborg;1480;Kommunal;Göteborgs kommun;2120001355;192;43,2;15,1;86,5;38;43;41;24;23;23;.;.;.;
Brunnsboskolan F-9;97649106;Göteborg;1480;Kommunal;Göteborgs kommun;2120001355;603;55,6;58,9;50,4;42;60;59;77;62;70;75;80;78;
Bräckeskolan F-6;29466561;Göteborg;1480;Kommunal;Göteborgs kommun;2120001355;495;47,3;29,9;68,7;73;84;93;86;86;73;.;.;.;
Brännöskolan F-3;76375477;Göteborg;1480;Kommunal;Göteborgs kommun;2120001355;36;55,6;..;88,9;12;10;14;.;.;.;.;.;.;
Bärbyskolan F-6;55977201;Göteborg;1480;Kommunal;Göteborgs kommun;2120001355;160;51,3;11,3;75,0;28;27;26;24;26;29;.;.;.;
Böskolans friskola;83071620;Göteborg;1480;Enskild;Böskolans Friskola Ek.För.;7164451473;341;46,6;13,2;88,3;26;26;26;44;44;44;44;44;43;
Centrina Kviberg;17517182;Göteborg;1480;Enskild;Vindseglet AB;5567572234;312;49,7;10,3;85,9;.;.;.;.;.;78;78;78;78;
Centrina Lindholmen;79866556;Göteborg;1480;Enskild;Vindseglet AB;5567572234;312;51,0;10,3;89,7;.;.;.;.;.;78;78;78;78;
Communityskolan Tynnered;88746223;Göteborg;1480;Enskild;RM Bildning AB;5591946909;101;51,5;74,3;37,6;.;.;.;.;.;.;50;51;.;
Dalaskolan F-6;52278406;Göteborg;1480;Kommunal;Göteborgs kommun;2120001355;334;48,8;11,1;88,9;47;56;73;51;55;52;.;.;.;
Donsöskolan F-6;67803573;Göteborg;1480;Kommunal;Göteborgs kommun;2120001355;143;51,0;4,9;81,1;26;25;19;25;25;23;.;.;.;
Drakbergsskolan;60526603;Göteborg;1480;Enskild;Kannebäcks Friskoleförening;8572069568;215;51,2;54,0;60,9;24;24;24;25;21;24;25;24;24;
Ebba Petterssons Grundskola;88247874;Göteborg;1480;Enskild;Ebba Petterssons Privatskolas Stiftelse;8572022369;611;48,4;20,1;82,3;50;49;50;51;50;50;104;104;103;
Ellen Keyskolan F-6;99852133;Göteborg;1480;Kommunal;Göteborgs kommun;2120001355;267;49,4;76,0;41,9;39;52;45;45;36;50;.;.;.;
Emmaskolan F-3;64026031;Göteborg;1480;Kommunal;Göteborgs kommun;2120001355;124;48,4;78,2;40,3;42;45;37;.;.;.;.;.;.;
Eriksboskolan F-6;80744215;Göteborg;1480;Kommunal;Göteborgs kommun;2120001355;222;51,8;86,0;30,6;38;36;42;42;38;26;.;.;.;
Fiskebäcksskolan F-9;80408917;Göteborg;1480;Kommunal;Göteborgs kommun;2120001355;550;50,0;8,7;85,1;51;76;53;56;60;82;58;56;58;
Fjällboskolan F-5;60764994;Göteborg;1480;Kommunal;Göteborgs kommun;2120001355;322;51,9;21,7;79,2;73;72;54;54;69;.;.;.;.;
Fjällskolan F-6;53332364;Göteborg;1480;Kommunal;Göteborgs kommun;2120001355;318;46,5;10,7;89,9;46;47;62;45;52;66;.;.;.;
Flatåsskolan F-6;43664749;Göteborg;1480;Kommunal;Göteborgs kommun;2120001355;474;48,3;36,9;65,8;66;76;73;91;74;94;.;.;.;
Franska skolan Göteborg 6-9;51565567;Göteborg;1480;Enskild;Medborgarskolan Region Väst;8494001913;193;56,5;36,3;82,4;.;.;.;.;.;51;49;48;45;
Franska skolan Göteborg F-5;50742176;Göteborg;1480;Enskild;Medborgarskolan Region Väst;8494001913;159;52,8;44,7;80,5;24;24;24;40;47;.;.;.;.;
Freinetskolan Bild & Form;31872640;Göteborg;1480;Enskild;Freinétskolan Bild & Form Masthugget Kb;9696774224;243;51,4;10,3;86,8;24;29;22;28;27;25;28;29;31;
Frejaskolan F-9;44605298;Göteborg;1480;Kommunal;Göteborgs kommun;2120001355;657;45,1;43,1;42,9;45;46;49;74;72;72;121;68;110;
Fridaskolan Kvillebäcken;56328727;Göteborg;1480;Enskild;Fridaskolorna AB;5564515988;549;49,2;14,6;80,7;52;52;52;54;54;54;77;77;77;
Frölundaskolan Bräcke;51009918;Göteborg;1480;Kommunal;Göteborgs kommun;2120001355;7;..;..;71,4;2;.;2;.;.;.;.;2;1;
Frölundaskolan F-9;16464648;Göteborg;1480;Kommunal;Göteborgs kommun;2120001355;374;45,7;78,1;31,8;21;25;41;35;40;28;76;47;61;
Gamlestadsskolan F-9;29744401;Göteborg;1480;Kommunal;Göteborgs kommun;2120001355;464;50,9;65,9;49,1;48;52;46;53;49;52;51;56;57;
Glöstorpsskolan 7-9;85656343;Göteborg;1480;Kommunal;Göteborgs kommun;2120001355;328;50,3;32,6;57,6;.;.;.;.;.;.;107;113;108;
Guldhedsskolan F-9;11814097;Göteborg;1480;Kommunal;Göteborgs kommun;2120001355;582;50,5;44,5;64,6;25;21;61;62;74;73;82;104;80;
Gunnaredsskolan F-3;30107536;Göteborg;1480;Kommunal;Göteborgs kommun;2120001355;101;42,6;81,2;37,6;36;34;31;.;.;.;.;.;.;
Gunnestorpsskolan F-6;17484314;Göteborg;1480;Kommunal;Göteborgs kommun;2120001355;277;44,8;37,2;52,3;47;50;51;49;39;41;.;.;.;
Gunnilseskolan F-6;74306815;Göteborg;1480;Kommunal;Göteborgs kommun;2120001355;189;49,7;28,0;65,1;29;27;27;27;28;51;.;.;.;
Gustaviskolan F-5;88405264;Göteborg;1480;Kommunal;Göteborgs kommun;2120001355;115;53,9;42,6;61,7;24;25;24;20;22;.;.;.;.;
Gårdstensskolan 4-9;31127129;Göteborg;1480;Kommunal;Göteborgs kommun;2120001355;443;52,4;89,2;33,4;.;.;.;71;70;76;72;60;94;
Gärdsmosseskolan F-6;75004443;Göteborg;1480;Kommunal;Göteborgs kommun;2120001355;255;53,7;84,7;25,9;44;37;48;48;37;41;.;.;.;
Gärdsåsskolan 4-9;93904124;Göteborg;1480;Kommunal;Göteborgs kommun;2120001355;289;51,2;85,1;40,8;.;.;.;48;43;46;47;55;50;
Göteborgs Högre Samskola gr.;52538248;Göteborg;1480;Enskild;Stiftelsen Göteborgs Högre Samskola;8572059197;452;48,5;8,0;88,7;.;.;.;.;.;.;150;151;151;
Hagaskolan F-5;17157735;Göteborg;1480;Kommunal;Göteborgs kommun;2120001355;217;42,9;18,0;84,8;41;44;46;42;44;.;.;.;.;
Hagenskolan F-6;31665312;Göteborg;1480;Kommunal;Göteborgs kommun;2120001355;274;45,6;9,5;88,3;27;54;38;49;56;50;.;.;.;
Hammarkullsskolan F-3;20175215;Göteborg;1480;Kommunal;Göteborgs kommun;2120001355;158;39,2;83,5;25,3;51;58;49;.;.;.;.;.;.;
Herrgårdsskolan F-6;62479729;Göteborg;1480;Kommunal;Göteborgs kommun;2120001355;298;50,3;34,6;80,9;50;48;66;50;47;37;.;.;.;
Hjuviksskolan F-3;86247174;Göteborg;1480;Kommunal;Göteborgs kommun;2120001355;108;43,5;12,0;88,9;45;25;38;.;.;.;.;.;.;
Hovåsskolan F-9;99319890;Göteborg;1480;Kommunal;Göteborgs kommun;2120001355;510;42,5;24,7;73,1;39;44;18;37;33;25;105;101;108;
Hultskolan F-6;89356085;Göteborg;1480;Kommunal;Göteborgs kommun;2120001355;278;47,5;18,0;83,8;38;48;51;51;44;46;.;.;.;
Hällsviksskolan F-3;45963596;Göteborg;1480;Kommunal;Göteborgs kommun;2120001355;105;51,4;7,6;88,6;37;24;44;.;.;.;.;.;.;
Härlandatjärnskolan F-9;60279184;Göteborg;1480;Kommunal;Göteborgs kommun;2120001355;97;44,3;15,5;85,6;24;16;.;.;.;.;57;.;.;
Högenskolan F-3;15500024;Göteborg;1480;Kommunal;Göteborgs kommun;2120001355;78;52,6;..;84,6;27;26;25;.;.;.;.;.;.;
Innovitaskolan Johanneberg;87139814;Göteborg;1480;Enskild;Pysslingen Förskolor och Skolor AB;5560354309;275;57,5;41,1;58,5;.;.;.;.;.;26;47;102;100;
Innovitaskolan S:t Jörgen;27265374;Göteborg;1480;Enskild;Pysslingen Förskolor och Skolor AB;5560354309;480;46,5;34,6;76,0;40;40;39;45;44;50;75;75;72;
Internationella Engelska Skolan Johanneberg;41921747;Göteborg;1480;Enskild;Internationella Engelska Skolan i Sverige AB;5564624368;554;50,9;72,0;70,4;.;.;.;.;.;.;187;191;176;
Internationella Engelska Skolan Krokslätt;45124936;Göteborg;1480;Enskild;Internationella Engelska Skolan i Sverige AB;5564624368;487;48,0;83,2;79,3;.;.;112;119;128;128;.;.;.;
ISGR International K-5*;41294775;Göteborg;1480;Enskild;Göteborgsregionens Internationella Skola AB;5565275657;325;45,5;98,2;65,8;62;68;70;67;58;.;.;.;.;
ISGR/International section*;30191226;Göteborg;1480;Enskild;Göteborgsregionens Internationella Skola AB;5565275657;250;48,4;89,2;72,8;.;.;.;.;.;61;48;62;79;
ISGR/Swedish-Eng F-5;93758282;Göteborg;1480;Enskild;Göteborgsregionens Internationella Skola AB;5565275657;196;50,0;36,2;82,7;28;28;28;56;56;.;.;.;.;
ISGR/Swedish-English;80498460;Göteborg;1480;Enskild;Göteborgsregionens Internationella Skola AB;5565275657;239;44,8;40,6;82,4;.;.;.;.;.;60;60;59;60;
JENSEN grundskola Göteborg;62764006;Göteborg;1480;Enskild;Jensen Education College AB;5566358759;212;58,5;22,2;86,3;.;.;.;.;.;31;61;61;59;
Johannebergsskolan Estetiska F-6;20535849;Göteborg;1480;Kommunal;Göteborgs kommun;2120001355;278;51,1;30,2;68,3;53;48;48;49;45;35;.;.;.;
Johannebergsskolan Montessori F-5;60715716;Göteborg;1480;Kommunal;Göteborgs kommun;2120001355;181;51,9;27,1;80,7;36;37;36;38;34;.;.;.;.;
Jättestensskolan F-9;55124975;Göteborg;1480;Kommunal;Göteborgs kommun;2120001355;537;48,4;37,4;63,3;48;48;49;47;51;71;75;73;75;
Kannebäcksskolan Döv o Hörsel;56339656;Göteborg;1480;Kommunal;Göteborgs kommun;2120001355;36;52,8;63,9;38,9;4;6;5;5;1;3;6;5;1;
Kannebäcksskolan Tal o Språk;55529681;Göteborg;1480;Kommunal;Göteborgs kommun;2120001355;56;25,0;32,1;64,3;5;5;5;4;8;7;3;12;7;
Kannebäcksskolan Tremastaren F-6;25795325;Göteborg;1480;Kommunal;Göteborgs kommun;2120001355;75;48,0;76,0;33,3;.;17;11;16;15;16;.;.;.;
Karl Johansskolan F-6;61374247;Göteborg;1480;Kommunal;Göteborgs kommun;2120001355;513;47,0;14,2;78,2;81;91;83;79;89;90;.;.;.;
Katolska skolan av Notre Dame;45045293;Göteborg;1480;Enskild;Vår Fru AB;5591760342;322;52,2;82,3;53,7;33;32;24;33;36;36;39;43;46;
Klarebergsskolan F-9;71204165;Göteborg;1480;Kommunal;Göteborgs kommun;2120001355;955;49,6;21,4;66,8;99;99;104;109;102;108;112;111;111;
Kristinaskolan;46512685;Göteborg;1480;Enskild;Stiftelsen för Kristna Skolor i Angeredområdet;8572042193;200;53,0;70,5;51,0;21;20;22;24;24;23;24;22;20;
Kungsladugårdsskolan F-6;91798133;Göteborg;1480;Kommunal;Göteborgs kommun;2120001355;543;44,4;10,9;82,1;101;100;88;94;81;79;.;.;.;
Kunskapsskolan Krokslätt;83045482;Göteborg;1480;Enskild;Kunskapsskolan i Sverige Aktiebolag;5565661815;269;53,2;63,9;58,0;.;.;.;21;21;55;64;56;52;
Kvibergsskolan F-9;79522184;Göteborg;1480;Kommunal;Göteborgs kommun;2120001355;743;51,1;52,1;58,5;49;51;55;106;102;97;97;86;100;
Kålltorpsskolan 4-9;16954837;Göteborg;1480;Kommunal;Göteborgs kommun;2120001355;665;46,0;21,2;76,8;.;.;.;.;69;84;141;198;173;
Kärralundsskolan F-9;14037390;Göteborg;1480;Kommunal;Göteborgs kommun;2120001355;398;50,8;12,1;84,4;27;26;26;27;26;27;77;81;81;
Kärraskolan F-9;46391611;Göteborg;1480;Kommunal;Göteborgs kommun;2120001355;711;49,5;45,6;61,5;75;73;80;79;78;81;79;83;83;
Kärrdalsskolan F-5;31282737;Göteborg;1480;Kommunal;Göteborgs kommun;2120001355;127;47,2;12,6;86,6;26;25;28;23;25;.;.;.;.;
Landalaskolan F-3;30055205;Göteborg;1480;Kommunal;Göteborgs kommun;2120001355;42;35,7;52,4;64,3;17;12;13;.;.;.;.;.;.;
Landamäreskolan F-3;38862939;Göteborg;1480;Kommunal;Göteborgs kommun;2120001355;228;47,4;77,6;36,4;73;79;76;.;.;.;.;.;.;
Lerlyckeskolan F-6;48653651;Göteborg;1480;Kommunal;Göteborgs kommun;2120001355;284;47,9;19,7;82,4;49;50;50;51;50;34;.;.;.;
Lilla Römosseskolan;23522104;Göteborg;1480;Enskild;Föreningen Framstegsskolan i Göteborg;8551021952;47;46,8;~100;34,0;23;24;.;.;.;.;.;.;.;
Lilla Samskolan F-6;67568030;Göteborg;1480;Enskild;Stiftelsen Göteborgs Högre Samskola;8572059197;396;49,2;11,9;91,9;52;52;52;78;81;81;.;.;.;
Lilla Trulsegårdsskolan F-3;81015114;Göteborg;1480;Kommunal;Göteborgs kommun;2120001355;73;46,6;9,6;78,1;26;26;21;.;.;.;.;.;.;
Lillebyskolan F-6;29670879;Göteborg;1480;Kommunal;Göteborgs kommun;2120001355;470;50,2;7,4;84,3;61;46;63;97;100;103;.;.;.;
Lindåsskolan F-9;87375656;Göteborg;1480;Kommunal;Göteborgs kommun;2120001355;609;49,8;7,2;89,3;52;74;73;74;70;70;63;66;67;
Lundenskolan F-9;62419611;Göteborg;1480;Kommunal;Göteborgs kommun;2120001355;579;51,1;36,8;64,8;79;54;66;51;51;51;76;82;69;
Långedragsskolan F-6;28236603;Göteborg;1480;Kommunal;Göteborgs kommun;2120001355;176;52,3;10,2;92,0;28;28;29;28;28;35;.;.;.;
Långmosseskolan F-3;61240460;Göteborg;1480;Kommunal;Göteborgs kommun;2120001355;273;55,7;91,6;46,5;94;98;81;.;.;.;.;.;.;
Lärjeskolan F-9;39701961;Göteborg;1480;Kommunal;Göteborgs kommun;2120001355;588;54,1;86,6;33,7;48;49;50;50;48;48;100;96;99;
Lövgärdesskolan 4-9;31928894;Göteborg;1480;Kommunal;Göteborgs kommun;2120001355;343;49,9;91,0;34,1;.;.;.;68;57;47;47;54;70;
Magelungens Grundskola Karlaskolan Göteborg;97205555;Göteborg;1480;Enskild;Magelungen Utveckling AB;5564891447;23;26,1;..;69,6;.;.;.;.;.;3;3;10;7;
Martinaskolan;47927698;Göteborg;1480;Enskild;Waldorfföreningen, Martinaskolan, ekonomisk förening;7164449576;156;52,6;60,9;69,2;13;18;20;15;20;18;20;12;20;
Montessoriskolan Alexandra;52061762;Göteborg;1480;Enskild;Stiftelsen Judiska Samskolan i Göteborg;8572092206;46;41,3;45,7;89,1;6;14;6;9;11;.;.;.;.;
Montessoriskolan Casa;76938537;Göteborg;1480;Enskild;Stiftelsen Casa Dei Bambini;8520004261;219;55,3;11,4;88,6;21;19;20;20;20;30;29;30;30;
Montessoriskolan Centrum;73995321;Göteborg;1480;Enskild;Stiftelsen Montessoriskolan Centrum;8572066309;235;54,9;29,8;85,1;24;24;24;24;24;29;28;30;28;
Montessoriskolan Elyseum 6-9;75602219;Göteborg;1480;Kommunal;Göteborgs kommun;2120001355;102;40,2;32,4;69,6;.;.;.;.;.;24;27;25;26;
Montessoriskolan Skäret;25894254;Göteborg;1480;Enskild;Skäret Skolkooperativ Ek.För.;7164452323;282;49,3;6,7;93,6;22;22;22;24;24;24;48;48;48;
Mossebergsskolan F-2;16883454;Göteborg;1480;Kommunal;Göteborgs kommun;2120001355;86;53,5;26,7;84,9;39;47;.;.;.;.;.;.;.;
Noblaskolan Nya Hovås F-5;75616744;Göteborg;1480;Enskild;Pysslingen Förskolor och Skolor AB;5560354309;351;52,7;16,0;88,9;65;48;68;79;91;.;.;.;.;
Noblaskolan Nya Hovås åk 6-9;21497343;Göteborg;1480;Enskild;Pysslingen Förskolor och Skolor AB;5560354309;474;53,4;7,4;90,9;.;.;.;.;.;117;120;120;117;
Noleredsskolan F-6;52601922;Göteborg;1480;Kommunal;Göteborgs kommun;2120001355;379;44,9;8,7;78,9;50;50;44;69;69;97;.;.;.;
Nordhemsskolan F-9;19804936;Göteborg;1480;Kommunal;Göteborgs kommun;2120001355;809;53,3;18,7;81,0;24;26;21;22;21;67;213;205;210;
Nordlyckeskolan 7-9;93002896;Göteborg;1480;Kommunal;Göteborgs kommun;2120001355;434;44,0;7,1;84,6;.;.;.;.;.;.;144;145;145;
Nya skolan Länsmansgården F-3;36115436;Göteborg;1480;Kommunal;Göteborgs kommun;2120001355;155;47,1;76,1;42,6;41;66;48;.;.;.;.;.;.;
Nya Varvetskolan F-6;15623804;Göteborg;1480;Kommunal;Göteborgs kommun;2120001355;312;44,6;14,7;87,2;51;53;44;53;56;55;.;.;.;
Nygårdsskolan F-9;65651613;Göteborg;1480;Kommunal;Göteborgs kommun;2120001355;562;46,1;10,5;85,4;70;45;41;50;49;56;75;76;100;
Nytorpsskolan 4-9;47120557;Göteborg;1480;Kommunal;Göteborgs kommun;2120001355;357;46,2;90,2;24,9;.;.;.;75;44;46;61;69;62;
Näsetskolan F-6;22344869;Göteborg;1480;Kommunal;Göteborgs kommun;2120001355;324;50,0;9,0;90,7;70;78;88;88;.;.;.;.;.;
Oscar Fredriksskolan F-6;30230888;Göteborg;1480;Kommunal;Göteborgs kommun;2120001355;402;44,0;14,2;83,6;62;73;61;73;63;70;.;.;.;
Parkskolan F-6;17065517;Göteborg;1480;Kommunal;Göteborgs kommun;2120001355;264;53,4;15,2;85,6;52;53;78;81;.;.;.;.;.;
Prolympia Göteborg;54367867;Göteborg;1480;Enskild;Gothenburg Association AB;5567295851;315;35,2;12,1;69,8;.;.;.;.;.;.;111;84;120;
Påvelundsskolan F-9;77556882;Göteborg;1480;Kommunal;Göteborgs kommun;2120001355;1 038;46,8;10,9;88,1;79;54;77;80;54;77;221;194;202;
Rambergsskolan F-6;28236918;Göteborg;1480;Kommunal;Göteborgs kommun;2120001355;404;54,5;44,1;61,4;89;76;65;72;49;53;.;.;.;
Ramsdalsskolan F-3;49507388;Göteborg;1480;Kommunal;Göteborgs kommun;2120001355;161;52,2;74,5;35,4;56;46;59;.;.;.;.;.;.;
Rannebergsskolan F-3;37630524;Göteborg;1480;Kommunal;Göteborgs kommun;2120001355;111;53,2;77,5;30,6;32;40;39;.;.;.;.;.;.;
Rosendalsskolan F-6;31966730;Göteborg;1480;Kommunal;Göteborgs kommun;2120001355;469;49,5;15,6;82,1;76;74;83;81;77;78;.;.;.;
Rudolf Steinerskolan Göteborg;42817980;Göteborg;1480;Enskild;Stiftelsen Rudolf Steinerskolan;8572019142;196;51,5;14,8;85,2;16;21;18;23;24;27;24;20;23;
Ryaskolan F-9;71424690;Göteborg;1480;Kommunal;Göteborgs kommun;2120001355;530;49,8;76,2;38,5;64;92;48;71;64;52;51;49;39;
Rävebergsskolan F-3;12868813;Göteborg;1480;Kommunal;Göteborgs kommun;2120001355;144;46,5;84,7;33,3;52;44;48;.;.;.;.;.;.;
Römosseskolan;72408586;Göteborg;1480;Enskild;Föreningen Framstegsskolan i Göteborg;8551021952;96;57,3;93,8;35,4;.;.;28;24;27;17;.;.;.;
Römosseskolan Agnesberg;44691359;Göteborg;1480;Enskild;Föreningen Framstegsskolan i Göteborg;8551021952;92;56,5;93,5;33,7;.;.;.;.;.;.;25;27;40;
Sandarnaskolan F-6;48773104;Göteborg;1480;Kommunal;Göteborgs kommun;2120001355;215;48,4;21,4;72,6;25;24;23;49;47;47;.;.;.;
Sandeklevsskolan F-9;91683255;Göteborg;1480;Kommunal;Göteborgs kommun;2120001355;302;51,0;88,1;26,2;46;35;25;20;22;23;48;39;44;
Sannaskolan 7-9;49474076;Göteborg;1480;Kommunal;Göteborgs kommun;2120001355;440;47,5;18,2;72,0;.;.;.;.;.;.;155;151;134;
Santosskolan 7-9;76261770;Göteborg;1480;Kommunal;Göteborgs kommun;2120001355;458;45,6;36,0;64,2;.;.;.;.;.;.;138;148;172;
Sisjöskolan F-3;25991607;Göteborg;1480;Kommunal;Göteborgs kommun;2120001355;133;39,8;17,3;88,0;46;40;47;.;.;.;.;.;.;
Sjumilaskolan F-9;39406080;Göteborg;1480;Kommunal;Göteborgs kommun;2120001355;465;53,3;93,1;21,3;58;64;54;72;49;39;50;42;37;
Skogomeskolan F-6;48883830;Göteborg;1480;Kommunal;Göteborgs kommun;2120001355;276;46,4;43,1;51,8;47;50;44;51;35;49;.;.;.;
Skutehagsskolan F-6;78863858;Göteborg;1480;Kommunal;Göteborgs kommun;2120001355;538;44,6;11,3;82,5;46;48;43;129;147;125;.;.;.;
Skytteskolan F-9;65688769;Göteborg;1480;Kommunal;Göteborgs kommun;2120001355;591;48,7;28,8;69,5;50;52;50;51;80;53;148;107;.;
Skårsskolan F-6;94336500;Göteborg;1480;Kommunal;Göteborgs kommun;2120001355;437;45,8;26,5;77,1;89;74;70;61;71;72;.;.;.;
Skälltorpsskolan 7-9;21231498;Göteborg;1480;Kommunal;Göteborgs kommun;2120001355;270;44,1;65,2;43,3;.;.;.;.;.;.;87;89;94;
Slottsbergsskolan F-6;64116429;Göteborg;1480;Kommunal;Göteborgs kommun;2120001355;85;49,4;70,6;45,9;37;48;.;.;.;.;.;.;.;
Snäckebergsskolan F-3;85514854;Göteborg;1480;Kommunal;Göteborgs kommun;2120001355;63;50,8;9,5;71,4;22;21;20;.;.;.;.;.;.;
Solbackeskolan F-6;28887899;Göteborg;1480;Kommunal;Göteborgs kommun;2120001355;158;55,1;86,7;26,6;24;25;28;25;28;28;.;.;.;
Stiftelsen Backatorpsskolan;64430977;Göteborg;1480;Enskild;Stiftelsen Backatorpsskolan;8024814397;282;50,4;39,4;68,8;50;52;46;49;41;44;.;.;.;
Stiftelsen The English School Gothenburg;66890810;Göteborg;1480;Enskild;Stiftelsen English School In Gothenburg;8551009148;405;55,3;49,4;91,1;44;48;44;45;42;48;48;42;44;
Styrsöskolan F-9;81179515;Göteborg;1480;Kommunal;Göteborgs kommun;2120001355;305;47,5;9,2;79,3;15;20;13;28;23;37;57;60;52;
Svartedalsskolan 4-9;10245367;Göteborg;1480;Kommunal;Göteborgs kommun;2120001355;495;49,7;77,2;30,3;.;.;.;82;87;81;82;73;90;
Svenska Balettskolan;24937512;Göteborg;1480;Kommunal;Göteborgs kommun;2120001355;122;85,2;30,3;82,0;.;.;.;37;19;28;19;12;7;
Talldungeskolan F-3;72450138;Göteborg;1480;Kommunal;Göteborgs kommun;2120001355;187;51,9;72,7;34,2;70;54;63;.;.;.;.;.;.;
Taubeskolan F-6;11099088;Göteborg;1480;Kommunal;Göteborgs kommun;2120001355;296;47,3;36,1;73,0;74;47;43;46;44;42;.;.;.;
Toleredsskolan F-9;43055932;Göteborg;1480;Kommunal;Göteborgs kommun;2120001355;649;48,2;43,8;56,1;48;48;47;49;48;59;129;121;100;
Torpaskolan F-9;11465652;Göteborg;1480;Kommunal;Göteborgs kommun;2120001355;438;50,5;31,7;66,2;49;41;49;52;43;52;48;54;50;
Torslandaskolan 7-9;89487045;Göteborg;1480;Kommunal;Göteborgs kommun;2120001355;527;50,1;7,2;73,8;.;.;.;.;.;.;172;178;177;
Torslandaskolan F-6;82589201;Göteborg;1480;Kommunal;Göteborgs kommun;2120001355;320;47,5;6,9;70,3;44;45;51;65;61;54;.;.;.;
Tretjärnsskolan F-3;72624322;Göteborg;1480;Kommunal;Göteborgs kommun;2120001355;155;49,7;82,6;33,5;62;47;46;.;.;.;.;.;.;
Trollängsskolan F-6;97724398;Göteborg;1480;Kommunal;Göteborgs kommun;2120001355;151;47,0;20,5;78,8;25;24;23;29;26;24;.;.;.;
Trulsegårdsskolan 7-9;22474777;Göteborg;1480;Kommunal;Göteborgs kommun;2120001355;524;48,5;10,9;74,4;.;.;.;.;.;.;191;133;200;
Tångenskolan F-6;24070185;Göteborg;1480;Kommunal;Göteborgs kommun;2120001355;285;48,1;49,1;55,1;48;49;52;43;48;45;.;.;.;
Utbynässkolan F-3;72572754;Göteborg;1480;Kommunal;Göteborgs kommun;2120001355;156;46,2;12,8;84,6;54;49;53;.;.;.;.;.;.;
Utmarksskolan 4-9;39000072;Göteborg;1480;Kommunal;Göteborgs kommun;2120001355;290;55,2;71,4;37,2;.;.;.;41;31;47;55;64;52;
Vasaskolan;56168083;Göteborg;1480;Enskild;Stiftelsen för Kristna Skolor;8572027434;283;49,8;20,5;85,9;20;20;21;20;20;46;47;44;45;
Victoriaskolan;80678068;Göteborg;1480;Enskild;Tyska Skolan Göteborg Ek. För.;7696043608;451;53,7;25,1;86,7;48;48;48;49;48;50;52;54;54;
Viljaskolan;57333669;Göteborg;1480;Enskild;Utbildia AB;5591893754;252;43,7;83,3;32,5;43;22;23;46;47;49;22;.;.;
Vittra Kronhusparken;67543412;Göteborg;1480;Enskild;Vittraskolorna AB;5564586716;387;48,3;75,5;35,4;18;14;17;22;45;50;75;75;71;
Västerhedsskolan F-3;54863812;Göteborg;1480;Kommunal;Göteborgs kommun;2120001355;167;49,1;32,9;71,3;76;48;43;.;.;.;.;.;.;
Vättleskolan 4-9;56818726;Göteborg;1480;Kommunal;Göteborgs kommun;2120001355;267;47,9;84,6;27,3;.;.;.;39;40;37;54;41;56;
Vättnedalsskolan F-6;64067087;Göteborg;1480;Kommunal;Göteborgs kommun;2120001355;232;49,1;83,2;33,2;45;33;40;35;33;46;.;.;.;
Åkeredsskolan F-6;45526612;Göteborg;1480;Kommunal;Göteborgs kommun;2120001355;217;51,6;7,8;84,3;30;.;.;.;96;91;.;.;.;
Ånässkolan F-6;84500401;Göteborg;1480;Kommunal;Göteborgs kommun;2120001355;431;48,3;31,8;61,7;76;75;72;74;67;67;.;.;.;
Älvegårdsskolan F-3;30072224;Göteborg;1480;Kommunal;Göteborgs kommun;2120001355;89;44,9;9,0;83,1;25;35;29;.;.;.;.;.;.;
Änglagårdskolan;87427999;Göteborg;1480;Enskild;Gothenburg Association AB;5567295851;323;32,8;22,6;64,7;.;1;.;.;24;24;115;85;74;
Ängåsskolan F-6;67435601;Göteborg;1480;Kommunal;Göteborgs kommun;2120001355;194;44,8;83,0;37,1;33;36;30;34;30;31;.;.;.;
Önneredsskolan F-9;91687391;Göteborg;1480;Kommunal;Göteborgs kommun;2120001355;862;49,7;16,5;77,5;50;50;51;82;79;85;153;150;162;
Hällekisskolan;62884539;Götene;1471;Kommunal;Götene kommun;2120001652;96;50,0;..;59,4;11;15;23;13;15;19;.;.;.;
Källby gård;77691159;Götene;1471;Kommunal;Götene kommun;2120001652;199;48,7;4,0;68,8;37;38;29;32;30;33;.;.;.;
Liljestensskolan 1;34900938;Götene;1471;Kommunal;Götene kommun;2120001652;213;49,3;14,1;46,9;.;.;.;.;.;.;141;72;.;
Liljestensskolan 2;16790280;Götene;1471;Kommunal;Götene kommun;2120001652;238;47,5;25,6;57,1;.;.;.;.;.;.;.;70;168;
Ljungsbackenskolan;59512837;Götene;1471;Kommunal;Götene kommun;2120001652;231;51,5;11,3;53,2;41;32;45;30;38;45;.;.;.;
Lundabyn;24771373;Götene;1471;Kommunal;Götene kommun;2120001652;136;41,9;6,6;52,9;14;23;33;22;17;27;.;.;.;
Lunden;38081093;Götene;1471;Kommunal;Götene kommun;2120001652;3;..;..;..;.;.;.;.;.;.;.;.;3;
Prästgårdsskolan;60697764;Götene;1471;Kommunal;Götene kommun;2120001652;264;48,5;34,1;40,5;37;50;36;48;50;43;.;.;.;
Alléskolan;20706826;Habo;0643;Kommunal;Habo kommun;2120001611;500;50,4;4,8;72,0;100;102;72;72;80;74;.;.;.;
Bränningeskolan;87453774;Habo;0643;Kommunal;Habo kommun;2120001611;246;49,6;10,2;76,0;35;28;60;39;38;46;.;.;.;
Fagerhults skola;42615925;Habo;0643;Kommunal;Habo kommun;2120001611;124;54,8;8,9;50,0;22;20;16;27;16;23;.;.;.;
Hagabodaskolan;38553494;Habo;0643;Kommunal;Habo kommun;2120001611;523;47,4;9,6;62,7;.;.;.;.;.;.;171;175;177;
Hagenskolan;89879483;Habo;0643;Kommunal;Habo kommun;2120001611;278;53,6;12,9;66,2;49;49;46;46;39;49;.;.;.;
Kråkerydskolan;79878458;Habo;0643;Kommunal;Habo kommun;2120001611;129;40,3;7,8;75,2;24;29;18;20;19;19;.;.;.;
Kyrkhedens skola 4-9;86113785;Hagfors;1783;Kommunal;Hagfors kommun;2120001884;235;46,4;26,8;37,4;.;.;.;45;37;43;33;35;42;
Kyrkhedens skola F-3;76332227;Hagfors;1783;Kommunal;Hagfors kommun;2120001884;66;48,5;16,7;39,4;16;17;33;.;.;.;.;.;.;
Råda skola;64392595;Hagfors;1783;Kommunal;Hagfors kommun;2120001884;40;42,5;25,0;25,0;9;7;14;10;.;.;.;.;.;
Sunnemo skola;32863672;Hagfors;1783;Kommunal;Hagfors kommun;2120001884;56;48,2;8,9;48,2;10;11;8;12;9;6;.;.;.;
Älvstranden bildn.centrum 4-6;93229087;Hagfors;1783;Kommunal;Hagfors kommun;2120001884;183;50,3;29,0;39,3;.;.;.;47;65;71;.;.;.;
Älvstranden bildn.centrum 7-9;18315553;Hagfors;1783;Kommunal;Hagfors kommun;2120001884;198;52,5;23,2;37,9;.;.;.;.;.;.;73;69;56;
Älvstranden bildn.centrum F-3;92934002;Hagfors;1783;Kommunal;Hagfors kommun;2120001884;99;50,5;31,3;35,4;60;39;.;.;.;.;.;.;.;
Folkasboskolan;99707554;Hallsberg;1861;Kommunal;Hallsbergs kommun;2120001926;311;48,2;24,8;40,8;33;25;26;34;27;42;38;43;43;
Fredriksbergskolan;66493604;Hallsberg;1861;Kommunal;Hallsbergs kommun;2120001926;136;58,8;18,4;30,9;21;27;26;25;15;22;.;.;.;
Långängskolan;17140131;Hallsberg;1861;Kommunal;Hallsbergs kommun;2120001926;362;46,1;18,8;54,7;49;76;59;46;64;68;.;.;.;
Sköllersta skola;61946431;Hallsberg;1861;Kommunal;Hallsbergs kommun;2120001926;112;48,2;8,9;67,0;19;20;13;18;28;14;.;.;.;
Stocksätterskolan;30150909;Hallsberg;1861;Kommunal;Hallsbergs kommun;2120001926;281;53,0;62,6;38,8;46;39;46;49;58;43;.;.;.;
Transtenskolan;63503591;Hallsberg;1861;Kommunal;Hallsbergs kommun;2120001926;398;48,5;37,4;41,5;.;.;.;.;.;.;141;128;129;
Östansjö skola;62839697;Hallsberg;1861;Kommunal;Hallsbergs kommun;2120001926;93;55,9;6,5;48,4;17;11;23;17;9;16;.;.;.;
Lindboskolan;88403889;Hallstahammar;1961;Kommunal;Hallstahammars kommun;2120002064;411;50,6;25,1;48,4;61;69;68;77;72;64;.;.;.;
Nibbleskolan;98570516;Hallstahammar;1961;Kommunal;Hallstahammars kommun;2120002064;402;49,8;45,3;31,8;61;68;74;69;60;70;.;.;.;
Näslundskolan;41183880;Hallstahammar;1961;Kommunal;Hallstahammars kommun;2120002064;147;54,4;11,6;63,9;24;15;28;24;20;36;.;.;.;
Parkskolan;91030682;Hallstahammar;1961;Kommunal;Hallstahammars kommun;2120002064;431;45,9;34,6;41,1;.;.;.;.;.;.;159;165;107;
Strömsholms skola;17031958;Hallstahammar;1961;Kommunal;Hallstahammars kommun;2120002064;95;61,1;5,3;62,1;15;18;17;17;16;12;.;.;.;
Tunboskolan;32758035;Hallstahammar;1961;Kommunal;Hallstahammars kommun;2120002064;207;45,9;5,3;58,9;.;.;.;29;21;33;46;37;41;
Vallbyskolan;63910317;Hallstahammar;1961;Kommunal;Hallstahammars kommun;2120002064;84;51,2;9,5;58,3;27;27;30;.;.;.;.;.;.;
Andersbergsskolan 4-5;42593551;Halmstad;1380;Kommunal;Halmstads kommun;2120001215;140;52,1;93,6;28,6;.;.;.;67;73;.;.;.;.;
Andersbergsskolan F-3;70167853;Halmstad;1380;Kommunal;Halmstads kommun;2120001215;198;42,4;90,4;35,4;59;78;61;.;.;.;.;.;.;
Brearedsskolan F-6;64647994;Halmstad;1380;Kommunal;Halmstads kommun;2120001215;137;49,6;7,3;49,6;25;27;25;23;13;24;.;.;.;
Brunnsåkersskolan 4;50016009;Halmstad;1380;Kommunal;Halmstads kommun;2120001215;84;45,2;34,5;69,0;.;.;.;84;.;.;.;.;.;
Brunnsåkersskolan 5;61539121;Halmstad;1380;Kommunal;Halmstads kommun;2120001215;81;55,6;33,3;64,2;.;.;.;.;81;.;.;.;.;
Brunnsåkersskolan 6;83550571;Halmstad;1380;Kommunal;Halmstads kommun;2120001215;92;46,7;33,7;62,0;.;.;.;.;.;92;.;.;.;
Brunnsåkersskolan 7;71629462;Halmstad;1380;Kommunal;Halmstads kommun;2120001215;84;40,5;34,5;63,1;.;.;.;.;.;.;84;.;.;
Brunnsåkersskolan 8;46997269;Halmstad;1380;Kommunal;Halmstads kommun;2120001215;75;57,3;26,7;64,0;.;.;.;.;.;.;.;75;.;
Brunnsåkersskolan 9;87737594;Halmstad;1380;Kommunal;Halmstads kommun;2120001215;104;46,2;24,0;65,4;.;.;.;.;.;.;.;.;104;
Bäckagårdsskolan F-5;50564422;Halmstad;1380;Kommunal;Halmstads kommun;2120001215;238;46,6;14,3;79,4;49;50;46;47;46;.;.;.;.;
Eketånga Montessoriskola;28459364;Halmstad;1380;Enskild;Ideella Föreningen Eketånga Montessoriskola;8492017143;212;42,9;6,1;89,6;25;23;24;22;25;24;24;22;23;
Eldsbergaskolan F-6;61728212;Halmstad;1380;Kommunal;Halmstads kommun;2120001215;150;56,7;10,7;58,0;27;21;34;21;21;26;.;.;.;
Esperedsskolan F-6;81285832;Halmstad;1380;Kommunal;Halmstads kommun;2120001215;172;51,2;14,0;54,1;32;29;27;28;22;34;.;.;.;
Frennarps byskola F-3;23491900;Halmstad;1380;Kommunal;Halmstads kommun;2120001215;63;57,1;19,0;76,2;22;20;21;.;.;.;.;.;.;
Frösakullsskolan F-4;51685096;Halmstad;1380;Kommunal;Halmstads kommun;2120001215;101;43,6;8,9;82,2;26;32;28;15;.;.;.;.;.;
Furulundsskolan 4-6;73234884;Halmstad;1380;Kommunal;Halmstads kommun;2120001215;210;47,1;42,4;59,0;.;.;.;66;74;70;.;.;.;
Furulundsskolan 7-9;84189577;Halmstad;1380;Kommunal;Halmstads kommun;2120001215;222;56,3;44,6;61,7;.;.;.;.;.;.;72;71;79;
Furulundsskolan F-3;44028674;Halmstad;1380;Kommunal;Halmstads kommun;2120001215;206;43,7;39,3;63,1;65;70;71;.;.;.;.;.;.;
Fyllingeskolan 4-9;50826766;Halmstad;1380;Kommunal;Halmstads kommun;2120001215;349;49,3;48,4;55,3;.;.;.;41;48;65;87;50;58;
Fyllingeskolan F-3;58934713;Halmstad;1380;Kommunal;Halmstads kommun;2120001215;156;46,2;34,6;62,8;41;58;57;.;.;.;.;.;.;
Fyllingeskolan med plac Klara;65313627;Halmstad;1380;Kommunal;Halmstads kommun;2120001215;20;40,0;~100;35,0;.;.;.;.;.;20;.;.;.;
Getingeskolan 4-6;28451136;Halmstad;1380;Kommunal;Halmstads kommun;2120001215;182;50,0;15,4;65,4;.;.;.;44;45;93;.;.;.;
Getingeskolan 7-9;91161376;Halmstad;1380;Kommunal;Halmstads kommun;2120001215;316;48,4;11,7;70,3;.;.;.;.;.;.;114;94;108;
Getingeskolan F-3;99829869;Halmstad;1380;Kommunal;Halmstads kommun;2120001215;130;55,4;20,8;62,3;49;40;41;.;.;.;.;.;.;
Gullbrandstorpsskolan 4-9;74772092;Halmstad;1380;Kommunal;Halmstads kommun;2120001215;339;48,4;5,9;79,6;.;.;.;31;66;76;61;53;52;
Gullbrandstorpsskolan F-3;62072720;Halmstad;1380;Kommunal;Halmstads kommun;2120001215;111;43,2;4,5;91,0;33;38;40;.;.;.;.;.;.;
Haverdals byskola F-5;25323576;Halmstad;1380;Kommunal;Halmstads kommun;2120001215;127;49,6;7,1;85,8;26;25;31;17;28;.;.;.;.;
Internationella Engelska Skolan Halmstad;78323330;Halmstad;1380;Enskild;Internationella Engelska Skolan i Sverige AB;5564624368;588;52,7;24,8;79,6;.;.;.;90;96;96;120;92;94;
Jutarumsskolan F-4;18685784;Halmstad;1380;Kommunal;Halmstads kommun;2120001215;178;50,0;7,9;79,8;44;47;41;46;.;.;.;.;.;
Klaraskolan 6-9;36130879;Halmstad;1380;Kommunal;Halmstads kommun;2120001215;381;45,1;60,6;44,6;.;.;.;.;.;108;68;101;104;
Kvibilleskolan F-6;21578641;Halmstad;1380;Kommunal;Halmstads kommun;2120001215;135;42,2;5,9;74,8;24;19;32;25;17;18;.;.;.;
Kärlekens skola 4-6;79579455;Halmstad;1380;Kommunal;Halmstads kommun;2120001215;270;52,2;11,5;76,7;.;.;.;90;85;95;.;.;.;
Kärlekens skola 7-9;52347444;Halmstad;1380;Kommunal;Halmstads kommun;2120001215;245;46,1;14,3;69,8;.;.;.;.;.;.;87;80;78;
Linehedsskolan F-3;54036921;Halmstad;1380;Kommunal;Halmstads kommun;2120001215;156;49,4;73,7;41,7;66;49;41;.;.;.;.;.;.;
Lyngåkraskolan F-5;35195991;Halmstad;1380;Kommunal;Halmstads kommun;2120001215;137;47,4;..;74,5;28;30;25;23;31;.;.;.;.;
Nyhemsskolan F-3;99784968;Halmstad;1380;Kommunal;Halmstads kommun;2120001215;161;46,0;65,8;41,0;55;57;49;.;.;.;.;.;.;
Slottsjordsskolan F-3 A;15130387;Halmstad;1380;Kommunal;Halmstads kommun;2120001215;138;47,8;27,5;64,5;40;54;44;.;.;.;.;.;.;
Slottsjordsskolan F-3 C;62917382;Halmstad;1380;Kommunal;Halmstads kommun;2120001215;138;59,4;26,1;69,6;44;46;48;.;.;.;.;.;.;
Snöstorpsskolan F-5;43539930;Halmstad;1380;Kommunal;Halmstads kommun;2120001215;296;48,0;19,9;71,3;65;64;75;37;55;.;.;.;.;
Sofiebergsskolan 1-3;42990016;Halmstad;1380;Kommunal;Halmstads kommun;2120001215;191;45,5;12,0;77,5;61;65;65;.;.;.;.;.;.;
Steningeskolan F-3;35619413;Halmstad;1380;Kommunal;Halmstads kommun;2120001215;32;43,8;..;84,4;10;11;11;.;.;.;.;.;.;
Söndrumsskolan 6-9;67995611;Halmstad;1380;Kommunal;Halmstads kommun;2120001215;572;49,8;12,9;75,7;.;.;.;.;.;158;141;140;133;
Söndrumsskolan F-5;74641631;Halmstad;1380;Kommunal;Halmstads kommun;2120001215;309;48,2;12,0;80,6;49;49;48;70;93;.;.;.;.;
Trönningeskolan 4-6;31467305;Halmstad;1380;Kommunal;Halmstads kommun;2120001215;145;49,7;15,2;61,4;.;.;.;43;46;56;.;.;.;
Trönningeskolan 7-9;86573921;Halmstad;1380;Kommunal;Halmstads kommun;2120001215;213;42,3;12,2;60,6;.;.;.;.;.;.;69;67;77;
Trönningeskolan F-3;83383844;Halmstad;1380;Kommunal;Halmstads kommun;2120001215;121;47,9;15,7;68,6;37;40;44;.;.;.;.;.;.;
Valhallaskolan F-6;16275809;Halmstad;1380;Kommunal;Halmstads kommun;2120001215;271;50,2;30,3;37,3;47;51;38;34;39;62;.;.;.;
Vallåsskolan 4-9 A;45539695;Halmstad;1380;Kommunal;Halmstads kommun;2120001215;214;50,5;46,7;45,8;.;.;.;23;44;20;46;28;53;
Vallåsskolan 4-9 B;31012040;Halmstad;1380;Kommunal;Halmstads kommun;2120001215;212;51,9;47,6;40,6;.;.;.;43;23;42;25;51;28;
Vallåsskolan F-3 A;19274764;Halmstad;1380;Kommunal;Halmstads kommun;2120001215;126;46,8;51,6;43,7;42;35;49;.;.;.;.;.;.;
Vallåsskolan F-3 B;53156614;Halmstad;1380;Kommunal;Halmstads kommun;2120001215;84;42,9;53,6;53,6;22;38;24;.;.;.;.;.;.;
Vittra Halmstad;61582926;Halmstad;1380;Enskild;Vittraskolorna AB;5564586716;260;50,4;31,2;68,5;30;27;36;27;35;27;26;26;26;
Wallbergsskolan;42422737;Halmstad;1380;Enskild;Wallbergsskolans Ideella Förening;8492023802;195;47,2;5,1;87,7;22;22;22;22;22;22;22;21;20;
Åledsskolan F-6;90287874;Halmstad;1380;Kommunal;Halmstads kommun;2120001215;215;47,4;5,6;65,1;42;34;32;35;36;36;.;.;.;
Östergårdsskolan 4-6 A;24668709;Halmstad;1380;Kommunal;Halmstads kommun;2120001215;159;49,1;63,5;43,4;.;.;.;52;43;64;.;.;.;
Östergårdsskolan 4-6 B;74243509;Halmstad;1380;Kommunal;Halmstads kommun;2120001215;164;47,6;73,2;43,3;.;.;.;63;60;41;.;.;.;
Östergårdsskolan 7-9 A;63902508;Halmstad;1380;Kommunal;Halmstads kommun;2120001215;108;46,3;77,8;24,1;.;.;.;.;.;.;39;23;46;
Östergårdsskolan 7-9 B;10483888;Halmstad;1380;Kommunal;Halmstads kommun;2120001215;131;54,2;67,2;38,2;.;.;.;.;.;.;40;48;43;
Österledskolan 7-9 A;92337813;Halmstad;1380;Kommunal;Halmstads kommun;2120001215;163;46,0;22,1;50,3;.;.;.;.;.;.;47;66;50;
Österledskolan 7-9 B;14732915;Halmstad;1380;Kommunal;Halmstads kommun;2120001215;138;51,4;23,9;50,0;.;.;.;.;.;.;40;52;46;
Bärstadsskolan;35034193;Hammarö;1761;Kommunal;Hammarö kommun;2120001793;460;48,5;4,8;85,2;66;75;79;78;82;80;.;.;.;
Götetorps skola F-6;13201443;Hammarö;1761;Kommunal;Hammarö kommun;2120001793;218;46,3;5,0;79,4;46;43;34;40;30;25;.;.;.;
Hammarlundens skola 7-9;95243847;Hammarö;1761;Kommunal;Hammarö kommun;2120001793;420;45,2;5,0;83,1;.;.;.;.;.;.;138;144;138;
Hammarlundens skola F-6 Väst;39073094;Hammarö;1761;Kommunal;Hammarö kommun;2120001793;265;47,9;4,5;88,7;37;53;54;44;77;.;.;.;.;
Hammarlundens skola F-6 Öst;37827108;Hammarö;1761;Kommunal;Hammarö kommun;2120001793;245;49,8;6,9;84,9;38;52;28;45;.;82;.;.;.;
Lillängens skola F-6;58895077;Hammarö;1761;Kommunal;Hammarö kommun;2120001793;118;43,2;15,3;60,2;13;24;21;14;23;23;.;.;.;
Mörmoskolan 7-9;47480841;Hammarö;1761;Kommunal;Hammarö kommun;2120001793;256;48,8;11,3;66,8;.;.;.;.;.;.;97;87;72;
Mörmoskolan F-6;97814555;Hammarö;1761;Kommunal;Hammarö kommun;2120001793;241;47,3;10,0;69,7;40;40;27;38;47;49;.;.;.;
Brandbergsskolan;73184968;Haninge;0136;Kommunal;Haninge kommun;2120000084;467;45,2;77,9;32,3;51;48;54;47;45;49;59;55;59;
Båtsmansskolan;45914893;Haninge;0136;Kommunal;Haninge kommun;2120000084;241;38,2;15,4;50,2;41;41;52;35;32;40;.;.;.;
Dalarö skola;47640376;Haninge;0136;Kommunal;Haninge kommun;2120000084;287;54,7;5,2;63,4;29;24;24;26;22;32;39;33;58;
Deltaskolan;73926940;Haninge;0136;Enskild;Deltaskolan AB;5568658545;169;40,2;30,8;47,9;.;.;.;.;.;.;59;65;45;
Eviaskolan;14845171;Haninge;0136;Enskild;Evia Utveckling AB;5567379093;14;..;..;42,9;.;.;.;.;.;2;2;4;6;
HagaLyckebyskolan;81680693;Haninge;0136;Kommunal;Haninge kommun;2120000084;748;46,9;19,9;57,9;76;71;106;65;69;65;91;114;91;
Haninge Montessoriskola;86440798;Haninge;0136;Enskild;Haninge Montessoriskola Aktiebolag;5565927026;26;50,0;30,8;42,3;10;5;2;2;7;.;.;.;.;
Höglundaskolan;44031601;Haninge;0136;Kommunal;Haninge kommun;2120000084;423;44,4;85,3;31,2;72;78;54;77;75;67;.;.;.;
I Ur och Skur Mullebo;23886554;Haninge;0136;Enskild;I Ur och Skur Mullebo, Ekonomisk förening;7696008585;53;43,4;..;71,7;19;19;15;.;.;.;.;.;.;
Innovitaskolan Rudan;17957898;Haninge;0136;Enskild;Pysslingen Förskolor och Skolor AB;5560354309;817;50,4;30,4;50,2;63;60;.;120;60;120;151;122;121;
Innovitaskolan Söderby;55233055;Haninge;0136;Enskild;Pysslingen Förskolor och Skolor AB;5560354309;159;51,6;47,8;48,4;53;54;52;.;.;.;.;.;.;
Innovitaskolan Vendelsö;65927702;Haninge;0136;Enskild;Pysslingen Förskolor och Skolor AB;5560354309;386;52,8;3,9;79,5;81;82;81;67;50;25;.;.;.;
JENSEN grundskola Tungelsta;30255409;Haninge;0136;Enskild;Jensen Education College AB;5566358759;259;55,6;11,6;56,4;53;28;27;60;32;59;.;.;.;
Kvarnbäcksskolan;76440567;Haninge;0136;Kommunal;Haninge kommun;2120000084;248;44,8;73,0;41,9;42;44;71;35;30;26;.;.;.;
Montessoriskolan Fredsduvan;19089469;Haninge;0136;Enskild;Montessoriskolan Fredsduvan Aktiebolag;5564625308;68;66,2;58,8;58,8;17;17;21;5;8;.;.;.;.;
Muskö skola;47034991;Haninge;0136;Kommunal;Haninge kommun;2120000084;34;52,9;..;44,1;5;4;7;5;8;5;.;.;.;
Måsöskolan;33624606;Haninge;0136;Kommunal;Haninge kommun;2120000084;503;46,1;18,1;69,6;76;81;91;82;72;101;.;.;.;
Nakterhusskolan;43140379;Haninge;0136;Kommunal;Haninge kommun;2120000084;230;49,6;35,7;70,9;81;79;28;21;21;.;.;.;.;
Ornö skola;47244612;Haninge;0136;Kommunal;Haninge kommun;2120000084;16;50,0;..;75,0;3;2;1;1;4;5;.;.;.;
Ribbybergsskolan;80746043;Haninge;0136;Kommunal;Haninge kommun;2120000084;439;48,1;21,2;52,2;83;68;77;57;74;80;.;.;.;
Ribbyskolan;59497255;Haninge;0136;Kommunal;Haninge kommun;2120000084;834;45,6;42,8;48,2;46;47;49;45;40;17;200;206;184;
Rodrets friskola;19983531;Haninge;0136;Enskild;Rodret Förskola & Skola Ekonomisk förening;7696014534;32;56,3;15,6;81,3;14;11;7;.;.;.;.;.;.;
Runstensskolan;76400478;Haninge;0136;Kommunal;Haninge kommun;2120000084;314;49,0;61,1;39,8;47;61;65;34;57;50;.;.;.;
Svartbäcksskolan;94791997;Haninge;0136;Kommunal;Haninge kommun;2120000084;321;43,3;24,3;55,8;53;53;54;52;59;50;.;.;.;
Söderbymalmsskolan;10035236;Haninge;0136;Kommunal;Haninge kommun;2120000084;510;47,6;58,0;38,2;.;.;.;.;.;.;176;162;172;
Tungelsta skola;38975788;Haninge;0136;Kommunal;Haninge kommun;2120000084;715;46,6;19,4;46,0;48;81;69;55;75;71;113;104;99;
Utö skola;47140640;Haninge;0136;Kommunal;Haninge kommun;2120000084;25;44,0;..;44,0;1;2;2;8;.;2;2;4;4;
Vendelsömalmsskolan;72266104;Haninge;0136;Kommunal;Haninge kommun;2120000084;596;44,8;29,0;50,7;50;55;44;57;56;46;79;91;118;
Vikingaskolan;90537318;Haninge;0136;Kommunal;Haninge kommun;2120000084;502;49,6;49,8;47,6;83;82;105;81;77;74;.;.;.;
Västerhaninge Montessoriskola;75527289;Haninge;0136;Enskild;Västerhaninge Montessoriskola Ekonomisk Förening;7696018816;122;46,7;23,0;72,1;23;23;18;16;22;20;.;.;.;
Västra Ekoskolan;54752734;Haninge;0136;Enskild;Föreningen Västra Ekoskolan;8124010839;60;46,7;..;55,0;14;12;17;11;4;2;.;.;.;
Åbyskolan;30270791;Haninge;0136;Kommunal;Haninge kommun;2120000084;407;50,4;46,7;38,1;75;73;66;67;68;58;.;.;.;
Aspstrandens skola;91185118;Haparanda;2583;Kommunal;Haparanda kommun;2120002775;219;51,1;33,8;50,7;43;36;29;30;45;36;.;.;.;
Gränsskolan;29991096;Haparanda;2583;Kommunal;Haparanda kommun;2120002775;348;48,0;41,7;39,7;.;.;.;.;.;.;124;117;107;
Karungi skola;26619765;Haparanda;2583;Kommunal;Haparanda kommun;2120002775;52;55,8;38,5;36,5;10;9;6;11;6;10;.;.;.;
Marielund- Språkskolan;74486554;Haparanda;2583;Kommunal;Haparanda kommun;2120002775;256;52,7;40,6;40,6;36;36;44;41;51;48;.;.;.;
Montessoriskolan Droppen;80142495;Haparanda;2583;Enskild;Haparanda Montessoriförening;8976004997;60;36,7;46,7;41,7;8;13;11;9;3;16;.;.;.;
Nikkala skola;31409065;Haparanda;2583;Kommunal;Haparanda kommun;2120002775;75;46,7;13,3;41,3;15;10;12;13;11;14;.;.;.;
Seskarö skola;68499692;Haparanda;2583;Kommunal;Haparanda kommun;2120002775;23;60,9;30,4;56,5;4;2;3;4;5;5;.;.;.;
Harbo skola F-6;40078624;Heby;0331;Kommunal;Heby kommun;2120002049;103;48,5;12,6;54,4;15;27;8;21;15;17;.;.;.;
Heby skola 7-9;36374693;Heby;0331;Kommunal;Heby kommun;2120002049;254;53,1;22,4;45,3;.;.;.;.;.;.;90;85;79;
Heby skola F-6;24983617;Heby;0331;Kommunal;Heby kommun;2120002049;304;47,0;21,4;49,0;53;55;51;50;49;46;.;.;.;
Huddunge Byskola;94843896;Heby;0331;Enskild;Huddunge Byskola ekonomisk förening;7696146880;39;43,6;..;56,4;5;7;7;8;8;4;.;.;.;
Morgongåva skola F-6;42595629;Heby;0331;Kommunal;Heby kommun;2120002049;181;49,7;18,8;56,4;24;28;29;32;31;37;.;.;.;
Tärnsjö skola F-6;98963693;Heby;0331;Kommunal;Heby kommun;2120002049;119;52,9;12,6;23,5;18;20;18;16;25;22;.;.;.;
Vittinge skola F-3;55174683;Heby;0331;Kommunal;Heby kommun;2120002049;29;65,5;..;62,1;8;11;10;.;.;.;.;.;.;
Östervåla skola 7-9;88091927;Heby;0331;Kommunal;Heby kommun;2120002049;236;50,8;11,0;41,5;.;.;.;.;.;.;79;69;88;
Östervåla skola F-6;25110768;Heby;0331;Kommunal;Heby kommun;2120002049;214;49,1;12,1;42,1;39;27;39;40;33;36;.;.;.;
Annaskolan;95227669;Hedemora;2083;Enskild;Stiftelsen Annaskolan;8820007485;76;47,4;23,7;64,5;9;13;4;6;6;7;10;9;12;
Dormsjöskolan/grundskola;36022766;Hedemora;2083;Enskild;AB Dormsjöskolan;5567692081;13;.;..;..;.;1;1;1;2;1;.;6;1;
Fyrklöverskolan;59456453;Hedemora;2083;Kommunal;Hedemora kommun;2120002254;125;48,8;11,2;50,4;22;23;18;22;21;19;.;.;.;
Garpenbergs skola;41896574;Hedemora;2083;Kommunal;Hedemora kommun;2120002254;40;40,0;20,0;27,5;4;8;5;5;4;14;.;.;.;
Jonsboskolan F-6;88099326;Hedemora;2083;Kommunal;Hedemora kommun;2120002254;87;46,0;25,3;28,7;19;9;17;17;8;17;.;.;.;
Olympica;87686617;Hedemora;2083;Enskild;Olympica AB;5565938700;282;51,4;11,3;52,8;36;27;31;28;25;33;25;40;37;
Smedby skola F-6;48205003;Hedemora;2083;Kommunal;Hedemora kommun;2120002254;96;56,3;7,3;60,4;21;13;13;15;15;19;.;.;.;
Stureskolan;35613813;Hedemora;2083;Kommunal;Hedemora kommun;2120002254;253;42,3;44,3;37,5;55;32;34;44;44;44;.;.;.;
Vasaskolan 7-9;35494110;Hedemora;2083;Kommunal;Hedemora kommun;2120002254;434;52,5;23,0;38,5;.;.;.;.;.;.;152;143;139;
Vikmanshyttans skola;83512536;Hedemora;2083;Kommunal;Hedemora kommun;2120002254;76;44,7;11,8;36,8;11;11;12;15;15;12;.;.;.;
Västerby skola;40506262;Hedemora;2083;Kommunal;Hedemora kommun;2120002254;103;45,6;..;55,3;17;15;17;22;10;22;.;.;.;
Allerums skola;88007898;Helsingborg;1283;Kommunal;Helsingborgs kommun;2120001157;143;49,0;7,0;67,8;32;23;22;23;18;25;.;.;.;
Anneroskolan;86764194;Helsingborg;1283;Kommunal;Helsingborgs kommun;2120001157;304;52,3;80,6;32,6;33;34;34;30;35;17;40;35;46;
Brunnsparksskolan;27323226;Helsingborg;1283;Kommunal;Helsingborgs kommun;2120001157;202;44,1;26,2;66,8;45;48;34;41;34;.;.;.;.;
Bårslövs skola;69469866;Helsingborg;1283;Kommunal;Helsingborgs kommun;2120001157;205;43,9;41,0;55,6;46;36;33;31;34;25;.;.;.;
Centrumskolan i Hbg;10982752;Helsingborg;1283;Enskild;Centrumskolan i Helsingborg Aktiebolag;5564575628;65;50,8;..;84,6;12;12;12;12;11;6;.;.;.;
Corpore Byskola;19676761;Helsingborg;1283;Enskild;Impius Utvecklings AB;5565523858;20;..;.;60,0;.;.;.;.;2;4;5;3;6;
Dibber International School Helsingborg;19593407;Helsingborg;1283;Enskild;Dibber Rydebäck AB;5565843132;124;40,3;16,9;81,5;24;24;18;19;24;9;6;.;.;
Drottninghögsskolan;80083873;Helsingborg;1283;Kommunal;Helsingborgs kommun;2120001157;224;45,5;87,1;25,9;44;34;42;50;20;34;.;.;.;
Elinebergsskolan;41811292;Helsingborg;1283;Kommunal;Helsingborgs kommun;2120001157;837;48,3;43,7;57,6;31;42;39;43;45;93;181;187;176;
Fridaskolan Helsingborg;24352906;Helsingborg;1283;Enskild;Fridaskolorna AB;5564515988;300;48,0;35,0;50,3;29;17;22;16;32;67;66;27;24;
Fyrklövern Dibber;61558490;Helsingborg;1283;Enskild;Dibber Fyrklövern AB;5566206180;54;61,1;33,3;64,8;16;9;18;11;.;.;.;.;.;
Gantofta skola;28424574;Helsingborg;1283;Kommunal;Helsingborgs kommun;2120001157;313;46,6;8,3;70,9;39;30;38;35;31;35;34;41;30;
Gläntanskolan;67721487;Helsingborg;1283;Kommunal;Helsingborgs kommun;2120001157;410;50,7;66,3;51,7;42;46;51;51;56;44;40;42;38;
Gustavslundsskolan;30731471;Helsingborg;1283;Kommunal;Helsingborgs kommun;2120001157;455;51,0;42,2;69,7;49;51;50;51;50;51;51;51;51;
Holstagårdsskolan;28754789;Helsingborg;1283;Kommunal;Helsingborgs kommun;2120001157;351;53,6;10,5;73,8;33;30;44;36;44;45;42;42;35;
Husensjö skola;59129239;Helsingborg;1283;Kommunal;Helsingborgs kommun;2120001157;388;52,3;27,1;71,1;60;67;79;65;69;48;.;.;.;
Högastensskolan;13175575;Helsingborg;1283;Kommunal;Helsingborgs kommun;2120001157;551;49,9;47,9;53,2;20;28;36;35;27;52;116;129;108;
Innovitaskolan Helsingborg;16688128;Helsingborg;1283;Enskild;Pysslingen Förskolor och Skolor AB;5560354309;230;53,9;32,2;55,2;.;.;.;.;.;25;52;77;76;
Innovitaskolan Momentum;49050798;Helsingborg;1283;Enskild;Pysslingen Förskolor och Skolor AB;5560354309;210;49,0;21,0;55,2;.;.;.;.;.;43;58;47;62;
International school of Hbg/Gr;47717980;Helsingborg;1283;Kommunal;Helsingborgs kommun;2120001157;553;47,4;86,3;84,4;67;65;66;66;71;62;65;45;46;
Internationella Engelska Skolan Helsingborg;82402144;Helsingborg;1283;Enskild;Internationella Engelska Skolan i Sverige AB;5564624368;482;54,1;72,0;72,6;.;.;.;77;70;89;88;82;76;
Kattarps skola;48316366;Helsingborg;1283;Kommunal;Helsingborgs kommun;2120001157;105;48,6;26,7;48,6;18;23;14;11;26;13;.;.;.;
Kingelstad Byskola;81418958;Helsingborg;1283;Enskild;Kingelstad Byskola Handelsbolag;9697616556;29;41,4;..;31,0;6;11;2;5;5;.;.;.;.;
Kubikskolan Dibber;82943624;Helsingborg;1283;Enskild;Dibber Kubikskolan AB;5565858619;417;51,8;86,8;35,0;41;47;43;24;25;39;68;64;66;
Kunskapsskolan Helsingborg;48798589;Helsingborg;1283;Enskild;Kunskapsskolan i Sverige Aktiebolag;5565661815;481;52,2;20,6;79,6;.;.;.;.;.;116;123;120;122;
Kärnhuset Dibber;36850222;Helsingborg;1283;Enskild;Dibber Helsingborg AB;5562009083;59;44,1;8,5;78,0;12;12;11;12;9;3;.;.;.;
Laröds skola;87251726;Helsingborg;1283;Kommunal;Helsingborgs kommun;2120001157;410;48,0;16,3;80,0;47;51;34;39;44;41;50;54;50;
Långvinkeln Dibber;85368005;Helsingborg;1283;Enskild;Dibber Olymp AB;5568279235;44;38,6;38,6;72,7;13;11;9;9;2;.;.;.;.;
Magelungens grundskola Helsingborg;90553565;Helsingborg;1283;Enskild;Magelungen Utveckling AB;5564891447;15;..;..;46,7;.;.;.;.;.;.;5;1;9;
Maria Parkskolan;42164778;Helsingborg;1283;Kommunal;Helsingborgs kommun;2120001157;970;45,9;30,0;68,1;95;80;98;84;85;107;155;132;134;
Montemini Hbg, Montessoriskola;91004081;Helsingborg;1283;Enskild;Montemini Hbg's Montessoriskola AB;5565502415;45;37,8;51,1;48,9;5;15;6;7;9;3;.;.;.;
Musikgrundskolan Synkopen;55200547;Helsingborg;1283;Kommunal;Helsingborgs kommun;2120001157;219;56,2;42,0;63,0;26;26;22;19;27;21;25;29;24;
Mörarps skola;48337100;Helsingborg;1283;Kommunal;Helsingborgs kommun;2120001157;234;51,3;14,1;59,8;32;39;35;51;38;39;.;.;.;
Nanny Palmkvistskolan;48089316;Helsingborg;1283;Kommunal;Helsingborgs kommun;2120001157;401;46,6;65,3;42,4;49;74;74;67;79;58;.;.;.;
Noblaskolan Mariastaden;57590681;Helsingborg;1283;Enskild;Pysslingen Förskolor och Skolor AB;5560354309;307;46,3;16,3;69,7;24;25;24;25;26;48;48;48;39;
Pauliskolan;50194424;Helsingborg;1283;Enskild;Stiftelsen Pauliskolan;8430021918;91;47,3;49,5;57,1;10;13;11;8;10;9;12;8;10;
Påarps skola;66351593;Helsingborg;1283;Kommunal;Helsingborgs kommun;2120001157;384;47,7;19,5;61,5;46;49;41;46;45;41;43;42;31;
Ramlösa friskola;41675828;Helsingborg;1283;Enskild;Ramlösa Friskola AB;5564629722;135;43,7;11,9;85,2;24;25;24;20;23;19;.;.;.;
Raus Planterings skola;44040804;Helsingborg;1283;Kommunal;Helsingborgs kommun;2120001157;160;46,9;90,0;34,4;30;23;24;35;25;23;.;.;.;
Ringstorpsskolan;15455892;Helsingborg;1283;Kommunal;Helsingborgs kommun;2120001157;298;52,0;27,9;66,8;52;54;53;51;49;39;.;.;.;
Rydebäckskolan;40385157;Helsingborg;1283;Kommunal;Helsingborgs kommun;2120001157;865;48,2;6,0;80,5;74;90;81;100;109;103;105;103;100;
Råå Södra skola;84590558;Helsingborg;1283;Kommunal;Helsingborgs kommun;2120001157;137;52,6;10,2;86,9;27;28;26;32;24;.;.;.;.;
Sally Bauer skolan F-6;31106340;Helsingborg;1283;Enskild;Sally Bauer Förskola/Skola;8024420393;120;47,5;21,7;67,5;20;20;20;20;20;20;.;.;.;
Sally Bauerskolans Högstadium;53515359;Helsingborg;1283;Enskild;Sally Bauer Skolans Högstadium;8430033152;144;51,4;12,5;74,3;.;.;.;.;.;.;47;49;48;
Slottshöjdens Skola;85966004;Helsingborg;1283;Enskild;Aktiebolaget Slottshöjdens Förskolor;5564498268;97;43,3;34,0;76,3;21;20;20;20;16;.;.;.;.;
Slottsvångsskolan;63957271;Helsingborg;1283;Kommunal;Helsingborgs kommun;2120001157;233;46,4;80,3;25,3;21;21;25;30;23;22;30;29;32;
S:t Jörgens skola;55527569;Helsingborg;1283;Kommunal;Helsingborgs kommun;2120001157;266;45,9;21,8;79,3;47;47;50;48;46;28;.;.;.;
Svensgårdsskolan;89693828;Helsingborg;1283;Kommunal;Helsingborgs kommun;2120001157;377;49,9;23,3;63,7;32;51;40;40;47;33;47;48;39;
Söderskolan;23353946;Helsingborg;1283;Kommunal;Helsingborgs kommun;2120001157;122;54,1;92,6;34,4;42;40;40;.;.;.;.;.;.;
Tågaborgsskolan;87948789;Helsingborg;1283;Kommunal;Helsingborgs kommun;2120001157;536;46,1;52,2;53,4;35;35;41;48;41;38;99;94;105;
Vasalundsskolan;98442801;Helsingborg;1283;Enskild;Vasalunds Kunskapsförening;8460063319;255;48,6;91,8;47,1;49;46;44;42;41;33;.;.;.;
Vittra Adolfsberg;71069736;Helsingborg;1283;Enskild;Vittraskolorna AB;5564586716;202;47,5;82,2;30,7;20;26;22;24;23;20;20;23;24;
Vittra Landborgen;90080902;Helsingborg;1283;Enskild;Vittraskolorna AB;5564586716;231;53,2;54,1;48,5;24;23;22;33;22;37;22;25;23;
Västra Berga skola;28060171;Helsingborg;1283;Kommunal;Helsingborgs kommun;2120001157;260;47,7;68,8;50,0;30;25;28;26;25;29;38;29;30;
Västra Ramlösa skola;49010566;Helsingborg;1283;Kommunal;Helsingborgs kommun;2120001157;520;43,8;24,8;72,9;96;95;95;95;87;52;.;.;.;
Wallåkrabygdens skola;37992567;Helsingborg;1283;Enskild;Vallåkrabygdens Barnservice Aktiebolag;5560335837;70;35,7;8,6;58,6;17;9;10;12;16;6;.;.;.;
Wieselgrensskolan;51014228;Helsingborg;1283;Kommunal;Helsingborgs kommun;2120001157;523;48,2;82,4;31,0;30;46;49;53;50;63;72;78;82;
Ättekullaskolan;64728140;Helsingborg;1283;Kommunal;Helsingborgs kommun;2120001157;280;51,1;40,0;56,1;34;30;32;32;27;30;33;37;25;
Altorpskolan A C;84724191;Herrljunga;1466;Kommunal;Herrljunga kommun;2120001520;144;52,1;13,2;59,0;.;.;.;.;.;1;51;41;51;
Altorpskolan B D;38295531;Herrljunga;1466;Kommunal;Herrljunga kommun;2120001520;175;58,3;14,9;53,7;.;.;.;.;.;.;53;43;79;
Eggvena skola;55603851;Herrljunga;1466;Kommunal;Herrljunga kommun;2120001520;57;47,4;..;59,6;13;5;13;12;8;6;.;.;.;
Eriksbergs skola;44710845;Herrljunga;1466;Kommunal;Herrljunga kommun;2120001520;53;37,7;13,2;35,8;8;11;6;12;8;8;.;.;.;
Horsbyskolan 4-6;50352031;Herrljunga;1466;Kommunal;Herrljunga kommun;2120001520;153;57,5;22,2;52,9;.;.;.;49;50;54;.;.;.;
Horsbyskolan F-3;48603324;Herrljunga;1466;Kommunal;Herrljunga kommun;2120001520;144;59,0;27,8;51,4;42;55;47;.;.;.;.;.;.;
Hudene skola;14576123;Herrljunga;1466;Kommunal;Herrljunga kommun;2120001520;78;42,3;7,7;47,4;14;17;10;12;16;9;.;.;.;
Molla skola;38841825;Herrljunga;1466;Kommunal;Herrljunga kommun;2120001520;33;45,5;..;54,5;6;5;7;4;5;6;.;.;.;
Mörlandaskolan;78630966;Herrljunga;1466;Kommunal;Herrljunga kommun;2120001520;109;54,1;13,8;41,3;16;13;21;21;18;20;.;.;.;
Ods skola;31126240;Herrljunga;1466;Kommunal;Herrljunga kommun;2120001520;48;45,8;10,4;39,6;5;5;16;4;14;4;.;.;.;
Estrid Ericsonskolan;16996664;Hjo;1497;Kommunal;Hjo kommun;2120001728;133;39,8;9,8;60,9;21;22;22;21;21;26;.;.;.;
Fågelås skola;53080108;Hjo;1497;Kommunal;Hjo kommun;2120001728;55;54,5;..;52,7;10;12;10;8;12;3;.;.;.;
Guldkroksskolan 7-9;81342093;Hjo;1497;Kommunal;Hjo kommun;2120001728;297;47,1;12,8;60,3;.;.;.;.;.;.;104;101;92;
Guldkroksskolan F-6;44468615;Hjo;1497;Kommunal;Hjo kommun;2120001728;264;54,5;10,6;64,8;46;45;38;44;44;47;.;.;.;
Hammarnskolan;85504910;Hjo;1497;Kommunal;Hjo kommun;2120001728;124;41,1;16,1;53,2;15;19;23;23;22;22;.;.;.;
Korsberga skola;55078375;Hjo;1497;Kommunal;Hjo kommun;2120001728;63;49,2;..;69,8;15;11;12;6;13;6;.;.;.;
Lillåskolan;80238090;Hofors;2104;Kommunal;Hofors kommun;2120002296;199;44,7;14,6;36,7;44;33;38;34;24;26;.;.;.;
Petreskolan;17291574;Hofors;2104;Kommunal;Hofors kommun;2120002296;422;48,3;25,6;39,1;.;.;.;33;43;62;95;100;89;
Solbergaskolan;74986765;Hofors;2104;Kommunal;Hofors kommun;2120002296;138;50,0;..;44,9;31;16;20;22;23;26;.;.;.;
Värnaskolan;67071053;Hofors;2104;Kommunal;Hofors kommun;2120002296;129;51,9;35,7;36,4;45;49;35;.;.;.;.;.;.;
Annerstaskolan;79012683;Huddinge;0126;Kommunal;Huddinge kommun;2120000068;351;46,2;90,9;31,9;30;42;43;29;25;29;46;52;55;
Balingsnässkolan;13654969;Huddinge;0126;Kommunal;Huddinge kommun;2120000068;536;43,7;14,7;70,7;58;59;60;59;61;57;60;60;62;
Edboskolan;98477278;Huddinge;0126;Kommunal;Huddinge kommun;2120000068;690;45,4;42,3;62,0;131;159;122;99;97;82;.;.;.;
Glömstaskolan;15218794;Huddinge;0126;Kommunal;Huddinge kommun;2120000068;746;43,2;37,9;62,9;76;84;81;78;88;80;88;88;83;
Grindstuskolan;81611939;Huddinge;0126;Kommunal;Huddinge kommun;2120000068;97;55,7;80,4;34,0;39;32;26;.;.;.;.;.;.;
Hörningsnässkolan;82962565;Huddinge;0126;Kommunal;Huddinge kommun;2120000068;264;53,4;19,3;75,4;89;88;87;.;.;.;.;.;.;
Innovitaskolan Myrängen;94301041;Huddinge;0126;Enskild;Pysslingen Förskolor och Skolor AB;5560354309;127;45,7;10,2;76,4;44;42;41;.;.;.;.;.;.;
Innovitaskolan Segeltorp;58994357;Huddinge;0126;Enskild;Pysslingen Förskolor och Skolor AB;5560354309;149;47,0;41,6;63,8;23;39;37;29;21;.;.;.;.;
Internationella Engelska Skolan Huddinge;97942210;Huddinge;0126;Enskild;Internationella Engelska Skolan i Sverige AB;5564624368;597;52,6;62,8;68,0;.;.;.;.;.;138;148;154;157;
Internationella Engelska Skolan Länna;22127801;Huddinge;0126;Enskild;Internationella Engelska Skolan i Sverige AB;5564624368;624;46,8;18,3;71,2;.;.;60;93;95;95;95;92;94;
Kräpplaskolan;96689751;Huddinge;0126;Kommunal;Huddinge kommun;2120000068;82;34,1;8,5;95,1;27;27;28;.;.;.;.;.;.;
Kungsklippeskolan;89510449;Huddinge;0126;Kommunal;Huddinge kommun;2120000068;420;48,8;13,1;85,0;28;29;29;52;56;55;56;58;57;
Kvarnbergsskolan;54516737;Huddinge;0126;Kommunal;Huddinge kommun;2120000068;697;51,6;24,1;67,7;.;.;.;.;.;.;225;241;231;
Källbrinksskolan;41213404;Huddinge;0126;Kommunal;Huddinge kommun;2120000068;467;48,2;14,6;72,4;.;.;.;.;.;.;155;166;146;
Kästaskolan;89701816;Huddinge;0126;Kommunal;Huddinge kommun;2120000068;248;41,9;81,5;52,4;47;48;49;35;43;26;.;.;.;
Långsjöskolan;81903519;Huddinge;0126;Kommunal;Huddinge kommun;2120000068;253;51,0;19,0;79,1;85;86;82;.;.;.;.;.;.;
Lärande Grundskola Skapa;10063280;Huddinge;0126;Enskild;The Learning Lab i Stockholm AB;5568097405;415;49,2;29,2;66,7;37;32;52;53;48;50;53;42;48;
Myrstugubergets Friskola;75565366;Huddinge;0126;Enskild;Mybe AB;5562177500;100;38,0;73,0;54,0;20;24;24;18;14;.;.;.;.;
Mörtviksskolan;32886383;Huddinge;0126;Kommunal;Huddinge kommun;2120000068;303;48,5;30,7;61,1;53;58;55;51;44;42;.;.;.;
Segeltorpsskolan;15483394;Huddinge;0126;Kommunal;Huddinge kommun;2120000068;690;44,6;25,9;67,5;.;.;.;105;116;114;123;118;114;
Sjötorpsskolan;66383692;Huddinge;0126;Kommunal;Huddinge kommun;2120000068;209;50,2;52,6;53,6;53;55;27;19;31;24;.;.;.;
Skansbergsskolan;89847413;Huddinge;0126;Kommunal;Huddinge kommun;2120000068;73;46,6;34,2;60,3;26;24;23;.;.;.;.;.;.;
Skogskällan;36689149;Huddinge;0126;Kommunal;Huddinge kommun;2120000068;316;47,2;10,4;78,2;22;27;27;81;82;77;.;.;.;
Snättringeskolan;64081877;Huddinge;0126;Kommunal;Huddinge kommun;2120000068;491;47,0;11,0;85,3;82;91;89;79;86;64;.;.;.;
Solfagraskolan;10225038;Huddinge;0126;Kommunal;Huddinge kommun;2120000068;423;48,7;8,3;79,9;58;57;59;86;87;76;.;.;.;
Stenmoskolan;37472911;Huddinge;0126;Kommunal;Huddinge kommun;2120000068;163;50,9;9,2;88,3;53;54;56;.;.;.;.;.;.;
Stensängsskolan;62004466;Huddinge;0126;Kommunal;Huddinge kommun;2120000068;161;46,0;8,7;83,9;27;27;30;27;28;22;.;.;.;
Södertörns friskola;22019000;Huddinge;0126;Enskild;Södertörns Friskola Ekonomisk Förening;7696004238;471;49,0;11,9;89,6;.;.;.;.;.;96;130;137;108;
Tomtbergaskolan;28313791;Huddinge;0126;Kommunal;Huddinge kommun;2120000068;326;50,6;42,3;57,7;43;29;84;55;53;62;.;.;.;
Trångsundsskolan;42601396;Huddinge;0126;Kommunal;Huddinge kommun;2120000068;640;49,4;28,1;62,8;59;75;80;64;64;70;80;86;62;
Utsäljeskolan;90886859;Huddinge;0126;Kommunal;Huddinge kommun;2120000068;434;46,5;18,2;77,4;53;73;84;74;84;66;.;.;.;
Vistaskolan;50783450;Huddinge;0126;Kommunal;Huddinge kommun;2120000068;735;48,0;24,4;83,9;83;86;81;77;81;80;77;85;85;
Visättraskolan;14440920;Huddinge;0126;Kommunal;Huddinge kommun;2120000068;344;46,2;78,2;56,7;62;64;63;58;55;42;.;.;.;
Vårbackaskolan;75387026;Huddinge;0126;Kommunal;Huddinge kommun;2120000068;105;53,3;92,4;30,5;24;44;37;.;.;.;.;.;.;
Vårbyskolan;64949601;Huddinge;0126;Kommunal;Huddinge kommun;2120000068;313;47,3;87,9;30,7;5;2;3;45;51;48;53;54;52;
Ängsnässkolan;72392930;Huddinge;0126;Kommunal;Huddinge kommun;2120000068;235;49,4;14,0;78,7;.;.;.;84;88;63;.;.;.;
Östra grundskolan;39229061;Huddinge;0126;Kommunal;Huddinge kommun;2120000068;401;47,1;49,4;46,6;.;.;.;.;.;.;123;134;144;
Björkbergs skola;60496759;Hudiksvall;2184;Kommunal;Hudiksvalls kommun;2120002379;193;49,2;29,5;62,7;38;28;32;26;37;32;.;.;.;
Bobygda skola;45889125;Hudiksvall;2184;Enskild;Bobygdens Framtid Ekonomisk Förening;7164586617;56;53,6;..;55,4;8;7;8;12;9;12;.;.;.;
Delsbo waldorfskola;22518275;Hudiksvall;2184;Enskild;Skolföreningen Delsbo Waldorfskola;8875007158;42;47,6;28,6;54,8;3;6;8;4;5;4;5;.;7;
Ede skola;83627088;Hudiksvall;2184;Kommunal;Hudiksvalls kommun;2120002379;423;46,6;11,3;48,9;44;36;34;37;28;45;69;67;63;
Edsta skola;95282218;Hudiksvall;2184;Kommunal;Hudiksvalls kommun;2120002379;74;43,2;..;64,9;8;11;14;17;18;6;.;.;.;
Enångers skola;69614208;Hudiksvall;2184;Kommunal;Hudiksvalls kommun;2120002379;84;50,0;..;61,9;9;15;12;15;16;17;.;.;.;
Friggesundsskolan;47215049;Hudiksvall;2184;Kommunal;Hudiksvalls kommun;2120002379;68;55,9;14,7;38,2;12;6;16;11;11;12;.;.;.;
Hudikskolan 7-9;77537602;Hudiksvall;2184;Enskild;Hudikskolan AB;5592976954;204;49,5;9,8;55,9;.;.;.;.;.;.;68;70;66;
Hudikskolan F-6;77894796;Hudiksvall;2184;Enskild;Hudikskolan AB;5592976954;145;53,8;4,8;61,4;16;20;18;24;20;47;.;.;.;
Håsta skola;43313472;Hudiksvall;2184;Kommunal;Hudiksvalls kommun;2120002379;185;55,1;29,2;62,7;31;38;28;27;30;31;.;.;.;
Idenors skola;73349792;Hudiksvall;2184;Kommunal;Hudiksvalls kommun;2120002379;172;40,7;..;68,0;26;21;29;24;26;46;.;.;.;
Iggesunds skola;80631297;Hudiksvall;2184;Kommunal;Hudiksvalls kommun;2120002379;340;43,8;18,8;47,6;27;35;30;32;34;27;58;49;48;
Lunds skola;13941593;Hudiksvall;2184;Kommunal;Hudiksvalls kommun;2120002379;172;50,6;4,1;57,6;25;30;29;30;28;30;.;.;.;
Läroverket;23786565;Hudiksvall;2184;Kommunal;Hudiksvalls kommun;2120002379;469;49,7;20,5;61,6;.;.;.;.;.;.;153;149;167;
Malsta skola;88802212;Hudiksvall;2184;Kommunal;Hudiksvalls kommun;2120002379;54;35,2;.;61,1;6;7;11;7;9;14;.;.;.;
Njutångers skola;80775683;Hudiksvall;2184;Kommunal;Hudiksvalls kommun;2120002379;82;46,3;..;54,9;15;14;14;22;17;.;.;.;.;
Näsvikens skola;31635779;Hudiksvall;2184;Kommunal;Hudiksvalls kommun;2120002379;132;48,5;..;52,3;26;18;22;19;19;28;.;.;.;
Sandvalla skola;64709527;Hudiksvall;2184;Kommunal;Hudiksvalls kommun;2120002379;244;47,5;10,2;61,5;36;39;40;51;32;46;.;.;.;
Skolbyn;77138988;Hudiksvall;2184;Kommunal;Hudiksvalls kommun;2120002379;189;49,2;4,2;75,1;27;35;29;29;37;32;.;.;.;
Svågadalens skola;28743952;Hudiksvall;2184;Kommunal;Hudiksvalls kommun;2120002379;16;50,0;..;37,5;3;.;4;5;1;3;.;.;.;
Västra skolan;67629427;Hudiksvall;2184;Kommunal;Hudiksvalls kommun;2120002379;209;48,8;42,6;60,3;34;39;33;40;30;33;.;.;.;
Östra skolan;50190330;Hudiksvall;2184;Kommunal;Hudiksvalls kommun;2120002379;382;53,7;14,1;69,4;.;.;.;.;.;.;137;106;139;
Albäcksskolan 1;55252119;Hultsfred;0860;Kommunal;Hultsfreds kommun;2120000712;186;52,2;45,7;42,5;.;.;.;.;.;.;64;62;60;
Albäcksskolan 2;84230115;Hultsfred;0860;Kommunal;Hultsfreds kommun;2120000712;172;43,0;40,1;48,8;.;.;.;.;.;.;38;63;71;
Emådalskolan;74166555;Hultsfred;0860;Kommunal;Hultsfreds kommun;2120000712;104;43,3;27,9;49,0;20;13;11;22;16;22;.;.;.;
Järnforsens skola;81121604;Hultsfred;0860;Kommunal;Hultsfreds kommun;2120000712;18;33,3;44,4;..;1;3;4;2;3;5;.;.;.;
Lindblomskolan 1;31596589;Hultsfred;0860;Kommunal;Hultsfreds kommun;2120000712;146;45,9;43,8;41,8;.;25;.;36;22;63;.;.;.;
Lindblomskolan 2;82426094;Hultsfred;0860;Kommunal;Hultsfreds kommun;2120000712;194;42,8;41,8;43,8;42;25;23;35;47;22;.;.;.;
Lindblomskolan 3;44239903;Hultsfred;0860;Kommunal;Hultsfreds kommun;2120000712;109;47,7;39,4;37,6;38;25;46;.;.;.;.;.;.;
Målilla skola;41017199;Hultsfred;0860;Kommunal;Hultsfreds kommun;2120000712;127;40,9;28,3;35,4;22;23;23;18;16;25;.;.;.;
Nya Centralskolan i Virserum AB;12289594;Hultsfred;0860;Enskild;Prolympia Virserum AB;5568088743;300;52,0;36,7;41,0;23;27;22;22;36;27;43;53;47;
Silverdalens skola;18484321;Hultsfred;0860;Kommunal;Hultsfreds kommun;2120000712;63;57,1;17,5;57,1;7;11;13;14;5;13;.;.;.;
Vena skola;81646559;Hultsfred;0860;Kommunal;Hultsfreds kommun;2120000712;80;43,8;13,8;42,5;19;15;15;14;14;3;.;.;.;
Centrumskolan;29257251;Hylte;1315;Kommunal;Hylte kommun;2120001207;10;..;.;..;.;.;.;.;.;.;2;2;6;
Elias Fries skola;55039327;Hylte;1315;Kommunal;Hylte kommun;2120001207;232;49,1;47,4;37,9;44;39;36;47;35;31;.;.;.;
Kinnareds skola;32214820;Hylte;1315;Kommunal;Hylte kommun;2120001207;63;50,8;33,3;42,9;7;12;10;10;11;13;.;.;.;
Kråkbergsskolan;74764978;Hylte;1315;Kommunal;Hylte kommun;2120001207;144;54,2;61,8;34,0;23;22;18;26;29;26;.;.;.;
Landeryds skola;46143897;Hylte;1315;Kommunal;Hylte kommun;2120001207;85;45,9;15,3;36,5;13;20;8;20;11;13;.;.;.;
OneSchool Global Nyby Campus Grundskola;48694604;Hylte;1315;Enskild;OneSchool Global Nyby Campus AB;5566657515;52;38,5;21,2;42,3;.;.;11;9;7;7;10;6;2;
Rydöbruks skola;50709257;Hylte;1315;Kommunal;Hylte kommun;2120001207;61;44,3;50,8;29,5;8;15;14;13;5;6;.;.;.;
Torups skola;26544203;Hylte;1315;Kommunal;Hylte kommun;2120001207;116;50,9;31,0;43,1;20;23;17;17;18;21;.;.;.;
Unnaryds skola;28921911;Hylte;1315;Kommunal;Hylte kommun;2120001207;92;53,3;33,7;46,7;7;18;19;14;18;16;.;.;.;
Örnaskolan;56192472;Hylte;1315;Kommunal;Hylte kommun;2120001207;415;49,2;45,5;40,0;.;.;.;.;.;.;138;125;152;
Futurum 7-9;22385992;Håbo;0305;Kommunal;Håbo kommun;2120000241;294;45,9;12,2;57,8;.;.;.;.;.;.;94;93;107;
Futurum F-6;22280343;Håbo;0305;Kommunal;Håbo kommun;2120000241;504;48,8;10,1;64,1;73;99;97;84;68;83;.;.;.;
Gransäterskolan;90826660;Håbo;0305;Kommunal;Håbo kommun;2120000241;424;51,7;15,6;54,7;49;44;46;30;38;46;47;66;58;
Gröna dalen;49674763;Håbo;0305;Kommunal;Håbo kommun;2120000241;412;51,0;37,9;39,1;50;41;50;34;44;41;60;46;46;
Läraskolan;28306495;Håbo;0305;Enskild;Läraskolan i Bålsta AB;5567275663;210;56,2;11,4;69,5;22;22;22;24;24;24;25;23;24;
Potentia Education;15081255;Håbo;0305;Enskild;Potentia education AB;5567521553;211;51,7;..;75,8;.;.;.;24;25;52;29;52;29;
Slottsskolan;95396892;Håbo;0305;Kommunal;Håbo kommun;2120000241;181;55,2;23,2;53,6;39;39;21;36;22;24;.;.;.;
Viby;15305025;Håbo;0305;Kommunal;Håbo kommun;2120000241;155;45,8;11,0;58,1;37;25;24;24;25;20;.;.;.;
Västerängsskolan;29299366;Håbo;0305;Kommunal;Håbo kommun;2120000241;387;45,2;18,6;50,4;46;44;37;36;39;37;57;51;40;
Grythyttans skola;17425971;Hällefors;1863;Kommunal;Hällefors kommun;2120001942;97;51,5;14,4;35,1;17;16;18;12;16;18;.;.;.;
Klockarhagsskolan F-åk3;71650107;Hällefors;1863;Kommunal;Hällefors kommun;2120001942;157;50,3;40,8;29,3;50;50;57;.;.;.;.;.;.;
Klockarhagsskolan åk 7-9;72295739;Hällefors;1863;Kommunal;Hällefors kommun;2120001942;233;52,8;39,1;30,9;.;.;.;.;.;.;74;81;78;
Klockarhagsskolan åk4-6;72324248;Hällefors;1863;Kommunal;Hällefors kommun;2120001942;154;50,6;37,7;31,2;.;.;.;50;59;45;.;.;.;
Bruksvallarnas skola;99936953;Härjedalen;2361;Kommunal;Härjedalens kommun;2120002510;17;47,1;..;64,7;4;6;7;.;.;.;.;.;.;
Funäsdalens skola;72295998;Härjedalen;2361;Kommunal;Härjedalens kommun;2120002510;229;43,2;8,3;62,0;19;17;30;32;27;26;27;29;22;
Furulundsskolan;81803928;Härjedalen;2361;Kommunal;Härjedalens kommun;2120002510;28;50,0;..;32,1;2;2;8;4;5;7;.;.;.;
Lofsdalens skola;27126453;Härjedalen;2361;Kommunal;Härjedalens kommun;2120002510;15;60,0;.;73,3;10;3;2;.;.;.;.;.;.;
Norra Skolan;68726322;Härjedalen;2361;Kommunal;Härjedalens kommun;2120002510;245;42,0;19,6;42,9;34;40;28;48;46;49;.;.;.;
Sonfjällsskolan;85325551;Härjedalen;2361;Kommunal;Härjedalens kommun;2120002510;105;43,8;21,0;51,4;10;8;5;10;8;11;22;17;14;
Södra Skolan;79022806;Härjedalen;2361;Kommunal;Härjedalens kommun;2120002510;155;44,5;18,7;41,3;.;.;.;.;.;.;52;51;52;
Vemdalens skola;25042188;Härjedalen;2361;Kommunal;Härjedalens kommun;2120002510;50;42,0;10,0;54,0;11;6;8;10;10;5;.;.;.;
Ytterhogdals Centralskola;92387607;Härjedalen;2361;Kommunal;Härjedalens kommun;2120002510;27;25,9;37,0;44,4;9;6;2;5;3;2;.;.;.;
Bondsjöhöjdens skola åk F-2;36869705;Härnösand;2280;Kommunal;Härnösands kommun;2120002403;113;52,2;38,9;44,2;56;57;.;.;.;.;.;.;.;
Brunne skola;91634644;Härnösand;2280;Kommunal;Härnösands kommun;2120002403;69;44,9;..;60,9;11;6;12;12;11;17;.;.;.;
Brännaskolan;67320845;Härnösand;2280;Kommunal;Härnösands kommun;2120002403;290;53,1;39,3;59,0;45;41;50;51;49;54;.;.;.;
Gerestaskolan åk F-6;87856368;Härnösand;2280;Kommunal;Härnösands kommun;2120002403;336;48,5;20,2;70,5;66;47;46;57;60;60;.;.;.;
Hedda Wisingskolan;16490220;Härnösand;2280;Kommunal;Härnösands kommun;2120002403;365;48,5;28,2;63,0;.;.;.;.;.;.;130;120;115;
Häggdånger byskola;51537516;Härnösand;2280;Kommunal;Härnösands kommun;2120002403;35;37,1;..;65,7;2;7;5;7;9;5;.;.;.;
Hälledals skola;78789883;Härnösand;2280;Kommunal;Härnösands kommun;2120002403;66;50,0;15,2;24,2;12;11;8;11;12;12;.;.;.;
Kastellskolan;69454219;Härnösand;2280;Enskild;Kastellskolan;8880008365;220;50,9;21,4;69,5;18;22;23;22;23;23;25;25;39;
Murbergsskolan åk 3-6;93068004;Härnösand;2280;Kommunal;Härnösands kommun;2120002403;230;50,0;38,7;52,6;.;.;57;54;58;61;.;.;.;
Solenskolan åk F-6;45142548;Härnösand;2280;Kommunal;Härnösands kommun;2120002403;293;48,5;44,4;43,0;41;51;46;50;47;58;.;.;.;
Wendela Hellmanskolan;97940004;Härnösand;2280;Kommunal;Härnösands kommun;2120002403;495;55,6;32,3;49,5;.;.;.;.;.;.;169;173;153;
Älandsbro skola åk F-6;27395094;Härnösand;2280;Kommunal;Härnösands kommun;2120002403;141;46,8;4,3;54,6;26;13;23;26;24;29;.;.;.;
Backaskolan F-3;57200977;Härryda;1401;Kommunal;Härryda kommun;2120001264;181;54,1;8,8;73,5;57;71;53;.;.;.;.;.;.;
Båtsmansskolan 7-9;37772170;Härryda;1401;Kommunal;Härryda kommun;2120001264;189;36,0;5,3;87,8;.;.;.;.;.;.;65;61;63;
Djupedalskolan 4-6;31714663;Härryda;1401;Kommunal;Härryda kommun;2120001264;226;44,2;12,8;75,7;.;.;.;70;80;76;.;.;.;
Djupedalskolan 7-9;91978548;Härryda;1401;Kommunal;Härryda kommun;2120001264;243;48,1;15,2;75,7;.;.;.;.;.;1;77;79;86;
Ekdalaskolan 7-9;69723336;Härryda;1401;Kommunal;Härryda kommun;2120001264;328;48,8;20,1;74,1;.;.;.;.;.;.;97;118;113;
Eskilsbyskolan F-2;62830537;Härryda;1401;Kommunal;Härryda kommun;2120001264;12;41,7;..;50,0;7;5;.;.;.;.;.;.;.;
Fagerhultsskolan;80171267;Härryda;1401;Kommunal;Härryda kommun;2120001264;295;51,5;8,8;67,5;.;.;.;64;59;70;47;55;.;
Fridaskolan, Härryda;27274628;Härryda;1401;Enskild;Fridaskolorna AB;5564515988;561;50,6;9,1;88,4;52;52;52;52;53;75;75;75;75;
Furuhällsskolan 4-6;56725127;Härryda;1401;Kommunal;Härryda kommun;2120001264;174;44,8;12,1;90,2;.;.;.;71;54;49;.;.;.;
Furuhällsskolan F-3;39189591;Härryda;1401;Kommunal;Härryda kommun;2120001264;146;49,3;14,4;87,0;44;49;53;.;.;.;.;.;.;
Hindåsskolan F-3;13949022;Härryda;1401;Kommunal;Härryda kommun;2120001264;163;47,9;8,6;66,3;50;47;66;.;.;.;.;.;.;
Hällingsjöskolan F-5;57795411;Härryda;1401;Kommunal;Härryda kommun;2120001264;108;53,7;7,4;70,4;23;17;32;14;22;.;.;.;.;
Härrydaskolan;81048920;Härryda;1401;Kommunal;Härryda kommun;2120001264;117;44,4;9,4;56,4;14;24;26;11;24;18;.;.;.;
Högadalsskolan F-6;92600497;Härryda;1401;Kommunal;Härryda kommun;2120001264;302;51,3;13,2;82,1;53;43;53;49;55;49;.;.;.;
Landvetterskolan 1-3, 4-6 C+D;86151469;Härryda;1401;Kommunal;Härryda kommun;2120001264;214;48,6;10,3;69,6;25;23;28;47;46;45;.;.;.;
Landvetterskolan 4-6 A+B+E+F;43199630;Härryda;1401;Kommunal;Härryda kommun;2120001264;192;42,2;11,5;66,1;.;.;.;46;48;98;.;.;.;
Landvetterskolan 7-9 A-C;28836025;Härryda;1401;Kommunal;Härryda kommun;2120001264;10;50,0;.;50,0;.;.;.;.;.;.;3;4;3;
Landvetterskolan 7-9 D-F;29069124;Härryda;1401;Kommunal;Härryda kommun;2120001264;195;44,1;4,6;63,6;.;.;.;.;.;.;50;70;75;
Lunnaskolan F-3 A+B;20152644;Härryda;1401;Kommunal;Härryda kommun;2120001264;149;53,0;6,0;85,2;46;49;54;.;.;.;.;.;.;
Lunnaskolan F-3 C+D;82464071;Härryda;1401;Kommunal;Härryda kommun;2120001264;127;55,1;3,9;90,6;23;50;54;.;.;.;.;.;.;
Rävlandaskolan 7-9;34127854;Härryda;1401;Kommunal;Härryda kommun;2120001264;187;42,8;16,6;59,9;.;.;.;.;.;.;46;51;90;
Rävlandaskolan F-6;33400568;Härryda;1401;Kommunal;Härryda kommun;2120001264;197;50,8;13,7;54,8;24;33;21;37;23;59;.;.;.;
Skinnefjällsskolan F-3;95834239;Härryda;1401;Kommunal;Härryda kommun;2120001264;171;53,2;15,2;79,5;53;53;65;.;.;.;.;.;.;
Säteriskolan 4-6;30287886;Härryda;1401;Kommunal;Härryda kommun;2120001264;136;46,3;30,1;72,1;1;.;.;41;38;56;.;.;.;
Säteriskolan F-3;30507569;Härryda;1401;Kommunal;Härryda kommun;2120001264;135;51,1;32,6;67,4;45;47;43;.;.;.;.;.;.;
Vällsjöskolan;44612766;Härryda;1401;Kommunal;Härryda kommun;2120001264;167;55,1;8,4;92,2;28;26;29;29;28;27;.;.;.;
Önnerödsskolan 4-6;79571281;Härryda;1401;Kommunal;Härryda kommun;2120001264;224;49,6;4,5;85,7;.;.;.;75;74;75;.;.;.;
Önnerödsskolan 7-9;28698437;Härryda;1401;Kommunal;Härryda kommun;2120001264;226;48,2;6,6;83,2;.;.;.;.;.;.;71;79;76;
Ballingslövs skola F-6;97094194;Hässleholm;1293;Kommunal;Hässleholms kommun;2120000985;31;41,9;29,0;54,8;6;12;3;4;2;4;.;.;.;
Bjärnums skola F-9;65212509;Hässleholm;1293;Kommunal;Hässleholms kommun;2120000985;408;48,5;37,7;40,4;46;46;28;39;39;32;77;60;41;
Farstorps skola F-6;16744637;Hässleholm;1293;Kommunal;Hässleholms kommun;2120000985;36;55,6;.;47,2;5;7;8;8;5;3;.;.;.;
Finja skola F-6;67308549;Hässleholm;1293;Kommunal;Hässleholms kommun;2120000985;60;55,0;13,3;51,7;14;7;13;10;11;5;.;.;.;
Furutorpskolan 4-9;78602001;Hässleholm;1293;Kommunal;Hässleholms kommun;2120000985;349;49,6;11,2;49,0;.;.;.;70;48;66;61;50;54;
Grönängsskolan F-6;85679977;Hässleholm;1293;Kommunal;Hässleholms kommun;2120000985;216;47,7;39,4;45,4;27;45;35;30;42;37;.;.;.;
Hässleholms Montessoriskola F-9;28804882;Hässleholm;1293;Kommunal;Hässleholms kommun;2120000985;257;47,1;16,0;72,8;31;26;29;28;29;30;27;30;27;
Hästveda skola F-9;56398338;Hässleholm;1293;Kommunal;Hässleholms kommun;2120000985;270;42,6;19,6;39,6;39;25;28;34;29;19;31;33;32;
Internationella Engelska Skolan Hässleholm;79716826;Hässleholm;1293;Enskild;Internationella Engelska Skolan i Sverige AB;5564624368;383;52,0;53,8;63,2;.;.;.;60;64;59;60;63;77;
Lejonskolan F-5;57945497;Hässleholm;1293;Kommunal;Hässleholms kommun;2120000985;179;53,6;15,1;46,9;39;37;35;38;30;.;.;.;.;
Linnéskolan F-9;84432632;Hässleholm;1293;Kommunal;Hässleholms kommun;2120000985;341;52,2;59,2;42,8;39;22;36;31;36;27;49;58;43;
Ljungdalaskolan F-6;37198266;Hässleholm;1293;Kommunal;Hässleholms kommun;2120000985;191;37,2;66,0;40,8;40;29;35;27;32;28;.;.;.;
Läredaskolan F-9;29689372;Hässleholm;1293;Kommunal;Hässleholms kommun;2120000985;367;54,2;40,1;59,4;25;26;23;25;25;25;75;72;71;
Mala skola F-6;49702354;Hässleholm;1293;Kommunal;Hässleholms kommun;2120000985;62;56,5;14,5;51,6;8;8;14;12;14;6;.;.;.;
Röinge skola F-6;69162574;Hässleholm;1293;Kommunal;Hässleholms kommun;2120000985;133;42,9;11,3;66,9;30;18;24;22;21;18;.;.;.;
Röke skola F-6;24099280;Hässleholm;1293;Kommunal;Hässleholms kommun;2120000985;64;53,1;7,8;64,1;14;13;7;18;5;7;.;.;.;
Silviaskolan F-9;65408331;Hässleholm;1293;Kommunal;Hässleholms kommun;2120000985;70;55,7;44,3;50,0;4;6;6;8;6;12;10;10;8;
Stoby skola F-6;68970313;Hässleholm;1293;Kommunal;Hässleholms kommun;2120000985;105;41,9;17,1;56,2;19;11;19;18;19;19;.;.;.;
Söderparkskolan F-3;55815171;Hässleholm;1293;Kommunal;Hässleholms kommun;2120000985;195;44,1;9,7;55,9;67;63;65;.;.;.;.;.;.;
Thoren Framtid i Hässleholm;79864142;Hässleholm;1293;Enskild;Thoren Framtid AB;5567497051;460;52,2;10,4;71,3;42;42;43;44;47;70;49;47;76;
Tormestorps skola F-5;87274697;Hässleholm;1293;Kommunal;Hässleholms kommun;2120000985;81;51,9;16,0;60,5;18;17;5;21;20;.;.;.;.;
Tyringe skola F-9;98058756;Hässleholm;1293;Kommunal;Hässleholms kommun;2120000985;516;46,7;24,4;47,3;36;44;33;58;63;63;71;71;77;
Vannarödsskolan 6-9;93845278;Hässleholm;1293;Kommunal;Hässleholms kommun;2120000985;189;41,8;13,8;47,6;.;.;.;.;.;52;50;48;39;
Vittsjö skola F-6;16939144;Hässleholm;1293;Kommunal;Hässleholms kommun;2120000985;178;46,6;32,0;52,8;32;31;31;27;30;27;.;.;.;
Västerskolan F-9;75318783;Hässleholm;1293;Kommunal;Hässleholms kommun;2120000985;476;46,8;38,0;49,4;27;28;26;29;29;30;103;106;98;
Västra Torups skola F-3;83016261;Hässleholm;1293;Kommunal;Hässleholms kommun;2120000985;52;46,2;..;69,2;19;21;12;.;.;.;.;.;.;
Bruksskolan 4-6;75681737;Höganäs;1284;Kommunal;Höganäs kommun;2120001165;146;58,2;16,4;61,6;.;.;.;49;53;44;.;.;.;
Bruksskolan 7-9;58312480;Höganäs;1284;Kommunal;Höganäs kommun;2120001165;156;51,3;19,9;62,2;.;.;.;.;.;.;53;50;53;
Bruksskolan F-3;58637812;Höganäs;1284;Kommunal;Höganäs kommun;2120001165;152;49,3;20,4;65,1;44;55;53;.;.;.;.;.;.;
Brunnbyskolan;95113658;Höganäs;1284;Enskild;Brunnby Skola M-I Handelsbolag;9167744359;90;52,2;16,7;71,1;7;7;8;5;7;6;21;11;18;
Jonstorpsskolan 4-6;16400808;Höganäs;1284;Kommunal;Höganäs kommun;2120001165;201;48,3;8,0;72,6;.;.;.;61;66;74;.;.;.;
Jonstorpsskolan 7-9;66888504;Höganäs;1284;Kommunal;Höganäs kommun;2120001165;189;47,1;4,8;76,2;.;.;.;.;.;.;56;67;66;
Jonstorpsskolan F-3;67026015;Höganäs;1284;Kommunal;Höganäs kommun;2120001165;160;43,8;7,5;69,4;56;55;49;.;.;.;.;.;.;
Lerbergsskolan 4-6;81853848;Höganäs;1284;Kommunal;Höganäs kommun;2120001165;159;42,8;5,7;75,5;.;.;.;46;63;50;.;.;.;
Lerbergsskolan 7-9;11721378;Höganäs;1284;Kommunal;Höganäs kommun;2120001165;166;50,0;10,8;77,1;.;.;.;.;.;.;66;48;52;
Lerbergsskolan F-3;24385083;Höganäs;1284;Kommunal;Höganäs kommun;2120001165;170;51,2;4,7;79,4;59;44;67;.;.;.;.;.;.;
Montessoriskolan Tellus;69182531;Höganäs;1284;Enskild;Montessoriskolan i Höganäs AB;5567058846;122;47,5;31,1;54,1;20;24;14;18;11;9;13;6;7;
Nyhamnsskolan 4-6;18060402;Höganäs;1284;Kommunal;Höganäs kommun;2120001165;131;52,7;16,8;74,8;.;.;.;42;51;38;.;.;.;
Nyhamnsskolan 7-9;18031893;Höganäs;1284;Kommunal;Höganäs kommun;2120001165;120;41,7;10,8;80,0;.;.;.;.;.;.;35;49;36;
Nyhamnsskolan F-3;95034203;Höganäs;1284;Kommunal;Höganäs kommun;2120001165;109;50,5;18,3;78,0;29;41;39;.;.;.;.;.;.;
Pålstorpsskolan;86939179;Höganäs;1284;Kommunal;Höganäs kommun;2120001165;23;47,8;..;47,8;.;1;.;2;3;2;6;3;6;
Tornlyckeskolan 4-6;25097584;Höganäs;1284;Kommunal;Höganäs kommun;2120001165;148;46,6;39,9;48,6;.;.;.;58;40;50;.;.;.;
Tornlyckeskolan 7-9;36274763;Höganäs;1284;Kommunal;Höganäs kommun;2120001165;139;53,2;45,3;45,3;.;.;.;.;.;.;45;44;50;
Tornlyckeskolan F-3;35488074;Höganäs;1284;Kommunal;Höganäs kommun;2120001165;134;43,3;44,8;55,2;42;35;57;.;.;.;.;.;.;
Vikens Montessoriskola;17770513;Höganäs;1284;Enskild;Montessori Förskolor och Skolor i Sverige AB;5591658975;31;41,9;..;83,9;9;12;.;6;4;.;.;.;.;
Vikenskolan 4-6;18465318;Höganäs;1284;Kommunal;Höganäs kommun;2120001165;191;53,9;10,5;84,8;.;.;.;49;70;72;.;.;.;
Vikenskolan 7-9;18383147;Höganäs;1284;Kommunal;Höganäs kommun;2120001165;217;53,5;10,1;75,6;.;.;.;.;.;.;76;74;67;
Vikenskolan F-3;13274269;Höganäs;1284;Kommunal;Höganäs kommun;2120001165;163;49,1;10,4;85,3;46;59;58;.;.;.;.;.;.;
Fagerhults skola 1-6;74040447;Högsby;0821;Kommunal;Högsby kommun;2120000688;33;45,5;24,2;54,5;6;8;4;8;7;.;.;.;.;
Fröviskolan 1-6;47445952;Högsby;0821;Kommunal;Högsby kommun;2120000688;230;48,7;40,4;37,4;23;26;37;49;44;51;.;.;.;
Fröviskolan 7-9;78308250;Högsby;0821;Kommunal;Högsby kommun;2120000688;174;51,1;39,1;35,6;.;.;.;.;.;.;67;66;41;
Skyttefällaskolan 1-3;20587927;Högsby;0821;Kommunal;Högsby kommun;2120000688;27;59,3;40,7;..;11;9;7;.;.;.;.;.;.;
Tallåsskolan 1-6;84104026;Högsby;0821;Kommunal;Högsby kommun;2120000688;60;51,7;43,3;38,3;9;9;11;9;13;9;.;.;.;
Ugglemoskolan 1-6;69535124;Högsby;0821;Kommunal;Högsby kommun;2120000688;44;45,5;50,0;27,3;4;6;9;11;5;9;.;.;.;
Frostaskolan 7-9;38299211;Hörby;1266;Kommunal;Hörby kommun;2120001108;263;48,3;25,1;49,8;.;.;.;.;.;.;84;93;86;
Frostaskolan F-6;47853283;Hörby;1266;Kommunal;Hörby kommun;2120001108;237;47,3;25,3;51,9;38;44;43;38;33;41;.;.;.;
Georgshillsskolan 7-9;90834434;Hörby;1266;Kommunal;Hörby kommun;2120001108;183;47,0;16,9;58,5;.;.;.;.;.;.;57;66;60;
Georgshillsskolan F-6;71588741;Hörby;1266;Kommunal;Hörby kommun;2120001108;259;50,6;14,7;47,5;43;48;40;43;42;43;.;.;.;
Killhult skola;77977024;Hörby;1266;Kommunal;Hörby kommun;2120001108;62;51,6;..;51,6;7;10;13;10;6;16;.;.;.;
Långaröd skola;35287613;Hörby;1266;Kommunal;Hörby kommun;2120001108;69;46,4;11,6;66,7;8;10;9;11;16;15;.;.;.;
Älvdalsskolan;82471875;Hörby;1266;Kommunal;Hörby kommun;2120001108;220;54,1;31,8;49,1;40;25;34;38;42;41;.;.;.;
Östraby skola;55629703;Hörby;1266;Kommunal;Hörby kommun;2120001108;105;55,2;5,7;49,5;19;20;23;17;19;7;.;.;.;
Edens skola;56948895;Höör;1267;Enskild;Edens skola, ekonomisk förening;7696009039;110;51,8;..;73,6;20;19;19;18;17;17;.;.;.;
Emiliaskolan Höörs waldorfsk.;63846783;Höör;1267;Enskild;Föreningen Emiliaskolan;8420007984;194;49,0;14,4;76,8;22;23;23;17;20;22;25;22;20;
Enebackeskolan;63279573;Höör;1267;Kommunal;Höörs kommun;2120001116;596;43,6;18,5;58,1;97;94;100;94;96;115;.;.;.;
Gudmuntorps skola;63671158;Höör;1267;Kommunal;Höörs kommun;2120001116;91;47,3;13,2;70,3;16;15;15;13;16;16;.;.;.;
Kubelidens Montessoriskola;77120985;Höör;1267;Enskild;Kubelidens Montessoriförskola, Grundskola och Fr;7696008684;131;57,3;9,9;80,9;23;23;23;23;18;21;.;.;.;
Ringsjöskolan;82942801;Höör;1267;Kommunal;Höörs kommun;2120001116;363;48,5;20,7;62,3;.;.;.;.;.;.;136;122;105;
Segrande Liv Grundskola;95024923;Höör;1267;Enskild;Segrande Liv Grundskola;8430017593;25;40,0;~100;48,0;1;4;.;5;4;2;1;4;4;
Sätoftaskolan;35670754;Höör;1267;Kommunal;Höörs kommun;2120001116;413;53,3;7,7;64,2;45;36;35;48;44;48;54;53;50;
Tjörnarps skola;64327803;Höör;1267;Kommunal;Höörs kommun;2120001116;38;42,1;23,7;36,8;11;10;17;.;.;.;.;.;.;
Porjus skola;66600682;Jokkmokk;2510;Kommunal;Jokkmokks kommun;2120002676;8;62,5;..;62,5;3;3;2;.;.;.;.;.;.;
Vuollerims Centralskola;89451025;Jokkmokk;2510;Kommunal;Jokkmokks kommun;2120002676;25;52,0;32,0;44,0;3;5;7;5;5;.;.;.;.;
Vuollerims Friskola;33468088;Jokkmokk;2510;Enskild;Vuollerims Friskola AB;5567857262;24;37,5;20,8;33,3;.;.;.;.;.;6;11;4;3;
Västra skolan;19143733;Jokkmokk;2510;Kommunal;Jokkmokks kommun;2120002676;139;56,1;20,1;56,8;19;32;29;24;35;.;.;.;.;
Östra skolan;86851817;Jokkmokk;2510;Kommunal;Jokkmokks kommun;2120002676;139;46,8;23,0;50,4;.;.;.;.;.;33;38;38;30;
Aspnässkolan;88454421;Järfälla;0123;Kommunal;Järfälla kommun;2120000043;225;51,1;81,3;40,4;48;53;28;28;33;35;.;.;.;
Barkarbyskolan;76033436;Järfälla;0123;Kommunal;Järfälla kommun;2120000043;331;45,9;24,8;78,5;59;57;54;59;52;50;.;.;.;
Berghemskolan;39568857;Järfälla;0123;Kommunal;Järfälla kommun;2120000043;269;45,7;30,1;77,0;52;54;49;49;36;29;.;.;.;
Björkebyskolan;40847752;Järfälla;0123;Kommunal;Järfälla kommun;2120000043;499;44,7;29,3;66,5;.;.;.;.;.;.;166;166;167;
Fastebolskolan;89053805;Järfälla;0123;Kommunal;Järfälla kommun;2120000043;382;42,7;36,6;68,3;58;50;56;71;73;74;.;.;.;
Fjällenskolan;15080815;Järfälla;0123;Kommunal;Järfälla kommun;2120000043;587;49,7;33,7;65,9;55;56;50;62;57;65;66;86;90;
Herrestaskolan;81021363;Järfälla;0123;Kommunal;Järfälla kommun;2120000043;343;48,7;58,3;59,5;49;50;69;77;53;45;.;.;.;
Högbyskolan;97184063;Järfälla;0123;Kommunal;Järfälla kommun;2120000043;79;49,4;25,3;69,6;29;23;27;.;.;.;.;.;.;
Iljansbodaskolan;36628382;Järfälla;0123;Kommunal;Järfälla kommun;2120000043;129;40,3;16,3;79,8;24;26;24;22;33;.;.;.;.;
Internationella Engelska Skolan Järfälla;79093755;Järfälla;0123;Enskild;Internationella Engelska Skolan i Sverige AB;5564624368;558;42,7;31,7;78,5;.;.;.;.;63;124;125;125;121;
Kolarängskolan;46239244;Järfälla;0123;Kommunal;Järfälla kommun;2120000043;366;47,3;27,3;71,6;74;51;74;61;47;59;.;.;.;
Kvarnskolan;77763178;Järfälla;0123;Kommunal;Järfälla kommun;2120000043;439;52,2;75,9;46,2;.;.;.;.;.;.;132;150;157;
Källtorpskolan;17287315;Järfälla;0123;Kommunal;Järfälla kommun;2120000043;345;41,2;42,9;53,6;.;.;.;.;.;.;115;111;119;
Lundskolan;82757734;Järfälla;0123;Kommunal;Järfälla kommun;2120000043;331;45,9;26,9;60,7;55;50;69;54;58;45;.;.;.;
Montessoriskolan Växthuset;36021631;Järfälla;0123;Enskild;Aha Utbildning AB;5566146956;118;51,7;76,3;52,5;24;24;24;17;14;15;.;.;.;
Neptuniskolan;57755652;Järfälla;0123;Kommunal;Järfälla kommun;2120000043;291;45,4;30,2;70,8;50;47;56;51;47;40;.;.;.;
Olovslundskolan;58173761;Järfälla;0123;Kommunal;Järfälla kommun;2120000043;541;45,5;42,9;68,2;79;84;104;97;90;87;.;.;.;
Sandvikskolan;33794207;Järfälla;0123;Kommunal;Järfälla kommun;2120000043;209;39,2;34,0;58,9;49;31;35;28;32;34;.;.;.;
Skälbyskolan;62707060;Järfälla;0123;Kommunal;Järfälla kommun;2120000043;502;46,2;22,7;73,3;96;91;97;76;64;78;.;.;.;
Tallbohovskolan;97777849;Järfälla;0123;Kommunal;Järfälla kommun;2120000043;288;50,7;85,4;37,8;65;66;53;36;36;32;.;.;.;
Ulvsättraskolan;12801932;Järfälla;0123;Kommunal;Järfälla kommun;2120000043;391;47,8;54,0;58,3;73;78;79;62;57;42;.;.;.;
Vattmyraskolan;86271166;Järfälla;0123;Kommunal;Järfälla kommun;2120000043;297;46,5;63,6;63,0;53;52;62;55;37;38;.;.;.;
Viksjöskolan;98925408;Järfälla;0123;Kommunal;Järfälla kommun;2120000043;614;46,4;25,2;67,1;.;.;.;.;.;.;225;196;193;
Vittra Jakobsberg;66634449;Järfälla;0123;Enskild;Vittraskolorna AB;5564586716;384;49,2;78,9;55,5;31;31;31;42;38;53;52;54;52;
Ålstaskolan;98666483;Järfälla;0123;Kommunal;Järfälla kommun;2120000043;73;53,4;42,5;63,0;39;34;.;.;.;.;.;.;.;
Alfred Dalinskolan;85416841;Jönköping;0680;Kommunal;Jönköpings kommun;2120000530;719;50,2;34,1;55,2;.;.;.;.;.;.;238;248;233;
Attarpsskolan 7-9;40546319;Jönköping;0680;Kommunal;Jönköpings kommun;2120000530;449;48,8;9,1;77,7;.;.;.;.;.;.;154;155;140;
Attarpsskolan F-6;17538336;Jönköping;0680;Kommunal;Jönköpings kommun;2120000530;404;48,8;8,9;73,0;60;62;73;71;65;73;.;.;.;
Barnarpsskolan;20211452;Jönköping;0680;Kommunal;Jönköpings kommun;2120000530;337;49,6;24,9;60,5;57;53;58;47;62;60;.;.;.;
Bottnarydsskolan;27954842;Jönköping;0680;Kommunal;Jönköpings kommun;2120000530;150;45,3;19,3;45,3;.;35;29;27;34;25;.;.;.;
Brodalsskolan;64396519;Jönköping;0680;Kommunal;Jönköpings kommun;2120000530;129;46,5;31,8;53,5;25;28;24;20;32;.;.;.;.;
Dalviksskolan;94231816;Jönköping;0680;Kommunal;Jönköpings kommun;2120000530;268;42,9;19,8;69,8;36;33;50;42;55;52;.;.;.;
Egnahemsskolan;18631580;Jönköping;0680;Kommunal;Jönköpings kommun;2120000530;69;46,4;..;78,3;22;24;23;.;.;.;.;.;.;
Ekhagsskolan;88907604;Jönköping;0680;Kommunal;Jönköpings kommun;2120000530;351;52,4;42,2;57,3;69;46;54;60;66;56;.;.;.;
Fagerslättskolan;19227164;Jönköping;0680;Kommunal;Jönköpings kommun;2120000530;205;41,5;10,2;77,6;21;21;17;45;49;52;.;.;.;
Flahultsskolan;28849109;Jönköping;0680;Kommunal;Jönköpings kommun;2120000530;507;46,2;12,2;61,3;.;.;.;.;.;67;168;131;141;
Gräshagsskolan;61784685;Jönköping;0680;Kommunal;Jönköpings kommun;2120000530;226;47,3;20,4;72,6;25;42;37;48;34;40;.;.;.;
Grästorpsskolan;16249429;Jönköping;0680;Kommunal;Jönköpings kommun;2120000530;54;46,3;..;90,7;15;23;16;.;.;.;.;.;.;
Hisingstorpsskolan;42372493;Jönköping;0680;Kommunal;Jönköpings kommun;2120000530;404;49,8;6,2;88,9;66;53;66;70;72;77;.;.;.;
Hovslättsskolan;81734064;Jönköping;0680;Kommunal;Jönköpings kommun;2120000530;323;51,7;17,6;65,0;56;66;48;49;54;50;.;.;.;
Internationella Engelska Skolan Jönköping;86499334;Jönköping;0680;Enskild;Internationella Engelska Skolan i Sverige AB;5564624368;830;49,3;66,5;62,9;60;59;52;100;113;119;112;107;108;
Junedalsskolan;20696736;Jönköping;0680;Kommunal;Jönköpings kommun;2120000530;855;49,4;18,2;77,0;.;.;.;.;.;.;299;277;279;
Kumlabyskolan;13609744;Jönköping;0680;Kommunal;Jönköpings kommun;2120000530;39;56,4;..;46,2;4;11;6;6;7;5;.;.;.;
Kunskapsskolan Jönköping;86562542;Jönköping;0680;Enskild;Kunskapsskolan i Sverige Aktiebolag;5565661815;269;48,0;31,2;56,9;.;.;.;15;15;21;78;72;68;
Kålgårdsskolan;72007217;Jönköping;0680;Kommunal;Jönköpings kommun;2120000530;217;45,2;42,9;53,0;40;33;37;46;29;32;.;.;.;
Landsjöskolan;13412549;Jönköping;0680;Kommunal;Jönköpings kommun;2120000530;287;50,2;5,2;75,6;49;42;32;54;51;59;.;.;.;
Lekerydsskolan;68620266;Jönköping;0680;Kommunal;Jönköpings kommun;2120000530;260;47,7;2,7;58,5;43;53;38;46;38;42;.;.;.;
Ljungarumsskolan 7-9;84917564;Jönköping;0680;Kommunal;Jönköpings kommun;2120000530;488;50,6;19,7;67,6;.;.;.;.;.;.;154;176;158;
Ljungarumsskolan F-6;85127185;Jönköping;0680;Kommunal;Jönköpings kommun;2120000530;307;45,9;11,1;69,4;31;29;24;79;73;71;.;.;.;
Magelungens grundskola Jönköping;79427132;Jönköping;0680;Enskild;Magelungen Utveckling AB;5564891447;16;50,0;..;43,8;.;.;.;.;.;1;2;7;6;
Magnus Ladulåsskolan;17890412;Jönköping;0680;Enskild;J-Son Pedagogikcentrum AB;5566126479;20;35,0;..;55,0;.;.;.;.;.;2;4;7;7;
Månsarpsskolan;77787682;Jönköping;0680;Kommunal;Jönköpings kommun;2120000530;145;46,2;5,5;60,7;20;24;24;25;30;22;.;.;.;
Nordskogens skola;99502676;Jönköping;0680;Kommunal;Jönköpings kommun;2120000530;6;..;.;..;.;.;.;.;.;.;2;2;2;
Norrängsskolan;44131379;Jönköping;0680;Kommunal;Jönköpings kommun;2120000530;256;42,2;28,5;67,6;42;39;43;42;49;41;.;.;.;
Nyarpsskolan;28605274;Jönköping;0680;Kommunal;Jönköpings kommun;2120000530;213;46,5;6,6;87,3;23;39;35;44;38;34;.;.;.;
Oxhagsskolan;73197151;Jönköping;0680;Kommunal;Jönköpings kommun;2120000530;52;42,3;78,8;28,8;52;.;.;.;.;.;.;.;.;
Prolympia, Jönköping;95673344;Jönköping;0680;Enskild;Prolympia AB;5567026454;561;43,0;23,5;65,6;46;48;48;43;50;52;110;77;87;
Ribbaskolan;83919671;Jönköping;0680;Kommunal;Jönköpings kommun;2120000530;502;48,6;6,8;64,1;29;36;28;45;25;32;100;98;109;
Rosenlundsskolan 7-9;96558008;Jönköping;0680;Kommunal;Jönköpings kommun;2120000530;505;50,9;42,2;45,3;.;.;.;.;.;.;173;159;173;
Rosenlundsskolan F-6;36538130;Jönköping;0680;Kommunal;Jönköpings kommun;2120000530;215;45,6;52,6;56,3;35;37;34;46;25;38;.;.;.;
Ryds skola;88057049;Jönköping;0680;Kommunal;Jönköpings kommun;2120000530;33;48,5;15,2;42,4;33;.;.;.;.;.;.;.;.;
Råslättsskolan;21464829;Jönköping;0680;Kommunal;Jönköpings kommun;2120000530;411;53,0;86,4;36,7;68;78;71;57;72;65;.;.;.;
Sanda idrottshögstadium;98088982;Jönköping;0680;Kommunal;Jönköpings kommun;2120000530;227;48,0;12,8;79,7;.;.;.;.;.;.;76;76;75;
Skärstad skola;91672762;Jönköping;0680;Kommunal;Jönköpings kommun;2120000530;59;49,2;16,9;69,5;20;21;18;.;.;.;.;.;.;
Slättenskolan;23434523;Jönköping;0680;Kommunal;Jönköpings kommun;2120000530;233;51,5;17,2;70,4;46;48;40;52;47;.;.;.;.;
Stadsgårdsskolan;12759583;Jönköping;0680;Kommunal;Jönköpings kommun;2120000530;305;56,4;57,4;43,3;.;.;.;.;.;.;102;104;99;
Stensholmsskolan;69408871;Jönköping;0680;Kommunal;Jönköpings kommun;2120000530;336;43,2;10,7;71,1;63;59;61;51;52;50;.;.;.;
Strandskolan;23250615;Jönköping;0680;Enskild;Jönköpings Kristna Skolförening;8260017648;128;45,3;33,6;74,2;12;10;13;7;14;13;13;20;26;
Strömsbergsskolan;11247661;Jönköping;0680;Kommunal;Jönköpings kommun;2120000530;72;50,0;11,1;59,7;30;19;23;.;.;.;.;.;.;
Södergårdsskolan;85224261;Jönköping;0680;Kommunal;Jönköpings kommun;2120000530;396;50,8;51,8;46,5;76;58;71;68;55;68;.;.;.;
Tabergsskolan;87181526;Jönköping;0680;Kommunal;Jönköpings kommun;2120000530;205;46,8;6,8;65,4;37;31;35;31;37;34;.;.;.;
Taheskolan F-6;38245682;Jönköping;0680;Kommunal;Jönköpings kommun;2120000530;139;52,5;8,6;64,7;29;19;28;19;22;22;.;.;.;
Talavidskolan F-6;61435499;Jönköping;0680;Kommunal;Jönköpings kommun;2120000530;377;48,5;24,7;75,9;67;45;54;62;69;80;.;.;.;
Tenhultsskolan;22496996;Jönköping;0680;Kommunal;Jönköpings kommun;2120000530;466;46,4;8,6;63,7;69;77;83;76;74;87;.;.;.;
Torpaskolan;10466501;Jönköping;0680;Kommunal;Jönköpings kommun;2120000530;411;45,3;20,7;70,1;80;69;67;73;66;56;.;.;.;
Torps skola;98171083;Jönköping;0680;Kommunal;Jönköpings kommun;2120000530;270;54,4;11,1;85,6;38;50;40;51;49;42;.;.;.;
Vittra Samset;49572930;Jönköping;0680;Enskild;Vittraskolorna AB;5564586716;283;50,5;19,8;75,3;42;38;47;39;37;43;11;18;8;
Vätterslundsskolan;15406277;Jönköping;0680;Kommunal;Jönköpings kommun;2120000530;68;44,1;16,2;94,1;27;21;20;.;.;.;.;.;.;
Ödestugu skola;96013047;Jönköping;0680;Kommunal;Jönköpings kommun;2120000530;47;51,1;.;74,5;4;7;9;7;12;8;.;.;.;
Ölmstadskolan;36211599;Jönköping;0680;Kommunal;Jönköpings kommun;2120000530;194;52,6;3,1;70,1;35;42;26;31;35;25;.;.;.;
Örserumsskolan;12057247;Jönköping;0680;Kommunal;Jönköpings kommun;2120000530;33;54,5;..;54,5;4;6;5;7;10;1;.;.;.;
Österängsskolan;98273223;Jönköping;0680;Kommunal;Jönköpings kommun;2120000530;152;55,9;83,6;35,5;25;25;26;24;22;30;.;.;.;
Öxnehagaskolan;47661909;Jönköping;0680;Kommunal;Jönköpings kommun;2120000530;246;45,5;81,7;37,0;.;58;49;51;44;44;.;.;.;
Centrumskolan;33183794;Kalix;2514;Kommunal;Kalix kommun;2120002692;146;51,4;19,2;52,1;30;26;25;28;15;22;.;.;.;
Djuptjärnsskolan;45591937;Kalix;2514;Kommunal;Kalix kommun;2120002692;160;43,8;4,4;47,5;27;25;27;25;26;30;.;.;.;
Innanbäckens skola;35503602;Kalix;2514;Kommunal;Kalix kommun;2120002692;124;39,5;5,6;55,6;28;20;18;16;19;23;.;.;.;
Innovitaskolan Kalix;20525218;Kalix;2514;Enskild;Pysslingen Förskolor och Skolor AB;5560354309;182;51,6;5,5;59,3;20;25;21;20;18;23;19;21;15;
Manhemsskolan;10617819;Kalix;2514;Kommunal;Kalix kommun;2120002692;409;47,4;11,0;55,7;.;.;.;.;.;.;125;149;135;
Näsbyskolan;41544515;Kalix;2514;Kommunal;Kalix kommun;2120002692;138;50,0;23,9;44,9;19;21;24;21;25;28;.;.;.;
Sangis skola;43043051;Kalix;2514;Kommunal;Kalix kommun;2120002692;51;56,9;17,6;39,2;11;7;9;8;7;9;.;.;.;
Töre skola;77268380;Kalix;2514;Kommunal;Kalix kommun;2120002692;108;48,1;21,3;35,2;23;20;12;18;17;18;.;.;.;
Ytterbyns skola;94022488;Kalix;2514;Kommunal;Kalix kommun;2120002692;79;40,5;..;67,1;17;9;19;.;14;20;.;.;.;
Djurängsskolan;15356393;Kalmar;0880;Kommunal;Kalmar kommun;2120000746;173;48,6;37,0;63,0;34;43;23;32;17;24;.;.;.;
Falkenbergsskolan;99856371;Kalmar;0880;Kommunal;Kalmar kommun;2120000746;533;46,2;19,7;71,5;38;34;36;43;23;53;95;109;102;
Funkaboskolan;21736926;Kalmar;0880;Kommunal;Kalmar kommun;2120000746;790;51,0;34,4;59,9;90;74;85;88;78;72;93;76;134;
Hagbyskolan;27272633;Kalmar;0880;Kommunal;Kalmar kommun;2120000746;162;54,9;4,3;75,3;27;29;21;29;30;26;.;.;.;
Halltorpsskolan;39111157;Kalmar;0880;Kommunal;Kalmar kommun;2120000746;71;56,3;..;56,3;8;13;8;20;12;10;.;.;.;
Kalmar Centrumskola;87544967;Kalmar;0880;Enskild;Nytida Solängen AB;5566684345;38;23,7;13,2;65,8;.;.;.;.;2;4;12;7;13;
Kalmar waldorfskola;16517618;Kalmar;0880;Enskild;Stiftelsen Kalmar Waldorfskola;8324012288;92;51,1;34,8;73,9;8;8;5;12;10;12;11;13;13;
Kalmarsundsskolan;24092221;Kalmar;0880;Kommunal;Kalmar kommun;2120000746;544;47,1;46,0;55,1;86;100;99;105;78;76;.;.;.;
Lindsdalsskolorna;51848797;Kalmar;0880;Kommunal;Kalmar kommun;2120000746;1 002;49,8;13,8;70,7;109;108;94;124;96;103;128;111;129;
Lindöskolan;63673299;Kalmar;0880;Kommunal;Kalmar kommun;2120000746;268;53,4;17,9;71,6;51;40;51;37;46;43;.;.;.;
Ljungbyholmsskolan;83034316;Kalmar;0880;Kommunal;Kalmar kommun;2120000746;225;52,4;8,9;69,3;39;43;31;39;38;35;.;.;.;
Montessoriskolan Regnbågen;16372076;Kalmar;0880;Enskild;Folkuniversitetets Skolor AB;5561645226;100;58,0;14,0;86,0;19;19;16;14;16;16;.;.;.;
Nordic International School Kalmar;51786225;Kalmar;0880;Enskild;Nordic International School AB;5566102033;294;59,5;52,4;66,0;.;.;.;27;26;54;74;57;56;
Pårydsskolan;43442452;Kalmar;0880;Kommunal;Kalmar kommun;2120000746;79;54,4;22,8;40,5;8;12;9;19;13;18;.;.;.;
Rinkabyholmsskolan;55238162;Kalmar;0880;Kommunal;Kalmar kommun;2120000746;390;53,6;2,8;86,2;59;77;67;74;49;64;.;.;.;
Rocknebyskolan;74676128;Kalmar;0880;Kommunal;Kalmar kommun;2120000746;224;42,9;7,6;68,8;39;33;42;39;37;34;.;.;.;
Smedbyskolan;27675952;Kalmar;0880;Kommunal;Kalmar kommun;2120000746;553;44,5;29,1;57,7;70;54;58;61;63;51;59;66;71;
Södermöreskolan;79012102;Kalmar;0880;Kommunal;Kalmar kommun;2120000746;257;45,9;9,3;53,3;.;.;.;.;.;.;85;84;88;
Södra skolan;13936858;Kalmar;0880;Enskild;Södra skolan i Kalmar AB;5566966031;358;47,8;7,5;78,2;25;22;25;25;23;25;78;61;74;
Tallhagsskolan;74570653;Kalmar;0880;Kommunal;Kalmar kommun;2120000746;486;52,5;34,4;63,2;.;.;.;.;.;.;167;200;119;
Thoren Framtid i Kalmar;30881651;Kalmar;0880;Enskild;Thoren Framtid AB;5567497051;93;41,9;79,6;21,5;9;10;9;14;12;14;3;13;9;
Trekantenskolan;61033733;Kalmar;0880;Kommunal;Kalmar kommun;2120000746;196;51,5;5,1;57,7;29;35;36;30;35;31;.;.;.;
Tvärskogsskolan;76371416;Kalmar;0880;Kommunal;Kalmar kommun;2120000746;24;45,8;..;66,7;9;7;8;.;.;.;.;.;.;
Vasaskolan;18784702;Kalmar;0880;Kommunal;Kalmar kommun;2120000746;377;48,5;22,8;70,8;64;59;68;50;68;68;.;.;.;
Västra Skolan Kalmar;94235119;Kalmar;0880;Enskild;CIS Kalmar AB;5565896213;154;37,0;11,0;78,6;.;.;.;.;.;.;77;25;52;
Åbyskolan;58247022;Kalmar;0880;Kommunal;Kalmar kommun;2120000746;216;56,0;6,0;57,9;27;45;38;35;31;40;.;.;.;
Carl Johanskolan;34231336;Karlsborg;1446;Kommunal;Karlsborgs kommun;2120001629;221;53,4;12,7;62,9;.;.;.;.;.;.;76;82;63;
Forsviks friskola;54962744;Karlsborg;1446;Enskild;Forsviks Friskola;8655010661;77;51,9;15,6;62,3;11;14;9;8;16;19;.;.;.;
Mölltorpskolan;72757148;Karlsborg;1446;Kommunal;Karlsborgs kommun;2120001629;105;51,4;19,0;56,2;16;17;18;16;23;15;.;.;.;
Strandskolan;22891571;Karlsborg;1446;Kommunal;Karlsborgs kommun;2120001629;242;45,5;19,0;58,3;34;46;46;45;37;34;.;.;.;
Bodestorpsskolan;83020943;Karlshamn;1082;Kommunal;Karlshamns kommun;2120000845;338;45,3;31,4;65,4;50;60;57;52;60;59;.;.;.;
Hällaryds skola;75372005;Karlshamn;1082;Kommunal;Karlshamns kommun;2120000845;73;45,2;9,6;61,6;15;20;10;9;10;9;.;.;.;
Karlshamns Montessoriskola;23032196;Karlshamn;1082;Enskild;Karlshamns Montessori-Skola- Ekonomisk Förening;7696004071;104;47,1;24,0;82,7;15;19;13;18;21;18;.;.;.;
Klockebacksskolan;64496478;Karlshamn;1082;Kommunal;Karlshamns kommun;2120000845;301;48,5;25,2;55,8;47;44;50;49;67;44;.;.;.;
Korpadalsskolan;21244566;Karlshamn;1082;Kommunal;Karlshamns kommun;2120000845;319;50,5;13,5;68,7;51;54;58;42;58;56;.;.;.;
Möllegårdens skola;47955009;Karlshamn;1082;Kommunal;Karlshamns kommun;2120000845;177;50,8;29,4;40,1;31;34;30;30;18;34;.;.;.;
Mörrums skola;37589444;Karlshamn;1082;Kommunal;Karlshamns kommun;2120000845;410;51,2;20,0;54,1;64;65;59;71;71;80;.;.;.;
Norrevångskolan;89878714;Karlshamn;1082;Kommunal;Karlshamns kommun;2120000845;219;47,5;19,2;54,8;.;.;.;.;.;.;87;65;67;
Prästslättsskolan;11703307;Karlshamn;1082;Kommunal;Karlshamns kommun;2120000845;265;49,8;29,8;62,6;43;34;59;37;44;48;.;.;.;
Stenbackaskolan;16767324;Karlshamn;1082;Kommunal;Karlshamns kommun;2120000845;305;50,2;23,3;61,6;.;.;.;.;.;.;103;99;103;
Sternöskolan;83380643;Karlshamn;1082;Kommunal;Karlshamns kommun;2120000845;120;55,0;54,2;50,8;20;13;23;22;24;18;.;.;.;
Thoren Framtid i Karlshamn;16249641;Karlshamn;1082;Enskild;Thoren Framtid AB;5567497051;235;43,0;14,0;66,8;.;.;.;.;.;.;82;69;84;
Waldorfskolan i Karlshamn;22909101;Karlshamn;1082;Enskild;Daggkåpan Ekonomisk Förening;7164056082;102;51,0;17,6;60,8;7;9;7;12;18;9;13;10;17;
Åryds Friskola;45295878;Karlshamn;1082;Enskild;Åryds Friskola;8024419700;37;40,5;..;56,8;6;6;8;11;3;3;.;.;.;
Österslättsskolan;43859477;Karlshamn;1082;Kommunal;Karlshamns kommun;2120000845;351;53,0;35,9;61,5;.;.;.;.;.;.;113;112;126;
Aggerudsskolan;37648907;Karlskoga;1883;Kommunal;Karlskoga kommun;2120001991;350;48,0;19,1;57,1;60;64;66;54;52;54;.;.;.;
Bregårdsskolan 4-6;22049477;Karlskoga;1883;Kommunal;Karlskoga kommun;2120001991;166;49,4;25,9;54,8;.;.;.;57;51;58;.;.;.;
Bregårdsskolan 7-9;71762216;Karlskoga;1883;Kommunal;Karlskoga kommun;2120001991;406;50,5;27,1;48,8;.;.;.;.;.;.;133;140;133;
Bråtenskolan;23655127;Karlskoga;1883;Kommunal;Karlskoga kommun;2120001991;247;46,2;7,3;61,5;48;39;31;41;44;44;.;.;.;
Granbergsdals skola;85486578;Karlskoga;1883;Enskild;Lonnhyttans Skola Ekonomisk Förening;7164532033;69;44,9;..;47,8;18;9;10;16;5;11;.;.;.;
Häsängsskolan;76977393;Karlskoga;1883;Kommunal;Karlskoga kommun;2120001991;59;55,9;69,5;35,6;59;.;.;.;.;.;.;.;.;
Karlbergsskolan;44008528;Karlskoga;1883;Kommunal;Karlskoga kommun;2120001991;346;47,4;28,0;37,3;64;43;71;55;55;58;.;.;.;
Rävåsskolan;16112812;Karlskoga;1883;Kommunal;Karlskoga kommun;2120001991;159;53,5;25,8;56,6;51;50;58;.;.;.;.;.;.;
Sandviksskolan;84776762;Karlskoga;1883;Kommunal;Karlskoga kommun;2120001991;280;46,1;21,8;51,1;39;53;45;41;50;52;.;.;.;
Skrantaskolan;65654358;Karlskoga;1883;Kommunal;Karlskoga kommun;2120001991;368;50,3;35,1;50,8;.;.;.;.;.;.;126;126;116;
Stråningstorpsskolan;19425825;Karlskoga;1883;Kommunal;Karlskoga kommun;2120001991;309;47,6;57,3;30,7;.;60;56;59;65;69;.;.;.;
Österledskolan;34767418;Karlskoga;1883;Kommunal;Karlskoga kommun;2120001991;297;51,2;16,2;51,2;.;.;.;.;.;.;96;102;99;
Aspöskolan F-6;20767970;Karlskrona;1080;Kommunal;Karlskrona kommun;2120000829;23;60,9;..;87,0;4;1;4;7;4;3;.;.;.;
Bastasjö Friskola AB;76776855;Karlskrona;1080;Enskild;Bastasjö Friskola AB;5568076375;132;40,2;6,8;85,6;23;25;18;17;24;25;.;.;.;
Ekekullen skola;70122435;Karlskrona;1080;Enskild;Nytida Riggen AB;5566127097;5;..;..;..;.;.;.;.;.;.;1;1;3;
Fridlevstadskolan 3-6;17950126;Karlskrona;1080;Kommunal;Karlskrona kommun;2120000829;104;48,1;..;58,7;.;.;31;23;33;17;.;.;.;
Friskolan Svettpärlan;93964634;Karlskrona;1080;Enskild;Friskolan Svettpärlan AB;5565570446;238;47,5;6,3;87,0;26;27;26;28;25;27;26;27;26;
Fågelmaraskolan F-6;52201227;Karlskrona;1080;Kommunal;Karlskrona kommun;2120000829;86;54,7;10,5;59,3;13;18;6;11;19;19;.;.;.;
Hasslöskolan F-6;57420772;Karlskrona;1080;Kommunal;Karlskrona kommun;2120000829;112;54,5;4,5;75,9;19;22;14;19;21;17;.;.;.;
Holmsjöskolan F-6;55030330;Karlskrona;1080;Kommunal;Karlskrona kommun;2120000829;74;48,6;12,2;40,5;18;18;9;11;7;11;.;.;.;
Hästöskolan F-6;88401011;Karlskrona;1080;Kommunal;Karlskrona kommun;2120000829;144;58,3;13,2;93,1;25;21;24;25;20;29;.;.;.;
Innovitaskolan Karlskrona;10662754;Karlskrona;1080;Enskild;AcadeMedia fria grundskolor AB;5569320699;371;49,6;17,5;73,3;13;14;6;13;22;22;103;76;102;
International School of Karlskrona;22763731;Karlskrona;1080;Kommunal;Karlskrona kommun;2120000829;89;58,4;87,6;65,2;11;12;9;13;15;7;10;8;4;
Jämjö kunskapscentrum;97495074;Karlskrona;1080;Kommunal;Karlskrona kommun;2120000829;603;48,4;5,5;65,0;45;52;37;52;51;61;97;101;107;
Karlskrona Montessorifriskola;67509465;Karlskrona;1080;Enskild;Karlskrona Montessorifriskola AB;5565030599;219;47,0;18,3;86,8;23;25;23;25;23;24;27;26;23;
Karlskrona Resursskola Aklejaskolan;29794705;Karlskrona;1080;Kommunal;Karlskrona kommun;2120000829;28;28,6;..;57,1;.;.;.;.;.;.;9;8;11;
Kättilsmålaskolan F-6;35751509;Karlskrona;1080;Kommunal;Karlskrona kommun;2120000829;52;51,9;.;63,5;11;7;10;7;7;10;.;.;.;
Lyckeby kunskapscentrum F-9;55709634;Karlskrona;1080;Kommunal;Karlskrona kommun;2120000829;519;52,2;29,9;69,7;17;21;39;36;32;43;100;109;122;
Musikugglan;93919365;Karlskrona;1080;Enskild;Tant Grön AB;5564127099;468;49,6;16,0;84,0;50;52;48;52;49;53;52;54;58;
Nättraby kunskapscentrum F-9;76323160;Karlskrona;1080;Kommunal;Karlskrona kommun;2120000829;729;51,2;4,9;82,9;81;76;94;70;73;71;86;101;77;
Piggelinen;99469094;Karlskrona;1080;Enskild;Friskolan PANEA AB;5567260954;154;46,1;33,8;61,0;12;12;17;18;20;24;12;25;14;
Ramdalaskolan F-6;51415031;Karlskrona;1080;Kommunal;Karlskrona kommun;2120000829;201;47,3;..;74,1;34;43;33;29;31;31;.;.;.;
Rosenfeldtskolan F-6;12935859;Karlskrona;1080;Kommunal;Karlskrona kommun;2120000829;193;43,5;39,4;56,0;35;28;27;38;24;41;.;.;.;
Rosenholmskolan Sport College 7-9;89523926;Karlskrona;1080;Kommunal;Karlskrona kommun;2120000829;162;28,4;4,9;85,8;.;.;.;.;.;.;54;56;52;
Rödebyskolan F-9;32421136;Karlskrona;1080;Kommunal;Karlskrona kommun;2120000829;617;52,2;6,2;59,3;65;59;45;71;57;67;75;91;87;
Saltöskolan F-6;37053461;Karlskrona;1080;Kommunal;Karlskrona kommun;2120000829;123;46,3;21,1;82,9;23;22;20;17;21;20;.;.;.;
Spandelstorpskolan F-6;58982564;Karlskrona;1080;Kommunal;Karlskrona kommun;2120000829;315;45,7;11,1;77,8;44;46;60;49;59;57;.;.;.;
Strömsbergs Friskola;58881130;Karlskrona;1080;Enskild;Friskolan i Strömsberg AB;5568823859;61;54,1;..;54,1;10;17;9;15;7;3;.;.;.;
Sturköskolan F-6;55592897;Karlskrona;1080;Kommunal;Karlskrona kommun;2120000829;75;54,7;..;64,0;13;8;17;14;9;14;.;.;.;
Sunnadalskolan F-9;21608206;Karlskrona;1080;Kommunal;Karlskrona kommun;2120000829;331;54,1;91,8;27,8;29;42;33;41;41;46;31;25;43;
Torhamnskolan F-6;22552676;Karlskrona;1080;Kommunal;Karlskrona kommun;2120000829;44;40,9;..;70,5;10;5;10;7;5;7;.;.;.;
Tullskolan F-6;14388216;Karlskrona;1080;Kommunal;Karlskrona kommun;2120000829;158;42,4;77,8;44,9;19;30;31;26;27;25;.;.;.;
Tvingskola F-2;96392396;Karlskrona;1080;Kommunal;Karlskrona kommun;2120000829;52;51,9;..;55,8;19;33;.;.;.;.;.;.;.;
Verköskolan F-2;95695515;Karlskrona;1080;Kommunal;Karlskrona kommun;2120000829;13;46,2;..;92,3;4;9;.;.;.;.;.;.;.;
Wämöskolan 7-9;63323984;Karlskrona;1080;Kommunal;Karlskrona kommun;2120000829;278;46,4;40,6;67,6;.;.;.;.;.;.;99;98;81;
Östra Torpskolan F-6;28023411;Karlskrona;1080;Kommunal;Karlskrona kommun;2120000829;232;49,1;19,4;67,7;32;39;37;38;43;43;.;.;.;
Backa Friskola;71069295;Karlstad;1780;Enskild;Nyed Friskola Ekonomisk förening;7696278477;45;42,2;28,9;73,3;2;8;8;10;5;1;.;3;8;
Fredricelundsskolan;15838696;Karlstad;1780;Kommunal;Karlstads kommun;2120001850;206;47,1;51,9;45,6;43;39;39;25;36;24;.;.;.;
Frödingskolan;22049068;Karlstad;1780;Kommunal;Karlstads kommun;2120001850;314;47,5;68,2;37,3;.;.;.;64;36;48;52;65;49;
Färjestadsskolan 4-6;41529488;Karlstad;1780;Kommunal;Karlstads kommun;2120001850;216;46,3;43,5;56,0;.;.;.;78;69;69;.;.;.;
Färjestadsskolan F-3;44474627;Karlstad;1780;Kommunal;Karlstads kommun;2120001850;236;53,0;38,6;59,3;82;69;85;.;.;.;.;.;.;
Hagaborgsskolan;55511360;Karlstad;1780;Kommunal;Karlstads kommun;2120001850;160;45,0;18,8;72,5;51;59;50;.;.;.;.;.;.;
Herrhagsskolan 4-6;25558716;Karlstad;1780;Kommunal;Karlstads kommun;2120001850;153;47,7;15,0;68,0;.;.;.;51;50;52;.;.;.;
Herrhagsskolan F-3;25587225;Karlstad;1780;Kommunal;Karlstads kommun;2120001850;188;51,1;18,6;63,3;75;52;61;.;.;.;.;.;.;
Hultsbergsskolan 7-9;99406709;Karlstad;1780;Kommunal;Karlstads kommun;2120001850;218;46,8;27,5;61,0;.;.;.;.;.;.;69;66;83;
Hultsbergsskolan F-6;80699670;Karlstad;1780;Kommunal;Karlstads kommun;2120001850;310;50,3;10,3;82,9;47;49;40;65;55;53;.;1;.;
Ilandaskolan;27418903;Karlstad;1780;Kommunal;Karlstads kommun;2120001850;475;46,3;4,8;85,5;.;.;.;.;.;.;170;146;159;
Internationella Engelska Skolan Karlstad;93730568;Karlstad;1780;Enskild;Internationella Engelska Skolan i Sverige AB;5564624368;821;54,7;39,2;72,1;.;.;.;120;118;125;149;154;155;
Kronoparksskolan;57384233;Karlstad;1780;Kommunal;Karlstads kommun;2120001850;265;55,8;71,7;40,8;90;100;75;.;.;.;.;.;.;
Kroppkärrskolan 4-6;15435434;Karlstad;1780;Kommunal;Karlstads kommun;2120001850;192;49,5;6,8;80,7;.;.;.;55;66;71;.;.;.;
Kroppkärrsskolan F-3;16972478;Karlstad;1780;Kommunal;Karlstads kommun;2120001850;194;49,0;9,8;87,1;65;66;63;.;.;.;.;.;.;
Kvarnbergsskolan;94659471;Karlstad;1780;Kommunal;Karlstads kommun;2120001850;264;47,3;23,1;74,2;52;42;45;42;43;40;.;.;.;
Mariebergsskolan;81424988;Karlstad;1780;Kommunal;Karlstads kommun;2120001850;400;47,8;21,8;73,5;.;.;.;.;.;.;125;134;141;
Montessorifriskolan Stellatus;37922640;Karlstad;1780;Enskild;Montessorifriskolan Stellatus Ekonomisk Förening;7696041107;87;47,1;13,8;90,8;16;17;19;8;14;13;.;.;.;
Nordic International School Karlstad;14290135;Karlstad;1780;Enskild;Nordic International School AB;5566102033;308;48,7;54,9;60,4;.;.;.;51;61;30;56;60;50;
Norrstrandsskolan 4-6;54409456;Karlstad;1780;Kommunal;Karlstads kommun;2120001850;198;51,5;10,1;79,3;.;.;.;61;66;71;.;.;.;
Norrstrandsskolan 7-9;20191380;Karlstad;1780;Kommunal;Karlstads kommun;2120001850;526;51,9;12,4;76,8;.;.;.;.;.;.;194;156;176;
Nyeds skola;41081474;Karlstad;1780;Kommunal;Karlstads kommun;2120001850;301;49,2;7,6;55,1;41;36;35;34;40;29;33;21;32;
Orrholmsskolan;67510587;Karlstad;1780;Kommunal;Karlstads kommun;2120001850;112;49,1;43,8;43,8;13;25;22;15;16;21;.;.;.;
Rudsskolan;23345056;Karlstad;1780;Kommunal;Karlstads kommun;2120001850;542;45,4;19,2;72,1;.;.;.;.;.;.;195;168;179;
Råtorpsskolan;48111694;Karlstad;1780;Kommunal;Karlstads kommun;2120001850;233;46,8;5,2;84,1;26;24;26;61;44;52;.;.;.;
Skattkärrsskolan 4-6;48300153;Karlstad;1780;Kommunal;Karlstads kommun;2120001850;196;43,9;5,1;78,6;.;.;.;68;66;62;.;.;.;
Skattkärrsskolan F-3;95586087;Karlstad;1780;Kommunal;Karlstads kommun;2120001850;214;48,6;5,1;73,8;69;80;65;.;.;.;.;.;.;
Skåreskolan;42264769;Karlstad;1780;Kommunal;Karlstads kommun;2120001850;245;44,9;4,5;82,0;12;24;23;51;66;69;.;.;.;
Stockfallets skola;43889515;Karlstad;1780;Kommunal;Karlstads kommun;2120001850;256;45,7;10,9;84,4;51;50;42;45;39;29;.;.;.;
Stodeneskolan;16944326;Karlstad;1780;Kommunal;Karlstads kommun;2120001850;319;56,1;7,2;85,9;62;49;56;55;49;48;.;.;.;
Södra Råtorps skola;62565038;Karlstad;1780;Kommunal;Karlstads kommun;2120001850;55;49,1;..;89,1;20;21;14;.;.;.;.;.;.;
Thoren Framtid Karlstad;85092070;Karlstad;1780;Enskild;Thorengruppen AB;5566139290;200;56,5;16,0;61,0;20;26;28;13;16;23;25;24;25;
Tuggeliteskolan;70178983;Karlstad;1780;Kommunal;Karlstads kommun;2120001850;111;48,6;..;88,3;33;37;41;.;.;.;.;.;.;
Vallargärdets skola;87919224;Karlstad;1780;Kommunal;Karlstads kommun;2120001850;127;47,2;4,7;78,7;21;25;25;18;21;17;.;.;.;
Vålbergsskolan 7-9;80659104;Karlstad;1780;Kommunal;Karlstads kommun;2120001850;146;42,5;19,2;44,5;.;.;.;.;.;.;47;43;56;
Vålbergsskolan F-6;41284234;Karlstad;1780;Kommunal;Karlstads kommun;2120001850;263;53,6;20,9;41,8;50;37;44;45;44;43;.;.;.;
Väse skola;60085423;Karlstad;1780;Kommunal;Karlstads kommun;2120001850;119;51,3;4,2;59,7;27;25;14;21;15;17;.;.;.;
Västerstrandsskolan 4-6;20905208;Karlstad;1780;Kommunal;Karlstads kommun;2120001850;180;53,3;18,9;77,2;.;.;.;63;60;57;.;.;.;
Västerstrandsskolan F-3;20640247;Karlstad;1780;Kommunal;Karlstads kommun;2120001850;225;50,7;26,2;73,3;61;91;73;.;.;.;.;.;.;
Bie skola;12384005;Katrineholm;0483;Kommunal;Katrineholms kommun;2120000340;79;41,8;7,6;57,0;16;13;12;13;8;17;.;.;.;
Björkviks skola;33139103;Katrineholm;0483;Kommunal;Katrineholms kommun;2120000340;71;40,8;..;36,6;11;11;14;9;12;14;.;.;.;
Forssjö skola;37569310;Katrineholm;0483;Kommunal;Katrineholms kommun;2120000340;115;42,6;7,8;63,5;30;17;21;14;21;12;.;.;.;
Julita skola;33912115;Katrineholm;0483;Kommunal;Katrineholms kommun;2120000340;75;48,0;..;73,3;15;16;10;13;9;12;.;.;.;
Järvenskolan;89029385;Katrineholm;0483;Kommunal;Katrineholms kommun;2120000340;996;48,3;38,6;45,4;.;.;.;.;.;.;302;347;347;
Järvenskolan City;49104656;Katrineholm;0483;Kommunal;Katrineholms kommun;2120000340;42;42,9;14,3;38,1;.;.;.;.;.;.;14;13;15;
Kunskapsskolan Katrineholm;16603772;Katrineholm;0483;Enskild;Kunskapsskolan i Sverige Aktiebolag;5565661815;442;50,9;16,3;64,5;.;.;.;42;68;58;100;94;80;
Nyhemsskolan;37597661;Katrineholm;0483;Kommunal;Katrineholms kommun;2120000340;341;46,3;51,9;35,5;67;57;65;54;44;54;.;.;.;
Sandbäcksskolan;53737995;Katrineholm;0483;Kommunal;Katrineholms kommun;2120000340;536;51,1;32,3;48,5;90;96;104;95;72;79;.;.;.;
Skogsborgsskolan;93823142;Katrineholm;0483;Kommunal;Katrineholms kommun;2120000340;446;49,8;39,5;46,6;83;81;75;74;59;74;.;.;.;
Sköldinge skola;84967178;Katrineholm;0483;Kommunal;Katrineholms kommun;2120000340;84;36,9;17,9;34,5;20;11;11;14;13;15;.;.;.;
Stensättersskolan 1;49653465;Katrineholm;0483;Kommunal;Katrineholms kommun;2120000340;188;48,4;52,7;38,3;62;62;64;.;.;.;.;.;.;
Stensättersskolan 2;94211290;Katrineholm;0483;Kommunal;Katrineholms kommun;2120000340;170;53,5;57,6;34,1;.;.;.;72;56;42;.;.;.;
Strångsjö skola;85558176;Katrineholm;0483;Kommunal;Katrineholms kommun;2120000340;39;51,3;..;28,2;7;9;11;4;2;6;.;.;.;
Valla skola;46617602;Katrineholm;0483;Kommunal;Katrineholms kommun;2120000340;174;44,3;9,2;45,4;33;26;31;35;26;23;.;.;.;
Bodaskolan;34568098;Kil;1715;Kommunal;Kils kommun;2120001751;71;42,3;.;45,1;9;16;11;8;13;14;.;.;.;
Dallidenskolan;71005223;Kil;1715;Kommunal;Kils kommun;2120001751;124;43,5;..;60,5;24;24;22;22;18;14;.;.;.;
Fageråsskolan;22252335;Kil;1715;Kommunal;Kils kommun;2120001751;84;46,4;6,0;41,7;12;17;20;14;12;9;.;.;.;
Sannerudsskolan 0-6;60285528;Kil;1715;Kommunal;Kils kommun;2120001751;173;54,3;32,9;49,1;34;30;24;31;29;25;.;.;.;
Sannerudsskolan 7-9;83291761;Kil;1715;Kommunal;Kils kommun;2120001751;343;46,9;12,0;55,7;.;.;.;.;.;.;115;116;112;
Tolitaskolan;99742257;Kil;1715;Kommunal;Kils kommun;2120001751;84;46,4;..;50,0;14;16;15;17;9;13;.;.;.;
Vikstaskolan;25656550;Kil;1715;Kommunal;Kils kommun;2120001751;378;50,8;3,4;63,0;67;60;62;61;72;56;.;.;.;
Bäckskolan;87726834;Kinda;0513;Kommunal;Kinda kommun;2120000399;153;53,6;30,1;37,3;50;64;39;.;.;.;.;.;.;
Horn skola;81739203;Kinda;0513;Kommunal;Kinda kommun;2120000399;50;56,0;12,0;44,0;13;5;11;10;6;5;.;.;.;
Rimforsa skola 4-6;11270670;Kinda;0513;Kommunal;Kinda kommun;2120000399;152;52,0;4,6;69,1;.;.;.;49;48;55;.;.;.;
Rimforsa skola F-3;10524420;Kinda;0513;Kommunal;Kinda kommun;2120000399;140;52,9;6,4;75,0;40;52;48;.;.;.;.;.;.;
Värgårdsskolan 4-6;31941469;Kinda;0513;Kommunal;Kinda kommun;2120000399;151;45,7;21,2;38,4;.;.;.;54;48;49;.;.;.;
Värgårdsskolan 7-9;75296593;Kinda;0513;Kommunal;Kinda kommun;2120000399;332;46,7;15,1;46,7;.;.;.;.;.;.;117;103;112;
Abisko skola;76026322;Kiruna;2584;Kommunal;Kiruna kommun;2120002783;12;50,0;.;91,7;2;.;1;3;.;3;.;1;2;
Bergaskolan;89218995;Kiruna;2584;Kommunal;Kiruna kommun;2120002783;114;46,5;15,8;51,8;36;33;45;.;.;.;.;.;.;
Högalidskolan 4-6;72627616;Kiruna;2584;Kommunal;Kiruna kommun;2120002783;138;49,3;19,6;54,3;.;.;.;41;47;50;.;.;.;
Högalidskolan 7-9;80693905;Kiruna;2584;Kommunal;Kiruna kommun;2120002783;309;44,7;15,2;55,0;.;.;.;.;.;.;115;98;96;
Jukkasjärvi skola;60427298;Kiruna;2584;Kommunal;Kiruna kommun;2120002783;96;45,8;..;44,8;19;19;20;20;18;.;.;.;.;
Karesuando skola;79467784;Kiruna;2584;Kommunal;Kiruna kommun;2120002783;77;45,5;13,0;46,8;6;5;6;8;4;13;9;15;11;
Luossavaaraskolan;21524917;Kiruna;2584;Kommunal;Kiruna kommun;2120002783;132;43,2;18,2;49,2;42;40;50;.;.;.;.;.;.;
Nya Raketskolan 1-3;88461066;Kiruna;2584;Kommunal;Kiruna kommun;2120002783;204;51,5;10,8;47,5;71;68;65;.;.;.;.;.;.;
Nya Raketskolan 4-6;73233718;Kiruna;2584;Kommunal;Kiruna kommun;2120002783;214;54,2;10,7;43,9;.;.;.;70;58;86;.;.;.;
Nya Raketskolan 7-9;43351950;Kiruna;2584;Kommunal;Kiruna kommun;2120002783;239;49,8;11,3;48,1;.;.;.;.;.;.;83;80;76;
Svappavaara skola;21462543;Kiruna;2584;Kommunal;Kiruna kommun;2120002783;22;59,1;50,0;22,7;4;4;3;2;6;3;.;.;.;
Thoren Framtid Vargen;73281949;Kiruna;2584;Enskild;Thoren Framtid AB;5567497051;157;47,1;..;80,3;.;.;.;26;26;27;25;25;28;
Thoren Framtid Vita vidderna;58205262;Kiruna;2584;Enskild;Thoren Framtid AB;5567497051;78;51,3;..;71,8;27;25;26;.;.;.;.;.;.;
Triangelskolan;14938538;Kiruna;2584;Kommunal;Kiruna kommun;2120002783;158;53,8;10,8;48,7;.;.;.;55;46;57;.;.;.;
Tuolluvaara skola;84886020;Kiruna;2584;Kommunal;Kiruna kommun;2120002783;53;58,5;..;54,7;16;16;21;.;.;.;.;.;.;
Vittangi skola;76314428;Kiruna;2584;Kommunal;Kiruna kommun;2120002783;89;53,9;16,9;44,9;9;9;12;12;10;9;16;8;4;
Övre Soppero skola;30318937;Kiruna;2584;Kommunal;Kiruna kommun;2120002783;13;61,5;..;92,3;2;3;3;2;.;3;.;.;.;
Antilopenskolan;22186991;Klippan;1276;Kommunal;Klippans kommun;2120000928;199;53,8;62,3;30,7;29;28;36;49;29;28;.;.;.;
Krika Bygdeskola;88988946;Klippan;1276;Enskild;Krika Skola Ideell Förening;8376008812;82;42,7;14,6;56,1;11;12;16;14;14;15;.;.;.;
Kungsfiskareskolan;77298745;Klippan;1276;Kommunal;Klippans kommun;2120000928;382;49,7;20,2;48,4;47;61;56;68;74;76;.;.;.;
Ljungbyhedsskolan;75091646;Klippan;1276;Kommunal;Klippans kommun;2120000928;332;49,4;20,2;48,5;39;35;27;29;34;42;48;39;39;
Pilagårdsskolan;45890320;Klippan;1276;Kommunal;Klippans kommun;2120000928;221;48,9;19,0;47,5;35;43;30;32;41;40;.;.;.;
Snyggatorpsskolan;10822811;Klippan;1276;Kommunal;Klippans kommun;2120000928;398;49,5;35,4;43,7;.;.;.;.;.;.;149;110;139;
Vedby skola;91920964;Klippan;1276;Kommunal;Klippans kommun;2120000928;119;52,9;15,1;53,8;10;24;23;14;23;25;.;.;.;
Adolfsbergsskolan;22335099;Knivsta;0330;Kommunal;Knivsta kommun;2120003013;559;46,3;12,9;75,8;.;.;.;.;59;81;137;139;143;
Alsike skola;49742321;Knivsta;0330;Kommunal;Knivsta kommun;2120003013;291;44,7;15,5;73,9;38;50;52;63;41;47;.;.;.;
Brännkärrsskolan;59464350;Knivsta;0330;Kommunal;Knivsta kommun;2120003013;196;42,9;10,7;78,6;46;50;51;49;.;.;.;.;.;
Högåsskolan;75149624;Knivsta;0330;Kommunal;Knivsta kommun;2120003013;404;50,2;18,8;76,0;68;67;70;65;69;65;.;.;.;
Lagga skola;30064502;Knivsta;0330;Kommunal;Knivsta kommun;2120003013;104;44,2;9,6;65,4;23;18;21;23;16;3;.;.;.;
Långhundra skola;72061363;Knivsta;0330;Kommunal;Knivsta kommun;2120003013;78;39,7;7,7;48,7;18;13;12;11;15;9;.;.;.;
Margarethaskolan;51867275;Knivsta;0330;Enskild;Knivsta Friskola Ekonomisk Förening;7696042618;209;50,7;14,4;79,4;26;26;25;22;23;15;27;25;20;
S:ta Maria Skola, Alsike;27371086;Knivsta;0330;Enskild;Knivsta Pastorat;2520032059;87;48,3;9,2;88,5;24;22;20;21;.;.;.;.;.;
Thunmanskolan;92364234;Knivsta;0330;Kommunal;Knivsta kommun;2120003013;362;44,5;13,8;68,0;.;.;.;.;.;.;111;126;125;
Valloxskolan;69174303;Knivsta;0330;Kommunal;Knivsta kommun;2120003013;168;48,2;35,7;59,5;24;25;26;37;22;34;.;.;.;
Ängbyskolan;24774687;Knivsta;0330;Kommunal;Knivsta kommun;2120003013;286;54,2;10,8;80,4;46;52;50;46;44;48;.;.;.;
Bollstaskolan;68749277;Kramfors;2282;Kommunal;Kramfors kommun;2120002429;154;44,8;21,4;40,9;25;25;22;26;31;25;.;.;.;
Docksta Friskola;63175758;Kramfors;2282;Enskild;DOCKSTA FRISKOLA Ekonomisk förening;7696227094;45;53,3;..;60,0;8;8;5;5;12;7;.;.;.;
Grämestaskolan;76249351;Kramfors;2282;Kommunal;Kramfors kommun;2120002429;40;60,0;45,0;30,0;7;16;17;.;.;.;.;.;.;
Gudmundråskolan;11159060;Kramfors;2282;Kommunal;Kramfors kommun;2120002429;364;51,4;25,8;40,9;.;.;.;.;.;.;129;115;120;
Högakustenskolan;75515918;Kramfors;2282;Kommunal;Kramfors kommun;2120002429;306;48,0;13,4;47,7;23;29;18;17;12;10;68;68;61;
Kramforsskolan 1;63885390;Kramfors;2282;Kommunal;Kramfors kommun;2120002429;261;50,2;33,0;45,2;.;.;.;89;89;83;.;.;.;
Nordingråskolan;63916639;Kramfors;2282;Kommunal;Kramfors kommun;2120002429;63;52,4;7,9;52,4;12;14;15;9;6;7;.;.;.;
Nylandsskolan;43334647;Kramfors;2282;Kommunal;Kramfors kommun;2120002429;116;59,5;10,3;47,4;23;14;18;18;19;24;.;.;.;
Skarpåkersskolan;80372390;Kramfors;2282;Kommunal;Kramfors kommun;2120002429;185;43,8;36,2;36,8;60;60;65;.;.;.;.;.;.;
Ullångersskolan;13336657;Kramfors;2282;Kommunal;Kramfors kommun;2120002429;72;56,9;16,7;56,9;17;12;12;10;12;9;.;.;.;
Antonskolan Blekedamm;14555807;Kristianstad;1290;Enskild;Anton Utbildning AB;5566024906;235;46,0;21,3;71,5;25;19;23;24;24;24;24;25;47;
Antonskolan Österäng;57538739;Kristianstad;1290;Enskild;Anton Utbildning AB;5566024906;200;46,5;74,5;45,0;23;25;19;23;19;22;26;23;20;
Centralskolan;50943576;Kristianstad;1290;Kommunal;Kristianstads kommun;2120000951;169;52,1;80,5;33,1;36;29;28;25;31;20;.;.;.;
Degebergaskolan L;58968208;Kristianstad;1290;Kommunal;Kristianstads kommun;2120000951;73;46,6;13,7;43,8;29;15;29;.;.;.;.;.;.;
Degebergaskolan MH;58419840;Kristianstad;1290;Kommunal;Kristianstads kommun;2120000951;239;47,7;10,9;52,3;.;.;.;33;34;31;61;37;43;
Everöds skola;27858536;Kristianstad;1290;Kommunal;Kristianstads kommun;2120000951;77;50,6;13,0;45,5;17;14;9;11;12;14;.;.;.;
Fjälkestads skola;54270070;Kristianstad;1290;Kommunal;Kristianstads kommun;2120000951;85;40,0;8,2;85,9;.;.;.;28;32;25;.;.;.;
Fjälkinge skola L;12725451;Kristianstad;1290;Kommunal;Kristianstads kommun;2120000951;89;53,9;9,0;62,9;26;29;34;.;.;.;.;.;.;
Fjälkinge skola MH;13867770;Kristianstad;1290;Kommunal;Kristianstads kommun;2120000951;351;43,3;14,5;53,3;.;.;.;38;30;44;83;83;73;
Fröknegårdskolan H1;80871896;Kristianstad;1290;Kommunal;Kristianstads kommun;2120000951;206;59,2;78,2;37,9;.;.;.;.;.;.;97;.;109;
Fröknegårdskolan H2;97438636;Kristianstad;1290;Kommunal;Kristianstads kommun;2120000951;132;63,6;67,4;41,7;.;.;.;.;.;.;.;132;.;
Fröknegårdskolan LM;51988106;Kristianstad;1290;Kommunal;Kristianstads kommun;2120000951;199;55,8;72,4;53,3;21;45;25;29;37;42;.;.;.;
Färlövs skola;69629367;Kristianstad;1290;Kommunal;Kristianstads kommun;2120000951;144;40,3;15,3;55,6;29;33;26;33;23;.;.;.;.;
Hammars skola L;52719739;Kristianstad;1290;Kommunal;Kristianstads kommun;2120000951;176;50,6;31,3;70,5;67;49;60;.;.;.;.;.;.;
Hammars skola M;52798556;Kristianstad;1290;Kommunal;Kristianstads kommun;2120000951;155;56,8;38,1;64,5;.;.;.;55;41;59;.;.;.;
Helgedalskolan;53285375;Kristianstad;1290;Kommunal;Kristianstads kommun;2120000951;210;44,3;55,7;52,9;44;34;33;35;36;28;.;.;.;
Kiaby skola;47456573;Kristianstad;1290;Kommunal;Kristianstads kommun;2120000951;61;42,6;8,2;73,8;15;9;10;15;12;.;.;.;.;
Kulltorpskolan LM;49567614;Kristianstad;1290;Kommunal;Kristianstads kommun;2120000951;308;48,7;48,1;63,6;52;52;50;52;51;51;.;.;.;
Köpinge skola;79166834;Kristianstad;1290;Kommunal;Kristianstads kommun;2120000951;129;48,1;8,5;58,9;19;24;24;18;20;24;.;.;.;
Linderöds skola;82896913;Kristianstad;1290;Kommunal;Kristianstads kommun;2120000951;28;57,1;..;57,1;13;7;8;.;.;.;.;.;.;
Lingenässkolan L;84359849;Kristianstad;1290;Kommunal;Kristianstads kommun;2120000951;205;55,6;91,7;24,9;65;57;83;.;.;.;.;.;.;
Lingenässkolan M;93657965;Kristianstad;1290;Kommunal;Kristianstads kommun;2120000951;194;50,0;92,8;25,8;.;.;.;65;61;68;.;.;.;
Montessori Mondial Kristianstad;72491525;Kristianstad;1290;Enskild;Pysslingen Förskolor och Skolor AB;5560354309;379;47,5;54,1;60,4;48;52;51;39;38;48;35;34;34;
Norretullskolan;59782586;Kristianstad;1290;Kommunal;Kristianstads kommun;2120000951;266;41,4;66,5;44,7;.;.;.;.;.;.;88;87;91;
Nosabyskolan H;98284563;Kristianstad;1290;Kommunal;Kristianstads kommun;2120000951;277;53,4;32,1;70,0;.;.;.;.;.;.;.;139;138;
Nosabyskolan MH;97295152;Kristianstad;1290;Kommunal;Kristianstads kommun;2120000951;202;67,8;31,2;74,3;.;.;.;21;21;25;135;.;.;
Parkskolan LM;15190275;Kristianstad;1290;Kommunal;Kristianstads kommun;2120000951;289;43,6;66,1;47,8;48;51;50;51;52;37;.;.;.;
Rickarums skola;22284806;Kristianstad;1290;Enskild;Rickarums Skolförening;8024612114;31;54,8;..;58,1;10;5;11;3;2;.;.;.;.;
Rinkaby skola;14799941;Kristianstad;1290;Kommunal;Kristianstads kommun;2120000951;67;44,8;19,4;65,7;10;11;16;10;9;11;.;.;.;
Rönnowskolan H1;51801312;Kristianstad;1290;Kommunal;Kristianstads kommun;2120000951;171;58,5;9,9;76,0;.;.;.;.;.;.;171;.;.;
Rönnowskolan H2;13756290;Kristianstad;1290;Kommunal;Kristianstads kommun;2120000951;297;47,1;8,4;77,1;.;.;.;.;.;.;.;135;162;
Slättängsskolan H;63356940;Kristianstad;1290;Kommunal;Kristianstads kommun;2120000951;349;51,9;34,1;59,0;.;.;.;.;.;.;116;115;118;
Slättängsskolan LM;50316106;Kristianstad;1290;Kommunal;Kristianstads kommun;2120000951;148;56,8;61,5;39,9;20;26;24;26;27;25;.;.;.;
Spängerskolan;45819321;Kristianstad;1290;Kommunal;Kristianstads kommun;2120000951;255;50,6;9,4;55,7;27;31;31;28;26;34;26;29;23;
Sånnaskolan L;62009354;Kristianstad;1290;Kommunal;Kristianstads kommun;2120000951;212;51,4;12,7;73,6;64;76;72;.;.;.;.;.;.;
Sånnaskolan M;85853304;Kristianstad;1290;Kommunal;Kristianstads kommun;2120000951;263;52,5;10,3;75,7;.;.;.;96;85;82;.;.;.;
Thoren Framtid Axona;81452013;Kristianstad;1290;Enskild;Axona Dendron AB;5565937868;180;50,6;7,2;72,8;19;21;21;21;20;21;22;19;16;
Tollarps skola L;75994251;Kristianstad;1290;Kommunal;Kristianstads kommun;2120000951;132;45,5;19,7;45,5;44;51;37;.;.;.;.;.;.;
Tollarps skola MH;45430802;Kristianstad;1290;Kommunal;Kristianstads kommun;2120000951;295;43,7;20,0;43,4;.;.;.;54;45;47;50;54;45;
Trolle Ljungby skola;29669758;Kristianstad;1290;Enskild;Trollebygdens Byaskolor Ekonomisk förening;7164367604;76;44,7;6,6;67,1;14;14;7;12;17;12;.;.;.;
Viby skola;68950651;Kristianstad;1290;Kommunal;Kristianstads kommun;2120000951;112;43,8;14,3;77,7;19;22;17;17;16;21;.;.;.;
Villaskolan L;89875292;Kristianstad;1290;Kommunal;Kristianstads kommun;2120000951;101;52,5;6,9;80,2;28;45;28;.;.;.;.;.;.;
Villaskolan M;89769643;Kristianstad;1290;Kommunal;Kristianstads kommun;2120000951;131;39,7;4,6;77,1;.;.;.;32;28;71;.;.;.;
Vittskövle skola;41240740;Kristianstad;1290;Kommunal;Kristianstads kommun;2120000951;30;46,7;..;66,7;8;10;12;.;.;.;.;.;.;
Väskolan L;70339689;Kristianstad;1290;Kommunal;Kristianstads kommun;2120000951;147;49,7;9,5;76,2;54;38;55;.;.;.;.;.;.;
Väskolan MH;75922665;Kristianstad;1290;Kommunal;Kristianstads kommun;2120000951;327;45,9;11,9;68,5;.;.;.;61;51;58;48;51;58;
Yngsjö skola;88010789;Kristianstad;1290;Kommunal;Kristianstads kommun;2120000951;46;63,0;..;54,3;11;5;4;9;7;10;.;.;.;
Öllsjöskolan L;88024354;Kristianstad;1290;Kommunal;Kristianstads kommun;2120000951;154;44,8;16,9;75,3;52;51;51;.;.;.;.;.;.;
Öllsjöskolan MH;46211392;Kristianstad;1290;Kommunal;Kristianstads kommun;2120000951;334;49,1;25,7;69,2;.;.;.;58;52;56;56;55;57;
Önnestads skola H;18636287;Kristianstad;1290;Kommunal;Kristianstads kommun;2120000951;151;39,7;18,5;57,6;.;.;.;.;.;.;49;50;52;
Önnestads skola LM;55252770;Kristianstad;1290;Kommunal;Kristianstads kommun;2120000951;213;50,2;18,3;66,2;34;37;28;30;30;54;.;.;.;
Österslövs skola;66367722;Kristianstad;1290;Kommunal;Kristianstads kommun;2120000951;75;41,3;..;81,3;26;28;21;.;.;.;.;.;.;
Björneborgs skola F-6;77815401;Kristinehamn;1781;Kommunal;Kristinehamns kommun;2120001868;81;48,1;25,9;24,7;19;9;9;12;18;14;.;.;.;
Djurgårdsskolan F-9;55509192;Kristinehamn;1781;Kommunal;Kristinehamns kommun;2120001868;699;48,1;15,5;56,4;73;72;71;66;90;64;88;89;86;
Grunnebacka skola F-6;87549929;Kristinehamn;1781;Kommunal;Kristinehamns kommun;2120001868;36;27,8;..;63,9;7;5;1;5;10;8;.;.;.;
Stenstalidskolan F-9;14885908;Kristinehamn;1781;Kommunal;Kristinehamns kommun;2120001868;580;49,0;16,2;56,4;35;47;47;79;62;68;83;83;76;
Strandskolan;43348908;Kristinehamn;1781;Kommunal;Kristinehamns kommun;2120001868;83;53,0;10,8;57,8;27;23;33;.;.;.;.;.;.;
Södermalmsskolan F-9;27777261;Kristinehamn;1781;Kommunal;Kristinehamns kommun;2120001868;734;50,0;37,9;52,6;86;83;75;76;80;88;75;83;88;
Ölmeskolan;30592273;Kristinehamn;1781;Kommunal;Kristinehamns kommun;2120001868;92;48,9;..;70,7;18;11;16;19;13;15;.;.;.;
Aspås skola;40830548;Krokom;2309;Kommunal;Krokoms kommun;2120002478;83;57,8;..;71,1;11;22;9;16;13;12;.;.;.;
Cederbergsskolan F-9;64778601;Krokom;2309;Kommunal;Krokoms kommun;2120002478;102;44,1;16,7;40,2;8;5;8;9;10;9;14;23;16;
Dvärsätts skola;11389751;Krokom;2309;Kommunal;Krokoms kommun;2120002478;104;43,3;..;80,8;18;13;19;13;27;14;.;.;.;
Hovs skola;35462975;Krokom;2309;Kommunal;Krokoms kommun;2120002478;27;70,4;..;70,4;4;4;4;4;4;7;.;.;.;
Kaxås skola;24892488;Krokom;2309;Kommunal;Krokoms kommun;2120002478;38;50,0;13,2;42,1;9;6;5;5;7;6;.;.;.;
Kvarnbackskolan Hissmoskolan;23796121;Krokom;2309;Kommunal;Krokoms kommun;2120002478;186;46,8;14,5;46,8;28;39;31;30;29;29;.;.;.;
Laxsjö skola;62442955;Krokom;2309;Kommunal;Krokoms kommun;2120002478;25;40,0;20,0;48,0;9;3;4;3;3;3;.;.;.;
Nyhedens skola;40025257;Krokom;2309;Kommunal;Krokoms kommun;2120002478;227;45,4;5,7;60,8;.;.;.;.;.;.;96;68;63;
Näldenskolan;46085051;Krokom;2309;Kommunal;Krokoms kommun;2120002478;161;50,3;16,1;49,1;32;26;28;29;20;26;.;.;.;
Rödöns skola;45736013;Krokom;2309;Kommunal;Krokoms kommun;2120002478;79;46,8;.;74,7;20;15;10;14;10;10;.;.;.;
Sånghusvallens skola;28860521;Krokom;2309;Kommunal;Krokoms kommun;2120002478;177;47,5;4,0;85,9;25;26;23;25;32;46;.;.;.;
Trångsvikens skola;86332806;Krokom;2309;Kommunal;Krokoms kommun;2120002478;40;57,5;..;40,0;10;8;6;2;9;5;.;.;.;
Valsjöbyns skola;29417777;Krokom;2309;Kommunal;Krokoms kommun;2120002478;11;54,5;..;81,8;.;4;2;1;3;1;.;.;.;
Ås skola   F-6;25036442;Krokom;2309;Kommunal;Krokoms kommun;2120002478;98;48,0;..;88,8;32;32;34;.;.;.;.;.;.;
Ås skola 7-9;54952732;Krokom;2309;Kommunal;Krokoms kommun;2120002478;331;46,8;7,6;78,2;.;.;.;27;36;42;74;77;75;
Änge F-6;76684659;Krokom;2309;Kommunal;Krokoms kommun;2120002478;58;43,1;12,1;51,7;23;14;21;.;.;.;.;.;.;
Änge skola 7-9;25036714;Krokom;2309;Kommunal;Krokoms kommun;2120002478;188;48,9;14,4;57,4;.;.;.;17;7;30;34;56;44;
Ekeby skola;48016240;Kumla;1881;Kommunal;Kumla kommun;2120001975;97;54,6;..;63,9;19;18;13;23;16;8;.;.;.;
Fylsta skola;73848710;Kumla;1881;Kommunal;Kumla kommun;2120001975;284;49,3;41,5;47,5;51;42;46;48;55;42;.;.;.;
Hagaskolan;89533473;Kumla;1881;Kommunal;Kumla kommun;2120001975;235;51,1;6,8;66,4;42;49;44;26;30;44;.;.;.;
Hardemo skola;59594715;Kumla;1881;Kommunal;Kumla kommun;2120001975;50;50,0;..;58,0;7;7;7;5;11;13;.;.;.;
Kumlaby skola 7-9;75692870;Kumla;1881;Kommunal;Kumla kommun;2120001975;196;45,4;23,0;43,4;.;.;.;.;.;.;94;48;54;
Kumlaby skola F-6;49957284;Kumla;1881;Kommunal;Kumla kommun;2120001975;238;45,8;25,2;42,9;32;50;37;41;41;37;.;.;.;
Lillhedens skola;17387844;Kumla;1881;Kommunal;Kumla kommun;2120001975;33;51,5;..;42,4;13;6;10;4;.;.;.;.;.;
Malmens skola;12251866;Kumla;1881;Kommunal;Kumla kommun;2120001975;133;39,1;60,9;33,1;25;22;20;22;25;19;.;.;.;
Skogstorpsskolan 7-9;44243725;Kumla;1881;Kommunal;Kumla kommun;2120001975;334;47,3;12,3;61,7;.;.;.;.;.;.;117;107;110;
Skogstorpsskolan F-6;26053163;Kumla;1881;Kommunal;Kumla kommun;2120001975;437;47,1;10,5;71,9;74;70;76;73;69;75;.;.;.;
Stene skola;61336347;Kumla;1881;Kommunal;Kumla kommun;2120001975;122;41,8;4,9;62,3;13;19;21;26;22;21;.;.;.;
Tallängens skola;22082291;Kumla;1881;Kommunal;Kumla kommun;2120001975;201;58,7;6,0;48,3;25;33;32;35;38;38;.;.;.;
Vialundskolan;99992013;Kumla;1881;Kommunal;Kumla kommun;2120001975;313;51,8;26,8;46,0;.;.;.;.;.;.;88;106;119;
Björkris skola F-6;65390344;Kungsbacka;1384;Kommunal;Kungsbacka kommun;2120001256;147;49,0;8,8;73,5;26;22;21;29;25;24;.;.;.;
Fjordskolan Kungen;44247625;Kungsbacka;1384;Kommunal;Kungsbacka kommun;2120001256;155;52,3;7,1;74,2;.;48;.;46;.;61;.;.;.;
Fjordskolan Nidingen;36470223;Kungsbacka;1384;Kommunal;Kungsbacka kommun;2120001256;161;57,8;5,6;79,5;42;.;49;.;70;.;.;.;.;
Fjärås Bräckaskolan Gaia;22251626;Kungsbacka;1384;Kommunal;Kungsbacka kommun;2120001256;154;42,9;9,7;62,3;44;65;45;.;.;.;.;.;.;
Fjärås Bräckaskolan Tellus;19922386;Kungsbacka;1384;Kommunal;Kungsbacka kommun;2120001256;131;43,5;6,9;61,8;45;42;44;.;.;.;.;.;.;
Fjärås Bräckaskolan Terra;22938661;Kungsbacka;1384;Kommunal;Kungsbacka kommun;2120001256;202;48,0;12,4;62,9;.;.;.;110;92;.;.;.;.;
Frillesåsskolan 4-6;67682956;Kungsbacka;1384;Kommunal;Kungsbacka kommun;2120001256;169;47,3;4,7;68,0;.;.;.;59;53;57;.;.;.;
Frillesåsskolan 7-9;67578984;Kungsbacka;1384;Kommunal;Kungsbacka kommun;2120001256;180;50,0;7,8;65,0;.;.;.;.;.;.;55;56;69;
Frillesåsskolan F-3;99043601;Kungsbacka;1384;Kommunal;Kungsbacka kommun;2120001256;175;44,6;6,3;65,1;53;63;59;.;.;.;.;.;.;
Fullriggaren Malevik 4-9;33170625;Kungsbacka;1384;Kommunal;Kungsbacka kommun;2120001256;185;46,5;11,4;88,6;.;.;.;21;29;39;29;39;28;
Fullriggaren Malevik F-3;96836168;Kungsbacka;1384;Kommunal;Kungsbacka kommun;2120001256;64;57,8;12,5;90,6;22;23;19;.;.;.;.;.;.;
Furulidsskolan;59624096;Kungsbacka;1384;Kommunal;Kungsbacka kommun;2120001256;192;50,0;7,8;74,0;27;31;33;35;30;36;.;.;.;
Gottskär Grundskola;90784555;Kungsbacka;1384;Enskild;Gottskär Grundskola Ekonomisk förening;7696013361;189;43,9;10,1;79,9;20;14;21;23;21;28;25;17;20;
Gullregnsskolan;70505032;Kungsbacka;1384;Kommunal;Kungsbacka kommun;2120001256;86;41,9;25,6;54,7;22;32;32;.;.;.;.;.;.;
Gällingeskolan Blå;15914381;Kungsbacka;1384;Kommunal;Kungsbacka kommun;2120001256;18;50,0;..;61,1;18;.;.;.;.;.;.;.;.;
Gällingeskolan Gul;15968044;Kungsbacka;1384;Kommunal;Kungsbacka kommun;2120001256;31;45,2;..;58,1;.;.;.;19;12;.;.;.;.;
Gällingeskolan Röd;16454364;Kungsbacka;1384;Kommunal;Kungsbacka kommun;2120001256;51;51,0;..;51,0;.;25;26;.;.;.;.;.;.;
Hedeskolan 4-6;26372371;Kungsbacka;1384;Kommunal;Kungsbacka kommun;2120001256;158;46,8;15,2;72,8;.;.;.;59;57;42;.;.;.;
Hedeskolan 7-9;27712268;Kungsbacka;1384;Kommunal;Kungsbacka kommun;2120001256;165;50,9;14,5;67,9;.;.;.;.;.;.;50;54;61;
Hedeskolan F-3;29443968;Kungsbacka;1384;Kommunal;Kungsbacka kommun;2120001256;170;46,5;14,1;81,2;47;63;60;.;.;.;.;.;.;
Hålabäcksskolan A;77323224;Kungsbacka;1384;Kommunal;Kungsbacka kommun;2120001256;144;47,2;23,6;71,5;.;.;.;45;.;34;.;65;.;
Hålabäcksskolan B;77163912;Kungsbacka;1384;Kommunal;Kungsbacka kommun;2120001256;173;48,0;20,2;69,9;.;.;.;.;38;.;61;.;74;
Internationella Engelska Skolan Kungsbacka;25278170;Kungsbacka;1384;Enskild;Internationella Engelska Skolan i Sverige AB;5564624368;702;52,0;22,9;83,9;82;75;79;89;96;96;91;94;.;
Iseråsskolan 3-6 Lönneberga;62941799;Kungsbacka;1384;Kommunal;Kungsbacka kommun;2120001256;219;49,8;5,5;71,7;.;41;29;47;43;59;.;.;.;
Iseråsskolan Körsbärsdalen;53535119;Kungsbacka;1384;Kommunal;Kungsbacka kommun;2120001256;30;46,7;..;63,3;30;.;.;.;.;.;.;.;.;
Kapareskolan A-D;28803215;Kungsbacka;1384;Kommunal;Kungsbacka kommun;2120001256;250;44,8;10,4;79,6;.;.;.;.;.;.;93;84;73;
Kapareskolan E-H;84111198;Kungsbacka;1384;Kommunal;Kungsbacka kommun;2120001256;246;50,8;7,7;70,7;.;.;.;.;.;.;96;57;93;
KMS Kullaviks Montessoriskola;10902849;Kungsbacka;1384;Enskild;Kullaviks Montessoriskola Ekonomisk förening;7164422243;237;51,9;2,5;91,6;23;22;25;26;25;31;30;28;27;
Kollaskolan 4-6;55017747;Kungsbacka;1384;Kommunal;Kungsbacka kommun;2120001256;195;47,2;23,6;61,0;.;.;.;65;60;70;.;.;.;
Kollaskolan 7-9;47579620;Kungsbacka;1384;Kommunal;Kungsbacka kommun;2120001256;214;55,1;17,8;63,1;.;.;.;.;.;.;72;63;79;
Kollaskolan F-3 Blå;68864563;Kungsbacka;1384;Kommunal;Kungsbacka kommun;2120001256;142;45,1;19,0;69,7;76;.;66;.;.;.;.;.;.;
Kollaskolan F-3 Gul;10220991;Kungsbacka;1384;Kommunal;Kungsbacka kommun;2120001256;58;25,9;17,2;67,2;.;58;.;.;.;.;.;.;.;
Kullaviksskolan 4-6;40745095;Kungsbacka;1384;Kommunal;Kungsbacka kommun;2120001256;211;50,2;12,3;87,2;.;.;.;71;70;70;.;.;.;
Kullaviksskolan 7-9;75835202;Kungsbacka;1384;Kommunal;Kungsbacka kommun;2120001256;213;48,8;9,9;89,2;.;.;.;.;.;.;70;79;64;
Kullaviksskolan F-3;16481707;Kungsbacka;1384;Kommunal;Kungsbacka kommun;2120001256;201;49,8;7,0;88,1;74;61;66;.;.;.;.;.;.;
Nova Montessoriskola;47832100;Kungsbacka;1384;Enskild;Montenova Montessoriskola Ekonomisk Förening;7696022248;149;54,4;12,1;84,6;30;40;20;28;31;.;.;.;.;
Nova Montessoriskola åk 6-9;56655808;Kungsbacka;1384;Enskild;Montenova Montessoriskola Ekonomisk Förening;7696022248;116;48,3;6,9;85,3;.;.;.;.;.;31;28;28;29;
Pontos Grundskola;70319074;Kungsbacka;1384;Enskild;PONTOS Grundskola väst AB;5568337363;39;48,7;..;76,9;5;13;6;7;8;.;.;.;.;
Presseskolan 4-6;67641022;Kungsbacka;1384;Kommunal;Kungsbacka kommun;2120001256;204;50,5;7,4;76,0;.;.;.;59;66;79;.;.;.;
Presseskolan F-3;27211026;Kungsbacka;1384;Kommunal;Kungsbacka kommun;2120001256;170;47,6;4,7;83,5;62;68;40;.;.;.;.;.;.;
Smedingeskolan Norr;35822371;Kungsbacka;1384;Kommunal;Kungsbacka kommun;2120001256;209;44,0;10,0;53,6;.;.;.;.;.;107;102;.;.;
Smedingeskolan Söder;49555095;Kungsbacka;1384;Kommunal;Kungsbacka kommun;2120001256;196;42,9;11,2;54,1;.;.;.;.;.;.;.;98;98;
Särö Montessoriskola;57869288;Kungsbacka;1384;Enskild;Föreningen Montessoriskolan Daggdroppen;8494004693;49;51,0;..;83,7;10;12;10;9;8;.;.;.;.;
Särö skola 5-9;72090315;Kungsbacka;1384;Kommunal;Kungsbacka kommun;2120001256;331;50,8;10,6;75,5;.;.;.;.;55;65;63;69;79;
Särö skola F-4;32837182;Kungsbacka;1384;Kommunal;Kungsbacka kommun;2120001256;166;49,4;13,3;75,9;38;43;48;37;.;.;.;.;.;
Tingbergsskolan A-C;69028103;Kungsbacka;1384;Kommunal;Kungsbacka kommun;2120001256;160;51,3;11,9;66,3;23;15;35;22;20;45;.;.;.;
Tingbergsskolan B;50013979;Kungsbacka;1384;Kommunal;Kungsbacka kommun;2120001256;160;57,5;21,9;58,1;23;37;14;22;42;22;.;.;.;
Toråsskolan 4-6;67978353;Kungsbacka;1384;Kommunal;Kungsbacka kommun;2120001256;203;46,3;3,0;74,9;.;.;.;64;70;69;.;.;.;
Toråsskolan F-3;17237309;Kungsbacka;1384;Kommunal;Kungsbacka kommun;2120001256;191;42,9;3,7;74,3;60;65;66;.;.;.;.;.;.;
Varlaskolan Nord;28729598;Kungsbacka;1384;Kommunal;Kungsbacka kommun;2120001256;238;53,4;13,9;70,2;.;.;.;.;.;.;89;75;74;
Varlaskolan Syd;93339853;Kungsbacka;1384;Kommunal;Kungsbacka kommun;2120001256;211;46,0;8,1;73,5;.;.;.;.;.;.;73;45;93;
Varlaskolan Sydväst;84159690;Kungsbacka;1384;Kommunal;Kungsbacka kommun;2120001256;218;55,5;10,6;68,8;.;.;.;.;.;.;48;93;77;
Vittra Forsgläntan;42568760;Kungsbacka;1384;Enskild;Vittraskolorna AB;5564586716;457;49,0;4,2;82,9;50;51;50;51;52;50;46;54;53;
Åsa Gårdsskola 4-9;16824824;Kungsbacka;1384;Kommunal;Kungsbacka kommun;2120001256;136;42,6;..;75,7;.;.;.;36;24;50;.;.;26;
Åsa Gårdsskola F-3;38085441;Kungsbacka;1384;Kommunal;Kungsbacka kommun;2120001256;105;56,2;8,6;71,4;38;32;35;.;.;.;.;.;.;
Åsaskolan 4-6;24981372;Kungsbacka;1384;Kommunal;Kungsbacka kommun;2120001256;191;48,7;6,8;75,9;.;.;.;63;63;65;.;.;.;
Åsaskolan 7-9;18035112;Kungsbacka;1384;Kommunal;Kungsbacka kommun;2120001256;272;52,6;8,5;69,9;.;.;.;.;.;.;125;73;74;
Åsaskolan F-3;44974182;Kungsbacka;1384;Kommunal;Kungsbacka kommun;2120001256;196;51,0;8,7;76,0;69;60;67;.;.;.;.;.;.;
Älvsåkersskolan 4-6;53651817;Kungsbacka;1384;Kommunal;Kungsbacka kommun;2120001256;172;41,3;16,9;62,8;.;.;.;60;62;50;.;.;.;
Älvsåkersskolan 7-9;74587667;Kungsbacka;1384;Kommunal;Kungsbacka kommun;2120001256;169;49,1;15,4;60,4;.;.;.;.;.;.;61;54;54;
Älvsåkersskolan F-3;55524589;Kungsbacka;1384;Kommunal;Kungsbacka kommun;2120001256;155;49,0;21,3;63,2;63;45;47;.;.;.;.;.;.;
Björskogsskolan;73280362;Kungsör;1960;Kommunal;Kungsörs kommun;2120002056;80;43,8;8,8;55,0;15;15;12;14;11;13;.;.;.;
Hagaskolan;83880062;Kungsör;1960;Kommunal;Kungsörs kommun;2120002056;137;43,8;27,7;59,1;43;54;40;.;.;.;.;.;.;
Kung Karl 46;90376263;Kungsör;1960;Kommunal;Kungsörs kommun;2120002056;261;47,9;37,2;43,3;.;.;.;82;89;90;.;.;.;
Kung Karl 79;46834580;Kungsör;1960;Kommunal;Kungsörs kommun;2120002056;318;46,9;28,0;43,4;.;.;.;.;.;.;104;105;109;
Västerskolan;91901412;Kungsör;1960;Kommunal;Kungsörs kommun;2120002056;120;55,0;40,0;43,3;41;39;40;.;.;.;.;.;.;
Diseröds skola;62418563;Kungälv;1482;Kommunal;Kungälvs kommun;2120001371;329;46,8;14,9;58,1;51;62;50;47;73;46;.;.;.;
Fontinskolan;28511697;Kungälv;1482;Kommunal;Kungälvs kommun;2120001371;309;49,2;23,0;67,0;50;45;51;52;55;56;.;.;.;
Fredkullaskolan ,waldorfskola,;38353942;Kungälv;1482;Enskild;Föreningen för Waldorfpedagogik i Kungälv;8533007038;126;46,0;16,7;66,7;13;9;10;16;14;13;9;20;22;
Friskolan i Kärna;25790317;Kungälv;1482;Enskild;Mona Hurtig Skol AB;5565204129;201;55,7;5,0;74,6;9;10;9;14;19;19;40;41;40;
Hålta skola;80848296;Kungälv;1482;Kommunal;Kungälvs kommun;2120001371;138;50,0;4,3;69,6;22;20;23;22;27;24;.;.;.;
Kareby skola;54878605;Kungälv;1482;Kommunal;Kungälvs kommun;2120001371;268;44,8;7,1;61,6;50;47;50;45;31;45;.;.;.;
Kastellegårdsskolan 1;33588309;Kungälv;1482;Kommunal;Kungälvs kommun;2120001371;201;50,7;15,9;72,6;76;51;49;25;.;.;.;.;.;
Kastellegårdsskolan 2;68154456;Kungälv;1482;Kommunal;Kungälvs kommun;2120001371;236;47,9;11,4;75,8;.;.;.;27;105;104;.;.;.;
Klöverbackens skola;61511069;Kungälv;1482;Kommunal;Kungälvs kommun;2120001371;64;46,9;15,6;70,3;42;22;.;.;.;.;.;.;.;
Kode skola;43370798;Kungälv;1482;Kommunal;Kungälvs kommun;2120001371;132;50,0;3,8;67,4;65;67;.;.;.;.;.;.;.;
Kullens skola;52844016;Kungälv;1482;Kommunal;Kungälvs kommun;2120001371;293;49,1;12,6;67,2;45;46;52;50;48;52;.;.;.;
Kärna skola;77589196;Kungälv;1482;Kommunal;Kungälvs kommun;2120001371;337;47,2;8,6;64,4;45;60;61;64;49;58;.;.;.;
Marstrands skola;71394657;Kungälv;1482;Kommunal;Kungälvs kommun;2120001371;57;50,9;..;82,5;5;15;11;10;6;10;.;.;.;
Montessoriskolan Älvkullen;49323438;Kungälv;1482;Enskild;Stiftelsen Montessori för Alla Barn;8533010537;123;47,2;5,7;85,4;12;9;14;14;13;13;18;16;14;
Munkegärdeskolan;51596946;Kungälv;1482;Kommunal;Kungälvs kommun;2120001371;422;44,5;9,7;59,2;.;.;.;.;.;.;146;132;144;
Olserödsskolan;69807369;Kungälv;1482;Kommunal;Kungälvs kommun;2120001371;161;49,7;13,0;70,2;.;.;41;31;43;46;.;.;.;
Sandbackaskolan 1;68916732;Kungälv;1482;Kommunal;Kungälvs kommun;2120001371;273;46,9;49,8;46,9;46;36;42;41;54;54;.;.;.;
Sparråsskolan;28596641;Kungälv;1482;Kommunal;Kungälvs kommun;2120001371;249;47,8;10,0;79,1;78;66;57;48;.;.;.;.;.;
Strandskolan Montessoriföreningen i Kungälv;21917957;Kungälv;1482;Enskild;Strandskolan, Montessoriföreningen i Kungälv;8533007004;218;55,0;8,3;78,0;23;24;23;24;21;22;28;26;27;
Thorildskolan 1;73505986;Kungälv;1482;Kommunal;Kungälvs kommun;2120001371;467;52,5;23,1;63,8;.;.;.;.;.;.;175;154;138;
Tunge skola;33785990;Kungälv;1482;Kommunal;Kungälvs kommun;2120001371;244;43,9;6,1;58,2;.;.;55;65;60;64;.;.;.;
Ytterbyskolan 1;63621283;Kungälv;1482;Kommunal;Kungälvs kommun;2120001371;646;48,1;10,7;66,9;.;.;.;.;.;.;216;218;212;
Annelundsskolan;82593738;Kävlinge;1261;Kommunal;Kävlinge kommun;2120001058;148;54,7;20,9;58,8;23;23;27;26;28;21;.;.;.;
Barsebäcks Montessoriskola;22957852;Kävlinge;1261;Enskild;Barsebäcks Montessori Ekonomisk Förening;7696006191;210;51,9;8,6;88,1;24;25;24;24;25;24;22;25;17;
Dösjebroskolan;26281194;Kävlinge;1261;Kommunal;Kävlinge kommun;2120001058;135;49,6;3,7;71,1;19;25;21;25;24;21;.;.;.;
Korsbackaskolan;46107605;Kävlinge;1261;Kommunal;Kävlinge kommun;2120001058;585;48,5;19,3;63,4;.;.;.;.;.;.;185;205;195;
Lackalängaskolan;27951396;Kävlinge;1261;Kommunal;Kävlinge kommun;2120001058;139;47,5;7,9;78,4;21;22;24;25;24;23;.;.;.;
Ljungenskolan;66829136;Kävlinge;1261;Kommunal;Kävlinge kommun;2120001058;361;46,0;19,9;71,2;43;60;70;61;57;70;.;.;.;
Noblaskolan Löddeköpinge;19504051;Kävlinge;1261;Enskild;AcadeMedia fria grundskolor AB;5569320699;329;46,2;5,5;79,3;21;26;27;22;26;26;52;78;51;
Nyvångsskolan;23990749;Kävlinge;1261;Kommunal;Kävlinge kommun;2120001058;462;50,0;13,0;72,7;75;77;73;70;90;77;.;.;.;
Olympiaskolan;54902755;Kävlinge;1261;Kommunal;Kävlinge kommun;2120001058;289;44,3;26,6;58,8;35;49;50;43;45;67;.;.;.;
Rinnebäcksskolan;56540171;Kävlinge;1261;Kommunal;Kävlinge kommun;2120001058;436;47,2;10,8;68,1;68;77;76;68;75;72;.;.;.;
Skönadalsskolan;26357566;Kävlinge;1261;Kommunal;Kävlinge kommun;2120001058;387;48,6;9,0;78,0;68;58;70;62;69;60;.;.;.;
Söderparksskolan;48891355;Kävlinge;1261;Kommunal;Kävlinge kommun;2120001058;150;53,3;23,3;64,0;19;26;21;28;30;26;.;.;.;
Tolvåkerskolan;13578112;Kävlinge;1261;Kommunal;Kävlinge kommun;2120001058;479;52,0;9,2;71,8;.;.;.;.;.;.;144;155;180;
Elundskolan;29887798;Köping;1983;Kommunal;Köpings kommun;2120002114;218;48,2;13,3;62,8;34;33;39;34;37;41;.;.;.;
Himmeta skola;15212834;Köping;1983;Kommunal;Köpings kommun;2120002114;19;47,4;.;47,4;7;9;3;.;.;.;.;.;.;
Karlbergsskolan;31319179;Köping;1983;Kommunal;Köpings kommun;2120002114;411;49,4;23,4;49,4;.;.;.;.;.;.;130;135;146;
Malmaskolan 4-9;49665496;Köping;1983;Kommunal;Köpings kommun;2120002114;354;47,7;13,8;45,8;.;.;.;52;57;56;61;67;61;
Malmaskolan F-3;49794709;Köping;1983;Kommunal;Köpings kommun;2120002114;155;49,7;9,7;39,4;40;54;61;.;.;.;.;.;.;
Munktorpsskolan;36924587;Köping;1983;Kommunal;Köpings kommun;2120002114;144;46,5;..;46,5;25;27;19;22;27;24;.;.;.;
Nibbleskolan;57276913;Köping;1983;Kommunal;Köpings kommun;2120002114;340;49,1;55,6;39,4;.;61;68;76;67;68;.;.;.;
Nyckelbergsskolan;36175549;Köping;1983;Kommunal;Köpings kommun;2120002114;354;45,2;56,2;38,7;55;54;70;66;59;50;.;.;.;
Odensvi skola;99475738;Köping;1983;Kommunal;Köpings kommun;2120002114;48;43,8;..;66,7;2;9;7;14;9;7;.;.;.;
Scheeleskolan;24379201;Köping;1983;Kommunal;Köpings kommun;2120002114;338;45,0;51,8;35,8;.;.;.;.;.;.;109;126;103;
Skogsbrynskolan;79622038;Köping;1983;Kommunal;Köpings kommun;2120002114;69;46,4;60,9;34,8;69;.;.;.;.;.;.;.;.;
S:t Olovsskolan;82625785;Köping;1983;Kommunal;Köpings kommun;2120002114;373;45,8;43,2;42,9;58;65;64;58;62;66;.;.;.;
Ahlaskolan;37733735;Laholm;1381;Kommunal;Laholms kommun;2120001223;56;58,9;23,2;57,1;24;17;15;.;.;.;.;.;.;
Centrumskolan;98343454;Laholm;1381;Kommunal;Laholms kommun;2120001223;14;..;..;..;.;.;2;.;3;1;3;3;2;
Genevadsskolan;91969425;Laholm;1381;Kommunal;Laholms kommun;2120001223;24;50,0;33,3;45,8;6;6;12;.;.;.;.;.;.;
Glänningeskolan;21359430;Laholm;1381;Kommunal;Laholms kommun;2120001223;279;44,8;38,7;52,3;59;42;49;55;29;45;.;.;.;
Hasslövs Skola Ideell Förening;35596848;Laholm;1381;Enskild;Hasslöv Skola Ideell Förening;8492022150;46;52,2;..;41,3;8;10;14;4;7;3;.;.;.;
Hishultsskolan;59683214;Laholm;1381;Kommunal;Laholms kommun;2120001223;52;63,5;9,6;42,3;14;11;6;7;5;9;.;.;.;
Knäredsskolan;87530959;Laholm;1381;Kommunal;Laholms kommun;2120001223;120;52,5;39,2;45,8;16;20;32;17;18;17;.;.;.;
Lagaholmsskolan;50150550;Laholm;1381;Kommunal;Laholms kommun;2120001223;344;50,0;28,2;55,5;.;.;.;.;.;.;121;118;105;
Mellbystrandsskolan;76368627;Laholm;1381;Kommunal;Laholms kommun;2120001223;161;48,4;9,3;71,4;27;25;22;29;30;28;.;.;.;
Parkskolan;85345776;Laholm;1381;Kommunal;Laholms kommun;2120001223;216;57,9;38,9;50,5;24;33;41;35;44;39;.;.;.;
Skottorpsskolan;46467884;Laholm;1381;Kommunal;Laholms kommun;2120001223;199;50,8;12,1;74,4;29;44;28;27;31;40;.;.;.;
Vallbergaskolan;61290860;Laholm;1381;Kommunal;Laholms kommun;2120001223;140;52,9;24,3;47,9;20;22;18;30;21;29;.;.;.;
Veingeskolan 7-9;95134514;Laholm;1381;Kommunal;Laholms kommun;2120001223;241;48,5;27,0;48,5;.;.;.;.;.;.;76;66;99;
Veingeskolan F-6;73088689;Laholm;1381;Kommunal;Laholms kommun;2120001223;254;49,2;23,2;48,4;24;30;22;63;52;63;.;.;.;
Våxtorpsskolan åk 7-9;50172802;Laholm;1381;Kommunal;Laholms kommun;2120001223;254;48,4;20,1;45,7;.;.;.;.;.;.;91;90;73;
Våxtorpsskolan åk F-6;47498039;Laholm;1381;Kommunal;Laholms kommun;2120001223;130;51,5;16,9;43,1;22;21;27;23;19;18;.;.;.;
Ysbyskolan;40523308;Laholm;1381;Enskild;Föräldrakooperativet Möllan;8492014298;34;44,1;14,7;58,8;16;6;12;.;.;.;.;.;.;
Öringe Skola;29824923;Laholm;1381;Enskild;Öringe Montessoriförening Ekonomisk Förening;7164422300;47;51,1;12,8;63,8;9;11;8;4;7;8;.;.;.;
Albanoskolan;37935182;Landskrona;1282;Kommunal;Landskrona kommun;2120001140;224;45,5;56,3;34,8;46;42;36;32;34;34;.;.;.;
Alléskolan;74833346;Landskrona;1282;Kommunal;Landskrona kommun;2120001140;354;44,1;76,0;37,9;67;70;62;61;57;37;.;.;.;
Asmundtorps skola;70803452;Landskrona;1282;Kommunal;Landskrona kommun;2120001140;379;53,0;15,8;59,1;47;44;43;37;44;33;49;37;45;
Emiliaskolan;12040511;Landskrona;1282;Kommunal;Landskrona kommun;2120001140;262;48,1;16,8;67,2;76;94;92;.;.;.;.;.;.;
Glumslövs skola;30917121;Landskrona;1282;Kommunal;Landskrona kommun;2120001140;471;47,6;15,5;76,0;55;50;41;47;39;42;64;55;78;
Härslövs skola;50966696;Landskrona;1282;Kommunal;Landskrona kommun;2120001140;84;59,5;15,5;59,5;16;13;14;12;13;16;.;.;.;
Innovitaskolan Landskrona;94830241;Landskrona;1282;Enskild;Pysslingen Förskolor och Skolor AB;5560354309;180;51,1;58,9;38,9;14;21;21;21;21;27;19;16;20;
Internationella Engelska Skolan Landskrona;21085818;Landskrona;1282;Enskild;Internationella Engelska Skolan i Sverige AB;5564624368;538;48,0;32,0;73,0;56;55;57;64;63;62;60;61;60;
Kunskapsskolan Landskrona;60956248;Landskrona;1282;Enskild;Kunskapsskolan i Sverige Aktiebolag;5565661815;351;48,1;65,5;46,2;.;.;.;20;37;44;87;86;77;
Landskrona School of Sports AB;70072964;Landskrona;1282;Enskild;Landskrona School of Sports AB;5567206239;133;64,7;21,1;45,1;.;.;.;12;17;18;34;23;29;
M.A.R.I.A-skolan;81433742;Landskrona;1282;Enskild;Multicultural And Recognition In Aspiration in Landskrona AB;5569178550;56;37,5;91,1;50,0;14;13;18;8;3;.;.;.;.;
Pilängskolan;52049139;Landskrona;1282;Kommunal;Landskrona kommun;2120001140;150;41,3;94,0;36,7;32;25;33;33;15;12;.;.;.;
Resursskolan;26343031;Landskrona;1282;Kommunal;Landskrona kommun;2120001140;22;40,9;..;40,9;.;.;.;.;3;2;5;10;2;
Sandåkerskolan;77747055;Landskrona;1282;Kommunal;Landskrona kommun;2120001140;448;48,0;24,1;61,6;.;.;.;76;77;77;76;78;64;
Seminarieskolan;41641029;Landskrona;1282;Kommunal;Landskrona kommun;2120001140;574;46,3;77,0;26,1;59;58;73;58;65;71;76;57;57;
Säbyholms Montessoriskola;42908219;Landskrona;1282;Enskild;Landskrona Montessoriförening Ek.Förening;7696002794;231;57,6;19,5;74,9;26;26;26;26;26;26;26;24;25;
Uranienborgs skola;16851764;Landskrona;1282;Kommunal;Landskrona kommun;2120001140;11;..;.;54,5;2;1;4;3;1;.;.;.;.;
Västervångskolan;29541747;Landskrona;1282;Kommunal;Landskrona kommun;2120001140;690;49,0;41,4;48,3;68;63;60;68;51;75;102;101;102;
Centralskolan;24748604;Laxå;1860;Kommunal;Laxå kommun;2120001918;354;49,7;39,3;39,5;.;.;.;43;58;58;73;70;52;
Finnerödja skola;45111461;Laxå;1860;Kommunal;Laxå kommun;2120001918;57;49,1;15,8;56,1;11;9;7;9;9;12;.;.;.;
Saltängsskolan;28511234;Laxå;1860;Kommunal;Laxå kommun;2120001918;165;47,9;41,2;39,4;63;52;50;.;.;.;.;.;.;
Hidinge skola;11320436;Lekeberg;1814;Kommunal;Lekebergs kommun;2120002981;264;39,8;6,4;76,1;50;53;42;38;53;28;.;.;.;
Lekebergsskolan 7-9;97648883;Lekeberg;1814;Kommunal;Lekebergs kommun;2120002981;300;45,3;8,0;55,7;.;.;.;.;.;.;91;112;97;
Lekebergsskolan f-6;45620054;Lekeberg;1814;Kommunal;Lekebergs kommun;2120002981;380;42,9;16,3;39,7;50;68;62;56;61;83;.;.;.;
Mullhyttans skola;47490833;Lekeberg;1814;Kommunal;Lekebergs kommun;2120002981;103;49,5;7,8;48,5;19;18;16;13;22;15;.;.;.;
Banérskolan;89749001;Leksand;2029;Enskild;Leksub AB;5590987201;58;50,0;..;70,7;4;5;8;4;3;9;7;8;10;
Gärde skola;37594297;Leksand;2029;Kommunal;Leksands kommun;2120002163;62;37,1;.;74,2;10;6;13;12;9;12;.;.;.;
Insjöns skola;62927602;Leksand;2029;Kommunal;Leksands kommun;2120002163;178;43,3;19,1;42,7;39;33;24;31;28;23;.;.;.;
Profilskolan Excel;38368827;Leksand;2029;Enskild;Profilfriskolan Excel AB (svb);5590306964;207;50,7;22,2;65,7;24;24;22;23;24;23;24;21;22;
Sammilsdalskolan F-9;61834375;Leksand;2029;Kommunal;Leksands kommun;2120002163;586;44,9;21,0;56,1;22;10;14;27;27;28;156;157;145;
Siljansnäs skola;46265060;Leksand;2029;Kommunal;Leksands kommun;2120002163;106;43,4;16,0;62,3;20;20;19;13;21;13;.;.;.;
Tällberg skola;95726294;Leksand;2029;Kommunal;Leksands kommun;2120002163;88;48,9;..;65,9;15;13;20;11;14;15;.;.;.;
Ullvi skola;86131355;Leksand;2029;Kommunal;Leksands kommun;2120002163;77;49,4;6,5;66,2;12;10;16;10;12;17;.;.;.;
Åkerö skola;30471270;Leksand;2029;Kommunal;Leksands kommun;2120002163;237;52,3;5,5;65,0;43;36;43;31;47;37;.;.;.;
Alléskolan skolenhet Ask;51403955;Lerum;1441;Kommunal;Lerums kommun;2120001447;252;48,8;8,3;74,2;.;.;.;.;.;30;79;86;57;
Alléskolan skolenhet Bok;57470446;Lerum;1441;Kommunal;Lerums kommun;2120001447;353;54,4;11,0;75,6;.;.;.;.;.;83;79;84;107;
Almekärrsskolan skolenhet 1;27282475;Lerum;1441;Kommunal;Lerums kommun;2120001447;223;50,7;6,3;92,4;80;75;68;.;.;.;.;.;.;
Almekärrsskolan skolenhet 2;39721946;Lerum;1441;Kommunal;Lerums kommun;2120001447;143;50,3;6,3;83,9;.;.;.;71;72;.;.;.;.;
Aspen Montessori;92895758;Lerum;1441;Enskild;Aspen Montessori;8635005500;90;47,8;7,8;90,0;18;20;20;17;15;.;.;.;.;
Aspenässkolan 1;11632851;Lerum;1441;Kommunal;Lerums kommun;2120001447;191;47,1;9,4;91,6;57;76;58;.;.;.;.;.;.;
Aspenässkolan 2;92868710;Lerum;1441;Kommunal;Lerums kommun;2120001447;110;52,7;7,3;87,3;.;.;.;55;55;.;.;.;.;
Berghultskolan 1;27210933;Lerum;1441;Kommunal;Lerums kommun;2120001447;94;47,9;13,8;62,8;49;45;.;.;.;.;.;.;.;
Berghultskolan 2;26895664;Lerum;1441;Kommunal;Lerums kommun;2120001447;183;45,4;16,4;66,7;.;.;49;52;47;35;.;.;.;
Centralskolan;88544643;Lerum;1441;Kommunal;Lerums kommun;2120001447;137;52,6;6,6;75,2;22;27;29;23;36;.;.;.;.;
Hulanskolan 1;96933862;Lerum;1441;Kommunal;Lerums kommun;2120001447;136;41,9;8,1;81,6;53;43;40;.;.;.;.;.;.;
Hulanskolan 2;97329627;Lerum;1441;Kommunal;Lerums kommun;2120001447;78;52,6;9,0;71,8;.;.;.;37;41;.;.;.;.;
Hästhagenskolan;36358939;Lerum;1441;Kommunal;Lerums kommun;2120001447;220;46,4;8,2;75,5;44;43;45;38;50;.;.;.;.;
Knappekullaskolan skolenhet 1;11677656;Lerum;1441;Kommunal;Lerums kommun;2120001447;159;52,2;9,4;80,5;78;81;.;.;.;.;.;.;.;
Knappekullaskolan skolenhet 2;67243580;Lerum;1441;Kommunal;Lerums kommun;2120001447;255;45,1;8,6;83,5;.;.;82;77;96;.;.;.;.;
Lekstorpsskolan A;13638561;Lerum;1441;Kommunal;Lerums kommun;2120001447;118;47,5;18,6;72,0;43;40;35;.;.;.;.;.;.;
Lekstorpsskolan B;13490988;Lerum;1441;Kommunal;Lerums kommun;2120001447;235;43,8;19,1;62,1;.;.;.;32;42;40;49;44;28;
Lindénska skolan 1;46840018;Lerum;1441;Kommunal;Lerums kommun;2120001447;13;46,2;.;61,5;.;.;1;.;2;2;3;3;2;
Lindénska skolan 2;73443217;Lerum;1441;Kommunal;Lerums kommun;2120001447;9;..;..;55,6;.;.;1;.;.;.;2;1;5;
Ljungviksskolan skolenhet A;44095064;Lerum;1441;Kommunal;Lerums kommun;2120001447;142;45,8;13,4;62,0;47;48;47;.;.;.;.;.;.;
Ljungviksskolan skolenhet B;31733366;Lerum;1441;Kommunal;Lerums kommun;2120001447;280;51,4;20,0;56,1;.;.;.;38;36;52;54;54;46;
Montessoriskolan Floda säteri;82651095;Lerum;1441;Enskild;Montessoriskolan Floda Säteri;8635006680;229;49,3;3,9;90,8;27;23;22;22;23;29;30;30;23;
Rydsbergsskolan Norr;24103764;Lerum;1441;Kommunal;Lerums kommun;2120001447;212;48,1;8,0;78,3;.;.;.;.;.;58;55;47;52;
Rydsbergsskolan Söder;53326735;Lerum;1441;Kommunal;Lerums kommun;2120001447;209;43,1;9,1;76,1;.;.;.;.;.;54;56;50;49;
Röselidsskolan skolenhet A;60035054;Lerum;1441;Kommunal;Lerums kommun;2120001447;143;46,2;18,9;55,9;49;50;44;.;.;.;.;.;.;
Röselidsskolan skolenhet B;38539206;Lerum;1441;Kommunal;Lerums kommun;2120001447;307;52,1;17,9;54,4;.;.;.;50;48;52;56;48;53;
Stenkulan 4-9;49419497;Lerum;1441;Kommunal;Lerums kommun;2120001447;314;43,6;13,1;59,2;.;.;.;44;52;47;56;58;57;
Stenkulan F-3;67114690;Lerum;1441;Kommunal;Lerums kommun;2120001447;133;49,6;13,5;62,4;46;38;49;.;.;.;.;.;.;
Tolleredsskolan;72684276;Lerum;1441;Kommunal;Lerums kommun;2120001447;79;45,6;..;79,7;13;16;23;13;14;.;.;.;.;
Torpskolan skolenhet 1;21176313;Lerum;1441;Kommunal;Lerums kommun;2120001447;325;48,9;11,1;81,2;.;.;.;.;.;101;56;114;54;
Torpskolan skolenhet 2;20361674;Lerum;1441;Kommunal;Lerums kommun;2120001447;314;50,6;8,9;81,8;.;.;.;.;.;53;108;53;100;
Uddaredsskolan;69057737;Lerum;1441;Kommunal;Lerums kommun;2120001447;135;48,1;..;83,7;25;25;26;27;32;.;.;.;.;
Östad skola;97540573;Lerum;1441;Kommunal;Lerums kommun;2120001447;135;46,7;25,9;53,3;17;24;24;25;21;24;.;.;.;
Bikupan;74218950;Lessebo;0761;Kommunal;Lessebo kommun;2120000613;290;47,2;50,0;44,1;.;.;.;.;.;.;83;105;102;
Björkskolan;82150561;Lessebo;0761;Kommunal;Lessebo kommun;2120000613;55;49,1;32,7;40,0;10;6;11;10;7;11;.;.;.;
Hackebackeskolan;36519886;Lessebo;0761;Kommunal;Lessebo kommun;2120000613;245;55,5;63,7;38,4;33;41;48;37;36;50;.;.;.;
Kvarndammskolan;32381603;Lessebo;0761;Kommunal;Lessebo kommun;2120000613;280;48,6;25,7;60,4;53;43;42;56;36;50;.;.;.;
Lustigkulla skola;66379524;Lessebo;0761;Kommunal;Lessebo kommun;2120000613;65;50,8;66,2;33,8;8;12;8;13;10;14;.;.;.;
Albatross Montessoriskola;25253749;Lidingö;0186;Enskild;Albatross Montessoriskola;8136004168;177;53,7;24,3;82,5;28;30;32;26;30;31;.;.;.;
Bo skola;52423184;Lidingö;0186;Kommunal;Lidingö kommun;2120000191;134;41,8;13,4;90,3;45;49;40;.;.;.;.;.;.;
Bodals skola;98780182;Lidingö;0186;Kommunal;Lidingö kommun;2120000191;262;50,0;56,1;41,6;29;33;36;21;22;32;19;41;29;
Christinaskolan;46097781;Lidingö;0186;Enskild;Lidingö Skola AB;5568681810;477;49,9;7,1;88,9;49;50;49;57;56;57;56;56;47;
Futuraskolan International Gåshaga;36513280;Lidingö;0186;Enskild;Futuraskolan AB;5566095047;215;48,8;35,8;83,3;29;26;50;47;25;38;.;.;.;
Futuraskolan International Kottla;36276828;Lidingö;0186;Enskild;Futuraskolan AB;5566095047;301;55,1;16,6;85,0;.;.;.;.;.;.;110;104;87;
Högsätra skola;49631077;Lidingö;0186;Kommunal;Lidingö kommun;2120000191;521;47,2;26,9;74,3;55;51;46;39;44;50;74;73;89;
I Ur och Skur Utsikten skola;36185466;Lidingö;0186;Enskild;I Ur och Skur Utsikten Ekonomisk Förening;7696000855;86;46,5;10,5;90,7;20;17;14;14;11;10;.;.;.;
Klockargårdens skola;91213471;Lidingö;0186;Kommunal;Lidingö kommun;2120000191;150;38,7;16,0;88,0;53;48;49;.;.;.;.;.;.;
Källängens skola;69329486;Lidingö;0186;Kommunal;Lidingö kommun;2120000191;717;47,0;10,2;85,2;.;.;.;78;85;109;156;129;160;
Käppala skola;20137688;Lidingö;0186;Kommunal;Lidingö kommun;2120000191;573;43,5;15,2;88,1;34;27;28;67;84;85;77;86;85;
Ljungbackens skola;27830075;Lidingö;0186;Kommunal;Lidingö kommun;2120000191;124;47,6;25,8;83,9;48;40;36;.;.;.;.;.;.;
Rudboda skola;35933721;Lidingö;0186;Kommunal;Lidingö kommun;2120000191;276;47,5;9,4;89,9;38;38;46;50;53;51;.;.;.;
Skärsätra skola;81857869;Lidingö;0186;Kommunal;Lidingö kommun;2120000191;316;49,4;12,3;89,6;54;56;56;53;49;48;.;.;.;
Sticklinge skola;60131588;Lidingö;0186;Kommunal;Lidingö kommun;2120000191;404;46,5;11,4;93,1;65;60;75;72;61;71;.;.;.;
Torsviks skola;45104329;Lidingö;0186;Kommunal;Lidingö kommun;2120000191;763;49,4;14,2;86,6;65;59;68;61;77;73;127;112;121;
Vittra Lidingö;46585145;Lidingö;0186;Enskild;Vittraskolorna AB;5564586716;122;50,8;36,1;73,8;6;5;17;3;13;25;20;22;11;
Broholmskolan;98083121;Lidköping;1494;Enskild;Broholmskolans ekonomiska förening;7696081319;324;50,9;4,0;75,0;36;36;36;36;36;36;36;36;36;
Dalängskolan;37707717;Lidköping;1494;Kommunal;Lidköpings kommun;2120001694;431;46,4;11,4;64,5;.;.;.;.;.;.;131;136;164;
Fredriksdalskolan;25486432;Lidköping;1494;Kommunal;Lidköpings kommun;2120001694;396;44,2;33,3;48,2;.;.;.;.;.;.;115;127;154;
Järpås skola;31366755;Lidköping;1494;Kommunal;Lidköpings kommun;2120001694;86;46,5;9,3;46,5;12;17;17;15;12;13;.;.;.;
Lidåkerskolan;66892094;Lidköping;1494;Kommunal;Lidköpings kommun;2120001694;201;48,8;28,4;48,3;36;38;39;36;26;26;.;.;.;
Lilleskogs skola;10100155;Lidköping;1494;Kommunal;Lidköpings kommun;2120001694;184;48,4;17,4;71,7;31;27;32;27;30;37;.;.;.;
Majåkerskolan;61093956;Lidköping;1494;Kommunal;Lidköpings kommun;2120001694;194;49,0;11,3;70,6;28;31;28;37;38;32;.;.;.;
Månesköldskolan;47317570;Lidköping;1494;Kommunal;Lidköpings kommun;2120001694;271;48,3;18,8;69,4;40;37;37;51;46;60;.;.;.;
Otterstad skola;39219577;Lidköping;1494;Kommunal;Lidköpings kommun;2120001694;89;49,4;11,2;60,7;15;15;15;13;17;14;.;.;.;
Raoul Wallenbergskolan Lidköping;11340770;Lidköping;1494;Enskild;Raoul Wallenbergskolorna Skaraborg AB;5591438618;147;53,7;10,2;69,4;.;.;.;.;.;.;118;29;.;
Rudenschöldskolan;52152242;Lidköping;1494;Kommunal;Lidköpings kommun;2120001694;433;47,6;14,3;65,1;.;.;.;.;.;.;138;147;148;
Råda skola;75230575;Lidköping;1494;Kommunal;Lidköpings kommun;2120001694;226;49,1;3,1;62,4;46;35;33;36;31;45;.;.;.;
Salebyskolan;59324900;Lidköping;1494;Kommunal;Lidköpings kommun;2120001694;69;37,7;7,2;66,7;12;15;15;7;8;12;.;.;.;
Sjölunda skola;19737840;Lidköping;1494;Kommunal;Lidköpings kommun;2120001694;254;45,7;5,5;74,0;43;45;46;50;41;29;.;.;.;
Stenhammarskolan;65318157;Lidköping;1494;Kommunal;Lidköpings kommun;2120001694;209;47,8;3,3;76,1;35;37;36;30;30;41;.;.;.;
Stenportskolan;38545211;Lidköping;1494;Kommunal;Lidköpings kommun;2120001694;134;41,8;47,0;39,6;16;20;21;18;23;36;.;.;.;
Tuns skola;53155784;Lidköping;1494;Kommunal;Lidköpings kommun;2120001694;50;46,0;..;54,0;6;11;7;10;9;7;.;.;.;
Vinningaskolan;95001615;Lidköping;1494;Kommunal;Lidköpings kommun;2120001694;201;51,2;7,0;68,7;28;41;39;35;31;27;.;.;.;
Wennerbergskolan;12640633;Lidköping;1494;Kommunal;Lidköpings kommun;2120001694;159;46,5;71,7;27,0;22;27;23;34;28;25;.;.;.;
Örslösa skola;94298280;Lidköping;1494;Kommunal;Lidköpings kommun;2120001694;110;51,8;..;49,1;20;18;21;15;19;17;.;.;.;
Östbyskolan;12159058;Lidköping;1494;Kommunal;Lidköpings kommun;2120001694;145;53,8;77,9;22,8;25;25;42;5;17;31;.;.;.;
Fuxernaskolan 7-9;22512947;Lilla Edet;1462;Kommunal;Lilla Edets kommun;2120001496;352;47,7;23,9;44,6;.;.;.;.;.;.;132;113;107;
Fuxernaskolan F-6;77417759;Lilla Edet;1462;Kommunal;Lilla Edets kommun;2120001496;218;42,7;39,9;41,7;37;36;25;43;35;42;.;.;.;
Nya Skolan, Lilla Edet;74771085;Lilla Edet;1462;Enskild;Nya Skolan Trollhättan Aktiebolag;5566127600;119;56,3;58,0;49,6;12;10;17;9;15;12;16;15;13;
Ryrsjöskolan;19260226;Lilla Edet;1462;Kommunal;Lilla Edets kommun;2120001496;104;54,8;36,5;60,6;12;17;21;19;20;15;.;.;.;
Strömsskolan;60978397;Lilla Edet;1462;Kommunal;Lilla Edets kommun;2120001496;287;46,0;11,8;48,4;59;57;46;43;43;39;.;.;.;
Tingbergsskolan;89394884;Lilla Edet;1462;Kommunal;Lilla Edets kommun;2120001496;287;41,5;14,6;54,0;52;56;49;49;41;40;.;.;.;
Björkhagaskolan;47885092;Lindesberg;1885;Kommunal;Lindesbergs kommun;2120002015;375;52,0;42,1;41,9;60;69;61;54;64;67;.;.;.;
Brotorpsskolan;68098327;Lindesberg;1885;Kommunal;Lindesbergs kommun;2120002015;389;48,1;26,2;48,1;67;59;66;66;68;63;.;.;.;
Ekbackens skola;24053777;Lindesberg;1885;Kommunal;Lindesbergs kommun;2120002015;186;50,5;35,5;28,5;32;35;25;34;33;27;.;.;.;
Fröviskolan 7-9;96316535;Lindesberg;1885;Kommunal;Lindesbergs kommun;2120002015;241;46,1;26,6;40,7;.;.;.;.;.;.;84;78;79;
Fröviskolan F-6;15641642;Lindesberg;1885;Kommunal;Lindesbergs kommun;2120002015;286;49,7;15,7;51,7;44;45;36;55;50;56;.;.;.;
Hagabackens skola;33243201;Lindesberg;1885;Kommunal;Lindesbergs kommun;2120002015;89;53,9;14,6;30,3;28;30;31;.;.;.;.;.;.;
Lindbackaskolan;31015204;Lindesberg;1885;Kommunal;Lindesbergs kommun;2120002015;466;48,3;31,3;45,5;.;.;1;.;4;4;153;143;161;
Löa skola;15245953;Lindesberg;1885;Enskild;Löa Skola Ek.För.;7164532025;73;53,4;6,8;53,4;7;18;13;7;15;13;.;.;.;
Pilkrogs friskola;56594923;Lindesberg;1885;Enskild;Pilkrogs Friskola Ek. För.;7696101893;58;51,7;19,0;48,3;10;9;12;9;9;9;.;.;.;
Storåskolan;88486410;Lindesberg;1885;Kommunal;Lindesbergs kommun;2120002015;221;49,8;10,0;38,9;.;.;.;29;43;34;39;39;37;
Vedevågs skola;98044413;Lindesberg;1885;Kommunal;Lindesbergs kommun;2120002015;70;64,3;31,4;45,7;13;22;10;11;14;.;.;.;.;
Arenaskolan;46165416;Linköping;0580;Kommunal;Linköpings kommun;2120000449;532;41,0;15,2;72,6;.;.;.;.;.;.;172;178;182;
Askeby skola;19631342;Linköping;0580;Kommunal;Linköpings kommun;2120000449;160;45,0;5,6;78,8;20;28;13;31;31;37;.;.;.;
Atlasskolan;84408578;Linköping;0580;Kommunal;Linköpings kommun;2120000449;234;47,9;58,5;66,2;44;48;45;40;28;29;.;.;.;
Bankekinds skola;78579312;Linköping;0580;Kommunal;Linköpings kommun;2120000449;46;45,7;..;80,4;18;12;16;.;.;.;.;.;.;
Berzeliusskolan 4;59327275;Linköping;0580;Kommunal;Linköpings kommun;2120000449;257;45,1;37,4;71,2;.;.;.;.;.;.;.;257;.;
Berzeliusskolan 5;20474564;Linköping;0580;Kommunal;Linköpings kommun;2120000449;225;36,9;40,9;72,0;.;.;.;.;.;.;225;.;.;
Berzeliusskolan 6;39169577;Linköping;0580;Kommunal;Linköpings kommun;2120000449;253;43,1;35,2;71,5;.;.;.;.;.;.;.;.;253;
Björkö friskola;78992223;Linköping;0580;Enskild;Stiftelsen Waldorfpedagogik i Vreta Kloster;8220027596;230;53,9;7,0;86,1;22;28;13;33;27;26;29;27;25;
Björnkärrskolan;63906328;Linköping;0580;Kommunal;Linköpings kommun;2120000449;153;46,4;58,8;49,7;25;25;24;32;24;23;.;.;.;
Blästadsskolan;30147517;Linköping;0580;Kommunal;Linköpings kommun;2120000449;289;49,8;18,0;64,4;57;50;52;39;48;43;.;.;.;
Brokinds skola;72710465;Linköping;0580;Kommunal;Linköpings kommun;2120000449;106;58,5;..;78,3;17;18;18;18;19;16;.;.;.;
Brunnbyskolan;84834006;Linköping;0580;Kommunal;Linköpings kommun;2120000449;204;51,0;7,8;70,6;28;52;28;29;37;30;.;.;.;
Bäckskolan;53873070;Linköping;0580;Kommunal;Linköpings kommun;2120000449;121;42,1;84,3;21,5;16;21;26;22;20;16;.;.;.;
Daggkåpeskolan;25265720;Linköping;0580;Kommunal;Linköpings kommun;2120000449;11;.;.;81,8;.;.;.;3;2;6;.;.;.;
Dar Al Uloum skola;80769468;Linköping;0580;Enskild;Stiftelsen Dar Al Uloum i Linköping;8220031978;62;35,5;~100;45,2;7;6;8;10;6;7;6;8;4;
Ekholmsskolan;96360048;Linköping;0580;Kommunal;Linköpings kommun;2120000449;401;47,1;15,7;68,1;.;.;.;.;.;.;151;141;109;
Ekkälleskolan;85886913;Linköping;0580;Kommunal;Linköpings kommun;2120000449;207;49,8;67,1;44,9;44;48;25;26;41;23;.;.;.;
Ekängens skolor;10671588;Linköping;0580;Kommunal;Linköpings kommun;2120000449;439;51,7;10,3;86,3;65;73;77;75;76;73;.;.;.;
Elsa Brändströms skola;95720059;Linköping;0580;Kommunal;Linköpings kommun;2120000449;439;57,9;36,7;61,3;.;.;.;.;.;.;151;149;139;
Eraskolan;19327040;Linköping;0580;Enskild;Småskolan Pedagogik i Sverige AB;5590345178;76;48,7;..;92,1;.;.;21;19;19;17;.;.;.;
Folkungaskolan 4;98069986;Linköping;0580;Kommunal;Linköpings kommun;2120000449;164;61,0;7,9;94,5;.;.;.;56;54;54;.;.;.;
Folkungaskolan 5;65857121;Linköping;0580;Kommunal;Linköpings kommun;2120000449;414;66,9;20,3;79,5;.;.;.;.;.;.;.;205;209;
Folkungaskolan 6;24242567;Linköping;0580;Kommunal;Linköpings kommun;2120000449;208;65,9;19,2;81,7;.;.;.;.;.;.;208;.;.;
Fredriksbergsskolan;69259821;Linköping;0580;Kommunal;Linköpings kommun;2120000449;139;50,4;27,3;54,0;26;14;25;26;22;26;.;.;.;
Hagbyskolan;64407340;Linköping;0580;Kommunal;Linköpings kommun;2120000449;260;53,1;24,2;73,5;50;43;46;33;39;49;.;.;.;
Harvestadsskolorna;12265429;Linköping;0580;Kommunal;Linköpings kommun;2120000449;475;47,6;9,3;85,5;83;79;80;82;81;70;.;.;.;
Himnaskolan;88643893;Linköping;0580;Kommunal;Linköpings kommun;2120000449;457;49,5;3,9;80,7;66;80;72;84;69;86;.;.;.;
Hjulsbroskolan;56122739;Linköping;0580;Kommunal;Linköpings kommun;2120000449;277;49,8;5,8;91,0;54;28;55;46;38;56;.;.;.;
Internationella Engelska Skolan Linköping;82086591;Linköping;0580;Enskild;Internationella Engelska Skolan i Sverige AB;5564624368;656;48,5;66,3;68,3;.;.;.;85;124;125;113;103;106;
JENSEN grundskola Linköping;40898556;Linköping;0580;Enskild;Jensen Education College AB;5566358759;108;63,0;25,9;72,2;.;.;.;.;.;23;32;29;24;
Järdalaskolan;94242496;Linköping;0580;Kommunal;Linköpings kommun;2120000449;5;..;.;..;.;1;4;.;.;.;.;.;.;
Kungsbergsskolan 7-9;13435161;Linköping;0580;Kommunal;Linköpings kommun;2120000449;73;41,1;49,3;41,1;.;.;.;.;.;.;73;.;.;
Kungsbergsskolan F-6;12146922;Linköping;0580;Kommunal;Linköpings kommun;2120000449;222;49,5;53,6;54,5;28;51;41;40;35;27;.;.;.;
Kunskapsskolan Linköping;67505597;Linköping;0580;Enskild;Kunskapsskolan i Sverige Aktiebolag;5565661815;117;55,6;55,6;40,2;.;.;.;1;5;14;28;35;34;
Kvinnebyskolan;66616050;Linköping;0580;Kommunal;Linköpings kommun;2120000449;291;46,0;11,3;88,3;57;51;44;53;34;52;.;.;.;
Kärna skola;11861311;Linköping;0580;Kommunal;Linköpings kommun;2120000449;555;46,3;12,8;72,8;92;79;93;92;90;109;.;.;.;
Lillgårdsskolan;29350859;Linköping;0580;Enskild;Stiftelsen Lillgårdsskolan i Linköping;8220028651;173;48,0;14,5;79,8;28;28;28;36;25;28;.;.;.;
Linghemsskolan;93274980;Linköping;0580;Kommunal;Linköpings kommun;2120000449;254;50,8;9,4;69,7;.;.;.;.;.;.;90;80;84;
Ljungs skola;87929781;Linköping;0580;Kommunal;Linköpings kommun;2120000449;31;41,9;..;54,8;31;.;.;.;.;.;.;.;.;
Ljungsbro skola;42454305;Linköping;0580;Kommunal;Linköpings kommun;2120000449;476;43,9;13,7;67,4;.;25;55;43;49;35;84;94;91;
Montessori Mondial Linköping;75288258;Linköping;0580;Enskild;Pysslingen Förskolor och Skolor AB;5560354309;87;55,2;35,6;72,4;16;18;16;13;10;14;.;.;.;
Norrbergaskolan;39665955;Linköping;0580;Kommunal;Linköpings kommun;2120000449;55;47,3;9,1;69,1;55;.;.;.;.;.;.;.;.;
Nya Kärnpunkten;24121348;Linköping;0580;Kommunal;Linköpings kommun;2120000449;3;..;..;..;.;.;.;1;1;1;.;.;.;
Nya Munken;76521863;Linköping;0580;Enskild;Nya Munken Aktiebolag;5563475028;570;43,3;24,2;72,6;.;.;.;.;.;.;192;188;190;
Nya Rydsskolan;51947069;Linköping;0580;Kommunal;Linköpings kommun;2120000449;198;49,5;84,3;28,3;43;35;37;29;27;27;.;.;.;
Nygårdsskolan;62444453;Linköping;0580;Kommunal;Linköpings kommun;2120000449;220;51,4;88,6;20,9;48;50;46;36;40;.;.;.;.;
Nykils skola;24526873;Linköping;0580;Kommunal;Linköpings kommun;2120000449;151;53,6;3,3;76,8;32;27;26;22;24;20;.;.;.;
Pandionskolan;16928929;Linköping;0580;Enskild;Frösunda IoF AB;5565972352;35;37,1;..;42,9;.;.;.;.;.;5;10;9;11;
Rappestad skola;73905927;Linköping;0580;Kommunal;Linköpings kommun;2120000449;57;56,1;..;64,9;19;16;22;.;.;.;.;.;.;
Rosendalsskolan;37626171;Linköping;0580;Kommunal;Linköpings kommun;2120000449;314;45,2;92,0;19,4;46;50;75;47;44;52;.;.;.;
Skeda skola;36426004;Linköping;0580;Kommunal;Linköpings kommun;2120000449;129;40,3;..;85,3;25;19;17;24;26;18;.;.;.;
Slaka skola;47854168;Linköping;0580;Kommunal;Linköpings kommun;2120000449;129;48,8;3,9;74,4;22;24;25;18;20;20;.;.;.;
Slestadskolan;64444797;Linköping;0580;Kommunal;Linköpings kommun;2120000449;307;48,2;29,6;75,2;47;56;58;45;52;49;.;.;.;
Slussenskolan;77844194;Linköping;0580;Kommunal;Linköpings kommun;2120000449;9;..;..;..;.;.;.;.;.;1;1;2;5;
Småskolan;33615827;Linköping;0580;Enskild;Småskolan Pedagogik i Sverige AB;5590345178;40;52,5;.;82,5;20;20;.;.;.;.;.;.;.;
Stångåskolan;25519969;Linköping;0580;Kommunal;Linköpings kommun;2120000449;10;..;..;..;.;.;.;.;.;.;4;.;6;
Sätra skola;21336110;Linköping;0580;Kommunal;Linköpings kommun;2120000449;74;48,6;..;71,6;11;15;10;20;7;11;.;.;.;
T1-skolorna;34100694;Linköping;0580;Kommunal;Linköpings kommun;2120000449;423;44,9;30,7;79,9;78;79;81;71;61;53;.;.;.;
Tallbodaskolorna;27713533;Linköping;0580;Kommunal;Linköpings kommun;2120000449;365;49,0;14,8;75,6;63;49;65;66;55;67;.;.;.;
Tanneforsskolan;78438609;Linköping;0580;Kommunal;Linköpings kommun;2120000449;175;50,3;26,9;68,0;28;32;33;29;23;30;.;.;.;
Thea Privata Grundskola Linköping;31658010;Linköping;0580;Enskild;Theducation AB;5565697082;322;55,9;10,9;68,0;.;.;.;.;.;.;117;116;89;
Tinnerbäcksskolan;24877681;Linköping;0580;Kommunal;Linköpings kommun;2120000449;10;..;..;..;.;.;.;.;.;.;3;3;4;
Tokarpsskolan;68326694;Linköping;0580;Kommunal;Linköpings kommun;2120000449;370;40,3;28,9;57,8;.;.;.;.;.;.;118;115;137;
Tornhagsskolan;24291925;Linköping;0580;Kommunal;Linköpings kommun;2120000449;715;48,0;47,3;59,9;92;85;80;74;61;77;82;81;83;
Ulleviskolan;71502521;Linköping;0580;Kommunal;Linköpings kommun;2120000449;186;46,8;93,5;14,5;32;49;.;28;27;50;.;.;.;
Ulrika skola;16096482;Linköping;0580;Kommunal;Linköpings kommun;2120000449;26;50,0;..;26,9;5;2;6;5;2;6;.;.;.;
Vallastadens skola;79102473;Linköping;0580;Kommunal;Linköpings kommun;2120000449;215;44,7;32,1;82,3;36;48;39;37;31;24;.;.;.;
Vidingsjöskolan;82087469;Linköping;0580;Kommunal;Linköpings kommun;2120000449;302;49,3;12,3;76,2;53;54;52;46;47;50;.;.;.;
Vikingstads skolor;84248539;Linköping;0580;Kommunal;Linköpings kommun;2120000449;347;50,1;6,9;75,2;61;56;54;67;52;57;.;.;.;
Vist skola;85043074;Linköping;0580;Kommunal;Linköpings kommun;2120000449;312;48,4;9,3;76,6;28;79;48;60;50;47;.;.;.;
Vittra Lambohov;26255239;Linköping;0580;Enskild;Vittraskolorna AB;5564586716;175;46,3;37,7;58,9;18;16;32;15;25;22;18;18;11;
Vreta Kloster skola;61381787;Linköping;0580;Kommunal;Linköpings kommun;2120000449;324;46,0;7,7;75,9;57;45;49;59;57;57;.;.;.;
Ånestadsskolan 7-9;85335004;Linköping;0580;Kommunal;Linköpings kommun;2120000449;241;49,0;42,3;53,1;.;.;.;.;.;.;82;65;94;
Ånestadsskolan F-6;59548402;Linköping;0580;Kommunal;Linköpings kommun;2120000449;308;50,0;40,9;69,2;52;52;55;50;43;56;.;.;.;
Änggårdsskolan;35599739;Linköping;0580;Kommunal;Linköpings kommun;2120000449;219;47,9;34,2;59,8;30;28;36;47;37;41;.;.;.;
Agunnarydskolan;87989137;Ljungby;0781;Kommunal;Ljungby kommun;2120000670;40;47,5;17,5;55,0;8;8;9;6;6;3;.;.;.;
Angelstadskolan;87414531;Ljungby;0781;Kommunal;Ljungby kommun;2120000670;66;40,9;18,2;59,1;11;10;9;11;11;14;.;.;.;
Astradskolan 1;83388272;Ljungby;0781;Kommunal;Ljungby kommun;2120000670;94;55,3;18,1;71,3;25;25;44;.;.;.;.;.;.;
Astradskolan 2;90628474;Ljungby;0781;Kommunal;Ljungby kommun;2120000670;263;50,2;30,8;54,8;.;.;.;.;.;.;89;87;87;
Astradskolan 3;21157015;Ljungby;0781;Kommunal;Ljungby kommun;2120000670;262;48,9;28,6;58,4;.;.;.;29;44;44;47;48;50;
Bolmsöskolan;24113068;Ljungby;0781;Kommunal;Ljungby kommun;2120000670;21;66,7;.;85,7;1;4;7;3;4;2;.;.;.;
Ekebackenskolan;20756773;Ljungby;0781;Kommunal;Ljungby kommun;2120000670;188;47,9;18,1;60,1;38;37;33;23;37;20;.;.;.;
Hamnedaskolan;62324914;Ljungby;0781;Kommunal;Ljungby kommun;2120000670;60;48,3;23,3;30,0;5;14;11;8;13;9;.;.;.;
Hjortsbergskolan;71032335;Ljungby;0781;Kommunal;Ljungby kommun;2120000670;113;50,4;56,6;49,6;.;.;.;37;40;36;.;.;.;
Hjortsbergskolan 2;40459152;Ljungby;0781;Kommunal;Ljungby kommun;2120000670;99;50,5;71,7;38,4;30;36;33;.;.;.;.;.;.;
Kungshögsskolan 1;94648037;Ljungby;0781;Kommunal;Ljungby kommun;2120000670;74;40,5;40,5;45,9;25;25;24;.;.;.;.;.;.;
Kungshögsskolan 2;87262274;Ljungby;0781;Kommunal;Ljungby kommun;2120000670;198;49,0;37,4;47,5;.;.;.;23;25;25;50;50;25;
Kungshögsskolan 3;96958960;Ljungby;0781;Kommunal;Ljungby kommun;2120000670;248;51,2;26,6;54,0;.;.;.;.;.;.;74;75;99;
Lidhults skolan;32676873;Ljungby;0781;Kommunal;Ljungby kommun;2120000670;108;48,1;34,3;47,2;17;8;16;19;21;27;.;.;.;
Lingbygdens Friskola;55606427;Ljungby;0781;Enskild;Lingbygdens Friskola ekonomisk förening;7696213292;50;58,0;20,0;50,0;14;10;2;8;11;5;.;.;.;
Ryssbyskolan;27091573;Ljungby;0781;Kommunal;Ljungby kommun;2120000670;97;52,6;16,5;60,8;17;15;16;19;15;15;.;.;.;
Stensbergskolan;67644450;Ljungby;0781;Kommunal;Ljungby kommun;2120000670;292;54,1;18,2;52,7;49;51;48;49;48;47;.;.;.;
Thoren Framtid i Ljungby;59021648;Ljungby;0781;Enskild;Thoren Framtid AB;5567497051;184;40,8;19,0;67,4;25;23;19;11;13;22;21;25;25;
Vittarydskolan;39704815;Ljungby;0781;Kommunal;Ljungby kommun;2120000670;57;47,4;38,6;43,9;10;11;7;7;13;9;.;.;.;
Åbyskolan 1;68870324;Ljungby;0781;Kommunal;Ljungby kommun;2120000670;102;50,0;25,5;52,0;38;31;33;.;.;.;.;.;.;
Åbyskolan 2;75853223;Ljungby;0781;Kommunal;Ljungby kommun;2120000670;239;51,9;26,4;44,8;.;.;.;39;28;33;45;42;52;
Båtbacken;51658900;Ljusdal;2161;Enskild;Båtbackens Friskola ekonomisk förening;7696151641;74;52,7;..;56,8;8;18;9;9;10;20;.;.;.;
Freinetskolan Tallbacken;84673347;Ljusdal;2161;Enskild;Freinetskolan Tallbacken AB;5566403407;170;47,1;12,9;48,8;28;30;27;29;28;28;.;.;.;
Friskolan Vintergatan;62270371;Ljusdal;2161;Enskild;Friskolan Vintergatan Ekonomisk Förening;7696065718;119;61,3;5,0;50,4;.;.;.;.;.;.;38;40;41;
Färila skola;36425969;Ljusdal;2161;Kommunal;Ljusdals kommun;2120002320;310;45,8;7,7;37,4;36;24;42;39;42;33;34;23;37;
Gärdeåsskolan;51846686;Ljusdal;2161;Kommunal;Ljusdals kommun;2120002320;155;54,8;31,6;43,2;24;25;20;28;29;29;.;.;.;
Järvsö skola F-9;56759222;Ljusdal;2161;Kommunal;Ljusdals kommun;2120002320;344;44,2;2,3;54,4;30;41;41;38;38;34;45;29;48;
Los skola;87366152;Ljusdal;2161;Kommunal;Ljusdals kommun;2120002320;35;40,0;20,0;57,1;1;4;4;.;4;4;6;6;6;
Stenhamreskolan 7-9;97659691;Ljusdal;2161;Kommunal;Ljusdals kommun;2120002320;279;57,3;21,1;38,0;.;.;.;.;.;.;81;84;114;
Stenhamreskolan F-6;98347247;Ljusdal;2161;Kommunal;Ljusdals kommun;2120002320;230;51,7;29,1;36,5;38;34;27;44;42;45;.;.;.;
Tallåsens skola;45136856;Ljusdal;2161;Kommunal;Ljusdals kommun;2120002320;105;45,7;..;32,4;18;13;19;21;16;18;.;.;.;
Kyrkbacksskolan 7-9;81333857;Ljusnarsberg;1864;Kommunal;Ljusnarsbergs kommun;2120001959;121;52,9;33,1;40,5;.;.;.;.;.;.;37;46;38;
Kyrkbacksskolan F-6;82447364;Ljusnarsberg;1864;Kommunal;Ljusnarsbergs kommun;2120001959;217;49,8;30,4;35,9;27;45;36;33;39;37;.;.;.;
Alfredshällskolan;20557692;Lomma;1262;Kommunal;Lomma kommun;2120001066;267;48,3;6,0;91,4;41;46;42;47;42;49;.;.;.;
Bjärehovskolan;41254600;Lomma;1262;Kommunal;Lomma kommun;2120001066;575;47,5;12,3;86,8;36;46;46;48;51;53;98;100;97;
Fladängskolan;96905508;Lomma;1262;Kommunal;Lomma kommun;2120001066;379;48,8;12,9;85,0;47;46;45;85;77;79;.;.;.;
Karstorpskolan Norra;83616080;Lomma;1262;Kommunal;Lomma kommun;2120001066;345;44,9;12,5;84,6;70;68;59;80;68;.;.;.;.;
Karstorpskolan Södra;92463760;Lomma;1262;Kommunal;Lomma kommun;2120001066;315;48,9;17,1;77,1;.;.;.;.;.;86;79;78;72;
Löddesnässkolan;58076252;Lomma;1262;Kommunal;Lomma kommun;2120001066;291;46,4;4,8;91,1;35;50;49;53;51;53;.;.;.;
Montessori Bjerred;52025747;Lomma;1262;Enskild;Montessori-Bjerred Ekonomisk Förening;7696026983;166;54,8;7,2;92,8;16;19;19;17;19;19;17;23;17;
Pilängskolan;15610637;Lomma;1262;Kommunal;Lomma kommun;2120001066;838;46,7;10,0;86,2;47;48;71;74;75;73;163;155;132;
Rutsborgskolan;19570704;Lomma;1262;Kommunal;Lomma kommun;2120001066;459;44,0;10,0;89,5;26;41;40;24;26;27;93;100;82;
Strandskolan;26824650;Lomma;1262;Kommunal;Lomma kommun;2120001066;132;45,5;8,3;86,4;43;45;44;.;.;.;.;.;.;
Blötbergets skola;13775470;Ludvika;2085;Kommunal;Ludvika kommun;2120002270;129;50,4;3,9;54,3;25;31;17;22;19;15;.;.;.;
Fredriksbergsskolan;88233361;Ludvika;2085;Kommunal;Ludvika kommun;2120002270;49;63,3;20,4;42,9;5;4;4;11;5;3;3;4;10;
Håksberg;73236556;Ludvika;2085;Enskild;Olympica AB;5565938700;106;39,6;13,2;48,1;23;20;18;22;10;13;.;.;.;
Junibackens skola;17188467;Ludvika;2085;Kommunal;Ludvika kommun;2120002270;145;46,2;27,6;64,8;22;25;23;26;27;22;.;.;.;
Knutsbo skola;90820665;Ludvika;2085;Kommunal;Ludvika kommun;2120002270;144;42,4;19,4;78,5;27;18;26;24;25;24;.;.;.;
Kyrkskolan 7-9;28230949;Ludvika;2085;Kommunal;Ludvika kommun;2120002270;472;50,6;32,6;45,1;.;.;.;.;.;.;134;152;186;
Lorensberga F-6;63728031;Ludvika;2085;Kommunal;Ludvika kommun;2120002270;316;49,4;36,7;50,0;55;51;43;60;53;54;.;.;.;
Lorensbergaskolan 7-9;47736072;Ludvika;2085;Kommunal;Ludvika kommun;2120002270;399;48,6;21,1;52,9;.;.;.;.;.;.;145;138;116;
Nyhammars skola;39306277;Ludvika;2085;Kommunal;Ludvika kommun;2120002270;114;50,0;6,1;48,2;17;22;23;19;19;14;.;.;.;
Parkskolan;61260328;Ludvika;2085;Kommunal;Ludvika kommun;2120002270;227;51,5;8,4;28,6;53;35;35;37;36;31;.;.;.;
Solviksskolan;67844568;Ludvika;2085;Kommunal;Ludvika kommun;2120002270;246;47,2;73,2;36,6;35;37;39;47;48;40;.;.;.;
Sunnansjö skola;73277774;Ludvika;2085;Kommunal;Ludvika kommun;2120002270;58;58,6;..;55,2;12;12;8;7;12;7;.;.;.;
Sörviks skola;83237712;Ludvika;2085;Kommunal;Ludvika kommun;2120002270;125;52,0;5,6;67,2;28;15;21;21;23;17;.;.;.;
Vasaskolan;22818109;Ludvika;2085;Kommunal;Ludvika kommun;2120002270;266;48,9;51,5;43,6;46;49;41;49;46;35;.;.;.;
Alviksskolan;41443442;Luleå;2580;Kommunal;Luleå kommun;2120002742;95;51,6;..;75,8;14;9;19;18;19;16;.;.;.;
Antnässkolan;66927569;Luleå;2580;Kommunal;Luleå kommun;2120002742;94;46,8;.;79,8;15;11;15;15;19;19;.;.;.;
Avanskolan;90467643;Luleå;2580;Kommunal;Luleå kommun;2120002742;37;62,2;.;62,2;10;8;3;4;5;7;.;.;.;
Benzeliusskolan;87101377;Luleå;2580;Kommunal;Luleå kommun;2120002742;153;47,1;3,9;75,8;18;36;29;38;19;13;.;.;.;
Bergskolan;72942852;Luleå;2580;Kommunal;Luleå kommun;2120002742;327;51,1;10,1;66,7;.;.;.;.;.;.;113;103;111;
Björkskataskolan;89477984;Luleå;2580;Kommunal;Luleå kommun;2120002742;377;48,0;12,7;74,5;.;.;.;.;.;.;121;138;118;
Borgmästarskolan;71219716;Luleå;2580;Kommunal;Luleå kommun;2120002742;104;43,3;39,4;55,8;33;40;31;.;.;.;.;.;.;
Boskataskolan;89780532;Luleå;2580;Kommunal;Luleå kommun;2120002742;233;45,9;10,3;83,7;40;30;32;44;43;44;.;.;.;
Ersnässkolan;77545704;Luleå;2580;Kommunal;Luleå kommun;2120002742;68;48,5;..;72,1;16;12;9;5;16;10;.;.;.;
Furuparksskolan 0-3;11064551;Luleå;2580;Kommunal;Luleå kommun;2120002742;125;49,6;14,4;70,4;40;37;48;.;.;.;.;.;.;
Hedskolan;87224520;Luleå;2580;Kommunal;Luleå kommun;2120002742;107;42,1;38,3;48,6;7;17;19;28;18;18;.;.;.;
Hertsöskolan 4-6;43993011;Luleå;2580;Kommunal;Luleå kommun;2120002742;133;51,1;25,6;59,4;.;.;.;44;49;40;.;.;.;
Hertsöskolan 7-9;15579589;Luleå;2580;Kommunal;Luleå kommun;2120002742;198;46,0;23,2;53,5;.;.;.;.;.;.;54;74;70;
Innovitaskolan Luleå;55520065;Luleå;2580;Enskild;Pysslingen Förskolor och Skolor AB;5560354309;188;50,5;9,0;73,9;27;37;30;16;15;27;9;11;16;
Klöverträskskolan;77641387;Luleå;2580;Kommunal;Luleå kommun;2120002742;40;47,5;..;70,0;5;7;9;4;8;7;.;.;.;
Kråkbergsskolan;46323920;Luleå;2580;Kommunal;Luleå kommun;2120002742;203;45,3;3,4;85,7;.;.;.;.;.;.;73;57;73;
Mandaskolan;27240899;Luleå;2580;Kommunal;Luleå kommun;2120002742;130;46,2;9,2;77,7;14;19;24;25;20;28;.;.;.;
Mariebergsskolan;99392998;Luleå;2580;Kommunal;Luleå kommun;2120002742;82;52,4;..;73,2;25;34;23;.;.;.;.;.;.;
Montessoriskolan;35085794;Luleå;2580;Kommunal;Luleå kommun;2120002742;245;47,8;15,1;73,5;23;17;22;26;27;27;40;36;27;
Måttsundsskolan;27071357;Luleå;2580;Kommunal;Luleå kommun;2120002742;67;43,3;7,5;86,6;8;14;14;9;11;11;.;.;.;
Nya Läroverket;82183259;Luleå;2580;Enskild;Nya läroverket Luleå AB;5566677927;395;47,6;6,1;86,1;42;42;41;42;42;40;62;43;41;
Nya Läroverket Bergnäset;52734580;Luleå;2580;Enskild;Nya läroverket Luleå AB;5566677927;291;50,5;6,2;80,1;32;40;22;21;39;20;43;36;38;
Nya Läroverket Svartöstaden;49867789;Luleå;2580;Enskild;Nya läroverket Luleå AB;5566677927;64;48,4;9,4;71,9;13;12;6;14;8;11;.;.;.;
Ormbergsskolan;91656996;Luleå;2580;Kommunal;Luleå kommun;2120002742;236;44,1;9,7;86,0;30;44;46;35;43;38;.;.;.;
Persöskolan;11872888;Luleå;2580;Kommunal;Luleå kommun;2120002742;109;49,5;..;56,9;14;18;22;9;22;24;.;.;.;
Porsöskolan;44278936;Luleå;2580;Kommunal;Luleå kommun;2120002742;160;46,9;41,3;63,8;21;29;27;25;32;26;.;.;.;
Residensskolan 7-9;73462793;Luleå;2580;Kommunal;Luleå kommun;2120002742;220;50,5;17,7;69,5;.;.;.;.;.;.;74;72;74;
Rutviksskolan 0-6;89136155;Luleå;2580;Kommunal;Luleå kommun;2120002742;142;51,4;..;80,3;31;15;25;25;20;26;.;.;.;
Råneskolan 0-6;21937355;Luleå;2580;Kommunal;Luleå kommun;2120002742;226;50,4;16,8;48,2;37;36;46;31;31;45;.;.;.;
Råneskolan 7-9;22462490;Luleå;2580;Kommunal;Luleå kommun;2120002742;108;41,7;13,9;49,1;.;.;.;.;.;.;39;32;37;
Stadsöskolan 4-6;92596010;Luleå;2580;Kommunal;Luleå kommun;2120002742;161;47,2;6,8;70,2;.;.;.;48;64;49;.;.;.;
Stadsöskolan 7-9;95536453;Luleå;2580;Kommunal;Luleå kommun;2120002742;284;49,3;3,5;72,5;.;.;.;.;.;.;97;93;94;
Sunderbyskolan 0-3;13938935;Luleå;2580;Kommunal;Luleå kommun;2120002742;169;44,4;3,0;85,2;41;77;51;.;.;.;.;.;.;
Sunderbyskolan 4-6;59950814;Luleå;2580;Kommunal;Luleå kommun;2120002742;195;50,3;2,6;84,1;.;.;.;56;74;65;.;.;.;
Svedjeskolan;35535722;Luleå;2580;Kommunal;Luleå kommun;2120002742;134;50,7;26,9;56,7;43;49;42;.;.;.;.;.;.;
Tallkronanskolan 0-6;54468318;Luleå;2580;Kommunal;Luleå kommun;2120002742;304;45,7;6,3;86,8;31;41;42;42;73;75;.;.;.;
Tunaskolan 0-3;28004366;Luleå;2580;Kommunal;Luleå kommun;2120002742;107;48,6;15,0;62,6;43;37;27;.;.;.;.;.;.;
Tunaskolan 4-6;84328205;Luleå;2580;Kommunal;Luleå kommun;2120002742;219;45,7;25,1;55,3;.;.;.;72;68;79;.;.;.;
Tunaskolan 7-9;43539193;Luleå;2580;Kommunal;Luleå kommun;2120002742;184;47,8;28,3;55,4;.;.;.;.;.;.;66;61;57;
Vitådalens skola;40752367;Luleå;2580;Enskild;Vitådalens skola ekonomisk förening;7696315931;20;40,0;.;50,0;5;4;3;5;3;.;.;.;.;
Ängskolan;97585644;Luleå;2580;Kommunal;Luleå kommun;2120002742;154;47,4;20,8;52,6;24;38;24;22;23;23;.;.;.;
Öhemsskolan;67615094;Luleå;2580;Kommunal;Luleå kommun;2120002742;100;49,0;10,0;76,0;39;29;32;.;.;.;.;.;.;
Örnässkolan 0-6;25018983;Luleå;2580;Kommunal;Luleå kommun;2120002742;158;51,9;34,2;51,3;32;24;19;37;25;21;.;.;.;
Örnässkolan 7-9;20104143;Luleå;2580;Kommunal;Luleå kommun;2120002742;276;47,5;13,4;69,9;.;.;.;.;.;.;81;95;100;
Östra Skolan 0-3;58093790;Luleå;2580;Kommunal;Luleå kommun;2120002742;80;47,5;27,5;51,3;21;28;31;.;.;.;.;.;.;
Östra skolan 4-6;25119379;Luleå;2580;Kommunal;Luleå kommun;2120002742;85;40,0;32,9;58,8;.;.;.;23;31;31;.;.;.;
Apelskolan;95226024;Lund;1281;Kommunal;Lunds kommun;2120001132;52;48,1;36,5;71,2;7;10;11;8;8;8;.;.;.;
Backaskolan;43054997;Lund;1281;Kommunal;Lunds kommun;2120001132;262;48,9;40,5;82,4;72;93;97;.;.;.;.;.;.;
Byskolan;45699665;Lund;1281;Kommunal;Lunds kommun;2120001132;303;51,8;12,2;78,2;50;49;41;54;51;58;.;.;.;
Delfinskolan;86202475;Lund;1281;Kommunal;Lunds kommun;2120001132;98;51,0;65,3;52,0;31;28;39;.;.;.;.;.;.;
Flygelskolan;29396502;Lund;1281;Kommunal;Lunds kommun;2120001132;96;52,1;30,2;90,6;44;25;27;.;.;.;.;.;.;
Freinetskolan i Lund;60492534;Lund;1281;Enskild;Freinetskolan i Lund,Ideell Förening;8450030203;156;53,2;18,6;87,2;19;13;19;17;12;16;19;21;20;
Fågelskolan;64936034;Lund;1281;Kommunal;Lunds kommun;2120001132;422;44,5;49,1;64,5;52;57;50;52;36;39;37;56;43;
Fäladsgården;54391347;Lund;1281;Kommunal;Lunds kommun;2120001132;499;51,9;26,7;82,2;.;.;.;.;.;.;158;179;162;
Fäladsskolan;99578308;Lund;1281;Kommunal;Lunds kommun;2120001132;346;46,0;42,5;76,0;.;.;.;104;128;114;.;.;.;
Genarps skola;83803124;Lund;1281;Kommunal;Lunds kommun;2120001132;287;46,7;20,2;70,4;.;.;.;61;43;50;42;49;42;
Gunnesboskolan;85762828;Lund;1281;Kommunal;Lunds kommun;2120001132;591;50,4;31,1;75,0;57;51;39;50;50;52;109;91;92;
Hagalundskolan;63017061;Lund;1281;Kommunal;Lunds kommun;2120001132;167;43,7;7,2;90,4;27;25;28;30;28;29;.;.;.;
Hubertusgården;21703142;Lund;1281;Kommunal;Lunds kommun;2120001132;181;45,9;29,3;86,2;29;30;36;27;29;30;.;.;.;
Håstads skola;51938440;Lund;1281;Kommunal;Lunds kommun;2120001132;46;30,4;..;87,0;10;19;17;.;.;.;.;.;.;
Häckebergaskolan;33536595;Lund;1281;Kommunal;Lunds kommun;2120001132;178;48,9;20,2;66,9;61;59;58;.;.;.;.;.;.;
Idalaskolan;20140050;Lund;1281;Kommunal;Lunds kommun;2120001132;139;43,9;9,4;68,3;56;49;34;.;.;.;.;.;.;
Internationella Engelska Skolan Lund;63826797;Lund;1281;Enskild;Internationella Engelska Skolan i Sverige AB;5564624368;711;54,0;36,7;91,3;.;.;.;113;117;123;117;125;116;
ISLK/Int. School of Lund;70615815;Lund;1281;Kommunal;Lunds kommun;2120001132;347;48,1;85,6;74,1;33;28;39;27;35;38;39;58;50;
Järnåkraskolan 4-9;39307298;Lund;1281;Kommunal;Lunds kommun;2120001132;554;46,8;26,5;84,1;.;.;.;77;57;56;125;121;118;
Killebäckskolan;42754004;Lund;1281;Kommunal;Lunds kommun;2120001132;446;50,0;13,9;78,0;.;.;.;26;25;28;120;120;127;
Klostergårdskolan;89516312;Lund;1281;Kommunal;Lunds kommun;2120001132;188;43,1;44,1;68,1;23;30;29;34;27;45;.;.;.;
Kulparkskolan;28403786;Lund;1281;Kommunal;Lunds kommun;2120001132;167;44,3;13,2;95,2;54;56;57;.;.;.;.;.;.;
Kunskapsskolan Lund;52037312;Lund;1281;Enskild;Kunskapsskolan i Sverige Aktiebolag;5565661815;460;49,1;29,8;80,7;.;.;.;32;42;42;115;115;114;
Lerbäckskolan;90340546;Lund;1281;Kommunal;Lunds kommun;2120001132;713;46,3;18,2;91,4;67;65;66;84;80;80;90;91;90;
Lingua Montessoriskola;34409875;Lund;1281;Enskild;Montessori Förskolor och Skolor i Sverige AB;5591658975;122;51,6;55,7;77,9;34;35;18;16;9;10;.;.;.;
Lund International School*;35615086;Lund;1281;Enskild;Lund International School ek. för.;7696113914;226;48,2;83,6;80,5;34;31;32;22;25;21;15;29;17;
Lunds Montessorigrundskola;70044059;Lund;1281;Enskild;Föreningen Lunds Montessorigrundskola;8450021459;237;46,4;17,7;94,5;26;25;29;24;28;24;26;28;27;
Lunds Waldorfskola;96533068;Lund;1281;Enskild;Stiftelsen Lunds Waldorfskola;8450008415;194;49,0;24,2;86,1;24;22;20;28;20;11;31;22;16;
Montessori Mondial Lund;40248457;Lund;1281;Enskild;Pysslingen Förskolor och Skolor AB;5560354309;225;47,6;30,7;92,0;25;25;25;25;25;25;25;25;25;
Munspelets skola;30058363;Lund;1281;Kommunal;Lunds kommun;2120001132;151;47,0;21,2;94,0;49;50;52;.;.;.;.;.;.;
Mårtenskolan;26555956;Lund;1281;Kommunal;Lunds kommun;2120001132;249;47,4;38,6;84,7;19;50;28;52;45;55;.;.;.;
Nyvångskolan;70811599;Lund;1281;Kommunal;Lunds kommun;2120001132;841;48,5;18,0;78,0;38;54;55;120;112;110;123;112;117;
Oskarskolan;85777148;Lund;1281;Kommunal;Lunds kommun;2120001132;51;45,1;27,5;88,2;16;19;16;.;.;.;.;.;.;
Palettskolan;54781241;Lund;1281;Kommunal;Lunds kommun;2120001132;161;46,6;27,3;82,0;24;28;29;28;24;28;.;.;.;
Prästängsskolan;46220627;Lund;1281;Kommunal;Lunds kommun;2120001132;165;53,3;9,1;93,9;.;.;.;57;54;54;.;.;.;
Pusselbitens skola Dalby;64971454;Lund;1281;Enskild;Nytida PB AB;5568642234;16;..;..;81,3;.;.;1;3;10;2;.;.;.;
Påskagängets skola;82239909;Lund;1281;Kommunal;Lunds kommun;2120001132;150;53,3;23,3;73,3;50;42;58;.;.;.;.;.;.;
Revinge skola;36401369;Lund;1281;Kommunal;Lunds kommun;2120001132;27;48,1;..;77,8;7;10;10;.;.;.;.;.;.;
Sankt Thomas Skola;28753548;Lund;1281;Enskild;Stiftelsen S:T Thomas Skola;8450030435;127;51,2;50,4;85,8;10;15;16;5;8;16;16;18;23;
Skrylleängs Montessoriskola;95785072;Lund;1281;Enskild;Dalby och Södra Sandby Montessoriförening Ek För;7696010151;89;48,3;5,6;84,3;15;17;14;18;12;13;.;.;.;
Stiftelsen BMSL;75154610;Lund;1281;Enskild;Stiftelsen Bmsl;8024781158;360;50,8;40,0;94,7;40;40;40;40;40;40;40;40;40;
Svaleboskolan;27508103;Lund;1281;Kommunal;Lunds kommun;2120001132;755;45,8;13,2;68,6;57;51;70;100;95;102;98;97;85;
Svaneskolan;67020135;Lund;1281;Kommunal;Lunds kommun;2120001132;364;48,9;21,2;84,3;.;.;.;.;.;.;123;122;119;
Torna Hällestads skola;14485761;Lund;1281;Kommunal;Lunds kommun;2120001132;42;54,8;..;90,5;13;17;12;.;.;.;.;.;.;
Tunaskolan;76684064;Lund;1281;Kommunal;Lunds kommun;2120001132;624;51,4;28,4;93,1;46;54;52;78;59;60;91;95;89;
Uggleskolan;34508695;Lund;1281;Kommunal;Lunds kommun;2120001132;251;45,8;12,0;83,7;25;38;34;56;50;48;.;.;.;
Vallkärra skola;13504003;Lund;1281;Kommunal;Lunds kommun;2120001132;111;40,5;24,3;89,2;17;14;11;28;19;22;.;.;.;
Vegalyckan;12127586;Lund;1281;Kommunal;Lunds kommun;2120001132;151;45,0;14,6;90,1;51;53;47;.;.;.;.;.;.;
Vikingaskolan;68201054;Lund;1281;Kommunal;Lunds kommun;2120001132;523;46,8;56,6;60,2;64;73;65;66;49;59;60;42;45;
Vårfruskolan;83324871;Lund;1281;Kommunal;Lunds kommun;2120001132;288;49,0;22,9;88,2;50;50;50;44;49;45;.;.;.;
Österskolan;31398939;Lund;1281;Kommunal;Lunds kommun;2120001132;73;41,1;16,4;86,3;25;23;25;.;.;.;.;.;.;
Östratornskolan;58622330;Lund;1281;Kommunal;Lunds kommun;2120001132;583;49,7;21,6;89,9;.;.;.;81;76;84;113;112;117;
Finnbacksskolan 1;12853184;Lycksele;2481;Kommunal;Lycksele kommun;2120002635;219;49,3;22,8;53,4;.;.;.;.;.;.;78;70;71;
Finnbacksskolan 2;12717350;Lycksele;2481;Kommunal;Lycksele kommun;2120002635;215;55,3;20,5;55,3;.;.;.;.;.;.;76;67;72;
Finnbacksskolan 3;41596705;Lycksele;2481;Kommunal;Lycksele kommun;2120002635;11;..;.;..;.;.;.;.;.;.;.;5;6;
Forsdalaskolan F-6;15825322;Lycksele;2481;Kommunal;Lycksele kommun;2120002635;268;47,8;14,6;53,7;47;40;51;42;47;41;.;.;.;
Furuviks skola;76316166;Lycksele;2481;Kommunal;Lycksele kommun;2120002635;125;49,6;7,2;60,0;25;17;20;19;19;25;.;.;.;
Hedlunda skola;36036642;Lycksele;2481;Kommunal;Lycksele kommun;2120002635;46;52,2;.;54,3;8;9;7;6;7;9;.;.;.;
Knaftens skola;19481421;Lycksele;2481;Kommunal;Lycksele kommun;2120002635;15;..;..;60,0;7;2;6;.;.;.;.;.;.;
Kristinebergs skola;65602740;Lycksele;2481;Kommunal;Lycksele kommun;2120002635;9;..;..;..;3;2;4;.;.;.;.;.;.;
Norrängsskolan;73265454;Lycksele;2481;Kommunal;Lycksele kommun;2120002635;244;45,9;18,4;50,0;46;32;40;37;53;36;.;.;.;
Rusksele skola;70212191;Lycksele;2481;Kommunal;Lycksele kommun;2120002635;13;38,5;..;46,2;9;4;.;.;.;.;.;.;.;
Södermalmsskolan;21774215;Lycksele;2481;Kommunal;Lycksele kommun;2120002635;115;52,2;32,2;48,7;24;18;19;19;20;15;.;.;.;
Umgransele skola;17245575;Lycksele;2481;Kommunal;Lycksele kommun;2120002635;8;..;.;75,0;4;2;2;.;.;.;.;.;.;
Bergs skola;33574346;Lysekil;1484;Kommunal;Lysekils kommun;2120001389;47;51,1;..;61,7;12;25;10;.;.;.;.;.;.;
Bro skola;21004427;Lysekil;1484;Kommunal;Lysekils kommun;2120001389;34;38,2;..;55,9;10;11;13;.;.;.;.;.;.;
Gullmarsskolan 7-9;12247315;Lysekil;1484;Kommunal;Lysekils kommun;2120001389;487;49,9;23,8;55,0;.;.;.;.;.;.;160;163;164;
Gullmarsskolan F-6;38925677;Lysekil;1484;Kommunal;Lysekils kommun;2120001389;221;44,8;56,6;34,4;33;27;35;44;38;44;.;.;.;
Mariedalsskolan;15905789;Lysekil;1484;Kommunal;Lysekils kommun;2120001389;297;49,8;12,8;64,6;33;49;40;72;53;50;.;.;.;
Skaftö skola;71589053;Lysekil;1484;Kommunal;Lysekils kommun;2120001389;49;49,0;..;79,6;6;8;3;9;12;11;.;.;.;
Stångenässkolan;71907938;Lysekil;1484;Kommunal;Lysekils kommun;2120001389;219;47,9;11,0;41,6;31;22;28;42;52;44;.;.;.;
Annebergsskolan;59926249;Malmö;1280;Kommunal;Malmö kommun;2120001124;439;50,1;69,2;53,3;84;83;74;75;71;52;.;.;.;
Apelgårdsskolan 7-9;87527002;Malmö;1280;Kommunal;Malmö kommun;2120001124;76;47,4;~100;14,5;.;.;.;.;.;.;24;26;26;
Apelgårdsskolan F-6;56672773;Malmö;1280;Kommunal;Malmö kommun;2120001124;225;51,6;88,0;32,0;43;30;41;27;40;44;.;.;.;
Augustenborgsskolan;89876778;Malmö;1280;Kommunal;Malmö kommun;2120001124;565;52,7;79,6;34,3;48;51;51;65;64;63;79;74;70;
Backaskolan;55040455;Malmö;1280;Enskild;Föreningen Backaskolan;8465001777;245;47,8;19,2;85,3;26;26;26;28;28;28;29;26;28;
Bergaskolan;40035084;Malmö;1280;Kommunal;Malmö kommun;2120001124;915;50,6;28,9;76,7;56;78;83;78;57;60;137;169;197;
Bladins grundskola;57534630;Malmö;1280;Enskild;Bladins Skola, Stiftelsen;8460010948;705;49,8;32,3;85,0;85;85;85;85;85;85;84;59;52;
Bladins International School of Malmö*;78986228;Malmö;1280;Enskild;Bladins Skola, Stiftelsen;8460010948;469;51,4;72,7;79,3;47;48;46;50;62;41;60;54;61;
Boukefs Privatskola;62868982;Malmö;1280;Enskild;Boukefs Privatskola AB;5567155527;123;58,5;82,9;40,7;.;.;.;19;16;23;22;23;20;
Boukefs Småskola;62126085;Malmö;1280;Enskild;Boukefs Privatskola AB;5567155527;46;45,7;60,9;52,2;13;20;13;.;.;.;.;.;.;
Bulltoftaskolan;54391363;Malmö;1280;Kommunal;Malmö kommun;2120001124;250;50,4;38,8;66,4;23;21;25;65;69;47;.;.;.;
Bäckagårdsskolan;12636945;Malmö;1280;Kommunal;Malmö kommun;2120001124;477;47,2;41,5;66,7;53;52;53;51;52;52;55;54;55;
Dammfriskolan;48874671;Malmö;1280;Kommunal;Malmö kommun;2120001124;659;44,8;58,1;55,8;65;72;69;65;68;66;85;85;84;
Djupadalsskolan;14379396;Malmö;1280;Kommunal;Malmö kommun;2120001124;492;48,0;10,0;91,5;84;84;84;84;83;73;.;.;.;
Elinelundsskolan;77378918;Malmö;1280;Kommunal;Malmö kommun;2120001124;444;46,6;51,4;63,3;80;79;51;22;28;19;91;74;.;
Europaportens grundskola;24339301;Malmö;1280;Enskild;Europaportens Skolor AB;5568350572;216;52,8;33,8;87,0;24;24;23;24;23;27;23;23;25;
Fridhemsskolan;17159507;Malmö;1280;Kommunal;Malmö kommun;2120001124;368;48,6;19,8;81,8;80;55;53;50;54;76;.;.;.;
Fågelbacksskolan;44459183;Malmö;1280;Kommunal;Malmö kommun;2120001124;586;51,9;30,5;71,0;.;.;.;.;.;.;195;198;193;
Geijerskolan;26676746;Malmö;1280;Kommunal;Malmö kommun;2120001124;510;48,6;18,0;86,3;86;85;91;84;86;78;.;.;.;
Glasbruksskolan;85051905;Malmö;1280;Kommunal;Malmö kommun;2120001124;495;53,7;23,2;81,6;53;71;88;107;105;71;.;.;.;
Gottorpskolan;56363473;Malmö;1280;Kommunal;Malmö kommun;2120001124;622;46,8;44,1;63,8;.;.;.;.;.;.;197;210;215;
Gullviksskolan;80189510;Malmö;1280;Kommunal;Malmö kommun;2120001124;266;49,6;74,4;50,0;51;53;39;46;38;39;.;.;.;
Hermodsdalsskolan;56666435;Malmö;1280;Kommunal;Malmö kommun;2120001124;468;48,9;86,1;34,8;52;51;53;53;54;53;52;54;46;
Hindby Dibber;16353434;Malmö;1280;Enskild;Dibber Malmö AB;5564450665;140;52,9;43,6;70,7;24;24;25;25;24;18;.;.;.;
Holmaskolan;54845539;Malmö;1280;Kommunal;Malmö kommun;2120001124;204;48,5;82,4;30,9;44;39;34;23;28;36;.;.;.;
Husieskolan;86384125;Malmö;1280;Kommunal;Malmö kommun;2120001124;315;47,6;38,4;71,7;56;48;55;51;52;53;.;.;.;
Hyllie Park Grundskola;55549522;Malmö;1280;Enskild;Hyllie Park Aktiebolag;5564918356;145;53,1;26,9;82,8;27;26;27;26;24;15;.;.;.;
Hyllievångsskolan;53047724;Malmö;1280;Kommunal;Malmö kommun;2120001124;433;50,1;58,7;63,7;81;84;108;82;78;.;.;.;.;
Högaholmsskolan;16037900;Malmö;1280;Kommunal;Malmö kommun;2120001124;274;49,6;86,5;40,1;40;59;57;42;36;40;.;.;.;
Höjaskolan;99835038;Malmö;1280;Kommunal;Malmö kommun;2120001124;473;54,1;76,1;40,2;48;46;54;51;51;53;57;55;58;
JENSEN grundskola Malmö 2;61994062;Malmö;1280;Enskild;Jensen Education College AB;5566358759;403;48,1;81,1;52,6;.;.;.;.;.;61;136;92;114;
Johannesskolan;82797662;Malmö;1280;Kommunal;Malmö kommun;2120001124;429;43,8;77,9;39,4;47;50;47;56;46;42;43;49;49;
Karl Johansskolan;19435652;Malmö;1280;Kommunal;Malmö kommun;2120001124;162;49,4;24,1;79,6;54;54;54;.;.;.;.;.;.;
Karlshögsskolan;56755694;Malmö;1280;Kommunal;Malmö kommun;2120001124;72;47,2;13,9;81,9;24;23;25;.;.;.;.;.;.;
Kastanjeskolan;19024032;Malmö;1280;Enskild;Föreningen Kastanjeskolan;8465016791;202;44,6;23,3;88,1;23;22;22;23;21;23;23;22;23;
Kirsebergsskolan;25054799;Malmö;1280;Kommunal;Malmö kommun;2120001124;451;45,5;55,4;50,8;80;75;82;81;65;68;.;.;.;
Klagshamnsskolan;21120076;Malmö;1280;Kommunal;Malmö kommun;2120001124;706;50,3;25,2;82,0;66;81;55;81;80;94;81;98;70;
Kommunikationsskolan;51220608;Malmö;1280;Kommunal;Malmö kommun;2120001124;81;35,8;80,2;37,0;6;9;8;8;12;12;9;9;8;
Kroksbäcksskolan;98745015;Malmö;1280;Kommunal;Malmö kommun;2120001124;487;50,9;90,1;29,4;50;66;53;48;45;48;59;55;63;
Kryddgårdsskolan;66836744;Malmö;1280;Kommunal;Malmö kommun;2120001124;295;46,1;91,9;34,6;61;55;31;50;51;47;.;.;.;
Kulladalsskolan;17441553;Malmö;1280;Kommunal;Malmö kommun;2120001124;445;42,9;57,8;65,4;77;76;72;71;76;73;.;.;.;
Kungshögsskolan;49165163;Malmö;1280;Kommunal;Malmö kommun;2120001124;450;49,8;39,1;61,6;78;69;76;81;73;73;.;.;.;
Lindeborgsskolan;22509001;Malmö;1280;Kommunal;Malmö kommun;2120001124;740;49,3;72,3;52,3;52;53;50;77;56;55;129;131;137;
Lindängeskolan;75875503;Malmö;1280;Kommunal;Malmö kommun;2120001124;512;50,0;90,0;31,8;50;68;44;55;50;54;68;68;55;
Linnéskolan;63951601;Malmö;1280;Kommunal;Malmö kommun;2120001124;485;43,3;30,9;69,5;.;.;.;56;56;55;115;116;87;
Lorensborgsskolan;16185651;Malmö;1280;Kommunal;Malmö kommun;2120001124;328;45,4;83,2;39,6;49;56;43;63;55;62;.;.;.;
Malmö Friskola;75599504;Malmö;1280;Enskild;Malmö Friskola AB;5566616297;106;40,6;95,3;50,9;15;25;24;20;13;9;.;.;.;
Malmö Idrottsgrundskola;71454628;Malmö;1280;Kommunal;Malmö kommun;2120001124;390;46,7;24,1;75,1;.;.;.;.;.;.;166;140;84;
Malmö International School;56446897;Malmö;1280;Kommunal;Malmö kommun;2120001124;448;51,3;83,3;67,0;77;38;46;47;49;56;42;48;45;
Malmö Montessoriskola;13299659;Malmö;1280;Enskild;Hemgårdar i Malmö, Föreningen;8460009460;295;50,2;15,9;92,5;34;34;34;34;33;33;33;28;32;
Mariaskolan;67272295;Malmö;1280;Enskild;Kristna Skolföreningen i Malmö;8460026654;211;53,1;52,1;71,1;24;23;25;21;23;23;24;23;25;
Mellanhedsskolan;29300350;Malmö;1280;Kommunal;Malmö kommun;2120001124;575;48,0;23,7;80,2;81;79;80;80;77;78;100;.;.;
Mellersta Förstadsskolan;80830464;Malmö;1280;Kommunal;Malmö kommun;2120001124;426;49,8;46,0;65,0;.;.;.;.;.;.;133;133;160;
Monbijouskolan;12536784;Malmö;1280;Kommunal;Malmö kommun;2120001124;317;44,8;36,6;72,2;54;53;53;54;53;50;.;.;.;
Montessorigrundskolan Maria;45776214;Malmö;1280;Enskild;MontessoriGrundskolan Maria AB;5565418455;200;53,0;23,5;80,5;22;21;23;24;23;24;22;24;17;
Munkhätteskolan;74972690;Malmö;1280;Kommunal;Malmö kommun;2120001124;599;44,1;89,8;32,6;68;71;66;65;67;64;66;67;65;
Mölletoftaskolan;64737940;Malmö;1280;Kommunal;Malmö kommun;2120001124;75;38,7;13,3;85,3;26;25;24;.;.;.;.;.;.;
Möllevångsskolan;88590084;Malmö;1280;Kommunal;Malmö kommun;2120001124;478;54,6;67,8;46,7;52;53;53;44;25;60;71;50;70;
Neptuniskolan;92819736;Malmö;1280;Kommunal;Malmö kommun;2120001124;483;57,6;37,9;70,0;.;.;.;.;.;.;174;166;143;
Nydalaskolan;58250857;Malmö;1280;Kommunal;Malmö kommun;2120001124;322;52,2;83,5;30,7;43;52;64;65;54;44;.;.;.;
Oxievångsskolan;64402572;Malmö;1280;Kommunal;Malmö kommun;2120001124;694;51,2;50,1;52,0;32;39;36;43;40;51;161;156;136;
Pilbäckskolan;85007077;Malmö;1280;Kommunal;Malmö kommun;2120001124;542;49,4;20,3;78,6;.;.;.;86;81;92;99;102;82;
Resursskolan UngArt;89498184;Malmö;1280;Enskild;Ungart AB;5566379623;25;32,0;32,0;32,0;.;.;.;.;.;1;7;8;9;
Ribersborgsskolan;54555485;Malmö;1280;Kommunal;Malmö kommun;2120001124;471;49,9;15,1;75,4;79;81;78;76;78;79;.;.;.;
Risebergaskolan;69234477;Malmö;1280;Kommunal;Malmö kommun;2120001124;361;45,2;22,2;82,8;70;71;56;53;56;55;.;.;.;
Rosengårdsskolan 7-9;39124119;Malmö;1280;Kommunal;Malmö kommun;2120001124;74;52,7;~100;24,3;.;.;.;.;.;.;24;26;24;
Rosengårdsskolan F-6;93270739;Malmö;1280;Kommunal;Malmö kommun;2120001124;367;54,0;87,2;28,3;60;64;64;51;57;71;.;.;.;
Rosenholmsskolan;56989398;Malmö;1280;Kommunal;Malmö kommun;2120001124;71;47,9;71,8;54,9;24;24;23;.;.;.;.;.;.;
Runstyckets skola;57386343;Malmö;1280;Enskild;Runstyckets Förskola Aktiebolag;5564518081;196;56,6;23,5;79,1;24;22;21;22;21;24;21;22;19;
Rådmansvångens skola;87197902;Malmö;1280;Kommunal;Malmö kommun;2120001124;392;51,0;29,3;75,0;.;.;.;74;52;78;52;80;56;
Rönnens resursskola;56810099;Malmö;1280;Kommunal;Malmö kommun;2120001124;38;15,8;50,0;42,1;.;3;5;2;.;6;4;8;10;
Rönnenskolan;93599910;Malmö;1280;Kommunal;Malmö kommun;2120001124;264;48,5;68,9;30,7;.;.;.;.;.;.;82;100;82;
Rörsjöskolan;97818558;Malmö;1280;Kommunal;Malmö kommun;2120001124;579;47,2;58,5;55,3;107;109;104;97;90;72;.;.;.;
Skolan på Ön;62952638;Malmö;1280;Kommunal;Malmö kommun;2120001124;113;46,0;39,8;82,3;45;45;23;.;.;.;.;.;.;
Sofielundsskolan;65836771;Malmö;1280;Kommunal;Malmö kommun;2120001124;546;48,4;72,3;36,3;51;52;52;53;73;66;81;66;52;
Sorgenfriskolan;67130748;Malmö;1280;Kommunal;Malmö kommun;2120001124;520;49,2;30,6;78,8;54;53;52;54;53;75;74;50;55;
Stapelbäddsskolan;39087850;Malmö;1280;Kommunal;Malmö kommun;2120001124;377;49,9;38,2;80,6;142;127;108;.;.;.;.;.;.;
Stenkulaskolan;85082785;Malmö;1280;Kommunal;Malmö kommun;2120001124;471;46,9;78,1;38,2;52;41;56;54;52;57;52;48;59;
Sundsbroskolan;15068136;Malmö;1280;Kommunal;Malmö kommun;2120001124;629;48,8;38,8;71,7;83;106;93;128;106;113;.;.;.;
Sveaskolan;54725950;Malmö;1280;Enskild;Sveaskolan AB;5567282859;311;53,4;8,0;89,7;.;.;.;.;.;72;72;72;95;
Söderkullaskolan;66656783;Malmö;1280;Kommunal;Malmö kommun;2120001124;802;51,2;80,8;45,4;75;73;76;80;74;79;132;106;107;
Tingdammsskolan;60366078;Malmö;1280;Kommunal;Malmö kommun;2120001124;466;47,0;46,6;59,7;80;79;79;76;76;76;.;.;.;
Toftanässkolan;98713812;Malmö;1280;Kommunal;Malmö kommun;2120001124;586;46,1;35,3;67,4;51;53;50;50;27;27;110;110;108;
Tygelsjöskolan;10509907;Malmö;1280;Kommunal;Malmö kommun;2120001124;231;48,5;12,6;84,0;69;76;86;.;.;.;.;.;.;
Videdals privatskolor;31996111;Malmö;1280;Enskild;Aktiebolaget Videdals Privatskolor;5564518750;163;49,7;25,8;79,8;18;18;18;18;18;18;20;19;16;
Videdalsskolan;37324136;Malmö;1280;Kommunal;Malmö kommun;2120001124;629;47,2;61,5;61,5;54;48;53;51;53;57;101;120;92;
Vittra Västra hamnen;13495830;Malmö;1280;Enskild;Vittraskolorna AB;5564586716;198;48,5;72,7;43,4;16;11;13;20;15;19;43;31;30;
Värner Rydénskolan;65099615;Malmö;1280;Kommunal;Malmö kommun;2120001124;389;49,9;90,2;23,9;33;34;52;42;40;46;43;48;51;
Västra Hamnens skola;28640213;Malmö;1280;Kommunal;Malmö kommun;2120001124;341;51,3;35,5;80,4;.;.;.;112;121;108;.;.;.;
Västra skolan;84512892;Malmö;1280;Kommunal;Malmö kommun;2120001124;175;45,1;25,1;76,6;51;53;71;.;.;.;.;.;.;
Ängsdals skola;34314029;Malmö;1280;Enskild;Ängsdals skolor AB;5564800836;473;54,8;18,0;89,0;50;51;50;52;53;53;54;55;55;
Ängslättskolan;33174525;Malmö;1280;Kommunal;Malmö kommun;2120001124;456;45,2;34,6;73,2;76;81;77;82;72;68;.;.;.;
Ögårdsskolan;36880435;Malmö;1280;Enskild;Islamic Centers Församling;8460039251;197;53,3;88,8;36,5;39;37;40;33;30;18;.;.;.;
Örtagårdsskolan 7-9;43697331;Malmö;1280;Kommunal;Malmö kommun;2120001124;76;64,5;89,5;15,8;.;.;.;.;.;.;25;26;25;
Örtagårdsskolan F-6;78498675;Malmö;1280;Kommunal;Malmö kommun;2120001124;320;50,9;78,8;27,5;65;55;58;53;45;44;.;.;.;
Österportskolan;86471786;Malmö;1280;Kommunal;Malmö kommun;2120001124;478;53,1;34,7;72,4;77;77;76;78;98;72;.;.;.;
Östra Skolan;40470449;Malmö;1280;Enskild;Östra Skolan AB;5568250632;142;48,6;47,2;71,8;.;.;.;.;.;.;49;49;44;
Blomsterbäcksskolan;13118298;Malung-Sälen;2023;Kommunal;Malung-Sälens kommun;2120002148;167;48,5;27,5;37,1;68;42;57;.;.;.;.;.;.;
Centralskolan;83084730;Malung-Sälen;2023;Kommunal;Malung-Sälens kommun;2120002148;202;48,5;23,8;38,6;.;.;.;.;.;6;62;60;74;
Lillmons skola;62491694;Malung-Sälen;2023;Kommunal;Malung-Sälens kommun;2120002148;177;49,2;26,6;48,6;.;.;.;48;64;65;.;.;.;
Malungsfors skola;23193760;Malung-Sälen;2023;Kommunal;Malung-Sälens kommun;2120002148;43;46,5;..;39,5;6;10;8;10;9;.;.;.;.;
Rörbäcksnäs skola;60207912;Malung-Sälen;2023;Kommunal;Malung-Sälens kommun;2120002148;11;54,5;..;..;.;2;3;.;4;2;.;.;.;
Sälens skola;13866289;Malung-Sälen;2023;Kommunal;Malung-Sälens kommun;2120002148;136;47,8;9,6;55,9;19;20;17;22;30;28;.;.;.;
Ungärde skola;17208837;Malung-Sälen;2023;Kommunal;Malung-Sälens kommun;2120002148;190;43,2;6,3;40,5;12;10;12;16;9;17;34;48;32;
Nilaskolan 4-6;70257940;Malå;2418;Kommunal;Malå kommun;2120002866;126;47,6;14,3;46,8;.;.;.;42;39;45;.;.;.;
Nilaskolan 7-9;28454424;Malå;2418;Kommunal;Malå kommun;2120002866;109;50,5;15,6;39,4;.;.;.;.;.;.;36;41;32;
Nilaskolan F-3;69141080;Malå;2418;Kommunal;Malå kommun;2120002866;96;49,0;22,9;56,3;30;32;34;.;.;.;.;.;.;
Ekhamraskolan;29289355;Mariestad;1493;Enskild;Friskolan i Mariestad AB;5568020852;199;34,2;8,5;67,3;.;.;.;.;.;.;67;67;65;
Grangärdets skola;99243321;Mariestad;1493;Kommunal;Mariestads kommun;2120001686;140;40,0;20,0;51,4;30;25;19;23;19;24;.;.;.;
Hasslerörs skola;55024806;Mariestad;1493;Kommunal;Mariestads kommun;2120001686;56;66,1;..;48,2;10;9;4;9;11;13;.;.;.;
Högelidsskolan 7-9;62694008;Mariestad;1493;Kommunal;Mariestads kommun;2120001686;261;53,3;16,5;57,5;.;.;.;.;.;.;94;85;82;
Högelidsskolan F-6;17581579;Mariestad;1493;Kommunal;Mariestads kommun;2120001686;286;48,6;11,5;59,4;50;44;50;42;50;50;.;.;.;
Kvarnstenens skola;71484023;Mariestad;1493;Kommunal;Mariestads kommun;2120001686;120;50,8;14,2;52,5;25;18;13;28;18;18;.;.;.;
Lillängsskolan;28646634;Mariestad;1493;Enskild;Friskolan i Mariestad AB;5568020852;136;54,4;6,6;74,3;23;24;24;22;21;22;.;.;.;
Lyrestads skola;57260659;Mariestad;1493;Kommunal;Mariestads kommun;2120001686;106;48,1;12,3;49,1;23;13;14;18;18;20;.;.;.;
Prismaskolan;26296411;Mariestad;1493;Kommunal;Mariestads kommun;2120001686;280;48,6;28,6;62,9;48;47;44;48;47;46;.;.;.;
Tidavads skola;12357670;Mariestad;1493;Kommunal;Mariestads kommun;2120001686;71;50,7;..;50,7;10;9;18;11;13;10;.;.;.;
Torsö Skärgårdsskola;48056070;Mariestad;1493;Enskild;Torsö Skärgårdsskola Ekonomisk förening;7696198865;25;52,0;.;68,0;8;5;3;5;1;3;.;.;.;
Tunaholmsskolan;48016437;Mariestad;1493;Kommunal;Mariestads kommun;2120001686;311;47,3;32,8;50,5;.;.;.;.;.;.;110;100;101;
Ullervads skola;69164983;Mariestad;1493;Kommunal;Mariestads kommun;2120001686;144;48,6;..;61,8;24;25;23;22;23;27;.;.;.;
Unicaskolan;30467029;Mariestad;1493;Kommunal;Mariestads kommun;2120001686;275;53,5;40,0;49,5;49;45;46;48;51;36;.;.;.;
Björketorpskolan;27924449;Mark;1463;Kommunal;Marks kommun;2120001504;94;53,2;10,6;36,2;20;17;16;15;13;13;.;.;.;
Fotskälskolan;75172236;Mark;1463;Kommunal;Marks kommun;2120001504;91;50,5;..;49,5;17;13;17;21;8;15;.;.;.;
Fritslaskolan;33369644;Mark;1463;Kommunal;Marks kommun;2120001504;334;47,6;16,5;48,8;36;37;29;35;39;43;38;36;41;
Hyssnaskolan;84184524;Mark;1463;Kommunal;Marks kommun;2120001504;134;49,3;3,7;64,2;21;23;26;24;15;25;.;.;.;
Leteboskolan;79844557;Mark;1463;Enskild;Letebo Utbildning AB;5569175663;160;54,4;6,9;63,8;11;15;9;23;11;15;22;25;29;
Lyckeskolan;10428442;Mark;1463;Kommunal;Marks kommun;2120001504;578;48,8;17,1;51,9;.;.;.;.;.;.;183;195;200;
Montessoriskolan Pärlan;80072686;Mark;1463;Enskild;Montessoriskolan i Skene Aktiebolag;5565933503;101;48,5;20,8;52,5;11;5;9;9;10;10;18;16;13;
Parkskolan;19909922;Mark;1463;Kommunal;Marks kommun;2120001504;133;42,1;41,4;38,3;66;67;.;.;.;.;.;.;.;
Sjöbyskolan;35972293;Mark;1463;Kommunal;Marks kommun;2120001504;133;58,6;16,5;46,6;29;24;22;19;11;28;.;.;.;
Skogsbrynets resursskola;30894215;Mark;1463;Enskild;Caremore Vård och Behandling AB;5564997319;2;..;..;..;.;.;.;.;.;1;.;.;1;
Stommenskolan 4-6;43553236;Mark;1463;Kommunal;Marks kommun;2120001504;132;47,7;30,3;47,7;.;.;.;49;40;43;.;.;.;
Stommenskolan F-3;44027818;Mark;1463;Kommunal;Marks kommun;2120001504;133;51,9;33,1;50,4;41;43;49;.;.;.;.;.;.;
Strömskolan 4-6;60712249;Mark;1463;Kommunal;Marks kommun;2120001504;158;49,4;15,2;62,0;.;.;.;48;49;61;.;.;.;
Strömskolan F-3;60796098;Mark;1463;Kommunal;Marks kommun;2120001504;141;37,6;14,2;63,1;45;50;46;.;.;.;.;.;.;
Sätilaskolan 7-9;34246393;Mark;1463;Kommunal;Marks kommun;2120001504;263;46,4;6,5;56,7;.;.;.;.;.;.;86;89;88;
Sätilaskolan F-6;34605264;Mark;1463;Kommunal;Marks kommun;2120001504;236;50,8;6,8;63,1;38;27;25;45;57;44;.;.;.;
Tingvallaskolan;73187491;Mark;1463;Kommunal;Marks kommun;2120001504;281;52,3;36,3;45,9;.;.;74;62;60;85;.;.;.;
Torestorpskolan;53345308;Mark;1463;Kommunal;Marks kommun;2120001504;105;44,8;5,7;41,9;22;10;27;10;18;18;.;.;.;
Ubbhultskolan;12813506;Mark;1463;Kommunal;Marks kommun;2120001504;45;44,4;11,1;62,2;13;15;17;.;.;.;.;.;.;
Ängskolan;13666864;Mark;1463;Kommunal;Marks kommun;2120001504;310;45,8;34,5;48,1;.;.;.;.;.;.;97;108;105;
Örbyskolan 4-6;45813524;Mark;1463;Kommunal;Marks kommun;2120001504;159;48,4;7,5;56,0;.;.;.;43;58;58;.;.;.;
Örbyskolan F-3;46133825;Mark;1463;Kommunal;Marks kommun;2120001504;143;53,8;8,4;68,5;44;55;44;.;.;.;.;.;.;
Öxabäckskolan;30040859;Mark;1463;Kommunal;Marks kommun;2120001504;60;53,3;10,0;41,7;12;10;9;7;11;11;.;.;.;
Markaryds skola 7-9;88784456;Markaryd;0767;Kommunal;Markaryds kommun;2120000654;213;50,7;28,6;43,2;.;.;.;.;.;.;74;77;62;
Markaryds skola F-6;88885075;Markaryd;0767;Kommunal;Markaryds kommun;2120000654;285;50,2;29,1;47,4;41;49;52;47;46;50;.;.;.;
Strömsnässkolan 7-9;59001324;Markaryd;0767;Kommunal;Markaryds kommun;2120000654;133;53,4;39,1;38,3;.;.;.;.;.;.;50;45;38;
Strömsnässkolan F-6;51999929;Markaryd;0767;Kommunal;Markaryds kommun;2120000654;189;51,9;54,5;40,2;29;31;32;33;35;29;.;.;.;
Timsfors skola;25157363;Markaryd;0767;Kommunal;Markaryds kommun;2120000654;126;44,4;26,2;47,6;29;18;24;22;16;17;.;.;.;
Traryds skola;22058882;Markaryd;0767;Kommunal;Markaryds kommun;2120000654;72;52,8;38,9;43,1;8;11;10;10;14;19;.;.;.;
Fagerlidsskolan;68467694;Mellerud;1461;Kommunal;Melleruds kommun;2120001488;75;41,3;28,0;50,7;27;29;19;.;.;.;.;.;.;
Karolinerskolan;81025260;Mellerud;1461;Kommunal;Melleruds kommun;2120001488;139;42,4;7,9;58,3;25;28;24;18;24;20;.;.;.;
Nordalsskolan;28301176;Mellerud;1461;Kommunal;Melleruds kommun;2120001488;266;43,6;50,4;39,1;29;32;34;58;64;49;.;.;.;
Rådaskolan;53764779;Mellerud;1461;Kommunal;Melleruds kommun;2120001488;328;44,5;36,3;40,2;.;.;.;.;.;.;106;118;104;
Åsebro skola;49291677;Mellerud;1461;Kommunal;Melleruds kommun;2120001488;84;42,9;..;42,9;14;12;18;9;13;18;.;.;.;
Åsen skola;37842901;Mellerud;1461;Kommunal;Melleruds kommun;2120001488;37;35,1;18,9;59,5;9;4;6;6;5;7;.;.;.;
Bjälbotullskolan LM;42116655;Mjölby;0586;Kommunal;Mjölby kommun;2120000480;142;40,8;6,3;50,7;25;33;27;28;29;.;.;.;.;
Blåklintskolan 4-6;49499996;Mjölby;0586;Kommunal;Mjölby kommun;2120000480;188;47,9;42,6;49,5;.;.;.;76;55;57;.;.;.;
Blåklintskolan 7-9;27259736;Mjölby;0586;Kommunal;Mjölby kommun;2120000480;168;52,4;36,3;47,0;.;.;.;.;.;.;58;53;57;
Blåklintskolan F-3;92463571;Mjölby;0586;Kommunal;Mjölby kommun;2120000480;166;44,6;37,3;57,2;56;56;54;.;.;.;.;.;.;
Egebyskolan L;28993546;Mjölby;0586;Kommunal;Mjölby kommun;2120000480;123;53,7;48,0;39,0;44;39;40;.;.;.;.;.;.;
Klämmestorpsskolan LM;99557550;Mjölby;0586;Kommunal;Mjölby kommun;2120000480;184;43,5;9,8;63,6;26;28;28;27;31;44;.;.;.;
Lagmansskolan Alfa MH;66224705;Mjölby;0586;Kommunal;Mjölby kommun;2120000480;270;50,7;22,2;60,0;.;.;.;69;104;97;.;.;.;
Lagmansskolan Beta MH;10609045;Mjölby;0586;Kommunal;Mjölby kommun;2120000480;342;52,3;20,5;56,4;.;.;.;.;.;.;117;110;115;
Lindbladsskolan LM;85620980;Mjölby;0586;Kommunal;Mjölby kommun;2120000480;137;46,0;16,1;42,3;26;33;25;25;28;.;.;.;.;
Normlösa skola;37981902;Mjölby;0586;Kommunal;Mjölby kommun;2120000480;51;43,1;..;52,9;9;8;10;9;8;7;.;.;.;
Trojenborgsskolan MH;37310404;Mjölby;0586;Kommunal;Mjölby kommun;2120000480;238;49,2;10,1;39,9;.;.;.;.;.;59;58;72;49;
Vasaskolan L;34622909;Mjölby;0586;Kommunal;Mjölby kommun;2120000480;241;46,9;13,7;59,3;75;85;81;.;.;.;.;.;.;
Veta skola LM;99363913;Mjölby;0586;Kommunal;Mjölby kommun;2120000480;171;48,0;7,0;70,2;27;29;24;34;30;27;.;.;.;
Vifolkaskolan 7-9;16727370;Mjölby;0586;Kommunal;Mjölby kommun;2120000480;312;48,4;5,4;62,2;.;.;.;.;.;.;103;122;87;
Vifolkaskolan F-6 LM;71079812;Mjölby;0586;Kommunal;Mjölby kommun;2120000480;214;54,2;14,5;56,1;48;28;52;26;31;29;.;.;.;
Väderstad skola LM;45401314;Mjölby;0586;Kommunal;Mjölby kommun;2120000480;71;53,5;..;60,6;24;12;11;15;9;.;.;.;.;
Västra Hargs skola LM;92579261;Mjölby;0586;Kommunal;Mjölby kommun;2120000480;30;60,0;..;66,7;5;4;5;4;9;3;.;.;.;
Bjäkenbackens skola F-6;29561775;Mora;2062;Kommunal;Mora kommun;2120002213;158;57,0;..;72,8;23;22;34;23;33;23;.;.;.;
Färnäs skola F-6;52366900;Mora;2062;Kommunal;Mora kommun;2120002213;129;49,6;12,4;57,4;8;24;20;22;32;23;.;.;.;
Morkarlby skola F-6;20797156;Mora;2062;Kommunal;Mora kommun;2120002213;281;57,3;17,8;61,9;35;45;47;57;55;42;.;.;.;
Morkarlbyhöjdens skola 7-9;95649680;Mora;2062;Kommunal;Mora kommun;2120002213;380;48,4;15,3;60,3;.;.;.;.;.;.;131;123;126;
Noretsskolan 7-9;68663553;Mora;2062;Kommunal;Mora kommun;2120002213;333;53,8;12,0;60,7;.;.;.;.;.;.;116;111;106;
Noretsskolan F-6;22251463;Mora;2062;Kommunal;Mora kommun;2120002213;255;47,1;17,6;61,6;45;41;35;39;49;46;.;.;.;
Nusnäs skola F-6;69560728;Mora;2062;Kommunal;Mora kommun;2120002213;20;35,0;..;70,0;7;6;7;.;.;.;.;.;.;
Selja-Långlets friskola;48225182;Mora;2062;Enskild;Selja-Långlets friskola ekonomiska förening;7696212625;49;53,1;..;63,3;6;5;9;11;12;6;.;.;.;
Sollerö skola F-6;76848295;Mora;2062;Kommunal;Mora kommun;2120002213;114;57,9;5,3;57,9;18;18;15;21;22;20;.;.;.;
Utmelands skola F-6;87211552;Mora;2062;Kommunal;Mora kommun;2120002213;141;44,7;17,7;49,6;18;18;22;30;17;36;.;.;.;
Venjans skola F-6;34032649;Mora;2062;Kommunal;Mora kommun;2120002213;19;42,1;31,6;52,6;4;4;3;3;3;2;.;.;.;
Vika skola F-6;40674798;Mora;2062;Kommunal;Mora kommun;2120002213;15;73,3;..;60,0;1;8;6;.;.;.;.;.;.;
Våmhus skola F-6;68493881;Mora;2062;Kommunal;Mora kommun;2120002213;98;46,9;..;43,9;13;14;18;17;17;19;.;.;.;
Ängsskolan F-9;88046548;Mora;2062;Kommunal;Mora kommun;2120002213;12;..;..;50,0;.;1;1;2;2;2;1;2;1;
Bergvallaskolan;30697328;Motala;0583;Kommunal;Motala kommun;2120002817;145;41,4;4,1;75,9;24;28;18;28;21;26;.;.;.;
Bråstorpskolan;30701609;Motala;0583;Kommunal;Motala kommun;2120002817;195;52,3;19,5;50,8;32;34;28;36;37;28;.;.;.;
Dansäterskolan;27941686;Motala;0583;Kommunal;Motala kommun;2120002817;154;50,6;..;73,4;31;30;15;25;27;26;.;.;.;
Ekenässkolan;68973224;Motala;0583;Kommunal;Motala kommun;2120002817;156;42,9;73,1;19,9;28;28;19;25;27;29;.;.;.;
Fornåsa skola;86335791;Motala;0583;Kommunal;Motala kommun;2120002817;110;48,2;..;55,5;11;19;8;18;20;34;.;.;.;
Fågelsta skola;16363452;Motala;0583;Kommunal;Motala kommun;2120002817;84;42,9;..;39,3;13;16;15;17;11;12;.;.;.;
Godegårds skola;84577998;Motala;0583;Kommunal;Motala kommun;2120002817;27;33,3;..;51,9;3;7;4;7;2;4;.;.;.;
Hällaskolan;87963970;Motala;0583;Kommunal;Motala kommun;2120002817;220;45,0;6,8;65,0;.;.;.;.;.;.;70;78;72;
Innovitaskolan Motala;40888014;Motala;0583;Enskild;AcadeMedia fria grundskolor AB;5569320699;131;49,6;4,6;72,5;22;22;22;21;22;22;.;.;.;
Innovitaskolan Motalas Högstadium;11664326;Motala;0583;Enskild;AcadeMedia fria grundskolor AB;5569320699;226;45,1;5,3;78,3;.;.;.;.;.;.;75;77;74;
Karlslunds skola;65569758;Motala;0583;Kommunal;Motala kommun;2120002817;48;43,8;..;64,6;19;16;13;.;.;.;.;.;.;
Klockrike skola;89596219;Motala;0583;Kommunal;Motala kommun;2120002817;70;41,4;8,6;75,7;17;13;14;10;9;7;.;.;.;
Mariebergsskolan 4-6;61250710;Motala;0583;Kommunal;Motala kommun;2120002817;212;51,4;39,2;44,3;.;.;.;74;65;73;.;.;.;
Mariebergsskolan 7-9;87531665;Motala;0583;Kommunal;Motala kommun;2120002817;244;50,0;37,7;42,2;.;.;.;.;.;.;80;88;76;
Mariebergsskolan F-3;62595638;Motala;0583;Kommunal;Motala kommun;2120002817;211;44,5;37,4;46,0;69;71;71;.;.;.;.;.;.;
Norra skolan 4-6;48173987;Motala;0583;Kommunal;Motala kommun;2120002817;146;47,3;65,1;31,5;.;.;.;51;43;52;.;.;.;
Norra skolan F-3;48868251;Motala;0583;Kommunal;Motala kommun;2120002817;124;50,0;64,5;34,7;42;39;43;.;.;.;.;.;.;
Nykyrka skola;96520696;Motala;0583;Kommunal;Motala kommun;2120002817;71;46,5;..;49,3;13;14;11;10;10;13;.;.;.;
Skolgårda skola 7-9;82224915;Motala;0583;Kommunal;Motala kommun;2120002817;349;50,4;15,8;57,6;.;.;.;.;.;.;115;116;118;
Skolgårda skola F-6;78731821;Motala;0583;Kommunal;Motala kommun;2120002817;319;51,4;9,4;53,3;42;39;41;60;66;71;.;.;.;
Smedsby skola;36380064;Motala;0583;Kommunal;Motala kommun;2120002817;129;49,6;6,2;73,6;22;21;21;24;17;24;.;.;.;
Södra skolan 7-9;69769596;Motala;0583;Kommunal;Motala kommun;2120002817;232;41,4;35,8;37,1;.;.;.;.;.;.;70;85;77;
Södra skolan F-6;33011928;Motala;0583;Kommunal;Motala kommun;2120002817;276;45,3;12,7;61,6;43;44;42;50;49;48;.;.;.;
Tjällmo skola;51733481;Motala;0583;Kommunal;Motala kommun;2120002817;70;60,0;..;42,9;17;11;6;9;14;13;.;.;.;
Vätternskolan 4-6;94423675;Motala;0583;Kommunal;Motala kommun;2120002817;160;49,4;37,5;43,8;.;.;.;54;50;56;.;.;.;
Vätternskolan F-3;56197506;Motala;0583;Kommunal;Motala kommun;2120002817;155;47,7;49,7;40,6;51;50;54;.;.;.;.;.;.;
Zederslundsskolan;98031467;Motala;0583;Kommunal;Motala kommun;2120002817;253;49,8;57,3;40,7;.;.;.;.;.;.;81;68;104;
Österstad skola;31501751;Motala;0583;Kommunal;Motala kommun;2120002817;40;50,0;15,0;60,0;11;11;11;7;.;.;.;.;.;
Björksäter skola;45105492;Mullsjö;0642;Kommunal;Mullsjö kommun;2120001603;44;45,5;..;61,4;44;.;.;.;.;.;.;.;.;
Gunnarsbo ABC;40364194;Mullsjö;0642;Kommunal;Mullsjö kommun;2120001603;83;48,2;10,8;59,0;.;51;32;.;.;.;.;.;.;
Gunnarsboskolan;40152896;Mullsjö;0642;Kommunal;Mullsjö kommun;2120001603;306;48,0;10,1;49,3;.;.;.;101;98;107;.;.;.;
Kronängskolan;40995060;Mullsjö;0642;Kommunal;Mullsjö kommun;2120001603;103;44,7;10,7;41,7;40;26;37;.;.;.;.;.;.;
Sandhems skola;40285376;Mullsjö;0642;Kommunal;Mullsjö kommun;2120001603;37;56,8;21,6;51,4;12;13;12;.;.;.;.;.;.;
Trollehöjdskolan;28156767;Mullsjö;0642;Kommunal;Mullsjö kommun;2120001603;269;54,6;13,0;47,2;.;.;.;.;.;.;74;97;98;
Bruksskolan;80093339;Munkedal;1430;Kommunal;Munkedals kommun;2120001330;207;48,3;7,7;57,0;33;35;33;40;36;30;.;.;.;
Centrumskolan;65530250;Munkedal;1430;Kommunal;Munkedals kommun;2120001330;88;43,2;14,8;36,4;.;.;.;30;27;31;.;.;.;
Hedekas skola;24798079;Munkedal;1430;Kommunal;Munkedals kommun;2120001330;81;46,9;13,6;40,7;12;15;10;13;16;15;.;.;.;
Hällevadsholms skola;64957366;Munkedal;1430;Kommunal;Munkedals kommun;2120001330;92;47,8;8,7;40,2;28;36;28;.;.;.;.;.;.;
Kungsmarksskolan;44650086;Munkedal;1430;Kommunal;Munkedals kommun;2120001330;362;48,9;19,9;48,6;.;.;.;.;.;.;118;128;116;
Munkedalsskolan;11715340;Munkedal;1430;Kommunal;Munkedals kommun;2120001330;279;48,7;29,4;53,0;45;43;49;63;40;39;.;.;.;
Forsnässkolan 4-9;73206377;Munkfors;1762;Kommunal;Munkfors kommun;2120001801;247;49,4;22,3;40,5;.;.;.;39;41;38;49;34;46;
Munkerudsskolan;67623106;Munkfors;1762;Kommunal;Munkfors kommun;2120001801;114;45,6;22,8;45,6;36;44;34;.;.;.;.;.;.;
Almåsskolan;40577779;Mölndal;1481;Kommunal;Mölndals kommun;2120001363;438;48,6;14,8;68,3;.;.;.;25;43;40;121;103;106;
Balltorpsskolan;28119547;Mölndal;1481;Kommunal;Mölndals kommun;2120001363;278;47,8;24,5;60,1;50;54;34;48;41;51;.;.;.;
Bosgårdsskolan;72857130;Mölndal;1481;Kommunal;Mölndals kommun;2120001363;190;48,4;25,8;73,2;68;63;59;.;.;.;.;.;.;
Brattåsskolan;46412363;Mölndal;1481;Kommunal;Mölndals kommun;2120001363;287;46,0;23,7;73,5;.;63;82;71;71;.;.;.;.;
Eklandaskolan;38620615;Mölndal;1481;Kommunal;Mölndals kommun;2120001363;470;51,7;20,9;84,3;65;69;78;94;67;97;.;.;.;
Fässbergsskolan;72066259;Mölndal;1481;Kommunal;Mölndals kommun;2120001363;683;48,8;34,3;63,7;.;.;.;65;52;60;155;173;178;
Glasbergsskolan;90966089;Mölndal;1481;Kommunal;Mölndals kommun;2120001363;263;48,7;9,9;85,2;50;43;35;38;39;58;.;.;.;
Hallenskolan;32309720;Mölndal;1481;Kommunal;Mölndals kommun;2120001363;396;47,2;13,4;75,3;33;44;34;63;40;47;52;35;48;
Hällesåkersskolan;99527239;Mölndal;1481;Kommunal;Mölndals kommun;2120001363;39;59,0;..;64,1;15;12;12;.;.;.;.;.;.;
Innovitaskolan Mölndal;42908622;Mölndal;1481;Enskild;AcadeMedia fria grundskolor AB;5569320699;300;50,7;16,0;77,7;25;23;24;24;25;23;51;53;52;
Katrinebergsskolan;13050305;Mölndal;1481;Kommunal;Mölndals kommun;2120001363;166;47,0;45,2;52,4;33;32;25;28;19;29;.;.;.;
Krokslättsskolan;11203004;Mölndal;1481;Kommunal;Mölndals kommun;2120001363;229;51,5;23,6;76,4;45;46;46;47;45;.;.;.;.;
Kvarnbyskolan;67822057;Mölndal;1481;Kommunal;Mölndals kommun;2120001363;512;48,4;13,1;81,3;.;.;.;.;.;.;169;167;176;
Lackarebäcksskolan;13770039;Mölndal;1481;Kommunal;Mölndals kommun;2120001363;478;47,5;12,1;91,2;83;83;73;77;77;85;.;.;.;
Montessoriskolan Kvarnhjulet;64490264;Mölndal;1481;Enskild;Friskolan Kvarnhjulet, ekonomisk förening;7164452166;221;48,0;28,1;84,6;23;23;23;25;25;26;25;25;26;
Rävekärrsskolan;92647733;Mölndal;1481;Kommunal;Mölndals kommun;2120001363;247;49,8;33,6;70,0;43;44;45;43;38;34;.;.;.;
Sinntorpsskolan 4-9;90949251;Mölndal;1481;Kommunal;Mölndals kommun;2120001363;482;47,5;9,5;66,8;.;.;.;84;84;72;86;79;77;
Sinntorpsskolan F-3;36569773;Mölndal;1481;Kommunal;Mölndals kommun;2120001363;186;51,1;11,3;71,5;51;64;71;.;.;.;.;.;.;
Skånhällaskolan F-6;55382532;Mölndal;1481;Kommunal;Mölndals kommun;2120001363;404;47,0;9,9;79,0;69;69;51;74;72;69;.;.;.;
Streteredsskolan;54881559;Mölndal;1481;Kommunal;Mölndals kommun;2120001363;307;45,3;25,1;72,3;.;.;.;.;.;87;67;73;80;
Sörgårdsskolan;53442807;Mölndal;1481;Kommunal;Mölndals kommun;2120001363;403;48,4;18,9;86,8;.;.;.;.;.;100;100;103;100;
Toltorpsskolan;71288945;Mölndal;1481;Kommunal;Mölndals kommun;2120001363;219;51,1;18,7;89,5;37;44;45;48;45;.;.;.;.;
Valåsskolan;31638941;Mölndal;1481;Kommunal;Mölndals kommun;2120001363;112;53,6;19,6;75,0;35;39;38;.;.;.;.;.;.;
Västerbergsskolan;97689213;Mölndal;1481;Kommunal;Mölndals kommun;2120001363;145;45,5;46,2;62,8;22;31;20;21;22;29;.;.;.;
Östergårdsskolan;21475197;Mölndal;1481;Kommunal;Mölndals kommun;2120001363;64;48,4;28,1;73,4;64;.;.;.;.;.;.;.;.;
Alsteråskolan;75183917;Mönsterås;0861;Kommunal;Mönsterås kommun;2120000720;85;54,1;17,6;50,6;.;.;19;24;18;24;.;.;.;
Fliseryds skola;12445033;Mönsterås;0861;Kommunal;Mönsterås kommun;2120000720;95;38,9;15,8;40,0;18;12;18;20;11;16;.;.;.;
Krungårdsskolan;91778864;Mönsterås;0861;Kommunal;Mönsterås kommun;2120000720;260;50,8;27,7;38,8;19;31;23;26;22;21;48;33;37;
Ljungnässkolan;94503343;Mönsterås;0861;Kommunal;Mönsterås kommun;2120000720;296;45,6;23,6;51,0;44;55;45;46;52;54;.;.;.;
Mölstadskolan;82087330;Mönsterås;0861;Kommunal;Mönsterås kommun;2120000720;156;55,1;26,9;47,4;34;22;28;31;18;23;.;.;.;
Parkskolan;84285512;Mönsterås;0861;Kommunal;Mönsterås kommun;2120000720;247;48,2;32,4;42,5;.;.;.;.;.;.;76;85;86;
Skytteanska skolan;75262735;Mönsterås;0861;Kommunal;Mönsterås kommun;2120000720;44;61,4;11,4;59,1;24;20;.;.;.;.;.;.;.;
Tillingeskolan;72293580;Mönsterås;0861;Kommunal;Mönsterås kommun;2120000720;109;51,4;5,5;70,6;22;19;15;16;19;18;.;.;.;
Alunskolan;36208582;Mörbylånga;0840;Kommunal;Mörbylånga kommun;2120000704;28;42,9;46,4;46,4;4;6;8;.;5;5;.;.;.;
Färjestadens högstadium;40648796;Mörbylånga;0840;Kommunal;Mörbylånga kommun;2120000704;261;53,6;10,7;64,8;.;.;.;.;.;.;113;88;60;
Färjestadens skola;79591370;Mörbylånga;0840;Kommunal;Mörbylånga kommun;2120000704;303;49,8;10,6;68,3;77;67;89;70;.;.;.;.;.;
Glömmingeskolan;15553220;Mörbylånga;0840;Kommunal;Mörbylånga kommun;2120000704;187;48,7;4,8;73,8;27;33;32;27;34;34;.;.;.;
Gårdbyskolan;12496321;Mörbylånga;0840;Kommunal;Mörbylånga kommun;2120000704;131;47,3;..;66,4;21;18;15;28;27;22;.;.;.;
Skansenskolan;36651204;Mörbylånga;0840;Kommunal;Mörbylånga kommun;2120000704;214;45,3;22,9;59,3;22;27;33;29;20;17;30;12;24;
Smaragdskolan;56589895;Mörbylånga;0840;Kommunal;Mörbylånga kommun;2120000704;179;50,8;11,7;70,4;.;.;.;.;95;84;.;.;.;
Torslundaskolan;19041877;Mörbylånga;0840;Kommunal;Mörbylånga kommun;2120000704;141;47,5;5,7;74,5;27;25;20;23;19;27;.;.;.;
Ölands Friskola;28562125;Mörbylånga;0840;Enskild;Friskolan Öland AB;5590250949;149;49,7;8,7;82,6;.;.;.;.;.;.;46;53;50;
Östra skolan, Mörbylånga;50029898;Mörbylånga;0840;Enskild;CIS Kalmar AB;5565896213;227;52,0;4,4;70,9;19;15;19;24;11;27;20;44;48;
Backeboskolan;96622957;Nacka;0182;Enskild;Backeboskolan ekonomisk förening;7164221470;152;53,3;4,6;86,8;24;26;27;26;26;23;.;.;.;
Björknässkolan;75834458;Nacka;0182;Kommunal;Nacka kommun;2120000167;862;48,0;17,5;76,6;105;101;105;75;89;91;80;89;127;
Boo Gårds skola;44175786;Nacka;0182;Kommunal;Nacka kommun;2120000167;630;45,1;5,4;85,4;81;82;81;75;80;87;64;80;.;
Borgvallaskolan;94836092;Nacka;0182;Kommunal;Nacka kommun;2120000167;125;44,0;7,2;92,8;46;41;38;.;.;.;.;.;.;
Da Vinciskolan;24199792;Nacka;0182;Enskild;Davi Skolan Aktiebolag;5565315610;98;51,0;19,4;91,8;35;30;33;.;.;.;.;.;.;
Dibber International School Nacka;79795608;Nacka;0182;Enskild;Dibber Inspira AB;5566096516;100;38,0;36,0;56,0;16;13;19;19;13;20;.;.;.;
Ebba Braheskolan;91067048;Nacka;0182;Enskild;Ebba Braheskolan AB;5590468624;463;48,6;14,5;87,3;50;49;50;53;55;56;52;51;47;
Eklidens skola;47243834;Nacka;0182;Kommunal;Nacka kommun;2120000167;917;52,3;12,3;83,4;.;.;.;.;.;.;294;315;308;
Ektorps skola;52885189;Nacka;0182;Kommunal;Nacka kommun;2120000167;216;44,0;13,0;81,0;28;31;50;28;40;39;.;.;.;
Idunskolan Östra Stockholms Waldorfskola;44373961;Nacka;0182;Enskild;Idunstiftelsen för Waldorfpedagogik;8024782230;211;46,4;12,8;86,3;23;24;23;24;26;23;22;26;20;
Igelboda skola;86831724;Nacka;0182;Kommunal;Nacka kommun;2120000167;117;49,6;83,8;35,9;26;13;25;20;20;13;.;.;.;
Internationella Engelska Skolan Nacka;74358019;Nacka;0182;Enskild;Internationella Engelska Skolan i Sverige AB;5564624368;935;47,0;21,7;82,2;.;.;.;150;150;159;158;160;158;
Jarlabergs skola;22472689;Nacka;0182;Kommunal;Nacka kommun;2120000167;126;57,1;46,8;55,6;21;17;27;19;21;21;.;.;.;
JENSEN grundskola Sickla;52925821;Nacka;0182;Enskild;Jensen Education College AB;5566358759;318;51,6;27,0;76,7;28;17;20;27;20;48;81;77;.;
Järla skola;21346638;Nacka;0182;Kommunal;Nacka kommun;2120000167;611;52,2;18,3;85,3;78;80;80;122;124;127;.;.;.;
Kunskapsskolan Nacka;87425546;Nacka;0182;Enskild;Kunskapsskolan i Sverige Aktiebolag;5565661815;388;54,1;8,0;85,1;.;.;.;.;.;65;83;123;117;
Kunskapsskolan Saltsjöbaden;11496096;Nacka;0182;Enskild;Kunskapsskolan i Sverige Aktiebolag;5565661815;372;47,8;9,1;90,6;.;.;.;51;66;67;60;63;65;
Lilla Nacka Skola;35311563;Nacka;0182;Enskild;Lilla Nacka AB;5568963564;104;51,0;20,2;79,8;19;26;16;19;22;2;.;.;.;
Myrsjöskolan;84884375;Nacka;0182;Kommunal;Nacka kommun;2120000167;1 174;46,8;12,3;76,7;80;80;80;103;81;79;216;237;218;
Nacka Idrottsgrundskola;54348763;Nacka;0182;Enskild;Nacka Idrottsgrundskola AB;5592885098;109;28,4;11,0;73,4;.;.;.;28;26;.;55;.;.;
Neglinge skola;27344011;Nacka;0182;Kommunal;Nacka kommun;2120000167;226;53,5;8,8;92,0;57;53;55;35;26;.;.;.;.;
Noblaskolan Lännersta;87967939;Nacka;0182;Enskild;Pysslingen Förskolor och Skolor AB;5560354309;235;52,8;10,6;90,6;54;54;50;33;44;.;.;.;.;
Noblaskolan Nacka Strand;41507895;Nacka;0182;Enskild;Pysslingen Förskolor och Skolor AB;5560354309;66;33,3;43,9;75,8;26;29;11;.;.;.;.;.;.;
Noblaskolan Saltsjö-Boo;32965692;Nacka;0182;Enskild;Pysslingen Förskolor och Skolor AB;5560354309;846;50,1;11,5;83,2;82;79;78;75;56;115;114;103;144;
Orminge skola;53133366;Nacka;0182;Kommunal;Nacka kommun;2120000167;247;38,5;42,9;56,3;49;52;36;34;33;40;.;.;3;
Saltsjöbadens samskola;11777750;Nacka;0182;Kommunal;Nacka kommun;2120000167;903;46,8;28,9;74,2;52;76;75;76;83;129;152;125;135;
Saltsjö-Duvnäs skola;64285853;Nacka;0182;Kommunal;Nacka kommun;2120000167;279;45,5;7,5;92,1;51;51;70;36;38;33;.;.;.;
Sickla skola;57368693;Nacka;0182;Kommunal;Nacka kommun;2120000167;354;47,7;14,7;78,2;61;66;70;52;50;55;.;.;.;
Sigfridsborgs skola;44836298;Nacka;0182;Kommunal;Nacka kommun;2120000167;637;46,9;6,0;90,9;110;109;110;107;103;98;.;.;.;
Skuru skola;85321366;Nacka;0182;Kommunal;Nacka kommun;2120000167;160;49,4;44,4;56,3;9;11;13;21;7;16;27;24;32;
Stavsborgsskolan;14040970;Nacka;0182;Kommunal;Nacka kommun;2120000167;536;45,7;22,0;71,3;5;9;27;23;16;28;125;146;157;
Sågtorpsskolan;86937935;Nacka;0182;Kommunal;Nacka kommun;2120000167;443;44,5;9,0;81,0;75;84;82;72;72;58;.;.;.;
Viktor Rydbergs skola Fisksätra;27181501;Nacka;0182;Enskild;Viktor Rydbergs skola Fisksätra AB;5592364789;169;49,1;75,1;49,7;61;36;33;17;22;.;.;.;.;
Vilans skola;22904289;Nacka;0182;Kommunal;Nacka kommun;2120000167;185;48,1;22,2;82,7;33;33;39;26;23;31;.;.;.;
Älta skola;82047013;Nacka;0182;Kommunal;Nacka kommun;2120000167;448;43,1;10,5;82,1;84;83;80;78;62;61;.;.;.;
Borns Friskola;18828813;Nora;1884;Enskild;Föräldrakooperativet Borns Skola Ek.Förening;7164531886;67;46,3;13,4;71,6;12;12;10;12;10;11;.;.;.;
Gyttorps skola;67661912;Nora;1884;Kommunal;Nora kommun;2120002007;114;42,1;21,1;45,6;23;13;20;17;19;22;.;.;.;
Järnboås skola;43466167;Nora;1884;Kommunal;Nora kommun;2120002007;48;47,9;22,9;43,8;6;11;7;11;5;8;.;.;.;
Järntorgsskolan;11691284;Nora;1884;Kommunal;Nora kommun;2120002007;256;55,5;44,1;53,1;36;35;41;38;50;56;.;.;.;
Karlsängskolan;40684137;Nora;1884;Kommunal;Nora kommun;2120002007;372;49,5;23,9;50,3;.;.;.;.;.;.;124;118;130;
Lärkesskolan;33979629;Nora;1884;Kommunal;Nora kommun;2120002007;169;48,5;11,2;54,4;29;28;29;29;25;29;.;.;.;
Ås skola;29963998;Nora;1884;Kommunal;Nora kommun;2120002007;121;47,1;10,7;57,0;17;17;22;23;21;21;.;.;.;
Centralskolan;22347371;Norberg;1962;Kommunal;Norbergs kommun;2120002072;377;48,8;30,2;35,5;.;.;.;63;61;64;80;53;56;
Källskolan;22451343;Norberg;1962;Kommunal;Norbergs kommun;2120002072;172;48,3;30,2;28,5;58;54;60;.;.;.;.;.;.;
Arthur Engbergskolan;73758193;Nordanstig;2132;Kommunal;Nordanstigs kommun;2120002312;47;55,3;14,9;53,2;8;10;5;9;8;7;.;.;.;
Bergsjö skola;11892057;Nordanstig;2132;Kommunal;Nordanstigs kommun;2120002312;341;43,7;17,6;43,4;1;2;1;43;44;51;76;54;69;
Bringstaskolan;59944575;Nordanstig;2132;Kommunal;Nordanstigs kommun;2120002312;104;45,2;11,5;48,1;19;14;22;16;16;17;.;.;.;
Gnarps skola;32915290;Nordanstig;2132;Kommunal;Nordanstigs kommun;2120002312;121;47,9;5,0;48,8;17;19;22;19;19;25;.;.;.;
Hosiannaskolan;21342606;Nordanstig;2132;Enskild;Stiftelsen Nordanstigs Kristna Center;8875012570;55;52,7;16,4;40,0;8;6;5;4;4;9;7;3;9;
Ilsbo skola;95077890;Nordanstig;2132;Kommunal;Nordanstigs kommun;2120002312;51;49,0;..;58,8;13;6;9;14;9;.;.;.;.;
Lönnbergsskolan;99896722;Nordanstig;2132;Kommunal;Nordanstigs kommun;2120002312;89;42,7;22,5;39,3;26;31;32;.;.;.;.;.;.;
Artediskolan åk 7-9;58185455;Nordmaling;2401;Kommunal;Nordmalings kommun;2120002536;217;43,8;12,9;47,9;.;.;.;.;.;.;91;58;68;
Gräsmyr skola;40145225;Nordmaling;2401;Kommunal;Nordmalings kommun;2120002536;52;38,5;..;42,3;9;6;13;8;10;6;.;.;.;
Kyrkovallens skola;24210464;Nordmaling;2401;Kommunal;Nordmalings kommun;2120002536;176;48,9;10,8;47,7;.;.;.;59;55;62;.;.;.;
Levarskolan;58954417;Nordmaling;2401;Kommunal;Nordmalings kommun;2120002536;120;51,7;13,3;45,0;32;51;37;.;.;.;.;.;.;
Lögdeå skola;14365211;Nordmaling;2401;Kommunal;Nordmalings kommun;2120002536;50;44,0;..;46,0;16;17;17;.;.;.;.;.;.;
Bjärbyskolan;22561631;Norrköping;0581;Kommunal;Norrköpings kommun;2120000456;148;48,6;15,5;77,0;49;50;49;.;.;.;.;.;.;
Borgsmoskolan 1;26387738;Norrköping;0581;Kommunal;Norrköpings kommun;2120000456;163;49,7;46,6;35,0;.;.;.;.;.;.;52;63;48;
Bråviksskolan 1;78907666;Norrköping;0581;Kommunal;Norrköpings kommun;2120000456;337;50,7;13,4;76,6;45;46;46;72;78;50;.;.;.;
Dagsbergs skola;60154076;Norrköping;0581;Kommunal;Norrköpings kommun;2120000456;110;39,1;..;61,8;32;37;41;.;.;.;.;.;.;
De Geers skola;96386396;Norrköping;0581;Kommunal;Norrköpings kommun;2120000456;67;41,8;59,7;32,8;40;27;.;.;.;.;.;.;.;
Diamantens skola - världens skola;78105439;Norrköping;0581;Kommunal;Norrköpings kommun;2120000456;149;48,3;70,5;38,9;25;27;25;24;26;22;.;.;.;
Djäkneparksskolan 1;59526276;Norrköping;0581;Kommunal;Norrköpings kommun;2120000456;286;49,7;41,6;52,1;.;.;.;.;.;.;142;.;144;
Djäkneparksskolan 2;15063173;Norrköping;0581;Kommunal;Norrköpings kommun;2120000456;139;44,6;43,2;46,0;.;.;.;.;.;.;.;139;.;
Ektorpsringen 2;45594609;Norrköping;0581;Kommunal;Norrköpings kommun;2120000456;204;48,5;46,6;40,7;72;60;72;.;.;.;.;.;.;
Ektorpsskolan 1;12079022;Norrköping;0581;Kommunal;Norrköpings kommun;2120000456;272;47,4;45,2;42,3;.;.;.;.;.;.;67;99;106;
Enebyskolan 1;24625357;Norrköping;0581;Kommunal;Norrköpings kommun;2120000456;171;52,0;13,5;69,0;.;.;.;.;.;.;61;56;54;
Enebyskolan 2;35609364;Norrköping;0581;Kommunal;Norrköpings kommun;2120000456;175;49,1;9,1;62,9;.;.;.;.;.;.;60;59;56;
Folkparksskolan;45256848;Norrköping;0581;Kommunal;Norrköpings kommun;2120000456;115;55,7;28,7;67,0;41;38;36;.;.;.;.;.;.;
Greby-skolan;55724712;Norrköping;0581;Kommunal;Norrköpings kommun;2120000456;127;50,4;6,3;74,8;41;48;38;.;.;.;.;.;.;
Gustaf Adolfsskolan 2;61662805;Norrköping;0581;Kommunal;Norrköpings kommun;2120000456;186;52,7;76,3;33,9;28;33;46;30;19;30;.;.;.;
Hagaskolan 1;17315625;Norrköping;0581;Kommunal;Norrköpings kommun;2120000456;305;63,0;48,9;55,7;.;.;.;.;.;.;111;98;96;
Hagaskolan 2;76530329;Norrköping;0581;Kommunal;Norrköpings kommun;2120000456;173;66,5;17,9;76,3;.;.;.;66;56;51;.;.;.;
Hultdalsskolan;40393888;Norrköping;0581;Kommunal;Norrköpings kommun;2120000456;347;50,1;8,4;66,6;.;.;.;.;.;.;132;109;106;
I Ur och Skur sk Skattkammarön;50770926;Norrköping;0581;Enskild;I Ur och Skur Skolan Skattkammarön Ek. För.;7696108104;118;37,3;4,2;83,1;16;16;15;14;12;11;12;9;13;
JENSEN grundskola Norrköping;10435966;Norrköping;0581;Enskild;Jensen Education College AB;5566358759;265;58,5;43,4;58,1;.;.;.;.;.;51;64;87;63;
Johannesskolan Norrkpg Kr Sk;57529996;Norrköping;0581;Enskild;Stiftelsen Agape Norrköping;8190009996;146;53,4;78,1;43,2;22;20;15;13;12;12;25;15;12;
Jurslaskolan 1;26191960;Norrköping;0581;Kommunal;Norrköpings kommun;2120000456;308;52,6;4,9;75,6;54;47;60;54;41;52;.;.;.;
Jönsbergska Idrottsskolan;61454000;Norrköping;0581;Enskild;Jönsbergska Idrottsskolan Norrköping AB;5566765920;325;39,1;4,0;72,0;.;.;.;56;56;56;53;52;52;
Karlshovsskolan;23461399;Norrköping;0581;Kommunal;Norrköpings kommun;2120000456;249;49,4;28,9;60,2;50;39;52;40;44;24;.;.;.;
Kimstadskolan;38306850;Norrköping;0581;Kommunal;Norrköpings kommun;2120000456;133;47,4;3,8;66,9;.;.;.;46;41;46;.;.;.;
Klingsborgsskolan 1;24979620;Norrköping;0581;Kommunal;Norrköpings kommun;2120000456;229;41,5;87,8;26,6;.;.;.;.;.;.;102;127;.;
Klingsborgsskolan 2;52875693;Norrköping;0581;Kommunal;Norrköpings kommun;2120000456;121;56,2;86,0;25,6;.;.;.;.;.;.;.;.;121;
Klockaretorpsskolan;66430782;Norrköping;0581;Kommunal;Norrköpings kommun;2120000456;143;53,8;46,2;45,5;24;21;23;20;19;36;.;.;.;
Kunskapsskolan Norrköping;77437748;Norrköping;0581;Enskild;Kunskapsskolan i Sverige Aktiebolag;5565661815;488;51,4;12,7;84,8;.;.;.;.;.;115;111;131;131;
Kvarsebo skola;51966487;Norrköping;0581;Enskild;Kvarsebo Skola;8024144779;34;67,6;..;58,8;1;1;6;13;6;7;.;.;.;
Kyrkskolan 2;58663615;Norrköping;0581;Kommunal;Norrköpings kommun;2120000456;278;50,0;13,7;76,3;49;40;54;46;46;43;.;.;.;
Kättinge skola;81104648;Norrköping;0581;Kommunal;Norrköpings kommun;2120000456;61;68,9;.;47,5;10;15;10;7;19;.;.;.;.;
Lindöskolan;39026192;Norrköping;0581;Kommunal;Norrköpings kommun;2120000456;126;44,4;11,9;84,1;32;47;47;.;.;.;.;.;.;
Ljuraskolan 1;61866166;Norrköping;0581;Kommunal;Norrköpings kommun;2120000456;91;58,2;57,1;45,1;45;46;.;.;.;.;.;.;.;
Ljuraskolan 2;82754341;Norrköping;0581;Kommunal;Norrköpings kommun;2120000456;170;51,2;63,5;43,5;.;.;48;39;42;41;.;.;.;
Lärande Grundskola Södra;72526185;Norrköping;0581;Enskild;Lärande i Sverige AB;5565715892;286;49,0;17,8;57,0;17;.;.;28;25;53;55;55;53;
Lärande Grundskola Östra;90838156;Norrköping;0581;Enskild;Lärande i Sverige AB;5565715892;525;49,1;27,2;62,3;56;56;55;56;55;56;56;57;78;
Matteusskolan 1;57677600;Norrköping;0581;Kommunal;Norrköpings kommun;2120000456;123;47,2;76,4;37,4;.;.;.;40;36;47;.;.;.;
Matteusskolan 2;14994184;Norrköping;0581;Kommunal;Norrköpings kommun;2120000456;93;40,9;75,3;29,0;25;30;38;.;.;.;.;.;.;
Mosstorpsskolan 1;41484780;Norrköping;0581;Kommunal;Norrköpings kommun;2120000456;142;54,2;9,9;46,5;.;.;.;65;38;39;.;.;.;
Mosstorpsskolan 2;67224193;Norrköping;0581;Kommunal;Norrköpings kommun;2120000456;265;49,4;5,7;48,7;.;.;.;.;.;.;118;74;73;
Navestadsskolan 1;81182971;Norrköping;0581;Kommunal;Norrköpings kommun;2120000456;152;52,6;52,6;44,7;.;.;.;51;49;52;.;.;.;
Navestadsskolan 2;67887385;Norrköping;0581;Kommunal;Norrköpings kommun;2120000456;79;48,1;59,5;45,6;.;.;.;.;.;.;79;.;.;
Navestadsskolan 3;41960783;Norrköping;0581;Kommunal;Norrköpings kommun;2120000456;160;48,1;55,0;43,1;.;.;.;.;.;.;.;85;75;
Nordic International School Norrköping;67542970;Norrköping;0581;Enskild;Nordic International School AB;5566102033;585;51,1;67,9;56,8;.;.;.;109;88;106;133;93;56;
Norrköpings Montessoriskola 1;28313481;Norrköping;0581;Kommunal;Norrköpings kommun;2120000456;110;51,8;40,9;56,4;59;51;.;.;.;.;.;.;.;
Norrköpings Montessoriskola 2;17695834;Norrköping;0581;Kommunal;Norrköpings kommun;2120000456;155;45,8;54,8;55,5;.;.;51;42;33;29;.;.;.;
Oxelbergsskolan;46722664;Norrköping;0581;Kommunal;Norrköpings kommun;2120000456;167;49,7;24,6;55,1;30;28;30;28;30;21;.;.;.;
Parkskolan;91576770;Norrköping;0581;Kommunal;Norrköpings kommun;2120000456;166;44,6;5,4;48,2;62;56;48;.;.;.;.;.;.;
Prolympia, Norrköping;16013826;Norrköping;0581;Enskild;Prolympia AB;5567026454;496;36,7;8,9;62,9;.;.;.;53;52;53;113;113;112;
Rambodalsskolan;32962285;Norrköping;0581;Kommunal;Norrköpings kommun;2120000456;251;46,6;15,5;73,3;.;.;.;104;83;64;.;.;.;
Rudolf Steinerskolan, gr;33530590;Norrköping;0581;Enskild;Rudolf Steinerskolan;8250013037;171;48,5;10,5;71,3;23;25;20;16;24;21;18;14;10;
Råsslaskolan 1;80621158;Norrköping;0581;Kommunal;Norrköpings kommun;2120000456;270;50,7;3,3;66,7;.;.;.;.;.;.;88;88;94;
Råsslaskolan 2;61717116;Norrköping;0581;Kommunal;Norrköpings kommun;2120000456;234;44,9;..;67,9;.;.;.;73;80;81;.;.;.;
Sandbyhovsskolan;64558930;Norrköping;0581;Kommunal;Norrköpings kommun;2120000456;278;48,9;35,3;57,9;.;.;.;.;.;.;99;74;105;
Sandbyängsskolan 1;43215755;Norrköping;0581;Kommunal;Norrköpings kommun;2120000456;139;50,4;27,3;46,0;45;45;49;.;.;.;.;.;.;
Sandbyängsskolan 2;48631026;Norrköping;0581;Kommunal;Norrköpings kommun;2120000456;149;48,3;27,5;49,0;.;.;.;45;45;59;.;.;.;
Silverdansens skola;35742140;Norrköping;0581;Kommunal;Norrköpings kommun;2120000456;167;47,3;50,9;42,5;49;62;56;.;.;.;.;.;.;
Skarphagsskolan 1;56043103;Norrköping;0581;Kommunal;Norrköpings kommun;2120000456;110;51,8;17,3;69,1;.;.;.;42;40;28;.;.;.;
Skarphagsskolan 2;58040213;Norrköping;0581;Kommunal;Norrköpings kommun;2120000456;149;43,0;15,4;65,1;52;45;52;.;.;.;.;.;.;
Smedbyskolan;20288756;Norrköping;0581;Kommunal;Norrköpings kommun;2120000456;228;48,2;11,0;75,9;74;76;78;.;.;.;.;.;.;
Stegehus Waldorfskola;73656861;Norrköping;0581;Enskild;Stiftelsen Steget;8250007922;10;..;.;50,0;.;.;.;.;2;3;2;1;2;
Svärtinge Skogsbacke skola;87220418;Norrköping;0581;Kommunal;Norrköpings kommun;2120000456;172;50,0;15,1;74,4;37;30;38;26;23;18;.;.;.;
Svärtingehus 1;65775074;Norrköping;0581;Kommunal;Norrköpings kommun;2120000456;323;46,7;5,3;75,2;51;47;52;47;63;63;.;.;.;
Söderporten 1;44312769;Norrköping;0581;Kommunal;Norrköpings kommun;2120000456;267;47,6;79,8;27,3;88;90;89;.;.;.;.;.;.;
Söderporten 4;22929455;Norrköping;0581;Kommunal;Norrköpings kommun;2120000456;222;52,7;86,9;21,2;.;.;.;72;75;75;.;.;.;
Tamburinens skola;63512597;Norrköping;0581;Kommunal;Norrköpings kommun;2120000456;182;47,3;37,4;26,9;27;32;30;33;26;34;.;.;.;
Tåby skola;62569328;Norrköping;0581;Kommunal;Norrköpings kommun;2120000456;107;48,6;..;55,1;19;13;19;20;13;23;.;.;.;
Uttersbergsskolan;82294598;Norrköping;0581;Kommunal;Norrköpings kommun;2120000456;259;45,2;4,6;72,6;89;90;80;.;.;.;.;.;.;
Victoriaskolan;63614168;Norrköping;0581;Kommunal;Norrköpings kommun;2120000456;134;48,5;61,9;42,5;.;.;.;42;45;47;.;.;.;
Vikbolandsskolan 1;86323840;Norrköping;0581;Kommunal;Norrköpings kommun;2120000456;189;49,2;4,8;54,5;.;.;.;.;.;.;63;66;60;
Vikbolandsskolan 2;34784374;Norrköping;0581;Kommunal;Norrköpings kommun;2120000456;197;48,2;4,6;56,3;21;23;22;33;40;58;.;.;.;
Vilbergsskolan;72299802;Norrköping;0581;Kommunal;Norrköpings kommun;2120000456;260;46,9;15,4;53,1;50;50;50;47;34;29;.;.;.;
Villastadsskolan;59469604;Norrköping;0581;Kommunal;Norrköpings kommun;2120000456;162;50,0;16,0;63,0;24;24;45;32;21;16;.;.;.;
Vittra Röda stan;38936292;Norrköping;0581;Enskild;Vittraskolorna AB;5564586716;353;50,7;47,9;56,9;50;53;56;39;32;40;26;28;29;
Vrinneviskolan;61330534;Norrköping;0581;Kommunal;Norrköpings kommun;2120000456;194;51,5;86,1;30,4;44;46;39;34;.;31;.;.;.;
Vångaskolan;94530544;Norrköping;0581;Kommunal;Norrköpings kommun;2120000456;92;45,7;7,6;50,0;19;14;13;13;12;21;.;.;.;
Åbymoskolan 1;65244856;Norrköping;0581;Kommunal;Norrköpings kommun;2120000456;225;49,3;10,7;71,6;68;68;89;.;.;.;.;.;.;
Åbymoskolan 2;24370775;Norrköping;0581;Kommunal;Norrköpings kommun;2120000456;226;44,2;9,7;62,8;.;.;.;76;70;80;.;.;.;
Bålbroskolan;89615900;Norrtälje;0188;Kommunal;Norrtälje kommun;2120000217;207;52,7;37,7;43,5;67;77;63;.;.;.;.;.;.;
Drottningdal skola;70182130;Norrtälje;0188;Kommunal;Norrtälje kommun;2120000217;91;49,5;9,9;42,9;12;22;11;14;16;16;.;.;.;
Edsbro skola;90719952;Norrtälje;0188;Kommunal;Norrtälje kommun;2120000217;51;35,3;23,5;33,3;10;10;6;7;9;9;.;.;.;
Ekebyholmsskolan, gr;98239828;Norrtälje;0188;Enskild;Ekebyholmsskolan Aktiebolag;5562512425;200;60,5;22,0;68,0;22;19;23;22;23;22;25;22;22;
Elmsta skola;46518352;Norrtälje;0188;Kommunal;Norrtälje kommun;2120000217;145;49,7;20,7;47,6;24;24;21;18;28;30;.;.;.;
Freinetskolan Hugin;89692072;Norrtälje;0188;Enskild;Freinetskolan Hugin Ekonomisk förening;7696188189;216;47,7;14,8;61,1;22;22;24;23;25;25;25;24;26;
Freinetskolan Mimer;45133950;Norrtälje;0188;Enskild;Freinetskolan Mimer ekonomisk förening;7696021117;150;50,7;7,3;68,7;24;24;24;26;26;26;.;.;.;
Freinetskolan Mimer Tingshuset;57467562;Norrtälje;0188;Enskild;Freinetskolan Mimer ekonomisk förening;7696021117;139;43,9;10,1;59,7;.;.;.;.;.;.;56;57;26;
Frötuna skola;84584068;Norrtälje;0188;Kommunal;Norrtälje kommun;2120000217;206;51,0;5,3;66,0;45;27;36;28;43;27;.;.;.;
Gottsta;97718207;Norrtälje;0188;Kommunal;Norrtälje kommun;2120000217;141;38,3;..;30,5;23;25;22;24;23;24;.;.;.;
Grisslehamns skola;32585503;Norrtälje;0188;Kommunal;Norrtälje kommun;2120000217;34;52,9;14,7;50,0;6;4;4;9;4;7;.;.;.;
Hallsta skola;24146389;Norrtälje;0188;Kommunal;Norrtälje kommun;2120000217;349;49,6;39,8;24,6;16;26;31;31;34;17;69;64;61;
Innovitaskolan Norrtälje;67809355;Norrtälje;0188;Enskild;Pysslingen Förskolor och Skolor AB;5560354309;259;45,2;8,5;45,2;49;55;50;43;36;26;.;.;.;
Kvisthamraskolan;95869861;Norrtälje;0188;Kommunal;Norrtälje kommun;2120000217;296;44,3;11,5;64,5;50;49;50;47;49;51;.;.;.;
Köpmanholms skola;86917350;Norrtälje;0188;Kommunal;Norrtälje kommun;2120000217;44;43,2;..;65,9;7;9;7;9;6;6;.;.;.;
Långsjöskolan;99749462;Norrtälje;0188;Kommunal;Norrtälje kommun;2120000217;454;45,6;31,3;40,7;.;.;.;60;68;70;99;65;92;
Länna skola;72471883;Norrtälje;0188;Kommunal;Norrtälje kommun;2120000217;261;55,2;14,6;46,7;25;31;16;21;19;37;43;39;30;
Montessoriskolan - Gustafslund;26281697;Norrtälje;0188;Enskild;Montessori i Norrtälje AB;5562855410;138;52,9;31,9;60,9;.;.;.;1;25;26;32;29;25;
Montessoriskolan - Vigelsjö;39130058;Norrtälje;0188;Enskild;Montessori i Norrtälje AB;5562855410;86;46,5;12,8;57,0;21;22;24;18;.;1;.;.;.;
Norrgärdsskolan;22531873;Norrtälje;0188;Kommunal;Norrtälje kommun;2120000217;471;46,5;14,0;51,6;71;85;75;80;82;78;.;.;.;
Norrsundsskolan;39351914;Norrtälje;0188;Kommunal;Norrtälje kommun;2120000217;81;43,2;29,6;38,3;.;.;.;.;.;.;26;32;23;
Riala skola;30490775;Norrtälje;0188;Kommunal;Norrtälje kommun;2120000217;67;47,8;14,9;52,2;21;10;15;14;7;.;.;.;.;
Roslagsskolan;31851256;Norrtälje;0188;Kommunal;Norrtälje kommun;2120000217;591;44,7;14,4;56,5;.;.;.;.;.;.;207;187;197;
Rådmansö skola;50905672;Norrtälje;0188;Kommunal;Norrtälje kommun;2120000217;123;41,5;5,7;56,1;27;16;21;23;21;15;.;.;.;
Rånäs skola;98531789;Norrtälje;0188;Kommunal;Norrtälje kommun;2120000217;52;44,2;23,1;32,7;12;9;13;3;9;6;.;.;.;
Skebo skola;77002828;Norrtälje;0188;Kommunal;Norrtälje kommun;2120000217;32;53,1;..;46,9;7;8;2;6;3;6;.;.;.;
Skederids skola;52064811;Norrtälje;0188;Kommunal;Norrtälje kommun;2120000217;105;43,8;5,7;49,5;17;24;13;19;14;18;.;.;.;
Skärsta Friskola;47727629;Norrtälje;0188;Enskild;Skärsta Friskola Ekonomisk förening;7696144539;78;60,3;17,9;24,4;15;14;13;12;10;14;.;.;.;
Svanbergaskolan;59975651;Norrtälje;0188;Kommunal;Norrtälje kommun;2120000217;401;50,9;8,5;51,6;44;29;34;40;43;51;59;49;52;
Viby friskola;54806839;Norrtälje;0188;Enskild;Ogenholts Friskola AB;5565533873;152;53,3;5,9;45,4;17;17;17;17;17;18;16;16;17;
Vätö skola;49669037;Norrtälje;0188;Kommunal;Norrtälje kommun;2120000217;27;40,7;18,5;37,0;4;7;6;5;2;3;.;.;.;
Wigulfskolan;15312030;Norrtälje;0188;Kommunal;Norrtälje kommun;2120000217;253;44,7;37,9;31,6;17;20;20;22;23;30;60;21;40;
Bastuträsk skola;81294589;Norsjö;2417;Kommunal;Norsjö kommun;2120002858;13;..;38,5;46,2;3;4;3;2;1;.;.;.;.;
Norsjöskolan F-9;10421130;Norsjö;2417;Kommunal;Norsjö kommun;2120002858;402;48,3;15,2;49,0;35;40;52;42;43;40;48;48;54;
Alsterbro skola;62698200;Nybro;0881;Kommunal;Nybro kommun;2120000753;104;44,2;21,2;40,4;8;15;14;17;9;9;21;5;6;
Fagerslättsskolan Fa01;98689424;Nybro;0881;Kommunal;Nybro kommun;2120000753;75;50,7;84,0;46,7;26;26;23;.;.;.;.;.;.;
Fagerslättsskolan Fa02;20610380;Nybro;0881;Kommunal;Nybro kommun;2120000753;117;44,4;82,1;39,3;.;.;.;35;44;38;.;.;.;
Flerohopp skola;46177012;Nybro;0881;Kommunal;Nybro kommun;2120000753;37;54,1;..;62,2;7;4;12;1;4;9;.;.;.;
Hanemålaskolan;59700047;Nybro;0881;Kommunal;Nybro kommun;2120000753;345;51,0;20,6;61,2;63;52;42;64;52;72;.;.;.;
Kristvallabrunn skola;37839862;Nybro;0881;Kommunal;Nybro kommun;2120000753;29;55,2;..;41,4;6;4;6;4;7;2;.;.;.;
Madesjöskolan Ma01;99461911;Nybro;0881;Kommunal;Nybro kommun;2120000753;263;50,2;11,4;62,0;24;42;25;50;53;69;.;.;.;
Madesjöskolan Ma02;38198417;Nybro;0881;Kommunal;Nybro kommun;2120000753;280;50,4;18,9;54,3;.;.;.;.;1;.;75;101;103;
Nybro Montessoriskola;12864383;Nybro;0881;Enskild;Nybro Intresseförening för Montessori;8324014086;94;45,7;22,3;54,3;18;18;11;21;20;6;.;.;.;
Orrefors skola;52416743;Nybro;0881;Kommunal;Nybro kommun;2120000753;88;51,1;37,5;21,6;14;16;16;11;14;17;.;.;.;
Paradisskolan Pa01;89082067;Nybro;0881;Kommunal;Nybro kommun;2120000753;139;45,3;36,7;46,8;21;21;24;24;24;25;.;.;.;
Paradisskolan Pa02;79650118;Nybro;0881;Kommunal;Nybro kommun;2120000753;341;43,7;39,9;49,3;.;.;.;.;.;.;106;118;117;
Västerängsskolan;77085096;Nybro;0881;Kommunal;Nybro kommun;2120000753;56;41,1;10,7;58,9;20;22;14;.;.;.;.;.;.;
Örsjö skola;26156663;Nybro;0881;Kommunal;Nybro kommun;2120000753;45;42,2;..;53,3;3;6;10;11;7;8;.;.;.;
Björkestaskolan;68422076;Nykvarn;0140;Kommunal;Nykvarns kommun;2120002999;396;53,8;12,1;62,1;55;62;67;50;71;91;.;.;.;
Furuborgskolan;34225123;Nykvarn;0140;Kommunal;Nykvarns kommun;2120002999;276;52,9;12,7;63,0;52;51;62;43;45;23;.;.;.;
Lillhagaskolan;99640618;Nykvarn;0140;Kommunal;Nykvarns kommun;2120002999;479;48,0;11,5;59,5;.;.;.;.;.;.;169;152;158;
Turingeskolan;93844270;Nykvarn;0140;Kommunal;Nykvarns kommun;2120002999;335;49,0;14,3;66,3;71;44;39;55;56;70;.;.;.;
Arnö skola;20748461;Nyköping;0480;Kommunal;Nyköpings kommun;2120002940;522;45,8;23,8;65,7;85;79;106;91;83;78;.;.;.;
Blomenbergska skolan;74105812;Nyköping;0480;Enskild;Blomenbergska skolan AB;5568737091;34;61,8;..;50,0;12;5;6;7;4;.;.;.;.;
Bryngelstorpskolan;62817522;Nyköping;0480;Kommunal;Nyköpings kommun;2120002940;288;46,5;12,8;69,4;48;44;50;46;54;46;.;.;.;
Båktorp skolan;17393295;Nyköping;0480;Enskild;Båktorp AB;5564834363;50;42,0;10,0;46,0;.;.;.;.;.;6;18;13;13;
Dammlötskolan;62179318;Nyköping;0480;Kommunal;Nyköpings kommun;2120002940;106;50,9;7,5;68,9;14;13;21;16;23;19;.;.;.;
Fokusskolan;18915192;Nyköping;0480;Enskild;Nyfo AB;5567812291;212;51,4;31,6;53,8;23;24;22;24;25;25;21;25;23;
Gruvans skola;43811145;Nyköping;0480;Kommunal;Nyköpings kommun;2120002940;403;46,7;70,0;31,3;62;79;81;47;52;81;1;.;.;
Innovitaskolan Nyköping;91578294;Nyköping;0480;Enskild;Pysslingen Förskolor och Skolor AB;5560354309;162;50,0;9,3;85,8;54;27;26;27;28;.;.;.;.;
Innovitaskolan Nyköping 2;90949432;Nyköping;0480;Enskild;Pysslingen Förskolor och Skolor AB;5560354309;139;53,2;6,5;83,5;.;.;.;.;.;28;56;28;27;
Kiladalens norra skola;25433795;Nyköping;0480;Kommunal;Nyköpings kommun;2120002940;298;48,3;10,4;61,1;53;58;52;42;47;46;.;.;.;
Kiladalens södra skola;91419745;Nyköping;0480;Kommunal;Nyköpings kommun;2120002940;132;50,8;6,1;47,7;32;25;24;12;16;23;.;.;.;
Kunskapsskolan Nyköping;88046003;Nyköping;0480;Enskild;Kunskapsskolan i Sverige Aktiebolag;5565661815;520;57,1;11,0;76,5;.;.;.;46;43;90;130;102;109;
Mikaeliskolan;75746018;Nyköping;0480;Enskild;Stiftelsen Mikaeliskolan i Nyköping;8190010572;170;49,4;17,6;76,5;24;19;17;24;16;25;22;16;7;
Nyköpings Enskilda Grundskola;91013126;Nyköping;0480;Enskild;Skolarum Sverige AB;5590689559;389;44,0;8,7;79,2;.;.;.;.;.;.;140;142;107;
Nyköpings högstadium;99757444;Nyköping;0480;Kommunal;Nyköpings kommun;2120002940;923;45,3;39,1;39,3;.;.;.;.;.;.;254;297;372;
Nyköpings resursskola;91728040;Nyköping;0480;Kommunal;Nyköpings kommun;2120002940;31;19,4;25,8;19,4;.;.;1;3;5;3;4;9;6;
Rosenkulla skola;42584474;Nyköping;0480;Kommunal;Nyköpings kommun;2120002940;269;45,0;46,5;46,1;36;42;47;48;46;50;.;.;.;
Sjösa skola;53953848;Nyköping;0480;Kommunal;Nyköpings kommun;2120002940;83;47,0;7,2;69,9;15;15;16;17;14;6;.;.;.;
Släbroskolan;23286483;Nyköping;0480;Kommunal;Nyköpings kommun;2120002940;351;47,0;19,1;46,4;52;52;54;75;61;57;.;.;.;
Stigtomta skola;79566399;Nyköping;0480;Kommunal;Nyköpings kommun;2120002940;277;51,6;6,5;61,0;50;49;47;50;38;43;.;.;.;
Studiero;98693413;Nyköping;0480;Enskild;Hvb Lappetorp AB;5565250247;20;.;30,0;25,0;.;.;.;.;.;2;1;9;8;
Tunabergs skola;88884378;Nyköping;0480;Kommunal;Nyköpings kommun;2120002940;77;51,9;11,7;51,9;15;18;14;13;8;9;.;.;.;
Tystberga skola;68094768;Nyköping;0480;Kommunal;Nyköpings kommun;2120002940;86;53,5;20,9;43,0;13;20;12;12;15;14;.;.;.;
Vittra Kungshagen;50698424;Nyköping;0480;Enskild;Vittraskolorna AB;5564586716;336;45,8;11,3;62,2;26;26;26;25;26;25;64;58;60;
Vrena friskola;57861440;Nyköping;0480;Enskild;Vrena Friskoleförening;8024604285;70;50,0;7,1;62,9;6;10;14;13;12;15;.;.;.;
Västra skolan;81899882;Nyköping;0480;Kommunal;Nyköpings kommun;2120002940;108;62,0;29,6;56,5;31;35;42;.;.;.;.;.;.;
Östra skolan;87469558;Nyköping;0480;Kommunal;Nyköpings kommun;2120002940;277;49,5;54,9;43,3;37;37;25;67;60;51;.;.;.;
Gröndalsskolan F-9;65717061;Nynäshamn;0192;Kommunal;Nynäshamns kommun;2120000233;667;47,5;40,3;46,5;40;52;48;51;56;57;129;118;116;
Kyrkskolan F-2;52406620;Nynäshamn;0192;Kommunal;Nynäshamns kommun;2120000233;95;61,1;12,6;46,3;46;49;.;.;.;.;.;.;.;
Montessoriskolan Binomen;55217164;Nynäshamn;0192;Enskild;Föreningen Barnens Bästa;8124012371;32;50,0;..;50,0;11;11;10;.;.;.;.;.;.;
Sunnerbyskolan 3-6;78703073;Nynäshamn;0192;Kommunal;Nynäshamns kommun;2120000233;173;46,2;11,0;43,4;.;.;49;47;43;34;.;.;.;
Svandammsskolan F-6;18193338;Nynäshamn;0192;Kommunal;Nynäshamns kommun;2120000233;333;45,3;16,2;66,1;52;61;55;55;55;55;.;.;.;
Tallbackaskolan F-3;12468259;Nynäshamn;0192;Kommunal;Nynäshamns kommun;2120000233;143;44,8;9,1;57,3;57;43;43;.;.;.;.;.;.;
Vanstaskolan 7-9;73184416;Nynäshamn;0192;Kommunal;Nynäshamns kommun;2120000233;309;44,0;25,6;42,1;.;.;.;.;.;.;106;105;98;
Vanstaskolan F-6;95790053;Nynäshamn;0192;Kommunal;Nynäshamns kommun;2120000233;368;48,6;40,5;43,8;46;43;48;84;75;72;.;.;.;
Viaskolan F-9;34814578;Nynäshamn;0192;Kommunal;Nynäshamns kommun;2120000233;610;44,8;32,1;47,7;78;70;63;70;75;65;63;61;65;
Annebergs skola;58161963;Nässjö;0682;Kommunal;Nässjö kommun;2120000548;183;47,5;16,4;55,7;27;38;36;25;25;32;.;.;.;
Brinells högstadium;27489659;Nässjö;0682;Kommunal;Nässjö kommun;2120000548;330;51,8;49,1;43,6;.;.;.;.;.;.;107;116;107;
Emåskolan;38682093;Nässjö;0682;Kommunal;Nässjö kommun;2120000548;105;47,6;36,2;34,3;37;34;34;.;.;.;.;.;.;
Handskerydsskolan;10917843;Nässjö;0682;Kommunal;Nässjö kommun;2120000548;291;50,2;25,8;54,0;53;50;48;43;49;48;.;.;.;
Malmbäck skola;17341861;Nässjö;0682;Kommunal;Nässjö kommun;2120000548;135;51,1;20,0;43,7;17;31;27;20;18;22;.;.;.;
Norråsaskolan;19118399;Nässjö;0682;Kommunal;Nässjö kommun;2120000548;432;45,8;31,7;54,4;.;.;.;.;.;.;139;136;157;
Nyhemsskolan;53807998;Nässjö;0682;Kommunal;Nässjö kommun;2120000548;276;50,7;33,7;55,4;61;46;44;39;44;42;.;.;.;
Parkskolan;97882848;Nässjö;0682;Kommunal;Nässjö kommun;2120000548;323;47,7;32,5;45,8;.;.;.;40;31;33;77;73;69;
Rosenholmsskolan;66394964;Nässjö;0682;Kommunal;Nässjö kommun;2120000548;309;53,4;14,2;56,0;35;48;24;44;40;31;34;28;25;
Runnerydsskolan 1;73647686;Nässjö;0682;Kommunal;Nässjö kommun;2120000548;286;49,7;72,4;37,4;90;99;97;.;.;.;.;.;.;
Runnerydsskolan 2;27829033;Nässjö;0682;Kommunal;Nässjö kommun;2120000548;262;50,4;70,2;37,8;.;.;.;84;100;78;.;.;.;
Sandsjöfors skola;20352322;Nässjö;0682;Kommunal;Nässjö kommun;2120000548;81;48,1;8,6;64,2;11;13;19;14;14;10;.;.;.;
Åkerskolan 1;85030969;Nässjö;0682;Kommunal;Nässjö kommun;2120000548;195;40,5;29,7;50,8;72;64;59;.;.;.;.;.;.;
Åkerskolan 2;13366102;Nässjö;0682;Kommunal;Nässjö kommun;2120000548;188;46,8;28,2;50,5;.;.;.;59;70;59;.;.;.;
Ängs skola;20527864;Nässjö;0682;Kommunal;Nässjö kommun;2120000548;34;55,9;14,7;35,3;12;8;14;.;.;.;.;.;.;
Gäverängeskolan;54096978;Ockelbo;2101;Kommunal;Ockelbo kommun;2120002288;105;55,2;36,2;33,3;29;36;35;.;2;2;.;1;.;
Perslundaskolan;40000547;Ockelbo;2101;Kommunal;Ockelbo kommun;2120002288;358;48,3;24,9;46,1;.;.;.;74;64;47;54;70;49;
Åbyggeby skola;65270641;Ockelbo;2101;Kommunal;Ockelbo kommun;2120002288;92;55,4;12,0;50,0;40;26;26;.;.;.;.;.;.;
Brännaregårdsskolan;37539722;Olofström;1060;Kommunal;Olofströms kommun;2120000811;338;47,6;47,9;46,2;53;60;56;55;51;63;.;.;.;
Gränums skola;83914063;Olofström;1060;Kommunal;Olofströms kommun;2120000811;17;35,3;..;52,9;4;8;5;.;.;.;.;.;.;
Högavångsskolan;53603984;Olofström;1060;Kommunal;Olofströms kommun;2120000811;418;52,9;31,6;51,2;.;.;.;.;.;.;160;137;121;
Jämshögs skola;81995218;Olofström;1060;Kommunal;Olofströms kommun;2120000811;142;49,3;19,0;47,2;24;15;21;32;26;24;.;.;.;
Kyrkhults skola;14765915;Olofström;1060;Kommunal;Olofströms kommun;2120000811;144;47,2;17,4;49,3;21;26;22;35;19;21;.;.;.;
Vilboksskolan;12015531;Olofström;1060;Kommunal;Olofströms kommun;2120000811;206;50,0;51,9;39,3;34;27;25;32;42;46;.;.;.;
Bergetskolan;44551665;Orsa;2034;Kommunal;Orsa kommun;2120002189;135;37,8;17,8;40,0;25;25;22;21;24;18;.;.;.;
Digerbergets skola;89047020;Orsa;2034;Kommunal;Orsa kommun;2120002189;122;51,6;14,8;45,1;15;20;24;18;23;22;.;.;.;
Kyrkbyns skola;26900910;Orsa;2034;Kommunal;Orsa kommun;2120002189;103;46,6;41,7;38,8;16;20;9;17;21;20;.;.;.;
Orsaskolan;19694910;Orsa;2034;Kommunal;Orsa kommun;2120002189;220;47,7;19,5;45,9;.;.;.;.;.;.;71;69;80;
Skattunge Friskola;94925126;Orsa;2034;Enskild;Skattunge Friskola ekonomisk förening;7696208698;21;23,8;..;57,1;1;3;4;4;4;5;.;.;.;
Ellös skola;44875711;Orust;1421;Kommunal;Orust kommun;2120001314;136;59,6;11,8;48,5;27;20;25;27;13;24;.;.;.;
Henåns skola 4-6;64019788;Orust;1421;Kommunal;Orust kommun;2120001314;120;43,3;15,8;42,5;.;.;.;34;47;39;.;.;.;
Henåns skola 7-9;76943513;Orust;1421;Kommunal;Orust kommun;2120001314;255;49,4;17,3;53,3;.;.;.;.;1;.;94;80;80;
Henåns skola F-3;24399504;Orust;1421;Kommunal;Orust kommun;2120001314;125;48,0;14,4;54,4;35;36;49;2;.;.;2;.;1;
Orust Montessoriskola;31200039;Orust;1421;Enskild;Orusts Montessoriskola Ekonomisk Förening;7164451614;51;54,9;9,8;78,4;12;9;12;3;8;7;.;.;.;
Orust Waldorfskola;57712538;Orust;1421;Enskild;Waldorfpedagogik på Orust ekonomisk förening;7696143085;103;50,5;18,4;81,6;11;15;8;14;7;15;10;14;9;
Stensbo skola;46609170;Orust;1421;Enskild;Stensbo Skola Ideell Förening;8690012110;29;34,5;..;62,1;.;3;.;9;7;10;.;.;.;
Varekils skola;89541556;Orust;1421;Kommunal;Orust kommun;2120001314;131;46,6;15,3;49,6;21;26;26;26;12;20;.;.;.;
Ängås skola, 4-6;90426615;Orust;1421;Kommunal;Orust kommun;2120001314;122;57,4;17,2;57,4;.;.;3;52;38;28;1;.;.;
Ängås skola 7-9;34557677;Orust;1421;Kommunal;Orust kommun;2120001314;196;42,9;11,2;56,6;.;.;.;.;.;.;60;72;64;
Ängås skola F-3;90671452;Orust;1421;Kommunal;Orust kommun;2120001314;111;53,2;11,7;51,4;41;42;28;.;.;.;.;.;.;
Hasslarödsskolan 7-9;13184976;Osby;1273;Kommunal;Osby kommun;2120000902;237;46,4;24,5;43,9;.;.;.;.;.;.;95;69;73;
Hasslarödsskolan F-6;21621712;Osby;1273;Kommunal;Osby kommun;2120000902;307;45,6;27,7;50,2;22;40;25;65;81;74;.;.;.;
Killebergskolan F-6;54518621;Osby;1273;Kommunal;Osby kommun;2120000902;110;46,4;25,5;52,7;17;15;19;20;15;24;.;.;.;
Klockarskogsskolan F-3;67170282;Osby;1273;Kommunal;Osby kommun;2120000902;102;46,1;49,0;49,0;25;32;45;.;.;.;.;.;.;
Parkskolan 7-9;61939706;Osby;1273;Kommunal;Osby kommun;2120000902;114;53,5;25,4;50,0;.;.;.;.;.;.;39;30;45;
Parkskolan F-6;70332017;Osby;1273;Kommunal;Osby kommun;2120000902;265;50,9;38,1;52,8;47;42;45;46;46;39;.;.;.;
Visslan;65486343;Osby;1273;Kommunal;Osby kommun;2120000902;10;.;..;..;.;.;.;.;.;.;4;5;1;
Örkenedskolan F-9;21002578;Osby;1273;Kommunal;Osby kommun;2120000902;294;47,6;27,6;37,8;31;39;26;35;34;34;28;33;34;
Bockaraskolan;63303871;Oskarshamn;0882;Kommunal;Oskarshamns kommun;2120000761;30;56,7;..;56,7;4;4;5;6;5;6;.;.;.;
Figeholmskolan;58067335;Oskarshamn;0882;Kommunal;Oskarshamns kommun;2120000761;44;40,9;11,4;47,7;25;19;.;.;.;.;.;.;.;
Fårboskolan;61661790;Oskarshamn;0882;Kommunal;Oskarshamns kommun;2120000761;88;45,5;18,2;51,1;.;.;25;17;20;26;.;.;.;
Kristdalaskolan;87104917;Oskarshamn;0882;Kommunal;Oskarshamns kommun;2120000761;104;37,5;13,5;53,8;13;15;19;26;13;18;.;.;.;
Kristinebergskolan F-9;38052846;Oskarshamn;0882;Kommunal;Oskarshamns kommun;2120000761;703;48,9;39,4;44,4;74;67;73;67;82;81;80;83;96;
Misterhults friskola;90374935;Oskarshamn;0882;Enskild;Misterhult Skola Ek. För.;7696099956;20;60,0;45,0;35,0;1;1;5;5;.;8;.;.;.;
Norra skolan F-6;98898491;Oskarshamn;0882;Kommunal;Oskarshamns kommun;2120000761;332;52,4;16,9;59,9;53;53;54;55;54;63;.;.;.;
Påskallavikskolan;42558848;Oskarshamn;0882;Kommunal;Oskarshamns kommun;2120000761;128;46,9;10,2;50,8;26;29;17;13;27;16;.;.;.;
Rödsleskolan F-9;55569663;Oskarshamn;0882;Kommunal;Oskarshamns kommun;2120000761;676;46,6;10,9;55,6;46;54;65;73;70;55;88;112;113;
Saltvikskolan;43214252;Oskarshamn;0882;Kommunal;Oskarshamns kommun;2120000761;58;53,4;10,3;79,3;21;17;20;.;.;.;.;.;.;
Vallhallaskolan F-9;65582914;Oskarshamn;0882;Kommunal;Oskarshamns kommun;2120000761;597;48,6;37,7;52,8;42;47;48;48;52;45;111;117;87;
Alftaskolan 7-9;92304123;Ovanåker;2121;Kommunal;Ovanåkers kommun;2120002304;148;43,9;22,3;34,5;6;.;.;.;.;.;56;39;47;
Alftaskolan F-6;54774286;Ovanåker;2121;Kommunal;Ovanåkers kommun;2120002304;186;46,2;25,3;52,7;30;32;38;37;34;15;.;.;.;
Celsiusskolan 7-9;43362307;Ovanåker;2121;Kommunal;Ovanåkers kommun;2120002304;241;43,2;12,4;53,1;.;.;.;.;.;.;73;79;89;
Celsiusskolan F-6;63488719;Ovanåker;2121;Kommunal;Ovanåkers kommun;2120002304;147;46,3;23,8;44,9;19;25;23;26;21;33;.;.;.;
Knåda skola;21674603;Ovanåker;2121;Kommunal;Ovanåkers kommun;2120002304;89;52,8;.;56,2;15;14;12;20;16;12;.;.;.;
Lillboskolan;85584111;Ovanåker;2121;Kommunal;Ovanåkers kommun;2120002304;125;53,6;..;45,6;22;20;21;21;17;24;.;.;.;
Rotebergs skola;39130316;Ovanåker;2121;Kommunal;Ovanåkers kommun;2120002304;104;52,9;5,8;59,6;14;14;19;15;23;19;.;.;.;
Runemo skola;24030299;Ovanåker;2121;Kommunal;Ovanåkers kommun;2120002304;72;43,1;..;41,7;10;11;14;15;11;11;.;.;.;
Viksjöfors skola;44977557;Ovanåker;2121;Kommunal;Ovanåkers kommun;2120002304;41;46,3;12,2;58,5;6;8;9;5;6;7;.;.;.;
Oxelöskolan;12053461;Oxelösund;0481;Kommunal;Oxelösunds kommun;2120000324;366;50,5;62,8;39,6;32;35;44;43;38;36;44;45;49;
Peterslundsskolan;46563141;Oxelösund;0481;Kommunal;Oxelösunds kommun;2120000324;238;51,3;8,8;56,7;38;45;41;41;31;42;.;.;.;
Ramdalsskolan;98215830;Oxelösund;0481;Kommunal;Oxelösunds kommun;2120000324;492;48,8;16,5;49,8;47;50;50;48;52;48;71;61;65;
Gårdbyskolan;55662841;Pajala;2521;Kommunal;Pajala kommun;2120002718;69;53,6;14,5;37,7;11;7;7;7;8;8;7;7;7;
Kangos Kultur- o ekologiskola;35837794;Pajala;2521;Enskild;Kangos Kultur och Ekologiskola;8976008238;44;43,2;..;40,9;4;5;7;3;8;2;5;6;4;
Pajala Centralskola;12443258;Pajala;2521;Kommunal;Pajala kommun;2120002718;236;55,1;17,8;37,7;.;.;.;35;34;29;47;46;45;
Sattajärvi skola;36111143;Pajala;2521;Kommunal;Pajala kommun;2120002718;58;43,1;.;12,1;10;12;8;10;10;8;.;.;.;
Smedskolan;94203685;Pajala;2521;Kommunal;Pajala kommun;2120002718;90;42,2;18,9;40,0;23;33;34;.;.;.;.;.;.;
Tärendö Centralskola;37347252;Pajala;2521;Kommunal;Pajala kommun;2120002718;26;42,3;..;61,5;4;7;3;5;4;3;.;.;.;
Björndammens skola F-6;54361227;Partille;1402;Kommunal;Partille kommun;2120001272;248;48,4;39,1;51,6;38;36;41;44;40;49;.;.;.;
Casa Montessori;68358072;Partille;1402;Enskild;Montessoristiftelsen i Partille;8572054610;174;50,6;10,3;92,5;18;18;18;19;19;21;22;19;20;
Furulunds skola F-6;69175568;Partille;1402;Kommunal;Partille kommun;2120001272;339;47,8;15,9;77,3;61;51;70;52;52;53;.;.;.;
Jonsereds skola F-5;60280777;Partille;1402;Kommunal;Partille kommun;2120001272;202;47,0;11,9;75,2;40;29;41;47;45;.;.;.;.;
Lexby skola 6-9;51610240;Partille;1402;Kommunal;Partille kommun;2120001272;525;46,9;31,4;66,5;.;.;.;.;.;145;132;129;119;
Lillegårdsskolan F-5;10695761;Partille;1402;Kommunal;Partille kommun;2120001272;260;48,8;23,1;73,5;44;54;52;64;46;.;.;.;.;
Oxledsskolan;88535398;Partille;1402;Kommunal;Partille kommun;2120001272;314;49,4;12,4;81,8;50;47;46;47;58;66;.;.;.;
Skulltorps skola F-5;12767465;Partille;1402;Kommunal;Partille kommun;2120001272;220;48,6;50,0;56,8;47;40;45;44;44;.;.;.;.;
Stadsparksskolan;57412559;Partille;1402;Kommunal;Partille kommun;2120001272;293;50,5;28,0;57,0;.;.;.;.;.;.;97;92;104;
Ugglums skola 5-9;78100490;Partille;1402;Kommunal;Partille kommun;2120001272;270;50,0;7,8;86,7;.;.;.;.;52;55;53;55;55;
Ugglums skola F-4;84718487;Partille;1402;Kommunal;Partille kommun;2120001272;253;47,0;13,8;87,7;52;52;74;75;.;.;.;.;.;
Vallhamra skola 4-6;67190366;Partille;1402;Kommunal;Partille kommun;2120001272;248;49,2;17,3;75,8;.;.;.;76;76;96;.;.;.;
Vallhamra skola 7-9;92848832;Partille;1402;Kommunal;Partille kommun;2120001272;380;45,8;21,8;75,8;.;.;.;.;.;.;130;120;130;
Vallhamra skola F-3;65226712;Partille;1402;Kommunal;Partille kommun;2120001272;270;47,0;22,6;77,8;96;89;85;.;.;.;.;.;.;
Öjersjö Brunn skola A F-4;67739660;Partille;1402;Kommunal;Partille kommun;2120001272;185;44,9;11,9;90,8;47;47;46;45;.;.;.;.;.;
Öjersjö Brunn skola B F-4;85130794;Partille;1402;Kommunal;Partille kommun;2120001272;220;46,4;6,8;87,7;43;49;57;71;.;.;.;.;.;
Öjersjö Storegård skola 5-9;19873115;Partille;1402;Kommunal;Partille kommun;2120001272;526;46,2;8,9;82,7;.;.;.;.;90;147;107;104;78;
Centralskolan 4-6;97348759;Perstorp;1275;Kommunal;Perstorps kommun;2120000910;247;48,6;45,3;30,8;.;.;.;88;77;82;.;.;.;
Centralskolan 7-9;45023939;Perstorp;1275;Kommunal;Perstorps kommun;2120000910;297;41,1;42,4;35,0;.;.;.;.;.;.;100;104;93;
Norra Lyckan skola;32734414;Perstorp;1275;Kommunal;Perstorps kommun;2120000910;190;45,8;44,2;33,2;.;99;91;.;.;.;.;.;.;
Oderljunga skola;60288966;Perstorp;1275;Kommunal;Perstorps kommun;2120000910;36;55,6;..;47,2;10;4;6;1;15;.;.;.;.;
Parkskolan;54638535;Perstorp;1275;Kommunal;Perstorps kommun;2120000910;87;57,5;47,1;42,5;87;.;.;.;.;.;.;.;.;
Backeskolan;54570457;Piteå;2581;Kommunal;Piteå kommun;2120002759;75;45,3;..;60,0;24;29;22;.;.;.;.;.;.;
Backgårdsskolan;16816091;Piteå;2581;Kommunal;Piteå kommun;2120002759;117;54,7;6,8;59,0;39;40;38;.;.;.;.;.;.;
Bergsviksskolan;55036987;Piteå;2581;Kommunal;Piteå kommun;2120002759;201;47,8;4,5;69,2;22;34;23;38;44;40;.;.;.;
Björklundaskolan;10654481;Piteå;2581;Kommunal;Piteå kommun;2120002759;85;55,3;24,7;38,8;25;28;32;.;.;.;.;.;.;
Böle skola;50775398;Piteå;2581;Kommunal;Piteå kommun;2120002759;84;50,0;..;59,5;32;21;31;.;.;.;.;.;.;
Christinaskolan;94591900;Piteå;2581;Kommunal;Piteå kommun;2120002759;351;49,0;16,2;63,5;.;.;.;.;.;.;108;124;119;
Dalbackens Friskola;12534565;Piteå;2581;Enskild;Dalbackens Friskola Ekonomisk förening;7696273411;62;59,7;..;46,8;13;11;18;9;5;6;.;.;.;
Hortlax skola;10185533;Piteå;2581;Kommunal;Piteå kommun;2120002759;303;45,2;6,6;66,3;.;.;.;.;.;.;101;107;95;
I ur och skur - Forsen;48863212;Piteå;2581;Enskild;Fastighetsbolaget Sikforsbygden AB;5566138151;35;45,7;.;60,0;.;7;10;7;2;9;.;.;.;
Jävre skola;71768337;Piteå;2581;Kommunal;Piteå kommun;2120002759;48;56,3;..;77,1;5;6;11;6;6;14;.;.;.;
Klubbgärdsskolan;52474877;Piteå;2581;Kommunal;Piteå kommun;2120002759;61;50,8;11,5;60,7;18;25;18;.;.;.;.;.;.;
Kullenskolan;15031493;Piteå;2581;Kommunal;Piteå kommun;2120002759;62;37,1;..;46,8;13;26;23;.;.;.;.;.;.;
Långskataskolan;27957195;Piteå;2581;Kommunal;Piteå kommun;2120002759;108;42,6;..;70,4;34;35;39;.;.;.;.;.;.;
Munksunds skola;11749297;Piteå;2581;Kommunal;Piteå kommun;2120002759;108;57,4;..;60,2;46;22;40;.;.;.;.;.;.;
Norrbyskolan;12947382;Piteå;2581;Kommunal;Piteå kommun;2120002759;168;43,5;5,4;70,8;20;29;33;27;32;27;.;.;.;
Norrmalmskolan;52510171;Piteå;2581;Kommunal;Piteå kommun;2120002759;401;47,9;22,4;57,1;44;40;34;84;116;83;.;.;.;
Pitholmsskolan 4-6;99362822;Piteå;2581;Kommunal;Piteå kommun;2120002759;259;49,8;6,6;68,3;.;.;.;83;111;65;.;.;.;
Pitholmsskolan 7-9;18339846;Piteå;2581;Kommunal;Piteå kommun;2120002759;245;48,2;5,3;68,6;.;.;.;.;.;.;80;89;76;
Porsnässkolan;18748381;Piteå;2581;Kommunal;Piteå kommun;2120002759;344;52,0;3,5;62,2;.;.;.;46;37;45;72;78;66;
Rosviks skola;78813157;Piteå;2581;Kommunal;Piteå kommun;2120002759;176;52,3;8,0;50,0;31;29;29;29;22;36;.;.;.;
Sjulnässkolan;42296356;Piteå;2581;Kommunal;Piteå kommun;2120002759;298;50,7;5,0;59,1;.;.;.;66;46;56;48;44;38;
Sjulsmarks skola;48156668;Piteå;2581;Kommunal;Piteå kommun;2120002759;44;38,6;..;47,7;9;5;9;10;7;4;.;.;.;
Solanderskolan;69993304;Piteå;2581;Kommunal;Piteå kommun;2120002759;281;47,7;19,9;37,7;.;.;.;54;37;63;42;42;43;
Strömnäs skola;50133724;Piteå;2581;Kommunal;Piteå kommun;2120002759;129;41,9;9,3;84,5;32;56;41;.;.;.;.;.;.;
Svensby skola;67036296;Piteå;2581;Kommunal;Piteå kommun;2120002759;100;49,0;9,0;55,0;36;33;31;.;.;.;.;.;.;
Tolvmans Friskola;44290268;Piteå;2581;Enskild;Tolvmansskolans Ekonomiska Förening;7696098875;41;56,1;.;82,9;14;12;15;.;.;.;.;.;.;
Anders-Olofskolan;78545687;Ragunda;2303;Kommunal;Ragunda kommun;2120002452;215;51,2;27,0;34,9;.;.;.;36;24;42;39;34;40;
Hansåkerskolan;22316816;Ragunda;2303;Kommunal;Ragunda kommun;2120002452;181;50,3;4,4;50,3;19;22;19;25;22;18;21;18;17;
Järåskolan;26530842;Ragunda;2303;Kommunal;Ragunda kommun;2120002452;44;54,5;20,5;15,9;9;11;6;10;8;.;.;.;.;
Kullstaskolan;40542956;Ragunda;2303;Kommunal;Ragunda kommun;2120002452;86;45,3;23,3;44,2;29;26;31;.;.;.;.;.;.;
Bygdeå skola;96684788;Robertsfors;2409;Kommunal;Robertsfors kommun;2120002551;100;44,0;..;68,0;16;18;13;21;17;15;.;.;.;
Djäkneboda skola;75624738;Robertsfors;2409;Kommunal;Robertsfors kommun;2120002551;14;57,1;..;71,4;6;6;2;.;.;.;.;.;.;
Jenningsskolan åk F-3;37246669;Robertsfors;2409;Kommunal;Robertsfors kommun;2120002551;113;42,5;19,5;45,1;38;35;40;.;.;.;.;.;.;
Nybyskolan;21641008;Robertsfors;2409;Kommunal;Robertsfors kommun;2120002551;86;57,0;11,6;46,5;16;16;16;12;10;16;.;.;.;
Tundalsskolan åk 4-6;74237143;Robertsfors;2409;Kommunal;Robertsfors kommun;2120002551;122;52,5;13,9;44,3;.;.;.;43;40;39;.;.;.;
Tundalsskolan åk 7-9;74131494;Robertsfors;2409;Kommunal;Robertsfors kommun;2120002551;232;50,4;13,4;49,6;.;.;.;.;.;.;81;74;77;
Åkullsjöns skola;47410806;Robertsfors;2409;Kommunal;Robertsfors kommun;2120002551;19;52,6;..;52,6;11;5;3;.;.;.;.;.;.;
Backarydsskolan;56938498;Ronneby;1081;Kommunal;Ronneby kommun;2120000837;68;48,5;47,1;29,4;9;8;16;7;13;15;.;.;.;
Eringsbodaskolan;73174754;Ronneby;1081;Kommunal;Ronneby kommun;2120000837;41;56,1;26,8;53,7;5;9;4;7;8;8;.;.;.;
Espedalsskolan;22033858;Ronneby;1081;Kommunal;Ronneby kommun;2120000837;195;53,3;65,6;41,5;41;40;25;39;24;26;.;.;.;
Fredriksbergsskolan;79063974;Ronneby;1081;Kommunal;Ronneby kommun;2120000837;317;51,4;37,2;57,4;65;71;76;49;56;.;.;.;.;
G-klavens fristående skola;71629249;Ronneby;1081;Enskild;G-Klaven AB;5566033592;123;51,2;5,7;66,7;20;21;20;21;20;21;.;.;.;
Hallabroskolan;11842600;Ronneby;1081;Kommunal;Ronneby kommun;2120000837;84;47,6;34,5;36,9;11;10;12;12;17;22;.;.;.;
Hobyskolan;67089636;Ronneby;1081;Kommunal;Ronneby kommun;2120000837;213;46,5;25,8;45,5;26;33;30;40;41;43;.;.;.;
Johannishusskolan;71423952;Ronneby;1081;Kommunal;Ronneby kommun;2120000837;104;49,0;11,5;60,6;14;23;19;15;18;15;.;.;.;
Kallingeskolan 7-9;53155267;Ronneby;1081;Kommunal;Ronneby kommun;2120000837;386;50,0;28,0;43,3;.;.;.;.;.;.;135;119;132;
Kallingeskolan F-6;71592444;Ronneby;1081;Kommunal;Ronneby kommun;2120000837;168;44,0;26,8;41,1;25;26;26;26;31;34;.;.;.;
Listerbyskolan;89240233;Ronneby;1081;Kommunal;Ronneby kommun;2120000837;159;47,8;5,7;70,4;26;29;24;33;18;29;.;.;.;
Parkdalaskolan 4-6;55600914;Ronneby;1081;Kommunal;Ronneby kommun;2120000837;121;47,9;61,2;52,1;.;.;.;21;24;76;.;.;.;
Parkdalaskolan 7-9;10175276;Ronneby;1081;Kommunal;Ronneby kommun;2120000837;464;50,0;38,4;56,7;.;.;.;.;.;.;168;152;144;
Saxemaraskolan;11927362;Ronneby;1081;Kommunal;Ronneby kommun;2120000837;101;55,4;13,9;68,3;16;15;9;21;20;20;.;.;.;
Slättagårdsskolan;67037141;Ronneby;1081;Kommunal;Ronneby kommun;2120000837;194;48,5;30,4;35,6;30;41;38;26;30;29;.;.;.;
Thoren Framtid i Ronneby;38449858;Ronneby;1081;Enskild;Thoren Framtid AB;5567497051;389;51,2;38,0;51,9;35;37;42;35;38;39;50;48;65;
Boda skola;36630405;Rättvik;2031;Kommunal;Rättviks kommun;2120002171;41;29,3;..;43,9;12;4;5;10;6;4;.;.;.;
Furudals centralskola;30917018;Rättvik;2031;Kommunal;Rättviks kommun;2120002171;92;44,6;16,3;28,3;8;9;10;8;13;15;4;14;11;
Ingels skola;33822526;Rättvik;2031;Kommunal;Rättviks kommun;2120002171;26;57,7;.;53,8;11;9;6;.;.;.;.;.;.;
Nyhedsskolan;60694017;Rättvik;2031;Kommunal;Rättviks kommun;2120002171;219;51,1;16,0;51,1;25;34;31;34;50;45;.;.;.;
Rättviksskolan;73451967;Rättvik;2031;Kommunal;Rättviks kommun;2120002171;289;52,9;11,4;50,9;.;.;.;.;.;.;91;102;96;
Sätra skola;23181842;Rättvik;2031;Kommunal;Rättviks kommun;2120002171;14;50,0;.;50,0;1;5;8;.;.;.;.;.;.;
Söderås skola;52314089;Rättvik;2031;Kommunal;Rättviks kommun;2120002171;81;50,6;..;79,0;12;22;13;12;11;11;.;.;.;
Vikarbyns skola;89732023;Rättvik;2031;Kommunal;Rättviks kommun;2120002171;148;39,2;14,2;60,1;19;26;19;21;26;37;.;.;.;
Ekebyskolan;62812509;Sala;1981;Kommunal;Sala kommun;2120002098;365;47,9;23,6;47,7;.;.;.;.;.;.;116;125;124;
Hedens skola;84214609;Sala;1981;Kommunal;Sala kommun;2120002098;78;50,0;7,7;51,3;13;12;14;10;13;16;.;.;.;
Kila skola;46962800;Sala;1981;Kommunal;Sala kommun;2120002098;101;35,6;8,9;68,3;17;11;18;17;17;21;.;.;.;
Kilbo skola;26414444;Sala;1981;Kommunal;Sala kommun;2120002098;59;47,5;..;50,8;7;9;4;12;14;13;.;.;.;
Kyrkskolan;61846061;Sala;1981;Kommunal;Sala kommun;2120002098;84;54,8;..;39,3;11;16;17;10;17;13;.;.;.;
Lärkbacksskolan;74567533;Sala;1981;Kommunal;Sala kommun;2120002098;161;37,9;21,1;50,3;21;22;32;32;28;26;.;.;.;
Ransta skola;64471680;Sala;1981;Kommunal;Sala kommun;2120002098;120;45,0;4,2;53,3;19;20;15;16;28;22;.;.;.;
Vallaskolan 7-9;62995298;Sala;1981;Kommunal;Sala kommun;2120002098;424;47,9;27,4;55,2;.;.;.;.;.;.;155;130;139;
Vallaskolan F-6;40908531;Sala;1981;Kommunal;Sala kommun;2120002098;446;51,3;32,7;53,6;74;75;72;80;70;75;.;.;.;
Varmsätra skola;26966214;Sala;1981;Kommunal;Sala kommun;2120002098;101;50,5;.;59,4;14;18;16;18;13;22;.;.;.;
Västerfärnebo skola;52288457;Sala;1981;Kommunal;Sala kommun;2120002098;88;53,4;13,6;34,1;14;19;14;16;11;14;.;.;.;
Åby skola;45723714;Sala;1981;Kommunal;Sala kommun;2120002098;44;54,5;..;50,0;14;17;13;.;.;.;.;.;.;
Åkraskolan;91839062;Sala;1981;Kommunal;Sala kommun;2120002098;294;49,7;52,4;37,4;40;38;36;54;61;65;.;.;.;
Ängshagenskolan;96344566;Sala;1981;Kommunal;Sala kommun;2120002098;167;47,9;9,6;60,5;28;31;22;31;30;25;.;.;.;
Innovitaskolan Rönninge;76222592;Salem;0128;Enskild;Pysslingen Förskolor och Skolor AB;5560354309;171;41,5;27,5;64,9;51;45;27;25;23;.;.;.;.;
Noblaskolan Rönninge;97927760;Salem;0128;Enskild;Pysslingen Förskolor och Skolor AB;5560354309;81;44,4;8,6;80,2;23;29;29;.;.;.;.;.;.;
Nytorpsskolan;36262199;Salem;0128;Kommunal;Salems kommun;2120002874;261;46,0;14,6;82,0;29;29;30;28;30;30;31;24;30;
Rönninge skola;71677992;Salem;0128;Kommunal;Salems kommun;2120002874;449;47,9;11,1;83,1;30;30;30;57;56;53;54;79;60;
Salemskolan;51578532;Salem;0128;Kommunal;Salems kommun;2120002874;33;18,2;..;42,4;1;.;5;5;5;2;4;5;6;
Skogsängsskolan;58385274;Salem;0128;Kommunal;Salems kommun;2120002874;500;50,8;35,0;48,6;59;52;55;53;56;55;51;54;65;
Säbyskolan;92406445;Salem;0128;Kommunal;Salems kommun;2120002874;337;47,5;63,8;42,1;33;29;28;34;46;44;47;35;41;
Söderby friskola;56858061;Salem;0128;Enskild;Söderby Friskola Ekonomisk Förening;7696016117;241;44,8;15,4;63,9;27;24;26;28;27;27;28;27;27;
Alsjöskolan;73972330;Sandviken;2181;Kommunal;Sandvikens kommun;2120002346;26;57,7;..;26,9;9;8;9;.;.;.;.;.;.;
Björksätraskolan F-9;53803818;Sandviken;2181;Kommunal;Sandvikens kommun;2120002346;672;50,6;49,1;40,9;44;44;58;59;51;51;118;131;116;
Gullhedskolan;82989546;Sandviken;2181;Kommunal;Sandvikens kommun;2120002346;162;50,0;4,3;51,9;27;26;24;32;23;30;.;.;.;
Hedängskolan 7-9;23876630;Sandviken;2181;Kommunal;Sandvikens kommun;2120002346;195;53,8;8,2;44,6;.;.;.;.;.;.;65;58;72;
Hedängskolan F-6;28178876;Sandviken;2181;Kommunal;Sandvikens kommun;2120002346;257;50,6;10,1;42,0;33;37;37;43;44;63;.;.;.;
Jernvallskolan;38969377;Sandviken;2181;Kommunal;Sandvikens kommun;2120002346;314;46,8;15,3;64,3;46;73;47;49;50;49;.;.;.;
Jäderfors skola;89342887;Sandviken;2181;Kommunal;Sandvikens kommun;2120002346;45;53,3;..;60,0;11;6;15;5;3;5;.;.;.;
Kungsgårdens skola;88248777;Sandviken;2181;Kommunal;Sandvikens kommun;2120002346;98;51,0;6,1;41,8;15;23;21;17;22;.;.;.;.;
Murgårdsskolan;78907748;Sandviken;2181;Kommunal;Sandvikens kommun;2120002346;589;45,5;58,7;36,3;35;42;60;51;43;24;103;99;132;
Norrsätraskolan;80131736;Sandviken;2181;Kommunal;Sandvikens kommun;2120002346;497;53,3;40,0;47,1;.;.;.;67;68;70;89;97;106;
Sandvikens Internationella Montessoriskola;17233525;Sandviken;2181;Enskild;Sandvikens Friskola AB;5590474481;199;58,8;30,7;69,3;20;23;24;22;21;23;23;22;21;
Sätra skola;18586060;Sandviken;2181;Kommunal;Sandvikens kommun;2120002346;162;56,2;6,2;65,4;26;25;25;26;37;23;.;.;.;
Vallhovskolan;92306906;Sandviken;2181;Kommunal;Sandvikens kommun;2120002346;217;53,0;44,2;46,1;73;72;72;.;.;.;.;.;.;
Västanbynskolan;86139352;Sandviken;2181;Kommunal;Sandvikens kommun;2120002346;264;45,5;9,5;68,2;45;45;45;46;39;44;.;.;.;
Årsunda Kyrkskola;20666715;Sandviken;2181;Kommunal;Sandvikens kommun;2120002346;106;53,8;4,7;48,1;16;12;17;25;21;15;.;.;.;
Österfärnebo skola;73076578;Sandviken;2181;Kommunal;Sandvikens kommun;2120002346;70;41,4;12,9;48,6;13;15;11;11;11;9;.;.;.;
Centralskolan;61056172;Sigtuna;0191;Kommunal;Sigtuna kommun;2120000225;468;45,3;70,5;51,5;45;46;45;54;54;50;56;59;59;
Eddaskolan;38526011;Sigtuna;0191;Kommunal;Sigtuna kommun;2120000225;260;45,0;81,9;43,5;41;46;47;39;49;38;.;.;.;
Ekillaskolan;14261356;Sigtuna;0191;Kommunal;Sigtuna kommun;2120000225;424;47,2;71,5;34,4;.;.;.;.;.;.;101;151;172;
Galaxskolan;15697742;Sigtuna;0191;Kommunal;Sigtuna kommun;2120000225;285;51,9;49,8;54,4;40;47;50;42;53;53;.;.;.;
Internationella Engelska Skolan Sigtuna;63592981;Sigtuna;0191;Enskild;Internationella Engelska Skolan i Sverige AB;5564624368;512;48,4;24,4;73,4;56;55;56;63;63;64;64;63;28;
Josefinaskolan, grundskola;55508705;Sigtuna;0191;Enskild;Stiftelsen Josefinaskolan;8148007258;198;52,0;31,3;60,1;22;21;17;24;25;24;19;20;26;
Norrbackaskolan;58286716;Sigtuna;0191;Kommunal;Sigtuna kommun;2120000225;307;51,8;53,4;45,3;53;52;50;47;54;51;.;.;.;
Odensala skola;20054868;Sigtuna;0191;Kommunal;Sigtuna kommun;2120000225;126;46,8;8,7;59,5;21;18;28;22;18;19;.;.;.;
Råbergsskolan;10998117;Sigtuna;0191;Kommunal;Sigtuna kommun;2120000225;211;48,3;22,7;53,1;29;45;39;40;27;31;.;.;.;
Sagaskolan;29998540;Sigtuna;0191;Kommunal;Sigtuna kommun;2120000225;314;52,9;89,5;40,8;63;55;51;41;55;49;.;.;.;
Sigtunaskolan hum. läroverket, gr;70883860;Sigtuna;0191;Enskild;Sigtuna Skolstiftelse;8148002879;107;55,1;9,3;85,0;.;.;.;.;.;.;.;53;54;
Sigtunaskolan hum. läroverket, int gr*;47969716;Sigtuna;0191;Enskild;Sigtuna Skolstiftelse;8148002879;62;50,0;61,3;64,5;.;.;.;.;.;.;.;22;40;
Skepptuna skola;80274643;Sigtuna;0191;Kommunal;Sigtuna kommun;2120000225;83;50,6;..;44,6;14;13;8;19;16;13;.;.;.;
Skolan Bergius;35008423;Sigtuna;0191;Enskild;Sigtuna Friskola AB;5567482707;198;44,4;18,7;60,1;.;.;.;.;.;.;66;66;66;
S:t Olofs skola;13579948;Sigtuna;0191;Kommunal;Sigtuna kommun;2120000225;395;47,6;33,7;56,2;.;.;.;.;.;.;154;105;136;
S:t Pers skola;42215279;Sigtuna;0191;Kommunal;Sigtuna kommun;2120000225;290;49,0;36,2;57,2;44;54;51;49;46;46;.;.;.;
S:ta Gertruds skola;93320132;Sigtuna;0191;Kommunal;Sigtuna kommun;2120000225;252;49,2;32,5;63,1;29;51;39;44;36;53;.;.;.;
Steningehöjdens skola;38854084;Sigtuna;0191;Kommunal;Sigtuna kommun;2120000225;520;50,2;55,4;55,8;50;49;45;47;47;29;83;87;83;
Sätunaskolan;63542436;Sigtuna;0191;Kommunal;Sigtuna kommun;2120000225;297;47,1;49,2;51,9;52;51;53;46;54;41;.;.;.;
Tingvallaskolan;78491090;Sigtuna;0191;Kommunal;Sigtuna kommun;2120000225;317;48,3;74,4;38,5;44;45;45;33;41;49;60;.;.;
Väringaskolan;87382179;Sigtuna;0191;Enskild;Väringaskolans Föräldraförening;8148010682;197;50,8;9,1;79,7;34;34;34;29;32;34;.;.;.;
Borrby skola;92471460;Simrishamn;1291;Kommunal;Simrishamns kommun;2120000969;116;44,8;23,3;48,3;15;18;22;20;20;21;.;.;.;
Famn;68370166;Simrishamn;1291;Enskild;Famn AB;5566207113;5;..;.;..;.;.;.;.;.;.;.;3;2;
Fredsdalsskolan;59936176;Simrishamn;1291;Kommunal;Simrishamns kommun;2120000969;166;48,2;38,0;56,6;.;.;.;62;47;57;.;.;.;
Gärsnäs skola;93223643;Simrishamn;1291;Kommunal;Simrishamns kommun;2120000969;108;51,9;16,7;38,0;21;16;20;16;17;18;.;.;.;
Hammenhögs Friskola;36559452;Simrishamn;1291;Enskild;Hammenhögs Friskola ek. för.;7696257885;89;50,6;9,0;52,8;13;9;17;15;14;21;.;.;.;
Korsavadsskolan 1;66350640;Simrishamn;1291;Kommunal;Simrishamns kommun;2120000969;183;43,2;23,0;44,8;.;.;.;.;.;.;4;165;14;
Korsavadsskolan 2;23701416;Simrishamn;1291;Kommunal;Simrishamns kommun;2120000969;280;50,0;23,9;43,9;.;.;.;.;.;.;133;.;147;
Nils Holgerssonskolan;24445412;Simrishamn;1291;Enskild;Föräldrakooperativet Nils Holgerssonskolan Ek Fö;7696014666;197;51,8;13,2;76,6;17;15;16;20;26;26;26;25;26;
Piratenskolan;42158538;Simrishamn;1291;Kommunal;Simrishamns kommun;2120000969;73;45,2;24,7;58,9;14;14;9;15;6;15;.;.;.;
Sankt Olofs skola;88731583;Simrishamn;1291;Kommunal;Simrishamns kommun;2120000969;71;49,3;16,9;60,6;14;16;17;13;11;.;.;.;.;
Simrislundsskolan;53416468;Simrishamn;1291;Kommunal;Simrishamns kommun;2120000969;176;55,1;39,2;48,3;61;58;57;.;.;.;.;.;.;
Sophiaskolan;59958745;Simrishamn;1291;Enskild;Stift Sophiaskolan, Österlens Waldorfskola;8388005517;198;47,5;20,7;83,8;24;19;24;24;19;24;23;18;23;
Emanuelskolan;37998000;Sjöbo;1265;Kommunal;Sjöbo kommun;2120001090;333;46,2;13,5;44,1;42;77;55;52;56;51;.;.;.;
Friskolan Boken;75930521;Sjöbo;1265;Enskild;Ciconias Ekonomisk förening;7696141428;124;44,4;..;73,4;24;17;21;23;18;21;.;.;.;
Färsingaskolan;17176734;Sjöbo;1265;Kommunal;Sjöbo kommun;2120001090;442;48,9;14,5;39,4;.;.;.;.;.;.;121;166;155;
Lövestads skola;12191224;Sjöbo;1265;Kommunal;Sjöbo kommun;2120001090;141;46,8;12,1;31,2;23;23;27;27;20;21;.;.;.;
Montessoriskolan Fyrkappan;34081848;Sjöbo;1265;Enskild;Montessoriskolan Fyrkappan Ekonomisk Förening;7696097760;46;39,1;..;54,3;7;7;11;9;7;5;.;.;.;
Nils Månssons Friskola;33857264;Sjöbo;1265;Enskild;Nils Månssons Friskola AB;5567815872;60;61,7;8,3;71,7;10;10;9;8;15;8;.;.;.;
Sandbäcksskolan;47897364;Sjöbo;1265;Kommunal;Sjöbo kommun;2120001090;302;45,4;16,6;45,0;48;51;54;50;51;48;.;.;.;
Storkskolan;55675413;Sjöbo;1265;Kommunal;Sjöbo kommun;2120001090;129;51,2;12,4;54,3;25;18;18;24;29;15;.;.;.;
Vollsjö Friskola;78396564;Sjöbo;1265;Enskild;Almaröd Friskola AB;5566096227;18;..;..;33,3;.;.;.;.;.;.;6;7;5;
Vollsjö skola;98635885;Sjöbo;1265;Kommunal;Sjöbo kommun;2120001090;179;49,7;17,3;36,3;24;26;34;36;27;32;.;.;.;
Ardalaskolan;38048590;Skara;1495;Kommunal;Skara kommun;2120001702;133;48,9;9,8;48,9;17;32;18;21;20;25;.;.;.;
Friskolan Metis;46013569;Skara;1495;Enskild;Lärocentrum i Skara Ekonomisk Förening;7696068381;212;50,9;6,1;68,9;18;18;18;20;18;15;37;35;33;
Gällkvistskolan;60102425;Skara;1495;Kommunal;Skara kommun;2120001702;270;45,9;20,7;47,4;50;51;42;44;35;48;.;.;.;
Källeskolan 4-6;49280218;Skara;1495;Kommunal;Skara kommun;2120001702;119;51,3;54,6;33,6;.;.;.;37;36;46;.;.;.;
Källeskolan F-3;45880570;Skara;1495;Kommunal;Skara kommun;2120001702;126;46,0;54,8;36,5;44;48;34;.;.;.;.;.;.;
Mariebergsskolan 1;27983086;Skara;1495;Kommunal;Skara kommun;2120001702;137;48,9;48,2;46,7;48;47;42;.;.;.;.;.;.;
Mariebergsskolan 2;27632599;Skara;1495;Kommunal;Skara kommun;2120001702;133;45,1;35,3;48,1;.;.;.;46;40;47;.;.;.;
Valleskolan;51508215;Skara;1495;Kommunal;Skara kommun;2120001702;130;51,5;20,0;59,2;21;24;23;22;18;22;.;.;.;
Varnhemsskolan;90909242;Skara;1495;Kommunal;Skara kommun;2120001702;120;45,8;..;75,8;16;17;22;23;18;24;.;.;.;
Viktoriaskolan 1;14808086;Skara;1495;Kommunal;Skara kommun;2120001702;262;48,5;34,7;42,7;.;.;.;.;.;.;71;116;75;
Viktoriaskolan 2;15007645;Skara;1495;Kommunal;Skara kommun;2120001702;267;48,3;34,8;40,4;.;.;.;.;.;.;92;75;100;
Auraskolan;32952944;Skellefteå;2482;Kommunal;Skellefteå kommun;2120002643;87;47,1;21,8;49,4;42;45;.;.;.;.;.;.;.;
Bergsbyskolan;66002503;Skellefteå;2482;Kommunal;Skellefteå kommun;2120002643;157;49,7;3,8;74,5;29;27;32;23;25;21;.;.;.;
Björkskolan;65417636;Skellefteå;2482;Enskild;Skolföreningen Växa;8947021443;84;44,0;7,1;52,4;.;.;.;.;.;11;23;25;25;
Björnåkersskolan;15720147;Skellefteå;2482;Kommunal;Skellefteå kommun;2120002643;313;49,8;17,3;52,4;24;28;46;28;29;34;44;47;33;
Bodbysunds miljöskola;58219202;Skellefteå;2482;Enskild;Bodbysunds Miljöskolas Ekonomiska Förening;7696017685;42;45,2;..;59,5;11;11;5;5;7;3;.;.;.;
Bolidenskolan;39160736;Skellefteå;2482;Kommunal;Skellefteå kommun;2120002643;287;52,6;49,1;31,0;27;21;33;24;35;34;36;36;41;
Bruksskolan;90056405;Skellefteå;2482;Enskild;Skolföreningen Växa;8947021443;39;35,9;23,1;53,8;9;7;3;5;15;.;.;.;.;
Bureskolan;97784361;Skellefteå;2482;Kommunal;Skellefteå kommun;2120002643;451;51,7;16,4;51,4;53;50;47;51;48;53;58;42;49;
Bygdsiljumsskolan;97072671;Skellefteå;2482;Kommunal;Skellefteå kommun;2120002643;28;60,7;17,9;46,4;2;3;4;9;3;7;.;.;.;
Byskeskolan;23992844;Skellefteå;2482;Kommunal;Skellefteå kommun;2120002643;314;51,6;19,7;43,6;24;41;21;34;41;28;41;38;46;
Drängsmarksskolan;33502848;Skellefteå;2482;Kommunal;Skellefteå kommun;2120002643;84;52,4;6,0;60,7;12;21;12;17;12;10;.;.;.;
Ersmarksskolan;75972486;Skellefteå;2482;Kommunal;Skellefteå kommun;2120002643;113;41,6;8,0;47,8;8;16;16;23;24;26;.;.;.;
Floraskolan;81992480;Skellefteå;2482;Kommunal;Skellefteå kommun;2120002643;555;48,1;6,5;73,3;48;45;47;45;47;69;81;84;89;
Furuskolan;62717625;Skellefteå;2482;Kommunal;Skellefteå kommun;2120002643;46;52,2;39,1;32,6;9;8;6;4;10;9;.;.;.;
Gummarksskolan;29124242;Skellefteå;2482;Kommunal;Skellefteå kommun;2120002643;53;58,5;.;47,2;9;8;10;7;9;10;.;.;.;
Hjoggböleskolan;81715530;Skellefteå;2482;Kommunal;Skellefteå kommun;2120002643;37;32,4;.;48,6;3;8;9;6;6;5;.;.;.;
IES International School Skellefteå*;87867210;Skellefteå;2482;Enskild;Internationella Engelska Skolan i Sverige AB;5564624368;19;31,6;~100;.;2;1;5;.;3;.;4;.;4;
Internationella Engelska Skolan Skellefteå;92621428;Skellefteå;2482;Enskild;Internationella Engelska Skolan i Sverige AB;5564624368;402;50,5;40,0;64,2;60;52;34;32;36;31;61;57;39;
Kusmarksskolan;58425006;Skellefteå;2482;Kommunal;Skellefteå kommun;2120002643;46;37,0;.;45,7;19;6;21;.;.;.;.;.;.;
Kågeskolan;67809657;Skellefteå;2482;Kommunal;Skellefteå kommun;2120002643;446;48,2;6,5;63,7;44;44;46;32;48;50;62;54;66;
Lejonströmsskolan;53655678;Skellefteå;2482;Kommunal;Skellefteå kommun;2120002643;686;50,3;4,7;81,0;55;69;71;67;77;78;93;97;79;
Lövångersskolan;87194036;Skellefteå;2482;Kommunal;Skellefteå kommun;2120002643;217;38,2;31,3;45,2;22;14;31;23;22;25;32;28;20;
Medleskolan;13331693;Skellefteå;2482;Kommunal;Skellefteå kommun;2120002643;115;52,2;..;69,6;14;22;31;16;14;18;.;.;.;
Morö backe skola;48983548;Skellefteå;2482;Kommunal;Skellefteå kommun;2120002643;629;47,9;18,6;65,2;67;66;80;73;72;71;65;72;63;
Norrhammarskolan;20566987;Skellefteå;2482;Kommunal;Skellefteå kommun;2120002643;398;43,0;14,1;74,9;30;39;41;35;27;48;56;59;63;
Ostviksskolan;30772723;Skellefteå;2482;Kommunal;Skellefteå kommun;2120002643;81;45,7;.;50,6;6;15;25;13;11;11;.;.;.;
Skråmträskskolan;27115850;Skellefteå;2482;Kommunal;Skellefteå kommun;2120002643;32;34,4;..;50,0;4;10;3;8;3;4;.;.;.;
Stackgrönnanskolan;30012770;Skellefteå;2482;Kommunal;Skellefteå kommun;2120002643;65;49,2;..;66,2;12;12;6;11;13;11;.;.;.;
Sunnanåskolan;12558459;Skellefteå;2482;Kommunal;Skellefteå kommun;2120002643;306;46,1;6,9;79,4;47;50;50;55;48;56;.;.;.;
Sörböleskolan;89661489;Skellefteå;2482;Kommunal;Skellefteå kommun;2120002643;447;47,7;11,6;68,0;24;22;17;21;26;20;112;100;105;
Tuböleskolan;45749845;Skellefteå;2482;Kommunal;Skellefteå kommun;2120002643;183;47,5;26,2;48,1;35;29;30;39;23;27;.;.;.;
Ursviksskolan;15716434;Skellefteå;2482;Kommunal;Skellefteå kommun;2120002643;355;43,9;8,5;60,8;48;24;28;35;35;33;45;55;52;
Yttre Ursviksskolan;71675943;Skellefteå;2482;Kommunal;Skellefteå kommun;2120002643;133;53,4;..;69,9;25;26;21;20;18;23;.;.;.;
Örjanskolan;42247223;Skellefteå;2482;Kommunal;Skellefteå kommun;2120002643;299;47,2;20,1;49,8;.;.;42;37;32;35;53;52;48;
Klockarbergsskolan;62958817;Skinnskatteberg;1904;Kommunal;Skinnskattebergs kommun;2120002023;361;52,4;26,9;37,4;47;52;38;47;31;39;36;40;31;
Alléskolan;60217642;Skurup;1264;Kommunal;Skurups kommun;2120001082;199;51,8;16,1;52,3;22;21;22;24;18;22;22;23;25;
Almaröd Friskola;31237949;Skurup;1264;Enskild;Almaröd Friskola AB;5566096227;8;..;..;..;.;.;.;.;3;5;.;.;.;
Kugghjulets resursskola;78193353;Skurup;1264;Kommunal;Skurups kommun;2120001082;1;..;..;..;.;.;.;.;.;.;.;1;.;
Mölleskolan;19459738;Skurup;1264;Kommunal;Skurups kommun;2120001082;175;44,0;17,7;49,1;29;33;33;24;32;24;.;.;.;
Prästamosseskolan;31975018;Skurup;1264;Kommunal;Skurups kommun;2120001082;670;51,5;20,9;50,4;.;.;.;66;50;65;141;180;168;
Rutgerskolan;51173156;Skurup;1264;Kommunal;Skurups kommun;2120001082;190;45,8;19,5;56,8;59;69;62;.;.;.;.;.;.;
Rydsgårdsskolan;49036576;Skurup;1264;Kommunal;Skurups kommun;2120001082;161;49,7;10,6;49,7;22;22;29;33;29;26;.;.;.;
Slimmingeby skola;93204806;Skurup;1264;Kommunal;Skurups kommun;2120001082;65;46,2;10,8;64,6;11;12;11;9;9;13;.;.;.;
Östergårdsskolan;93838287;Skurup;1264;Kommunal;Skurups kommun;2120001082;288;52,8;20,5;47,6;43;49;52;49;49;46;.;.;.;
Billingsdalsskolan;27195961;Skövde;1496;Kommunal;Skövde kommun;2120001710;264;51,9;16,3;58,7;49;42;46;44;40;43;.;.;.;
Billingskolan 848;68603832;Skövde;1496;Kommunal;Skövde kommun;2120001710;353;46,7;19,3;71,4;74;64;59;58;48;50;.;.;.;
Eriksdalskolan 862;36233215;Skövde;1496;Kommunal;Skövde kommun;2120001710;189;52,4;33,3;51,9;33;35;33;35;29;24;.;.;.;
Eriksdalskolan 863;97361837;Skövde;1496;Kommunal;Skövde kommun;2120001710;175;52,6;30,3;49,7;.;.;.;.;.;.;46;52;77;
Frösve skola;48659655;Skövde;1496;Kommunal;Skövde kommun;2120001710;263;49,0;4,9;65,0;42;37;53;37;44;50;.;.;.;
Helenaskolan 858;18790096;Skövde;1496;Kommunal;Skövde kommun;2120001710;462;55,0;39,2;58,2;.;.;.;.;.;.;147;157;158;
Heneskolan;69034506;Skövde;1496;Kommunal;Skövde kommun;2120001710;309;42,4;5,5;81,9;51;58;48;51;52;49;.;.;.;
Käpplundaskolan 851;33331230;Skövde;1496;Kommunal;Skövde kommun;2120001710;410;48,3;36,1;60,7;71;57;66;67;74;75;.;.;.;
Lerdala skola;13030046;Skövde;1496;Kommunal;Skövde kommun;2120001710;79;39,2;..;79,7;16;18;10;13;6;16;.;.;.;
Lundenskolan 850;44078397;Skövde;1496;Kommunal;Skövde kommun;2120001710;271;52,4;44,6;49,1;37;39;49;46;54;46;.;.;.;
Montessoriskolan i Skövde;52602666;Skövde;1496;Enskild;Skövde Montessoriförening Ekonomisk Förening;7696006068;85;43,5;5,9;82,4;15;16;14;13;12;15;.;.;.;
Norrmalmskolan;74495166;Skövde;1496;Kommunal;Skövde kommun;2120001710;214;50,0;29,9;61,2;36;39;36;30;38;35;.;.;.;
Raoul Wallenbergskolan Skövde;90728703;Skövde;1496;Enskild;Raoul Wallenbergskolorna Skaraborg AB;5591438618;786;49,7;18,2;73,8;52;51;53;56;56;83;167;148;120;
Rydskolan 847;88083330;Skövde;1496;Kommunal;Skövde kommun;2120001710;302;49,0;66,2;33,1;51;48;54;47;47;55;.;.;.;
Stöpenskolan;89477299;Skövde;1496;Kommunal;Skövde kommun;2120001710;333;48,0;8,7;59,5;.;.;.;.;.;.;129;102;102;
Sventorps skola;50902077;Skövde;1496;Kommunal;Skövde kommun;2120001710;100;43,0;8,0;61,0;15;23;13;22;10;17;.;.;.;
Svärtagårdsskolan;16046753;Skövde;1496;Kommunal;Skövde kommun;2120001710;154;44,8;7,8;70,8;26;23;24;17;32;32;.;.;.;
Tidanskolan;81505508;Skövde;1496;Kommunal;Skövde kommun;2120001710;94;41,5;20,2;38,3;15;8;19;15;20;17;.;.;.;
Timmersdala skola;90449443;Skövde;1496;Kommunal;Skövde kommun;2120001710;111;53,2;6,3;52,3;20;23;17;17;18;16;.;.;.;
Trädgårdsstadens skola;94852779;Skövde;1496;Kommunal;Skövde kommun;2120001710;289;43,3;14,9;81,0;58;62;51;46;23;49;.;.;.;
Vasaskolan 859;16057411;Skövde;1496;Kommunal;Skövde kommun;2120001710;240;49,6;29,2;62,1;.;.;.;.;.;.;78;81;81;
Vasaskolan 869;83894630;Skövde;1496;Kommunal;Skövde kommun;2120001710;268;45,9;19,0;65,3;.;.;.;.;.;.;107;80;81;
Värings skola;32903180;Skövde;1496;Kommunal;Skövde kommun;2120001710;100;52,0;..;63,0;16;23;23;13;9;16;.;.;.;
Värsås skola;88335935;Skövde;1496;Kommunal;Skövde kommun;2120001710;120;55,0;5,0;60,0;22;26;23;18;13;18;.;.;.;
Bergaskolan;81136807;Smedjebacken;2061;Kommunal;Smedjebackens kommun;2120002205;257;48,2;18,3;46,3;.;.;.;.;.;.;86;98;73;
Hagge skola;48623893;Smedjebacken;2061;Kommunal;Smedjebackens kommun;2120002205;94;52,1;.;62,8;19;13;20;8;15;19;.;.;.;
Kyrkskolan;68814096;Smedjebacken;2061;Kommunal;Smedjebackens kommun;2120002205;169;44,4;8,9;46,7;.;.;.;33;30;29;25;22;30;
Röda Berga;44337763;Smedjebacken;2061;Kommunal;Smedjebackens kommun;2120002205;280;45,4;23,6;42,9;49;50;42;46;54;39;.;.;.;
Vad skola;87981276;Smedjebacken;2061;Kommunal;Smedjebackens kommun;2120002205;68;48,5;10,3;41,2;25;25;18;.;.;.;.;.;.;
Vinsboskolan;25233410;Smedjebacken;2061;Kommunal;Smedjebackens kommun;2120002205;178;48,9;5,6;41,0;26;28;38;29;30;27;.;.;.;
Edsele skola;44570787;Sollefteå;2283;Enskild;Medborgarkooperativet Edsele Friskola, Ekonomisk förening;7696031058;18;27,8;33,3;33,3;3;1;5;3;6;.;.;.;.;
Helgums skola;10179930;Sollefteå;2283;Kommunal;Sollefteå kommun;2120002437;72;48,6;..;45,8;10;15;14;15;8;10;.;.;.;
Junsele skola;49748045;Sollefteå;2283;Kommunal;Sollefteå kommun;2120002437;140;49,3;30,0;26,4;15;11;12;13;9;12;21;22;25;
Kalknäs skola;73692894;Sollefteå;2283;Kommunal;Sollefteå kommun;2120002437;30;53,3;26,7;53,3;3;6;7;4;5;5;.;.;.;
Lillängets skola;12641882;Sollefteå;2283;Kommunal;Sollefteå kommun;2120002437;103;48,5;57,3;34,0;44;28;31;.;.;.;.;.;.;
Långsele skola;63021972;Sollefteå;2283;Kommunal;Sollefteå kommun;2120002437;133;41,4;18,0;43,6;25;25;14;20;26;23;.;.;.;
Nipanskolan F-9;46660811;Sollefteå;2283;Kommunal;Sollefteå kommun;2120002437;419;49,2;10,7;61,3;25;35;27;24;34;53;83;78;60;
Näsåkers skola;96402885;Sollefteå;2283;Kommunal;Sollefteå kommun;2120002437;81;44,4;17,3;48,1;16;14;15;12;9;15;.;.;.;
Prästbordets skola;60755872;Sollefteå;2283;Kommunal;Sollefteå kommun;2120002437;65;44,6;..;58,5;23;22;20;.;.;.;.;.;.;
Ramsele skola;20197159;Sollefteå;2283;Kommunal;Sollefteå kommun;2120002437;131;55,7;13,0;43,5;15;14;18;14;16;14;13;17;10;
Resele skola;25054871;Sollefteå;2283;Kommunal;Sollefteå kommun;2120002437;33;42,4;15,2;69,7;4;10;3;6;5;5;.;.;.;
Rödsta skola;83493883;Sollefteå;2283;Kommunal;Sollefteå kommun;2120002437;83;55,4;14,5;54,2;25;29;29;.;.;.;.;.;.;
Vallaskolan 4-9;41865593;Sollefteå;2283;Kommunal;Sollefteå kommun;2120002437;474;50,6;30,0;50,4;.;.;.;67;85;73;69;88;92;
Öns skola;79793912;Sollefteå;2283;Kommunal;Sollefteå kommun;2120002437;46;56,5;.;45,7;11;6;9;9;5;6;.;.;.;
Brage- skola och språkförskola;12092203;Sollentuna;0163;Kommunal;Sollentuna kommun;2120000134;90;22,2;47,8;56,7;4;14;8;11;3;9;13;15;13;
Dibber International School Sollentuna;47462120;Sollentuna;0163;Enskild;Dibber Norrviken Skola AB;5567289391;260;46,5;62,7;62,7;27;31;28;19;22;24;52;27;30;
Edsbergsskolan;18595907;Sollentuna;0163;Kommunal;Sollentuna kommun;2120000134;341;42,5;40,8;62,8;.;.;.;.;.;.;113;120;108;
Futuraskolan International Hertig Karl;40467992;Sollentuna;0163;Enskild;Futuraskolan AB;5566095047;213;46,0;61,0;75,6;26;26;26;21;26;26;18;23;21;
Futuraskolan International Rådan;47986219;Sollentuna;0163;Enskild;Futuraskolan AB;5566095047;273;53,8;37,4;90,5;26;26;26;26;52;26;26;24;41;
Gillbo-Gröndalsskolan;73629371;Sollentuna;0163;Kommunal;Sollentuna kommun;2120000134;497;51,7;20,5;76,5;55;58;57;58;48;58;51;56;56;
Gärdesskolan;70201551;Sollentuna;0163;Kommunal;Sollentuna kommun;2120000134;575;51,0;28,5;79,0;64;64;63;64;64;64;64;64;64;
Helenelundsskolan;62862066;Sollentuna;0163;Kommunal;Sollentuna kommun;2120000134;971;50,2;27,5;82,6;96;84;106;104;103;99;128;125;126;
Häggvik- Skälbyskolan;85440729;Sollentuna;0163;Kommunal;Sollentuna kommun;2120000134;532;45,1;24,4;77,4;51;59;52;59;47;63;65;79;57;
Kärrdalsskolan;28799594;Sollentuna;0163;Kommunal;Sollentuna kommun;2120000134;225;49,8;23,6;75,1;47;42;45;22;40;29;.;.;.;
Mikaelskolan;85777315;Sollentuna;0163;Enskild;Föreningen Mikaelskolan;8148008330;181;48,1;68,5;50,8;20;19;24;17;16;23;25;22;15;
Norra Strand Dibber;21997077;Sollentuna;0163;Enskild;Dibber Norra Strand Skola AB;5568884240;175;45,1;45,1;47,4;12;15;20;14;15;17;33;24;25;
Runbackaskolan;15339442;Sollentuna;0163;Kommunal;Sollentuna kommun;2120000134;525;45,0;14,9;81,9;52;58;58;58;57;60;61;61;60;
Rälsen AB i Norrviken;51041954;Sollentuna;0163;Enskild;Rälsen Aktiebolag;5564524220;62;51,6;12,9;87,1;20;22;20;.;.;.;.;.;.;
Rälsen AB i Viby;47290443;Sollentuna;0163;Enskild;Rälsen Aktiebolag;5564524220;39;33,3;12,8;74,4;11;8;12;8;.;.;.;.;.;
Rälsen AB åk 4-9;43375546;Sollentuna;0163;Enskild;Rälsen Aktiebolag;5564524220;151;42,4;11,9;88,7;.;.;.;16;13;35;30;31;26;
Rösjöskolan;58294981;Sollentuna;0163;Kommunal;Sollentuna kommun;2120000134;256;50,0;69,5;41,8;46;38;49;38;39;46;.;.;.;
Silverbäcken Dibber;56867397;Sollentuna;0163;Enskild;Dibber Inspira AB;5566096516;448;49,6;19,6;84,6;55;50;49;51;47;50;49;49;48;
Silverdalsskolan;69195602;Sollentuna;0163;Kommunal;Sollentuna kommun;2120000134;462;42,4;35,5;79,2;45;37;42;43;46;63;54;63;69;
Sofielundsskolan;39907811;Sollentuna;0163;Kommunal;Sollentuna kommun;2120000134;540;48,5;39,8;72,2;63;62;57;58;61;61;61;56;61;
Sollentuna musikklasser;21871265;Sollentuna;0163;Kommunal;Sollentuna kommun;2120000134;407;63,9;17,2;93,6;.;.;.;64;63;94;62;62;62;
Stallets Skola;26878879;Sollentuna;0163;Enskild;AB Nyfiket lärande, Sollentuna;5567590251;75;60,0;16,0;84,0;27;26;22;.;.;.;.;.;.;
Stockholm International Academy Häggvik;83735665;Sollentuna;0163;Enskild;Mubarak Utbildning AB;5568571748;314;54,8;89,5;24,8;34;41;24;27;26;45;40;51;26;
Tegelhagens skola;20253736;Sollentuna;0163;Kommunal;Sollentuna kommun;2120000134;593;48,9;11,1;90,2;61;64;62;64;63;61;64;62;92;
Turebergsskolan;75401552;Sollentuna;0163;Kommunal;Sollentuna kommun;2120000134;240;47,9;85,4;47,5;19;19;37;21;29;16;39;34;26;
Töjnaskolan;45882318;Sollentuna;0163;Kommunal;Sollentuna kommun;2120000134;666;43,5;35,4;75,7;77;76;79;80;71;74;81;76;52;
Vaxmoraskolan;32479095;Sollentuna;0163;Kommunal;Sollentuna kommun;2120000134;325;50,2;18,8;82,5;62;58;78;42;39;46;.;.;.;
Vibyskolan;15547680;Sollentuna;0163;Enskild;Vibyskolan Ekonomisk Förening;7696034201;291;50,2;16,5;88,0;25;26;28;29;54;29;30;29;41;
Vittra Rösjötorp;59266692;Sollentuna;0163;Enskild;Vittraskolorna AB;5564586716;160;43,1;73,8;80,0;39;38;38;18;9;18;.;.;.;
Vittra Sollentuna;58102266;Sollentuna;0163;Enskild;Vittraskolorna AB;5564586716;191;46,1;77,0;47,1;23;22;19;16;22;28;19;26;16;
Bergshamraskolan;43133926;Solna;0184;Kommunal;Solna kommun;2120000183;226;45,1;33,6;83,2;36;36;52;37;29;36;.;.;.;
Ekensbergsskolan;61043089;Solna;0184;Kommunal;Solna kommun;2120000183;333;43,8;19,8;76,0;53;56;61;52;60;51;.;.;.;
Granbackaskolan;17737193;Solna;0184;Kommunal;Solna kommun;2120000183;186;44,6;34,9;84,4;80;53;53;.;.;.;.;.;.;
Hagaskolan;84585645;Solna;0184;Enskild;Djurgårdens Waldorfskoleförening;8024222641;182;56,6;33,0;78,0;18;23;18;12;22;16;26;24;23;
Ingridskolan, grundskola;53259263;Solna;0184;Enskild;Ingridskolan AB;5566222013;81;45,7;12,3;71,6;.;.;.;3;2;12;18;20;26;
Internationella Engelska Skolan Solna;12259212;Solna;0184;Enskild;Internationella Engelska Skolan i Sverige AB;5564624368;722;49,9;56,0;79,9;.;.;.;128;127;126;125;128;88;
Magelungens grundskola Solna;48791751;Solna;0184;Enskild;Magelungen Utveckling AB;5564891447;31;25,8;25,8;51,6;.;.;.;.;.;.;3;11;17;
Noblaskolan Solna;27323097;Solna;0184;Enskild;Pysslingen Förskolor och Skolor AB;5560354309;420;46,4;28,8;86,2;28;28;28;55;55;58;56;56;56;
Parkskolan;26808959;Solna;0184;Kommunal;Solna kommun;2120000183;135;45,2;43,0;67,4;43;47;45;.;.;.;.;.;.;
Raoul Wallenbergskolan Bagartorp;13384795;Solna;0184;Enskild;Raoul Wallenbergskolorna AB;5566740113;421;46,1;25,7;79,6;.;.;.;.;.;116;122;123;60;
Raoul Wallenbergskolan Järvastaden;90879048;Solna;0184;Enskild;Raoul Wallenbergskolorna AB;5566740113;655;49,3;22,0;89,8;156;138;115;135;111;.;.;.;.;
Råsunda skola;40618486;Solna;0184;Kommunal;Solna kommun;2120000183;1 096;46,5;34,0;62,7;75;103;106;110;135;125;132;161;149;
Skytteholmsskolan;75017455;Solna;0184;Kommunal;Solna kommun;2120000183;123;46,3;35,0;72,4;27;51;45;.;.;.;.;.;.;
Solna Enskilda Skola;26742346;Solna;0184;Enskild;Barnens Montessoriakademi Östermalm AB;5565075586;30;40,0;40,0;73,3;11;13;6;.;.;.;.;.;.;
Spanska skolan;34105152;Solna;0184;Enskild;Rälsen Aktiebolag;5564524220;65;36,9;46,2;73,8;23;11;12;9;10;.;.;.;.;
Svedenskolan Bergshamra;89893224;Solna;0184;Enskild;Utvecklingspedagogik Sverige Aktiebolag;5564715729;50;16,0;32,0;74,0;.;.;7;5;4;6;12;8;8;
Tallbackaskolan;73581523;Solna;0184;Kommunal;Solna kommun;2120000183;465;41,7;45,6;63,4;42;55;52;43;43;46;55;52;77;
Ulriksdalsskolan;46706680;Solna;0184;Kommunal;Solna kommun;2120000183;673;43,7;40,1;72,7;53;82;81;55;53;73;84;88;104;
Vittra Frösunda;48760074;Solna;0184;Enskild;Vittraskolorna AB;5564586716;354;46,3;31,6;78,5;45;44;44;31;38;43;37;35;37;
Ängkärrskolan i Solna;98515782;Solna;0184;Enskild;Stiftelsen Nya Ängkärrsskolan;8020174069;111;53,2;15,3;68,5;.;.;.;.;7;14;30;29;31;
Ammarnäs skola;85060217;Sorsele;2422;Kommunal;Sorsele kommun;2120002585;14;64,3;..;71,4;5;.;4;1;4;.;.;.;.;
Blattnicksele skola;23923676;Sorsele;2422;Kommunal;Sorsele kommun;2120002585;39;28,2;..;53,8;5;10;8;3;6;7;.;.;.;
Vindelälvsskolan 4-9;94589976;Sorsele;2422;Kommunal;Sorsele kommun;2120002585;121;52,9;16,5;47,1;.;.;.;21;10;22;24;17;27;
Vindelälvsskolan F-3;69943442;Sorsele;2422;Kommunal;Sorsele kommun;2120002585;43;41,9;16,3;41,9;13;15;15;.;.;.;.;.;.;
Bovallstrands skola;79203245;Sotenäs;1427;Kommunal;Sotenäs kommun;2120001322;25;64,0;20,0;64,0;10;2;13;.;.;.;.;.;.;
Hunnebostrands skola;93176070;Sotenäs;1427;Kommunal;Sotenäs kommun;2120001322;153;51,0;17,6;54,2;19;28;15;30;28;33;.;.;.;
Kungshamns skola;28173971;Sotenäs;1427;Kommunal;Sotenäs kommun;2120001322;152;52,0;13,8;56,6;.;.;25;50;36;41;.;.;.;
Smögens skola;72249764;Sotenäs;1427;Kommunal;Sotenäs kommun;2120001322;35;40,0;17,1;65,7;16;9;10;.;.;.;.;.;.;
Sotenässkolan;78294346;Sotenäs;1427;Kommunal;Sotenäs kommun;2120001322;248;49,6;14,5;53,6;.;.;.;.;.;.;85;77;86;
Åsenskolan;15307329;Sotenäs;1427;Kommunal;Sotenäs kommun;2120001322;77;40,3;15,6;44,2;40;37;.;.;.;.;.;.;.;
Baldersskolan 7-9;86546038;Staffanstorp;1230;Kommunal;Staffanstorps kommun;2120001017;201;47,3;35,3;50,2;.;.;.;.;.;.;59;69;73;
Baldersskolan F-6;49039496;Staffanstorp;1230;Kommunal;Staffanstorps kommun;2120001017;193;51,3;35,8;39,9;28;38;12;33;21;60;1;.;.;
Gullåkraskolan;61151036;Staffanstorp;1230;Kommunal;Staffanstorps kommun;2120001017;425;46,4;26,1;58,8;72;76;68;74;55;80;.;.;.;
Hagalidskolan;28784410;Staffanstorp;1230;Kommunal;Staffanstorps kommun;2120001017;489;46,6;14,5;71,2;.;.;.;.;.;.;152;167;170;
Hjärups skola;27411228;Staffanstorp;1230;Kommunal;Staffanstorps kommun;2120001017;394;44,9;8,1;88,6;65;72;77;66;54;60;.;.;.;
Hjärupslundsskolan;46191968;Staffanstorp;1230;Kommunal;Staffanstorps kommun;2120001017;359;51,5;15,3;85,2;.;.;.;.;.;.;132;106;121;
Internationella Engelska Skolan Staffanstorp;68467205;Staffanstorp;1230;Enskild;Internationella Engelska Skolan i Sverige AB;5564624368;383;53,8;47,5;78,9;49;52;47;54;57;63;61;.;.;
Kyrkheddinge skola;82149276;Staffanstorp;1230;Kommunal;Staffanstorps kommun;2120001017;61;42,6;14,8;52,5;14;10;8;11;8;10;.;.;.;
Mellanvångsskolan;81566694;Staffanstorp;1230;Kommunal;Staffanstorps kommun;2120001017;298;46,3;14,8;71,8;52;51;52;44;51;48;.;.;.;
Staffanstorps Montessoriskola;49038465;Staffanstorp;1230;Enskild;Staffanstorps Montessoriförening;8450008647;80;47,5;21,3;77,5;11;11;16;15;11;16;.;.;.;
Stanstorpsskolan;63526897;Staffanstorp;1230;Kommunal;Staffanstorps kommun;2120001017;293;49,8;13,3;71,7;49;51;47;49;48;49;.;.;.;
Tottarps skola;79472428;Staffanstorp;1230;Kommunal;Staffanstorps kommun;2120001017;63;50,8;25,4;71,4;7;14;12;11;8;11;.;.;.;
Uppåkraskolan;20722895;Staffanstorp;1230;Kommunal;Staffanstorps kommun;2120001017;397;51,4;12,8;92,7;59;78;81;66;57;56;.;.;.;
Ekenässkolan;81521477;Stenungsund;1415;Kommunal;Stenungsunds kommun;2120001298;255;43,9;8,2;52,2;43;47;39;41;33;52;.;.;.;
Hallernaskolan;67573705;Stenungsund;1415;Kommunal;Stenungsunds kommun;2120001298;247;45,3;5,3;73,7;40;38;46;43;42;38;.;.;.;
Jörlandaskolan;68179041;Stenungsund;1415;Kommunal;Stenungsunds kommun;2120001298;212;46,2;6,1;67,0;36;44;29;35;33;35;.;.;.;
Kopperskolan;38508908;Stenungsund;1415;Kommunal;Stenungsunds kommun;2120001298;244;50,0;15,6;54,1;49;36;44;38;41;36;.;.;.;
Kristinedalskolan 7-9;18275028;Stenungsund;1415;Kommunal;Stenungsunds kommun;2120001298;236;47,0;43,6;48,7;.;.;.;.;.;.;62;85;89;
Kristinedalskolan F-6;92548657;Stenungsund;1415;Kommunal;Stenungsunds kommun;2120001298;203;52,7;55,7;42,9;21;34;26;40;41;41;.;.;.;
Kyrkenorumskolan;57205367;Stenungsund;1415;Kommunal;Stenungsunds kommun;2120001298;252;48,4;9,1;65,5;38;48;36;46;38;46;.;.;.;
Resursskolan Kristinedal;17669293;Stenungsund;1415;Kommunal;Stenungsunds kommun;2120001298;7;.;..;71,4;.;.;.;.;1;.;2;1;3;
Spekerödskolan;96922755;Stenungsund;1415;Kommunal;Stenungsunds kommun;2120001298;245;54,7;5,3;65,3;25;44;44;48;40;44;.;.;.;
Stenungskolan;30707344;Stenungsund;1415;Kommunal;Stenungsunds kommun;2120001298;451;47,0;10,6;64,7;.;.;.;.;.;.;148;153;150;
Stenungsunds Montessoriskola;38786895;Stenungsund;1415;Enskild;Stenungsunds Montessori Ekonomiska Förening;7696038103;188;53,2;15,4;80,3;22;21;17;23;18;23;23;23;18;
Stora Högaskolan 7-9;21617136;Stenungsund;1415;Kommunal;Stenungsunds kommun;2120001298;381;46,5;6,8;72,4;.;.;.;.;.;.;142;118;121;
Stora Högaskolan F-6;59097955;Stenungsund;1415;Kommunal;Stenungsunds kommun;2120001298;302;47,7;6,3;86,1;51;43;53;50;44;61;.;.;.;
Ucklumskolan;44666664;Stenungsund;1415;Kommunal;Stenungsunds kommun;2120001298;40;50,0;12,5;77,5;18;10;11;.;1;.;.;.;.;
Abrahamsbergsskolan;44673074;Stockholm;0180;Kommunal;Stockholms kommun;2120000142;663;44,8;24,6;77,8;49;48;47;52;49;52;137;111;118;
Adolf Fredriks musikklasser;99648792;Stockholm;0180;Kommunal;Stockholms kommun;2120000142;1 115;64,7;13,7;94,3;.;.;.;178;179;179;191;193;195;
Adolfsbergsskolan;41285467;Stockholm;0180;Kommunal;Stockholms kommun;2120000142;232;47,0;19,4;80,6;71;49;55;57;.;.;.;.;.;
Akalla grundskola F-9;37796564;Stockholm;0180;Kommunal;Stockholms kommun;2120000142;467;47,3;82,7;42,2;52;60;56;44;49;58;48;51;49;
Alla Nationers Fria Skola;82838118;Stockholm;0180;Enskild;Ideella Föreningen för Alla Nationers Fria Skola;8024093869;101;53,5;~100;37,6;11;8;10;13;18;14;11;11;5;
Almaskolan;14945659;Stockholm;0180;Enskild;Almaskolan AB;5569224610;132;33,3;19,7;66,7;.;.;.;.;.;.;39;43;50;
Alviksskolan;72627865;Stockholm;0180;Kommunal;Stockholms kommun;2120000142;820;45,9;26,6;74,3;91;77;85;93;87;89;99;96;103;
Apolloniaskolan;16061350;Stockholm;0180;Enskild;Apolloniosskolan AB;5591043798;99;55,6;94,9;35,4;15;14;8;12;10;12;7;8;13;
Askebyskolan;68812584;Stockholm;0180;Kommunal;Stockholms kommun;2120000142;260;52,7;84,6;28,5;44;42;51;48;36;39;.;.;.;
Aspdammskolan;93301103;Stockholm;0180;Enskild;Aspdammskolan AB;5565838066;35;40,0;..;71,4;.;.;.;.;.;1;13;8;13;
Aspuddens skola;72672270;Stockholm;0180;Kommunal;Stockholms kommun;2120000142;930;46,0;23,7;76,2;89;87;91;92;67;102;135;125;142;
Backluraskolan;47979659;Stockholm;0180;Kommunal;Stockholms kommun;2120000142;372;47,6;32,0;64,8;75;75;76;50;45;51;.;.;.;
Bagarmossens skola;13679897;Stockholm;0180;Kommunal;Stockholms kommun;2120000142;780;46,3;27,3;72,6;80;73;76;90;75;64;112;101;109;
Bandhagens skola;45364437;Stockholm;0180;Kommunal;Stockholms kommun;2120000142;423;48,5;43,5;60,0;85;91;75;64;62;46;.;.;.;
Beckombergaskolan;46616391;Stockholm;0180;Kommunal;Stockholms kommun;2120000142;481;47,6;25,4;78,8;84;84;83;72;76;82;.;.;.;
Björkhagens skola;43088454;Stockholm;0180;Kommunal;Stockholms kommun;2120000142;818;48,8;16,6;81,9;66;87;95;75;80;96;109;99;111;
Björnbodaskolan;22174435;Stockholm;0180;Kommunal;Stockholms kommun;2120000142;235;42,6;34,0;67,2;72;83;80;.;.;.;.;.;.;
Björngårdsskolan;55382103;Stockholm;0180;Kommunal;Stockholms kommun;2120000142;406;46,6;5,7;87,7;77;73;78;68;64;46;.;.;.;
Blackebergsskolan;56949296;Stockholm;0180;Kommunal;Stockholms kommun;2120000142;392;50,5;43,6;69,6;75;66;81;66;53;51;.;.;.;
Bobergsskolan;62533129;Stockholm;0180;Kommunal;Stockholms kommun;2120000142;642;45,0;9,7;90,2;81;98;95;80;65;84;81;58;.;
Bredängsskolan;14121892;Stockholm;0180;Kommunal;Stockholms kommun;2120000142;404;51,7;83,7;38,9;36;44;52;38;46;43;51;47;47;
Bromma Enskilda Skola ek.fören.;36232577;Stockholm;0180;Enskild;Bromma Enskilda Skola ekonomisk förening;7696001366;118;50,8;11,0;90,7;28;27;28;15;20;.;.;.;.;
Bromma kyrkskola;40383398;Stockholm;0180;Kommunal;Stockholms kommun;2120000142;56;50,0;10,7;83,9;28;28;.;.;.;.;.;.;.;
Bromstensskolan;92347699;Stockholm;0180;Kommunal;Stockholms kommun;2120000142;423;44,4;49,9;56,5;71;76;77;66;70;63;.;.;.;
Brotorpsskolan;17165481;Stockholm;0180;Kommunal;Stockholms kommun;2120000142;301;48,8;6,6;95,7;51;51;52;50;47;50;.;.;.;
Bäckahagens skola;20683111;Stockholm;0180;Kommunal;Stockholms kommun;2120000142;664;46,8;50,6;53,8;57;68;75;56;53;65;80;114;96;
Campus Manilla;29371242;Stockholm;0180;Enskild;Campus Manilla Utbildning AB;5568834765;464;49,6;6,5;92,2;48;48;48;56;56;56;56;45;51;
Carlssons skola;35547286;Stockholm;0180;Enskild;Föreningen för Carlssons Skola;8020058270;615;49,9;3,7;91,7;69;69;69;69;69;70;69;69;62;
Cordoba International School;43134105;Stockholm;0180;Enskild;ALM Education AB;5566344270;460;53,7;83,5;56,3;62;58;49;54;44;64;41;53;35;
Distra IRS;35784391;Stockholm;0180;Enskild;Distans Strateg Sweden AB;5565833562;16;..;.;56,3;.;.;.;.;.;.;4;6;6;
Djurgårdsskolan;71363923;Stockholm;0180;Enskild;Stiftelsen Djurgårdsskolan;8020175769;70;48,6;14,3;84,3;24;24;22;.;.;.;.;.;.;
Eiraskolan;25555358;Stockholm;0180;Kommunal;Stockholms kommun;2120000142;456;50,4;13,2;87,9;76;84;77;71;74;74;.;.;.;
Ekens skola;13301127;Stockholm;0180;Kommunal;Stockholms kommun;2120000142;452;44,7;7,1;86,1;.;.;.;.;.;.;150;151;151;
Ekensbergsskolan;64841247;Stockholm;0180;Kommunal;Stockholms kommun;2120000142;171;45,0;9,9;81,3;28;49;52;20;22;.;.;.;.;
Elinsborgsskolan;83810698;Stockholm;0180;Kommunal;Stockholms kommun;2120000142;281;48,8;89,0;34,2;58;50;43;43;47;40;.;.;.;
Ellen Key skolan;16394249;Stockholm;0180;Enskild;Stiftelsen Ellen Key Skolan;8152007970;187;48,7;47,6;55,1;22;22;25;16;15;26;16;21;24;
Enbacksskolan;43632318;Stockholm;0180;Kommunal;Stockholms kommun;2120000142;356;50,0;85,7;36,2;42;41;39;41;40;40;42;31;40;
Engelbrektsskolan;87521048;Stockholm;0180;Kommunal;Stockholms kommun;2120000142;961;45,2;16,9;84,2;75;79;81;83;89;90;146;144;174;
Engelska Skolan Norr;29725531;Stockholm;0180;Enskild;Engelska Skolor och Förskolor i Sverige AB;5565699302;460;46,3;51,1;80,2;56;55;56;53;47;52;45;47;49;
Engelska Skolan Novia;66455663;Stockholm;0180;Enskild;Engelska Skolor och Förskolor i Sverige AB;5565699302;372;48,7;53,2;68,8;54;77;51;44;22;37;21;38;28;
Enskede skola;72248694;Stockholm;0180;Kommunal;Stockholms kommun;2120000142;834;48,0;8,6;85,6;74;79;81;76;84;83;120;120;117;
Enskedefältets skola;74631147;Stockholm;0180;Kommunal;Stockholms kommun;2120000142;470;48,5;23,4;71,3;81;85;80;75;79;70;.;.;.;
Enskilda gymnasiet, gr;92750123;Stockholm;0180;Enskild;Enskilda Gymnasiet;8020126531;240;53,8;10,8;89,6;.;.;.;.;.;.;91;89;60;
Entréskolan Stockholm;54847211;Stockholm;0180;Enskild;AmiSgo AB;5568148117;259;75,3;15,1;73,4;.;.;.;20;27;48;57;56;51;
Eriksdalsskolan;59249600;Stockholm;0180;Kommunal;Stockholms kommun;2120000142;940;46,6;17,9;77,9;59;58;87;77;95;97;160;153;154;
Essingeskolan;56501561;Stockholm;0180;Kommunal;Stockholms kommun;2120000142;190;45,8;12,6;84,2;30;33;39;29;20;39;.;.;.;
Estniska Skolan i Stockholm;34540901;Stockholm;0180;Enskild;Estniska Skolan i Stockholm;8020058908;180;52,8;48,3;83,9;19;22;17;18;20;23;21;20;20;
Fagersjöskolan;49862579;Stockholm;0180;Kommunal;Stockholms kommun;2120000142;147;46,9;59,2;53,1;24;43;30;17;19;14;.;.;.;
Farsta grundskola;38758770;Stockholm;0180;Kommunal;Stockholms kommun;2120000142;922;59,5;34,9;66,3;56;57;53;103;100;133;142;152;126;
Farsta Strandsskolan;42179975;Stockholm;0180;Enskild;MA Vätterosen AB;5564868155;106;49,1;28,3;68,9;45;26;35;.;.;.;.;.;.;
Filosofiska;60308449;Stockholm;0180;Enskild;Filosofiska i Sverige AB (svb);5568674252;151;48,3;19,9;82,1;15;20;20;18;17;16;24;8;13;
Framstegsskolan i Stockholm;72684556;Stockholm;0180;Enskild;Stiftelsen Framstegsskolan;8020161926;65;49,2;90,8;43,1;12;8;6;8;14;8;9;.;.;
Franska Skolan/Ecole francaise;42328518;Stockholm;0180;Enskild;Stiftelsen Franska Skolan;8020061530;638;54,9;11,1;91,5;52;52;52;83;55;57;96;96;95;
Fredrikshovs slotts skola;64065082;Stockholm;0180;Enskild;Stiftelsen Carpe Diem;8020178060;265;55,5;4,9;90,9;24;24;24;28;30;33;32;39;31;
Fria Maria Barnskola;62544265;Stockholm;0180;Enskild;Friskolan Fria Maria Barnskola Ek. För.;7696057079;217;49,3;8,3;87,1;36;40;39;35;34;33;.;.;.;
Friskolan Hästens;14115670;Stockholm;0180;Enskild;Fritidshemmet Hästens AB;5565858536;103;53,4;21,4;66,0;20;27;25;14;17;.;.;.;.;
Fruängens skola;19353396;Stockholm;0180;Kommunal;Stockholms kommun;2120000142;544;50,2;27,8;58,3;50;51;76;58;52;71;73;59;54;
Fryshuset Akademiska Järva;17526606;Stockholm;0180;Enskild;Stiftelsen Fryshuset;8020111582;245;48,6;85,7;48,2;54;53;51;33;27;27;.;.;.;
Fryshuset Grundskola Västra;69004747;Stockholm;0180;Enskild;Stiftelsen Fryshuset;8020111582;76;63,2;90,8;46,1;.;.;.;.;.;.;27;26;23;
Fryshusets grundskola, Sthlm;19657993;Stockholm;0180;Enskild;Stiftelsen Fryshuset;8020111582;317;59,0;13,2;76,3;.;.;.;.;.;.;103;107;107;
Futuraskolan International School of Stockholm*;40978257;Stockholm;0180;Enskild;Futuraskolan AB;5566095047;357;49,9;90,5;61,6;47;48;47;45;25;39;29;29;48;
Futuraskolan International Stockholm;65487837;Stockholm;0180;Enskild;Futuraskolan AB;5566095047;259;51,7;42,1;84,2;26;26;27;27;27;26;26;26;48;
Förskola Skola Via Emilia;59551033;Stockholm;0180;Enskild;Förskola Skola Via Emilia Ek. För.;7696074421;27;70,4;33,3;85,2;12;8;7;.;.;.;.;.;.;
Grimstaskolan;51341279;Stockholm;0180;Kommunal;Stockholms kommun;2120000142;556;50,2;74,3;36,3;62;49;66;56;48;54;73;72;76;
Grundskolan Metapontum;90850620;Stockholm;0180;Enskild;Metapontum AB;5566641691;474;48,9;35,7;82,1;58;52;64;51;52;51;51;52;43;
Gröndalsskolan;44185751;Stockholm;0180;Kommunal;Stockholms kommun;2120000142;269;47,2;4,5;92,9;54;55;52;57;51;.;.;.;.;
Gubbängsskolan;93412255;Stockholm;0180;Kommunal;Stockholms kommun;2120000142;663;45,7;14,6;74,2;75;74;77;57;59;58;86;86;91;
Gullingeskolan;74723082;Stockholm;0180;Kommunal;Stockholms kommun;2120000142;237;52,7;92,0;26,6;44;49;41;42;33;28;.;.;.;
Gustav Vasa skola;71754599;Stockholm;0180;Kommunal;Stockholms kommun;2120000142;332;53,6;9,0;88,9;56;56;83;56;81;.;.;.;.;
Gärdesskolan;41176931;Stockholm;0180;Kommunal;Stockholms kommun;2120000142;568;42,3;18,5;79,8;19;22;23;42;36;58;93;109;166;
Hagsätraskolan;82110758;Stockholm;0180;Kommunal;Stockholms kommun;2120000142;565;45,8;71,3;42,3;62;67;72;55;56;43;67;74;69;
Hammarbyskolan Norra;66283082;Stockholm;0180;Kommunal;Stockholms kommun;2120000142;307;45,6;10,4;86,0;53;55;59;50;42;48;.;.;.;
Hammarbyskolan Södra;68602166;Stockholm;0180;Kommunal;Stockholms kommun;2120000142;795;49,7;26,8;70,8;70;75;80;91;88;102;105;104;80;
Hedvig Eleonora skola;90561266;Stockholm;0180;Kommunal;Stockholms kommun;2120000142;290;47,2;14,1;83,1;50;54;37;54;47;48;.;.;.;
Herrängens skola;20561651;Stockholm;0180;Kommunal;Stockholms kommun;2120000142;549;43,7;4,2;89,6;88;86;89;88;97;101;.;.;.;
Hillelskolan;68939834;Stockholm;0180;Enskild;Föreningen Hillel;8020058411;236;47,9;19,9;94,5;41;43;39;41;39;33;.;.;.;
Hjorthagens skola;92416778;Stockholm;0180;Kommunal;Stockholms kommun;2120000142;26;46,2;..;84,6;26;.;.;.;.;.;.;.;.;
Hjulsta grundskola F-9;69266159;Stockholm;0180;Kommunal;Stockholms kommun;2120000142;365;51,0;89,9;36,4;39;40;41;25;29;33;45;61;52;
Husbygårdsskolan F-9;42149666;Stockholm;0180;Kommunal;Stockholms kommun;2120000142;429;46,9;88,1;31,9;48;49;52;42;42;51;43;50;52;
Hägerstenshamnens skola;98070480;Stockholm;0180;Kommunal;Stockholms kommun;2120000142;482;41,3;9,1;86,9;83;80;80;77;78;84;.;.;.;
Hägerstensåsens skola;70329261;Stockholm;0180;Kommunal;Stockholms kommun;2120000142;445;47,4;15,3;78,7;84;69;83;73;67;69;.;.;.;
Hässelby Villastads skola;86597125;Stockholm;0180;Kommunal;Stockholms kommun;2120000142;890;45,1;18,8;76,1;84;84;84;88;89;90;119;129;123;
Hässelbygårdsskolan;87838841;Stockholm;0180;Kommunal;Stockholms kommun;2120000142;401;49,9;84,8;40,9;36;42;44;33;27;41;69;54;55;
Högalidsskolan;24716970;Stockholm;0180;Kommunal;Stockholms kommun;2120000142;828;48,3;13,2;84,7;85;74;81;91;80;117;97;95;108;
Höglandsskolan;36281817;Stockholm;0180;Kommunal;Stockholms kommun;2120000142;436;51,4;9,2;94,3;28;28;28;60;60;55;60;59;58;
Hökarängsskolan;57184925;Stockholm;0180;Kommunal;Stockholms kommun;2120000142;526;49,6;38,0;57,8;32;46;34;30;31;42;91;95;125;
I Ur och Skur Mullekojan;61980418;Stockholm;0180;Enskild;Personalkooperativet i Ur och Skur Mullekojans E;7696002984;39;48,7;15,4;94,9;14;10;15;.;.;.;.;.;.;
Innovitaskolan Banérporten;81396509;Stockholm;0180;Enskild;Banérportsskolan AB;5566064001;318;46,9;4,4;91,5;53;53;54;56;54;48;.;.;.;
Innovitaskolan Enskede;29585072;Stockholm;0180;Enskild;Swedish Education Group AB;5565042255;114;47,4;18,4;81,6;27;28;23;17;16;3;.;.;.;
Innovitaskolan Farstaäng;24046791;Stockholm;0180;Enskild;Pysslingen Förskolor och Skolor AB;5560354309;185;50,3;28,1;62,2;50;48;44;21;22;.;.;.;.;
Innovitaskolan Joriel;46646143;Stockholm;0180;Enskild;Pysslingen Förskolor och Skolor AB;5560354309;3;..;..;..;.;.;2;.;.;.;1;.;.;
Innovitaskolan Södermalm;51772207;Stockholm;0180;Enskild;Pysslingen Förskolor och Skolor AB;5560354309;100;46,0;19,0;70,0;11;9;15;14;24;27;.;.;.;
Innovitaskolan Södermalms Högstadium;26568390;Stockholm;0180;Enskild;Primaskolan i Sverige AB;5565570958;78;55,1;33,3;60,3;.;.;.;.;.;.;22;36;20;
Innovitaskolan Vällingby Park;10230535;Stockholm;0180;Enskild;Pysslingen Förskolor och Skolor AB;5560354309;140;54,3;60,0;51,4;25;23;36;22;21;13;.;.;.;
International School of the Stockholm Region;26172429;Stockholm;0180;Kommunal;Stockholms kommun;2120000142;376;54,3;92,6;56,1;24;23;34;47;44;46;52;53;53;
Internationella Engelska Skolan Bromma;90732940;Stockholm;0180;Enskild;Internationella Engelska Skolan i Sverige AB;5564624368;938;52,1;23,1;85,9;.;.;.;149;150;150;185;155;149;
Internationella Engelska Skolan Enskede;38935587;Stockholm;0180;Enskild;Internationella Engelska Skolan i Sverige AB;5564624368;904;48,9;39,3;77,5;.;.;.;143;150;156;158;156;141;
Internationella Engelska skolan Hässelby;74482611;Stockholm;0180;Enskild;Internationella Engelska Skolan i Sverige AB;5564624368;567;49,7;45,1;76,0;.;.;.;93;96;95;96;94;93;
Internationella Engelska Skolan Kista;82982309;Stockholm;0180;Enskild;Internationella Engelska Skolan i Sverige AB;5564624368;760;52,5;87,0;57,8;.;.;.;102;110;139;137;138;134;
Internationella Engelska Skolan Liljeholmen;72624886;Stockholm;0180;Enskild;Internationella Engelska Skolan i Sverige AB;5564624368;923;55,0;62,4;78,1;.;.;.;146;160;159;157;155;146;
Internationella Engelska Skolan Skärholmen;72066571;Stockholm;0180;Enskild;Internationella Engelska Skolan i Sverige AB;5564624368;591;51,3;88,5;50,3;.;.;.;70;110;111;114;94;92;
Internationella Engelska Skolan Årsta;35129114;Stockholm;0180;Enskild;Internationella Engelska Skolan i Sverige AB;5564624368;740;50,8;46,4;77,3;.;.;.;122;123;124;129;118;124;
Internationella Engelska Skolan Älvsjö;83584296;Stockholm;0180;Enskild;Internationella Engelska Skolan i Sverige AB;5564624368;754;51,3;48,3;77,1;.;.;.;126;127;128;126;124;123;
JENSEN grundskola Långholmen;57317316;Stockholm;0180;Enskild;Jensen Education College AB;5566358759;153;46,4;17,6;76,5;.;.;.;.;.;20;62;40;31;
Johan Skytteskolan;97683561;Stockholm;0180;Kommunal;Stockholms kommun;2120000142;1 059;48,2;8,4;85,1;91;84;89;84;84;79;185;180;183;
Johannes skola;22777703;Stockholm;0180;Kommunal;Stockholms kommun;2120000142;458;56,3;21,6;82,5;83;84;78;77;70;66;.;.;.;
Järvaskolan;13582062;Stockholm;0180;Enskild;Järvaskolan AB;5569572315;237;55,3;82,3;27,8;.;.;.;.;.;.;108;53;76;
Karlbergs skola;19377571;Stockholm;0180;Kommunal;Stockholms kommun;2120000142;131;42,7;10,7;90,1;46;41;44;.;.;.;.;.;.;
Katarina Norra skola;23617768;Stockholm;0180;Kommunal;Stockholms kommun;2120000142;605;48,9;10,2;82,0;61;59;68;62;62;72;76;69;76;
Katarina Södra skola;12187987;Stockholm;0180;Kommunal;Stockholms kommun;2120000142;460;47,2;8,3;82,4;76;80;82;76;76;70;.;.;.;
Kista grundskola;22513261;Stockholm;0180;Kommunal;Stockholms kommun;2120000142;657;53,0;74,4;46,1;75;92;65;45;52;49;90;98;91;
Kista International School;37556682;Stockholm;0180;Enskild;Al-Kowneyn Utbildning Centrum;8024097555;550;49,6;93,1;19,5;80;84;70;68;52;48;47;62;39;
Klastorpsskolan;47273038;Stockholm;0180;Kommunal;Stockholms kommun;2120000142;176;47,2;21,0;82,4;49;62;65;.;.;.;.;.;.;
Knutbyskolan;24754913;Stockholm;0180;Kommunal;Stockholms kommun;2120000142;301;50,5;86,7;23,6;48;65;51;40;44;53;.;.;.;
Konradsbergsskolan;57329777;Stockholm;0180;Kommunal;Stockholms kommun;2120000142;468;41,2;23,9;71,6;1;1;2;69;48;65;103;90;89;
Kristinebergsskolan;80612612;Stockholm;0180;Kommunal;Stockholms kommun;2120000142;575;47,1;13,7;87,1;84;158;86;73;81;93;.;.;.;
Kristna skolan;14472068;Stockholm;0180;Enskild;We Are One Church;8020033687;253;51,8;56,9;65,2;26;26;38;22;28;30;29;24;30;
Kristofferskolan, gr;98760751;Stockholm;0180;Enskild;Stiftelsen Kristofferskolan;8020018720;590;49,8;10,3;88,0;49;53;45;48;52;80;81;104;78;
Kulturama gr. Hammarby Sjöstad;23066257;Stockholm;0180;Enskild;Medborgarskolan Stockholmsregionen;8020060524;505;84,2;6,7;83,2;.;.;.;.;1;151;119;115;119;
Kulturskolan Raketen;24172067;Stockholm;0180;Enskild;Kulturskolan Raketen AB;5565484796;219;46,6;..;95,9;24;24;24;24;24;24;25;25;25;
Kungliga Svenska Balettskolan;63321041;Stockholm;0180;Kommunal;Stockholms kommun;2120000142;94;76,6;31,9;85,1;.;.;.;20;26;18;17;9;4;
Kungsholmens friskola;42202683;Stockholm;0180;Enskild;Kungsholmens Friskola Ekonomisk Förening;7164221421;117;53,0;8,5;96,6;21;24;20;20;13;19;.;.;.;
Kungsholmens grundskola;29410344;Stockholm;0180;Kommunal;Stockholms kommun;2120000142;974;48,3;17,0;84,3;126;104;140;106;140;123;82;82;71;
Kunskapsskolan Enskede;16426165;Stockholm;0180;Enskild;Kunskapsskolan i Sverige Aktiebolag;5565661815;531;51,2;11,3;85,5;.;.;.;.;.;138;128;135;130;
Kunskapsskolan Fruängen;63954028;Stockholm;0180;Enskild;Kunskapsskolan i Sverige Aktiebolag;5565661815;403;55,1;27,5;75,4;.;.;.;.;.;54;102;125;122;
Kunskapsskolan Spånga;46796995;Stockholm;0180;Enskild;Kunskapsskolan i Sverige Aktiebolag;5565661815;615;52,0;25,0;78,4;.;.;.;61;71;97;135;130;121;
Kunskapsskolan Tyresö;81266343;Stockholm;0180;Enskild;Kunskapsskolan i Sverige Aktiebolag;5565661815;559;53,3;5,5;75,7;.;.;.;.;.;145;137;136;141;
Kunskapsskolans Resursskola;24671487;Stockholm;0180;Enskild;Kunskapsskolan i Sverige Aktiebolag;5565661815;33;45,5;18,2;75,8;.;.;.;.;.;.;11;11;11;
Kvarnbackaskolan;74396596;Stockholm;0180;Kommunal;Stockholms kommun;2120000142;275;51,6;84,7;48,7;47;48;44;43;52;41;.;.;.;
Kvarnbyskolan;72345466;Stockholm;0180;Kommunal;Stockholms kommun;2120000142;259;44,0;89,6;32,0;47;54;35;36;41;46;.;.;.;
Kvickenstorpsskolan;88195519;Stockholm;0180;Kommunal;Stockholms kommun;2120000142;243;45,3;34,2;64,6;53;48;28;25;23;.;66;.;.;
Kämpetorpsskolan;70398560;Stockholm;0180;Kommunal;Stockholms kommun;2120000142;805;49,3;24,5;72,7;76;83;88;57;74;73;147;119;88;
Lilla Adolf Fredriks skola;72009890;Stockholm;0180;Kommunal;Stockholms kommun;2120000142;310;49,4;16,1;84,5;54;56;56;42;50;52;.;.;.;
Lilla Kulturama;10311303;Stockholm;0180;Enskild;Medborgarskolan Stockholmsregionen;8020060524;191;79,1;8,4;88,0;.;.;.;97;94;.;.;.;.;
Lilla Martinskolan;13954336;Stockholm;0180;Enskild;Stiftelsen Martinskolan Söders Waldorfskola;8020072644;24;20,8;25,0;79,2;.;1;1;1;4;5;1;7;4;
Lillholmsskolan;46581319;Stockholm;0180;Kommunal;Stockholms kommun;2120000142;619;50,6;84,3;40,4;82;64;61;72;62;63;72;75;68;
Lindeskolan;76557608;Stockholm;0180;Kommunal;Stockholms kommun;2120000142;93;47,3;26,9;79,6;36;57;.;.;.;.;.;.;.;
Loviselundsskolan;70089804;Stockholm;0180;Kommunal;Stockholms kommun;2120000142;344;45,1;76,2;40,4;62;74;63;47;49;49;.;.;.;
Lugnets skola;49741755;Stockholm;0180;Kommunal;Stockholms kommun;2120000142;676;47,0;11,7;83,1;100;116;117;108;120;115;.;.;.;
Lunaskolan Bromma;72509254;Stockholm;0180;Enskild;Utvecklingspedagogik Sverige Aktiebolag;5564715729;98;20,4;19,4;74,5;.;.;.;9;7;18;21;18;25;
Lunaskolan Södra;67731691;Stockholm;0180;Enskild;Utvecklingspedagogik Sverige Aktiebolag;5564715729;93;11,8;14,0;79,6;.;.;.;14;.;23;23;14;19;
Lundaskolan;28184857;Stockholm;0180;Enskild;Söder Triaden Skolor Aktiebolag;5564840238;61;37,7;9,8;96,7;18;22;21;.;.;.;.;.;.;
lundaskolan;29096335;Stockholm;0180;Enskild;Axedinskolan Aktiebolag;5564666609;72;59,7;9,7;93,1;25;23;24;.;.;.;.;.;.;
Lycée Francais Saint Louis, gr*;40610606;Stockholm;0180;Enskild;Lycée Francais Saint-Louis;9020041852;547;48,6;60,3;83,0;56;127;125;.;1;63;61;55;59;
Långbrodalsskolan;41764666;Stockholm;0180;Kommunal;Stockholms kommun;2120000142;522;44,8;4,8;92,3;90;91;90;84;81;86;.;.;.;
Magelungens Grundskola Långbropark;85200474;Stockholm;0180;Enskild;Magelungen Utveckling AB;5564891447;8;..;..;..;.;.;2;2;2;2;.;.;.;
Magelungens grundskola Södermalm;57034070;Stockholm;0180;Enskild;Magelungen Utveckling AB;5564891447;42;54,8;19,0;73,8;.;.;.;.;.;.;8;18;16;
Magelungens grundskola Älvsjö;38096510;Stockholm;0180;Enskild;Magelungen Utveckling AB;5564891447;26;42,3;..;50,0;.;.;.;.;.;.;6;8;12;
Magelungsskolan;31903219;Stockholm;0180;Kommunal;Stockholms kommun;2120000142;290;50,7;37,6;59,3;51;55;55;46;43;40;.;.;.;
Magitaskolan;10682125;Stockholm;0180;Enskild;Magitaskolan AB;5567342919;39;20,5;33,3;82,1;6;6;8;9;9;1;.;.;.;
Maltesholmsskolan;86337537;Stockholm;0180;Kommunal;Stockholms kommun;2120000142;364;46,2;53,6;57,1;74;76;76;39;46;53;.;.;.;
Maria Elementarskola;73893187;Stockholm;0180;Enskild;Märta Fransons Stiftelse;8020060458;311;53,7;26,7;84,6;35;26;41;24;39;28;44;48;26;
Mariaskolan;69895255;Stockholm;0180;Kommunal;Stockholms kommun;2120000142;761;45,3;11,2;85,5;80;84;76;75;83;100;88;84;91;
Mariehällsskolan;74920766;Stockholm;0180;Kommunal;Stockholms kommun;2120000142;509;53,6;16,3;70,9;81;82;82;73;91;100;.;.;.;
Martinskolan Söders waldorfskola;82854505;Stockholm;0180;Enskild;Stiftelsen Martinskolan Söders Waldorfskola;8020072644;296;51,7;11,5;84,5;40;39;42;17;44;33;16;35;30;
Matteusskolan;16348406;Stockholm;0180;Kommunal;Stockholms kommun;2120000142;629;44,5;18,0;80,8;70;68;78;73;70;75;54;65;76;
Midsommarkransens grundskola;54730646;Stockholm;0180;Kommunal;Stockholms kommun;2120000142;384;43,5;7,8;87,5;85;93;70;67;69;.;.;.;.;
Montessori Mondial Kista;82408375;Stockholm;0180;Enskild;Pysslingen Förskolor och Skolor AB;5560354309;93;38,7;59,1;75,3;23;20;21;14;4;11;.;.;.;
Montessori Mondial Kungsholmen;45553352;Stockholm;0180;Enskild;International Montessori School Sweden AB;5567640205;541;47,9;20,9;90,8;60;60;60;60;60;61;61;59;60;
Montessori Mondial Mälarhöjden;92689250;Stockholm;0180;Enskild;Pysslingen Förskolor och Skolor AB;5560354309;142;48,6;13,4;93,0;34;33;32;23;20;.;.;.;.;
Musikskolan Lilla Akademien;36066067;Stockholm;0180;Enskild;Musikskolan Lilla Akademien AB;5565510756;252;51,6;46,4;92,5;24;27;28;26;29;27;29;31;31;
Mälarhöjdens skola;46165232;Stockholm;0180;Kommunal;Stockholms kommun;2120000142;1 129;45,6;7,8;90,3;110;112;110;135;130;134;137;131;130;
Nockebyhovsskolan;52479822;Stockholm;0180;Kommunal;Stockholms kommun;2120000142;71;60,6;7,0;87,3;26;22;23;.;.;.;.;.;.;
Nordic International School, Stockholm;15171331;Stockholm;0180;Enskild;Nordic International School AB;5566102033;143;59,4;44,8;67,8;.;.;.;21;27;31;64;.;.;
Norra Ängby skola;77314942;Stockholm;0180;Kommunal;Stockholms kommun;2120000142;622;49,7;7,9;91,3;108;110;113;101;102;88;.;.;.;
Norrbyskolan;92127007;Stockholm;0180;Enskild;Stockholm Lära Aktiebolag;5567240659;163;54,0;92,6;40,5;22;22;12;16;16;16;20;20;19;
Nya Elementar;83828066;Stockholm;0180;Kommunal;Stockholms kommun;2120000142;995;46,4;13,6;86,4;57;56;84;83;85;112;169;174;175;
Nybohovsskolan;36520624;Stockholm;0180;Kommunal;Stockholms kommun;2120000142;173;49,7;32,9;70,5;26;46;42;22;22;15;.;.;.;
Nälstaskolan;43166282;Stockholm;0180;Kommunal;Stockholms kommun;2120000142;582;49,7;19,6;82,8;101;105;106;84;93;93;.;.;.;
Observatorielundens skola;29158808;Stockholm;0180;Kommunal;Stockholms kommun;2120000142;497;51,5;18,7;81,3;55;29;29;79;55;54;56;84;56;
Olaus Petriskolan;15968847;Stockholm;0180;Kommunal;Stockholms kommun;2120000142;107;53,3;16,8;86,9;28;39;40;.;.;.;.;.;.;
Olovslundsskolan;66851849;Stockholm;0180;Kommunal;Stockholms kommun;2120000142;387;50,4;11,4;87,6;74;79;74;56;48;56;.;.;.;
Olympen Telefonplan;33483759;Stockholm;0180;Enskild;Förskolan Olympen Aktiebolag;5564187309;99;47,5;77,8;63,6;32;23;35;1;6;2;.;.;.;
Ormkärrsskolan;97966458;Stockholm;0180;Kommunal;Stockholms kommun;2120000142;124;40,3;47,6;66,9;26;23;26;24;12;13;.;.;.;
Oxhagsskolan;27357778;Stockholm;0180;Kommunal;Stockholms kommun;2120000142;278;52,9;83,5;44,2;53;52;41;43;51;38;.;.;.;
Pilgrimsskolan;75255864;Stockholm;0180;Enskild;Pilgrimsskolan AB;5565233797;67;53,7;..;97,0;23;23;21;.;.;.;.;.;.;
Pops Academy Östermalm;11018018;Stockholm;0180;Enskild;Pops Academy AB;5569583197;306;66,7;13,7;80,4;.;.;.;38;48;58;49;57;56;
Profilskolan;10360193;Stockholm;0180;Enskild;Profilskolan AB;5569247264;83;32,5;6,0;67,5;.;.;.;.;.;7;24;27;25;
Raoul Wallenbergskolan Bromma;50848996;Stockholm;0180;Enskild;Raoul Wallenbergskolorna AB;5566740113;259;52,5;52,1;62,9;18;10;13;6;11;15;47;93;46;
Rinkebyskolan;37416253;Stockholm;0180;Kommunal;Stockholms kommun;2120000142;151;53,6;84,8;17,2;.;.;.;.;.;.;40;57;54;
Rosholmen Education Academy AB;77656740;Stockholm;0180;Enskild;Rosholmen Education Academy AB;5565536678;156;56,4;94,9;48,1;17;16;24;18;15;14;20;13;19;
Roslagstullsskolan;35779467;Stockholm;0180;Kommunal;Stockholms kommun;2120000142;111;51,4;12,6;89,2;27;63;21;.;.;.;.;.;.;
Rågsveds grundskola;60382920;Stockholm;0180;Kommunal;Stockholms kommun;2120000142;198;50,5;86,9;27,3;39;38;40;25;34;22;.;.;.;
Rålambshovsskolan;61686233;Stockholm;0180;Kommunal;Stockholms kommun;2120000142;545;44,8;22,6;74,7;.;.;.;.;.;.;185;187;173;
Rödabergsskolan;97686250;Stockholm;0180;Kommunal;Stockholms kommun;2120000142;648;48,0;34,3;83,8;79;56;37;79;67;64;105;72;89;
Sandåkraskolan;19942197;Stockholm;0180;Kommunal;Stockholms kommun;2120000142;454;46,7;15,0;82,6;80;86;81;73;77;57;.;.;.;
Sjöstadsskolan;15331669;Stockholm;0180;Kommunal;Stockholms kommun;2120000142;872;46,3;14,0;81,1;80;124;89;93;99;126;106;76;79;
Sjöviksskolan;70592143;Stockholm;0180;Kommunal;Stockholms kommun;2120000142;739;47,9;13,8;85,3;78;83;82;72;85;82;84;85;88;
Sjöängsskolan;13124830;Stockholm;0180;Kommunal;Stockholms kommun;2120000142;726;47,0;36,5;68,2;77;82;81;79;72;65;95;88;87;
Skanskvarnsskolan;76952966;Stockholm;0180;Kommunal;Stockholms kommun;2120000142;399;48,6;16,5;79,7;76;75;67;62;53;66;.;.;.;
Skarpatorpsskolan;82075850;Stockholm;0180;Kommunal;Stockholms kommun;2120000142;459;49,0;46,4;65,8;68;70;51;56;51;36;51;45;31;
Skarpnäcks skola;53075005;Stockholm;0180;Kommunal;Stockholms kommun;2120000142;807;45,5;6,7;87,0;102;103;107;90;72;75;78;77;103;
Skolgrunden;23414344;Stockholm;0180;Enskild;Skolgrunden Aktiebolag;5565588166;63;47,6;..;74,6;.;.;.;.;.;6;17;17;23;
Sköndalsskolan;99022046;Stockholm;0180;Kommunal;Stockholms kommun;2120000142;402;47,3;15,2;76,4;83;83;78;62;52;44;.;.;.;
Skönstaholmsskolan;87920455;Stockholm;0180;Kommunal;Stockholms kommun;2120000142;273;52,0;20,5;70,7;52;53;43;45;42;38;.;.;.;
Slättgårdsskolan;59468219;Stockholm;0180;Kommunal;Stockholms kommun;2120000142;424;48,1;60,4;55,9;66;58;48;56;32;41;42;44;37;
Smedshagsskolan;50060022;Stockholm;0180;Kommunal;Stockholms kommun;2120000142;335;41,5;77,0;44,5;30;39;35;36;32;39;45;41;38;
Smedslättsskolan;33922950;Stockholm;0180;Kommunal;Stockholms kommun;2120000142;275;50,9;9,8;96,4;56;56;59;53;51;.;.;.;.;
Snitz Grundskola Odenplan;57510246;Stockholm;0180;Enskild;Swedish Education Group AB;5565042255;92;42,4;12,0;68,5;.;.;.;.;.;.;25;30;37;
Snösätraskolan;29705473;Stockholm;0180;Kommunal;Stockholms kommun;2120000142;236;52,5;83,1;38,1;39;46;54;41;31;25;.;.;.;
Sofia skola;45436515;Stockholm;0180;Kommunal;Stockholms kommun;2120000142;800;44,1;9,3;85,5;74;81;85;74;78;69;114;117;108;
Sofiaängens skola;86086213;Stockholm;0180;Enskild;Sofiaängen AB;5565980942;28;53,6;..;78,6;.;.;.;.;.;.;.;14;14;
Solbergaskolan;34671128;Stockholm;0180;Kommunal;Stockholms kommun;2120000142;243;52,7;37,4;51,4;45;39;47;32;39;41;.;.;.;
Solhemsskolan;26852132;Stockholm;0180;Kommunal;Stockholms kommun;2120000142;407;49,6;14,0;83,3;56;57;55;28;105;106;.;.;.;
Solhemsängens skola;48363218;Stockholm;0180;Kommunal;Stockholms kommun;2120000142;216;47,7;20,8;81,5;54;57;56;49;.;.;.;.;.;
Spånga grundskola;17640364;Stockholm;0180;Kommunal;Stockholms kommun;2120000142;496;44,8;20,4;76,4;.;.;.;.;.;.;155;182;159;
S:t Eriks Katolska Skola;94943347;Stockholm;0180;Enskild;Stiftelsen S:T Eriks Katolska Skola;8572015595;199;45,2;76,9;69,8;18;21;20;24;24;24;23;26;19;
Stift. Sthlm Intern. School gr*;85670099;Stockholm;0180;Enskild;Stiftelsen Stockholm International School;8024264775;559;44,5;81,8;48,8;41;46;60;59;56;65;88;63;81;
Stockholm International Academy Hägersten;11442396;Stockholm;0180;Enskild;Mubarak Utbildning AB;5568571748;175;56,6;90,9;41,1;24;16;23;15;23;19;15;19;21;
Stockholms Montessoriskola Anne Frank;23498302;Stockholm;0180;Enskild;Montessori Förskolor och Skolor i Sverige AB;5591658975;93;50,5;..;91,4;23;24;11;15;10;10;.;.;.;
Storkyrkoskolan;41405700;Stockholm;0180;Kommunal;Stockholms kommun;2120000142;133;45,1;21,1;79,7;21;18;18;32;21;23;.;.;.;
Studemaskolan;91352227;Stockholm;0180;Enskild;Föreningen Aktiva Studier /Fas/;8020096403;170;54,7;61,8;49,4;20;21;20;19;20;17;17;17;19;
Sturebyskolan;91816093;Stockholm;0180;Kommunal;Stockholms kommun;2120000142;1 048;49,3;10,8;84,4;112;112;112;116;119;119;116;119;123;
Sundbyskolan;44046131;Stockholm;0180;Kommunal;Stockholms kommun;2120000142;719;42,7;25,7;69,1;73;71;81;65;44;77;116;83;109;
Sverigefinska skolan i Kista;39923451;Stockholm;0180;Enskild;Stiftelsen Sverigefinska Skolan i Järva;8024007380;22;50,0;31,8;63,6;7;6;3;1;5;.;.;.;.;
Sverigefinska skolan Sthlm;78508835;Stockholm;0180;Enskild;Sverigefinska skolan i Stockholm AB;5564823937;402;52,7;34,6;79,4;43;50;46;45;49;46;47;40;36;
Sätraskolan;21724208;Stockholm;0180;Kommunal;Stockholms kommun;2120000142;640;49,5;66,1;50,9;79;85;89;70;81;72;68;51;45;
Söderholmsskolan;18064456;Stockholm;0180;Kommunal;Stockholms kommun;2120000142;304;45,7;67,4;48,7;68;56;50;48;43;39;.;.;.;
Södermalmsskolan;75614609;Stockholm;0180;Kommunal;Stockholms kommun;2120000142;727;46,9;6,5;89,4;71;79;76;79;77;84;85;84;92;
Södra Ängby skola;88795871;Stockholm;0180;Kommunal;Stockholms kommun;2120000142;741;49,1;25,2;81,8;72;72;71;55;56;55;120;120;120;
Sörgårdsskolan;63329692;Stockholm;0180;Kommunal;Stockholms kommun;2120000142;200;50,5;26,5;75,5;28;27;54;47;19;25;.;.;.;
Tallkrogens skola;14479858;Stockholm;0180;Kommunal;Stockholms kommun;2120000142;392;45,4;15,1;82,4;78;82;73;57;65;37;.;.;.;
Tasava skola;82448624;Stockholm;0180;Enskild;Nytida Tasava AB;5565586871;6;83,3;.;..;.;.;.;.;.;.;.;3;3;
Tellusborgsskolan;58294404;Stockholm;0180;Kommunal;Stockholms kommun;2120000142;717;49,7;13,7;80,2;.;.;.;.;.;88;209;212;208;
The Tanto International School*;64732323;Stockholm;0180;Enskild;The Tanto School AB;5566018205;98;42,9;81,6;87,8;21;22;22;17;10;6;.;.;.;
Thea Privata Grundskola Bromma;87999453;Stockholm;0180;Enskild;Theducation AB;5565697082;128;46,9;22,7;71,9;.;.;.;.;.;.;40;49;39;
Tornadoskolan AB;29796042;Stockholm;0180;Enskild;Tornadoskolan AB;5567620223;179;47,5;41,9;49,7;20;22;20;13;19;17;24;23;21;
Trollbodaskolan;89605548;Stockholm;0180;Kommunal;Stockholms kommun;2120000142;597;50,1;42,2;61,5;53;70;51;54;55;57;87;84;86;
Tullgårdsskolan;94677983;Stockholm;0180;Kommunal;Stockholms kommun;2120000142;323;53,6;8,4;87,6;56;46;55;55;61;50;.;.;.;
Tyska skolan*;53175499;Stockholm;0180;Enskild;Tyska Skolföreningen;8020056530;433;51,7;52,2;86,6;48;47;49;49;50;47;50;46;47;
Ulvsundaskolan;68893390;Stockholm;0180;Kommunal;Stockholms kommun;2120000142;60;38,3;36,7;75,0;23;18;19;.;.;.;.;.;.;
Vanadisskolan;29270748;Stockholm;0180;Enskild;Individ och familjeinsatser (IOFI) AB;5569990160;58;37,9;13,8;72,4;.;.;.;6;2;7;7;16;20;
Vasa International School of Stockholm;52965560;Stockholm;0180;Enskild;AB Parts & Paomees;5567025696;211;49,8;38,4;89,1;22;26;22;21;25;24;24;23;24;
Vasa International School of Stockholm/International section*;33733966;Stockholm;0180;Enskild;AB Parts & Paomees;5567025696;210;50,5;84,3;69,0;24;24;24;23;24;24;19;24;24;
Vasa Real;52863414;Stockholm;0180;Kommunal;Stockholms kommun;2120000142;791;56,5;12,8;80,8;.;.;.;.;.;138;210;235;208;
Vasastans Montessoriskola;75656508;Stockholm;0180;Enskild;Vasastans Montessoriförskola;8020120971;124;51,6;25,8;86,3;13;13;13;10;9;16;17;17;16;
Viktor Rydbergs skola Vasastan;86758230;Stockholm;0180;Enskild;Stiftelsen Viktor Rydbergs Skolor;8120005650;408;49,8;6,6;91,7;.;.;.;.;.;.;144;144;120;
Vinsta grundskola västra;97400863;Stockholm;0180;Kommunal;Stockholms kommun;2120000142;672;46,3;33,2;66,2;.;.;.;57;81;148;120;119;147;
Vinsta grundskola östra;42912378;Stockholm;0180;Kommunal;Stockholms kommun;2120000142;327;46,8;29,1;74,0;74;77;76;41;59;.;.;.;.;
Vintertullsskolan i Stockholm;28138418;Stockholm;0180;Enskild;Vintertullsskolan i Stockholm Aktiebolag;5565541215;43;39,5;16,3;58,1;.;.;.;.;.;.;10;18;15;
Vittra Luma Park;71669600;Stockholm;0180;Enskild;Vittraskolorna AB;5564586716;63;58,7;52,4;73,0;23;21;19;.;.;.;.;.;.;
Vittra Södermalm;59900714;Stockholm;0180;Enskild;Vittraskolorna AB;5564586716;287;53,3;35,9;67,6;.;.;.;5;23;28;77;77;77;
Vittra Telefonplan;67662754;Stockholm;0180;Enskild;Vittraskolorna AB;5564586716;206;41,7;42,2;67,5;19;14;23;16;25;25;27;30;27;
Vällingbyskolan;36031993;Stockholm;0180;Kommunal;Stockholms kommun;2120000142;761;48,2;44,0;56,4;79;79;78;71;80;81;115;89;89;
Västbergaskolan;64736967;Stockholm;0180;Enskild;Västbergaskolan AB;5565977609;673;49,2;10,0;86,9;74;75;75;75;74;75;75;74;76;
Västerholms friskola;35890890;Stockholm;0180;Enskild;Västerholms Friskola AB;5565672812;729;50,5;83,1;39,4;70;83;81;77;83;83;83;91;78;
Västertorpsskolan;92007673;Stockholm;0180;Kommunal;Stockholms kommun;2120000142;449;49,4;31,8;64,8;89;93;80;73;59;55;.;.;.;
Ålstensskolan;87719096;Stockholm;0180;Kommunal;Stockholms kommun;2120000142;366;49,5;8,5;92,9;56;71;86;70;83;.;.;.;.;
Årstadalsskolan;27273328;Stockholm;0180;Kommunal;Stockholms kommun;2120000142;294;47,3;9,5;90,8;54;48;48;60;39;45;.;.;.;
Årstaskolan;48328583;Stockholm;0180;Kommunal;Stockholms kommun;2120000142;925;45,5;17,1;80,4;81;81;132;111;101;73;119;121;106;
Åsö grundskola;94864296;Stockholm;0180;Kommunal;Stockholms kommun;2120000142;444;54,1;24,8;69,1;.;.;.;.;.;.;112;160;172;
Äppelviksskolan;15594566;Stockholm;0180;Kommunal;Stockholms kommun;2120000142;664;49,2;7,8;93,1;.;.;.;.;.;167;166;165;166;
Örbyskolan;39171821;Stockholm;0180;Kommunal;Stockholms kommun;2120000142;564;45,9;28,0;71,5;81;80;83;61;56;39;52;54;58;
Östbergaskolan;22030561;Stockholm;0180;Kommunal;Stockholms kommun;2120000142;192;46,9;81,3;46,9;38;41;46;21;18;28;.;.;.;
Östermalmsskolan;96984023;Stockholm;0180;Kommunal;Stockholms kommun;2120000142;428;50,2;12,4;85,0;77;72;84;68;72;55;.;.;.;
Bjurtjärns skola;58468387;Storfors;1760;Kommunal;Storfors kommun;2120001785;57;42,1;..;54,4;9;15;9;11;5;8;.;.;.;
Kroppaskolan;90407262;Storfors;1760;Kommunal;Storfors kommun;2120001785;84;50,0;17,9;35,7;30;27;27;.;.;.;.;.;.;
Lundsbergs grundskola;26377128;Storfors;1760;Enskild;Stiftelsen Lundsbergs Skola;8740019362;37;45,9;13,5;75,7;.;.;.;.;.;.;.;.;37;
Vargbroskolan;24306424;Storfors;1760;Kommunal;Storfors kommun;2120001785;201;51,2;14,4;37,8;.;.;.;25;21;32;37;42;44;
Gunnarns skola;71588344;Storuman;2421;Kommunal;Storumans kommun;2120002577;29;41,4;.;62,1;5;4;4;9;3;4;.;.;.;
Parkskolan;46194530;Storuman;2421;Kommunal;Storumans kommun;2120002577;72;44,4;25,0;52,8;27;19;26;.;.;.;.;.;.;
Skytteanska skolan;52561988;Storuman;2421;Kommunal;Storumans kommun;2120002577;125;57,6;6,4;57,6;14;15;9;6;12;18;15;23;13;
Slussfors skola;96944864;Storuman;2421;Kommunal;Storumans kommun;2120002577;17;47,1;..;58,8;.;5;5;1;.;6;.;.;.;
Stensele skola;57644285;Storuman;2421;Kommunal;Storumans kommun;2120002577;25;44,0;20,0;60,0;6;9;10;.;.;.;.;.;.;
Vallnässkolan;97480702;Storuman;2421;Kommunal;Storumans kommun;2120002577;278;51,4;13,3;54,0;.;.;.;41;49;31;55;51;51;
Europaskolan Rogge;31980822;Strängnäs;0486;Enskild;Europaskolan Utbildning AB;5567478416;503;47,9;11,3;69,4;.;.;.;80;76;79;90;91;87;
Finningeskolan;69136482;Strängnäs;0486;Kommunal;Strängnäs kommun;2120000365;260;50,4;24,6;61,2;85;91;84;.;.;.;.;.;.;
Friskolan Asken;63423770;Strängnäs;0486;Enskild;Friskolan Asken Aktiebolag;5567481071;336;50,3;10,4;72,0;.;.;.;52;53;56;59;58;58;
Friskolan Karlavagnen;65529876;Strängnäs;0486;Enskild;Friskolan K-V Ekonomisk Förening;7696096416;125;48,8;7,2;68,8;42;42;41;.;.;.;.;.;.;
Gripsholmsskolan;65507647;Strängnäs;0486;Enskild;Gripsholmsskolan AB;5567335616;433;48,0;3,9;79,0;49;48;49;49;47;48;47;47;49;
Karinslundsskolan;14184478;Strängnäs;0486;Kommunal;Strängnäs kommun;2120000365;168;53,0;50,6;32,7;13;20;18;36;33;48;.;.;.;
Mariefreds skola;64620570;Strängnäs;0486;Kommunal;Strängnäs kommun;2120000365;686;48,3;13,4;60,5;65;92;56;77;53;72;91;100;80;
Paulinska skolan;21086074;Strängnäs;0486;Kommunal;Strängnäs kommun;2120000365;526;51,7;46,6;43,5;.;.;.;77;65;81;100;95;108;
Stallarholmsskolan;42957784;Strängnäs;0486;Kommunal;Strängnäs kommun;2120000365;234;47,0;11,1;56,0;47;43;42;23;40;39;.;.;.;
Strängnäs Montessoriskola;30181143;Strängnäs;0486;Enskild;Strängnäs Montessoriskola Ekonomisk Förening;7696027619;429;49,9;17,0;70,6;48;48;48;49;48;48;49;47;44;
Tosterö Resursskola;49008533;Strängnäs;0486;Kommunal;Strängnäs kommun;2120000365;15;..;..;33,3;.;.;.;2;1;4;3;5;.;
Vasaskolan;91400222;Strängnäs;0486;Kommunal;Strängnäs kommun;2120000365;188;52,1;40,4;59,0;59;65;64;.;.;.;.;.;.;
Vårfruberga friskola;30548381;Strängnäs;0486;Enskild;Vårfruberga Utbildning AB (svb);5591438840;68;45,6;16,2;57,4;29;24;15;.;.;.;.;.;.;
Åkerskolan;74265915;Strängnäs;0486;Kommunal;Strängnäs kommun;2120000365;406;46,8;31,5;45,8;34;46;40;44;46;50;41;45;60;
Bojarskolan F-6;93814108;Strömstad;1486;Kommunal;Strömstads kommun;2120001405;263;48,3;32,3;60,5;48;33;48;43;42;49;.;.;.;
Mellegården skola F-6;78828269;Strömstad;1486;Kommunal;Strömstads kommun;2120001405;100;55,0;40,0;33,0;18;16;21;14;17;14;.;.;.;
Odelsbergsskolan 4-6;24358957;Strömstad;1486;Kommunal;Strömstads kommun;2120001405;167;42,5;31,7;53,9;.;.;.;53;56;58;.;.;.;
Odelsbergsskolan F-3;23813942;Strömstad;1486;Kommunal;Strömstads kommun;2120001405;131;54,2;35,9;51,1;42;41;48;.;.;.;.;.;.;
Rossö skola F-6;11065005;Strömstad;1486;Kommunal;Strömstads kommun;2120001405;53;47,2;20,8;54,7;14;10;9;9;5;6;.;.;.;
Skee skola F-6;57063673;Strömstad;1486;Kommunal;Strömstads kommun;2120001405;167;51,5;29,9;35,9;28;33;23;35;23;25;.;.;.;
Strömstiernaskolan 1;19292128;Strömstad;1486;Kommunal;Strömstads kommun;2120001405;220;44,5;34,1;35,5;.;.;.;.;.;.;77;79;64;
Strömstiernaskolan 2;19188156;Strömstad;1486;Kommunal;Strömstads kommun;2120001405;218;44,0;34,4;46,3;.;.;.;.;.;.;77;74;67;
Tjärnö skola F-3;14814740;Strömstad;1486;Kommunal;Strömstads kommun;2120001405;7;..;..;85,7;4;1;2;.;.;.;.;.;.;
Valemyrskolan F-6;32311635;Strömstad;1486;Kommunal;Strömstads kommun;2120001405;133;48,1;60,2;48,1;22;17;17;27;27;23;.;.;.;
Bredgårds skola;75646732;Strömsund;2313;Kommunal;Strömsunds kommun;2120002486;175;56,6;22,3;37,7;31;19;35;20;36;34;.;.;.;
Centralskolan Hoting;20930818;Strömsund;2313;Kommunal;Strömsunds kommun;2120002486;110;58,2;16,4;35,5;9;9;14;6;17;13;13;16;13;
Fjällsjöskolan;82584417;Strömsund;2313;Kommunal;Strömsunds kommun;2120002486;99;46,5;23,2;44,4;15;13;13;6;5;13;11;14;9;
Frostviksskolan;76970830;Strömsund;2313;Kommunal;Strömsunds kommun;2120002486;62;51,6;17,7;62,9;5;3;2;11;10;6;8;10;7;
Grevåkerskolan Hammerdal;54719506;Strömsund;2313;Kommunal;Strömsunds kommun;2120002486;221;46,6;20,4;55,7;23;27;29;34;30;21;17;17;23;
Hedenvindskolan;41005196;Strömsund;2313;Kommunal;Strömsunds kommun;2120002486;231;49,4;21,6;38,1;37;39;35;53;31;36;.;.;.;
Jormvattnets skola;80493898;Strömsund;2313;Kommunal;Strömsunds kommun;2120002486;9;..;.;77,8;2;4;3;.;.;.;.;.;.;
Kyrktåsjö skola;92795907;Strömsund;2313;Kommunal;Strömsunds kommun;2120002486;23;43,5;.;30,4;3;5;4;3;4;4;.;.;.;
Vattudalsskolan;71396086;Strömsund;2313;Kommunal;Strömsunds kommun;2120002486;166;57,2;27,7;38,0;.;.;.;.;.;.;65;54;47;
Duvboskolan;63300625;Sundbyberg;0183;Kommunal;Sundbybergs kommun;2120000175;294;52,0;20,4;79,9;54;53;52;49;43;43;.;.;.;
Grönkullaskolan;93968806;Sundbyberg;0183;Kommunal;Sundbybergs kommun;2120000175;453;51,2;72,0;35,5;65;51;77;33;37;36;49;46;59;
Igelbäckskolan;60521412;Sundbyberg;0183;Kommunal;Sundbybergs kommun;2120000175;14;..;..;64,3;.;.;.;5;4;.;2;1;2;
Internationella Engelska Skolan Sundbyberg;98753011;Sundbyberg;0183;Enskild;Internationella Engelska Skolan i Sverige AB;5564624368;835;49,2;59,6;69,5;.;.;.;144;159;161;122;127;122;
Kulturama Grundsk. Sundbyberg;37112288;Sundbyberg;0183;Enskild;Medborgarskolan Stockholmsregionen;8020060524;475;80,0;12,8;86,3;.;.;.;54;89;88;78;83;83;
Kymlingeskolan;51100048;Sundbyberg;0183;Kommunal;Sundbybergs kommun;2120000175;412;43,7;47,3;75,0;84;82;81;52;44;69;.;.;.;
Lilla Alby skola;15049834;Sundbyberg;0183;Kommunal;Sundbybergs kommun;2120000175;446;48,7;24,2;71,1;81;75;74;73;74;69;.;.;.;
Noblaskolan Sundbyberg;67788311;Sundbyberg;0183;Enskild;Pysslingen Förskolor och Skolor AB;5560354309;332;45,5;59,3;62,7;45;32;30;23;41;37;45;46;33;
Ursvikskolan;32993837;Sundbyberg;0183;Kommunal;Sundbybergs kommun;2120000175;381;44,4;28,6;77,4;58;84;64;71;49;55;.;.;.;
Viktor Rydbergs skola Sundbyberg;79708334;Sundbyberg;0183;Enskild;Stiftelsen Viktor Rydbergs Skolor;8120005650;497;49,7;8,7;85,7;.;.;.;.;.;.;156;183;158;
Vittra Brotorp;43138370;Sundbyberg;0183;Enskild;Vittraskolorna AB;5564586716;253;45,8;43,9;73,5;29;24;39;35;22;28;24;25;27;
Ängskolan   F-6;22847273;Sundbyberg;0183;Kommunal;Sundbybergs kommun;2120000175;572;47,2;27,6;66,4;112;114;105;85;77;79;.;.;.;
Ängskolan 7-9;65775192;Sundbyberg;0183;Kommunal;Sundbybergs kommun;2120000175;380;51,6;43,9;53,7;.;.;.;.;.;.;142;124;114;
Örskolan;92791803;Sundbyberg;0183;Kommunal;Sundbybergs kommun;2120000175;141;48,2;80,9;32,6;44;23;17;18;23;16;.;.;.;
Bergsåkers skola;90847895;Sundsvall;2281;Kommunal;Sundsvalls kommun;2120002411;810;49,5;10,1;63,6;64;58;53;57;65;71;167;135;140;
Bosvedjeskolan;80813364;Sundsvall;2281;Kommunal;Sundsvalls kommun;2120002411;240;51,3;16,7;62,5;57;56;43;26;32;26;.;.;.;
Bredsands skola;41837838;Sundsvall;2281;Kommunal;Sundsvalls kommun;2120002411;133;43,6;68,4;30,1;27;29;18;26;13;20;.;.;.;
Essviks skola;51134145;Sundsvall;2281;Kommunal;Sundsvalls kommun;2120002411;135;53,3;3,7;65,2;32;32;32;20;19;.;.;.;.;
Granbergsskolan;27027530;Sundsvall;2281;Kommunal;Sundsvalls kommun;2120002411;285;48,4;16,5;66,0;75;54;44;34;41;37;.;.;.;
Gångvikens skola;91880609;Sundsvall;2281;Kommunal;Sundsvalls kommun;2120002411;116;55,2;32,8;33,6;19;18;22;19;22;16;.;.;.;
Hagaskolan;55343483;Sundsvall;2281;Kommunal;Sundsvalls kommun;2120002411;499;48,7;28,5;61,3;52;50;40;18;32;25;81;105;96;
Heliås Svartvik;14161923;Sundsvall;2281;Enskild;Heliås Kunskapscentrum AB;5568154552;119;43,7;..;68,1;25;20;16;18;20;20;.;.;.;
Hellbergsskolan;94622728;Sundsvall;2281;Kommunal;Sundsvalls kommun;2120002411;183;48,6;61,2;33,9;33;37;31;24;30;28;.;.;.;
Höglundaskolan;51877656;Sundsvall;2281;Kommunal;Sundsvalls kommun;2120002411;601;47,4;22,6;61,1;58;56;40;36;58;58;74;116;105;
Högoms skola;17237299;Sundsvall;2281;Kommunal;Sundsvalls kommun;2120002411;102;52,9;..;66,7;27;22;10;21;22;.;.;.;.;
Internationella Engelska Skolan Sundsvall;54802332;Sundsvall;2281;Enskild;Internationella Engelska Skolan i Sverige AB;5564624368;1 120;54,3;18,1;81,3;.;.;160;160;160;163;162;160;155;
Kristna skolan Oasen;38897013;Sundsvall;2281;Enskild;Kristna Skolan Oasen Ideella Förening;8892015598;96;41,7;54,2;57,3;12;10;7;10;10;8;15;11;13;
Kyrkmons skola;76937737;Sundsvall;2281;Kommunal;Sundsvalls kommun;2120002411;233;45,1;4,3;49,8;46;32;49;29;38;39;.;.;.;
Lidens skola;64029211;Sundsvall;2281;Kommunal;Sundsvalls kommun;2120002411;102;43,1;..;34,3;7;8;3;9;11;7;20;20;17;
Ljustadalens skola;20027707;Sundsvall;2281;Kommunal;Sundsvalls kommun;2120002411;252;45,2;42,9;39,3;45;47;45;36;35;44;.;.;.;
Lucksta skola;92290909;Sundsvall;2281;Kommunal;Sundsvalls kommun;2120002411;123;48,0;4,1;56,9;15;26;20;23;22;17;.;.;.;
Matfors skola;37299127;Sundsvall;2281;Kommunal;Sundsvalls kommun;2120002411;574;49,8;3,3;52,8;52;63;47;54;64;67;70;79;78;
Mimerskolan;10023937;Sundsvall;2281;Enskild;Föreningen Mimers Brunn;8892027965;364;49,5;6,0;85,4;.;.;.;61;61;61;61;61;59;
Nivrenaskolan;55740795;Sundsvall;2281;Kommunal;Sundsvalls kommun;2120002411;437;46,5;16,0;51,9;.;.;.;.;27;40;137;117;116;
Njurunda Friskola;65125762;Sundsvall;2281;Enskild;Njurunda friskola AB;5568542210;193;45,6;..;68,9;22;22;22;23;22;22;21;20;19;
Prolympia, Sundsvall;18952472;Sundsvall;2281;Enskild;Ulno AB;5566577705;553;42,3;10,5;58,6;48;47;43;40;50;77;79;85;84;
Sidsjö Fristående Grundskola;21250086;Sundsvall;2281;Enskild;Sundsvalls Förberedande Grundskola AB;5567314595;403;47,1;3,5;87,3;51;46;47;51;26;52;51;54;25;
Skönsmons skola;82372659;Sundsvall;2281;Kommunal;Sundsvalls kommun;2120002411;263;54,8;15,6;58,2;56;37;48;37;43;42;.;.;.;
Solede skola;51638146;Sundsvall;2281;Kommunal;Sundsvalls kommun;2120002411;106;42,5;26,4;45,3;29;32;25;20;.;.;.;.;.;
St Olofsskolan;69147256;Sundsvall;2281;Kommunal;Sundsvalls kommun;2120002411;412;49,8;59,0;36,7;56;56;32;41;46;42;50;43;46;
Stige skola;74902981;Sundsvall;2281;Kommunal;Sundsvalls kommun;2120002411;85;43,5;..;47,1;16;9;12;14;13;21;.;.;.;
Stöde skola;11181258;Sundsvall;2281;Kommunal;Sundsvalls kommun;2120002411;238;51,3;10,5;50,0;29;21;21;24;20;32;31;32;28;
Sundsvalls Montessoriskola;78495763;Sundsvall;2281;Kommunal;Sundsvalls kommun;2120002411;220;45,0;5,9;83,2;22;22;24;22;24;24;27;27;28;
Thoren Framtid Kunskapsakademin;57722644;Sundsvall;2281;Enskild;Thoren Framtid AB;5567497051;333;52,3;3,0;77,5;24;23;13;41;45;45;50;43;49;
Uslands skola;30627944;Sundsvall;2281;Kommunal;Sundsvalls kommun;2120002411;225;41,3;4,0;73,3;50;41;45;31;17;41;.;.;.;
Vallens skola;44253135;Sundsvall;2281;Kommunal;Sundsvalls kommun;2120002411;158;51,9;..;58,2;29;20;27;25;28;29;.;.;.;
Vibackeskolan;10170655;Sundsvall;2281;Kommunal;Sundsvalls kommun;2120002411;648;48,3;13,9;64,2;39;39;49;40;43;48;118;141;131;
Ekeby skola;12137105;Sunne;1766;Enskild;Sunne Friskoleförening;8740013381;80;55,0;12,5;53,8;16;13;14;16;11;10;.;.;.;
Fryxellska skolan;25636648;Sunne;1766;Kommunal;Sunne kommun;2120001843;405;50,1;15,8;53,6;.;.;.;.;.;.;134;140;131;
Gräsmarks skola;19248047;Sunne;1766;Kommunal;Sunne kommun;2120001843;42;31,0;11,9;35,7;3;9;6;7;7;10;.;.;.;
Klättenskolan;14125620;Sunne;1766;Kommunal;Sunne kommun;2120001843;23;52,2;..;39,1;3;4;4;6;6;.;.;.;.;
Lysviks skola;50456203;Sunne;1766;Kommunal;Sunne kommun;2120001843;84;44,0;9,5;57,1;23;10;12;17;8;14;.;.;.;
Prästbols skola;25927543;Sunne;1766;Kommunal;Sunne kommun;2120001843;33;57,6;21,2;54,5;7;6;6;4;4;6;.;.;.;
Skäggebergsskolan;59141134;Sunne;1766;Kommunal;Sunne kommun;2120001843;253;47,0;18,2;54,5;49;30;44;42;44;44;.;.;.;
Svensby skola;18644192;Sunne;1766;Kommunal;Sunne kommun;2120001843;73;56,2;..;47,9;12;16;6;9;16;14;.;.;.;
Östra skolan;84959876;Sunne;1766;Kommunal;Sunne kommun;2120001843;247;48,6;23,9;48,2;43;42;31;38;43;50;.;.;.;
Bäckhammarskolan;42583411;Surahammar;1907;Kommunal;Surahammars kommun;2120002031;116;45,7;25,0;29,3;13;9;23;28;21;22;.;.;.;
Hammarskolan;74582871;Surahammar;1907;Kommunal;Surahammars kommun;2120002031;340;50,3;20,6;43,5;.;.;.;.;.;.;106;123;111;
Im-enheten;41600127;Surahammar;1907;Kommunal;Surahammars kommun;2120002031;5;.;..;..;.;.;.;.;.;.;.;.;5;
Nytorpsskolan;10017830;Surahammar;1907;Kommunal;Surahammars kommun;2120002031;140;54,3;34,3;47,9;49;40;49;2;.;.;.;.;.;
Starbäcksskolan;39566281;Surahammar;1907;Kommunal;Surahammars kommun;2120002031;145;46,2;15,9;46,2;47;50;48;.;.;.;.;.;.;
Tuppkärrsskolan;59858754;Surahammar;1907;Kommunal;Surahammars kommun;2120002031;299;43,8;25,8;43,8;.;.;.;92;98;109;.;.;.;
Virsboskolan;36302522;Surahammar;1907;Kommunal;Surahammars kommun;2120002031;69;34,8;26,1;24,6;15;10;11;8;11;14;.;.;.;
Billeshögsskolan;47848303;Svalöv;1214;Kommunal;Svalövs kommun;2120000993;158;52,5;16,5;57,6;20;32;27;32;26;21;.;.;.;
Blichers friskola, Norrvidinge;81535814;Svalöv;1214;Enskild;Nytida Blichergruppen AB;5566930417;26;57,7;..;50,0;.;.;.;.;.;1;4;5;16;
Heleneborgsskolan;70133882;Svalöv;1214;Kommunal;Svalövs kommun;2120000993;299;47,2;44,8;43,1;58;57;53;38;48;45;.;.;.;
Linåkerskolan;44263951;Svalöv;1214;Kommunal;Svalövs kommun;2120000993;410;47,8;27,6;51,7;.;.;.;.;.;.;136;137;137;
Lunnaskolan;58166048;Svalöv;1214;Kommunal;Svalövs kommun;2120000993;179;48,0;13,4;58,1;34;29;25;33;27;31;.;.;.;
Midgårds skola;58170493;Svalöv;1214;Kommunal;Svalövs kommun;2120000993;162;50,0;11,1;69,1;25;29;27;27;20;34;.;.;.;
Månsabo;22504161;Svalöv;1214;Kommunal;Svalövs kommun;2120000993;6;..;.;..;.;.;.;1;.;1;2;.;2;
Parkskolan;77441364;Svalöv;1214;Kommunal;Svalövs kommun;2120000993;210;44,3;26,2;49,0;31;42;36;25;42;34;.;.;.;
Svalövs Montessoriskola;58981647;Svalöv;1214;Enskild;Svalövs Montessori Ekonomisk förening;7696009328;218;50,0;20,6;61,0;22;23;23;18;24;22;29;25;32;
Aggarpsskolan 4-9;60641880;Svedala;1263;Kommunal;Svedala kommun;2120001074;686;50,0;15,6;66,8;.;.;.;123;97;109;124;113;120;
Baraskolan F-3;95451533;Svedala;1263;Kommunal;Svedala kommun;2120001074;266;47,4;19,5;74,1;101;85;80;.;.;.;.;.;.;
I Ur och Skur Skabersjöskolan;84580153;Svedala;1263;Enskild;Skabersjöbygdens Skola Ek. För.;7696021513;51;39,2;13,7;74,5;10;13;10;9;9;.;.;.;.;
Klågerupskolan F-9;51392146;Svedala;1263;Kommunal;Svedala kommun;2120001074;458;51,3;14,0;71,6;52;59;47;50;49;59;43;47;52;
Kyrkskolan F-3;36013016;Svedala;1263;Kommunal;Svedala kommun;2120001074;224;50,9;10,7;62,5;76;75;73;.;.;.;.;.;.;
Marbäcksskolan F-3;43569718;Svedala;1263;Kommunal;Svedala kommun;2120001074;293;46,4;22,2;67,6;100;101;92;.;.;.;.;.;.;
Naverlönnskolan 4-9;65569784;Svedala;1263;Kommunal;Svedala kommun;2120001074;600;45,2;16,3;57,8;.;.;.;116;99;138;90;78;79;
Roslättsskolan F-3;46967539;Svedala;1263;Kommunal;Svedala kommun;2120001074;148;48,6;18,2;67,6;50;49;49;.;.;.;.;.;.;
Spångholmsskolan 4-9;83516023;Svedala;1263;Kommunal;Svedala kommun;2120001074;460;51,1;18,5;72,6;.;.;.;104;71;77;67;73;68;
Hillareds skola;28714876;Svenljunga;1465;Kommunal;Svenljunga kommun;2120001512;83;50,6;8,4;41,0;12;17;16;9;17;12;.;.;.;
Landboskolan;36851594;Svenljunga;1465;Kommunal;Svenljunga kommun;2120001512;89;58,4;29,2;39,3;30;25;34;.;.;.;.;.;.;
Mjöbäcks skola;24017095;Svenljunga;1465;Kommunal;Svenljunga kommun;2120001512;40;45,0;25,0;32,5;6;21;13;.;.;.;.;.;.;
Mogaskolan 7-9;71724902;Svenljunga;1465;Kommunal;Svenljunga kommun;2120001512;357;43,1;20,7;33,3;.;.;.;.;.;.;137;106;114;
Mogaskolan F-6;71010514;Svenljunga;1465;Kommunal;Svenljunga kommun;2120001512;293;45,4;41,0;36,5;34;35;36;72;58;58;.;.;.;
Mårdaklevs skola;45241148;Svenljunga;1465;Kommunal;Svenljunga kommun;2120001512;42;47,6;11,9;33,3;9;8;6;.;9;10;.;.;.;
Sexdrega skola;45925310;Svenljunga;1465;Kommunal;Svenljunga kommun;2120001512;87;47,1;14,9;35,6;11;19;15;14;14;14;.;.;.;
Östra Frölunda skola;95945189;Svenljunga;1465;Kommunal;Svenljunga kommun;2120001512;68;50,0;13,2;44,1;11;7;9;11;12;18;.;.;.;
Överlida skola;60050590;Svenljunga;1465;Kommunal;Svenljunga kommun;2120001512;43;53,5;20,9;37,2;.;.;.;13;11;19;.;.;.;
Botilsäter skola;88301687;Säffle;1785;Kommunal;Säffle kommun;2120001900;33;42,4;..;30,3;2;7;3;5;6;10;.;.;.;
Höglundaskolan;56423824;Säffle;1785;Kommunal;Säffle kommun;2120001900;241;53,1;45,2;27,0;38;38;44;46;30;45;.;.;.;
Långseruds Friskola;51545844;Säffle;1785;Enskild;Långseruds Friskola ekonomisk förening;7696212575;27;66,7;..;33,3;3;8;5;5;3;3;.;.;.;
Nysäters skola;47179243;Säffle;1785;Kommunal;Säffle kommun;2120001900;67;43,3;7,5;61,2;9;10;13;9;16;10;.;.;.;
Svanskogs skola;96420586;Säffle;1785;Kommunal;Säffle kommun;2120001900;44;45,5;..;31,8;10;6;6;8;10;4;.;.;.;
Tegnérskolan;40517936;Säffle;1785;Kommunal;Säffle kommun;2120001900;488;48,0;24,8;41,8;.;.;.;.;.;.;155;175;158;
Tingvallaskolan;93957990;Säffle;1785;Kommunal;Säffle kommun;2120001900;362;48,1;19,9;46,1;71;62;55;62;50;62;.;.;.;
Tveta friskola;21561939;Säffle;1785;Enskild;Tveta friskola ekonomisk förening;7696331367;70;48,6;25,7;44,3;8;9;10;9;17;17;.;.;.;
Värmlandsbro skola;61057459;Säffle;1785;Kommunal;Säffle kommun;2120001900;76;40,8;..;35,5;17;8;12;11;11;17;.;.;.;
Enbacka skola;35024555;Säter;2082;Kommunal;Säters kommun;2120002247;247;43,7;4,5;59,1;39;47;39;41;40;41;.;.;.;
Klockarskolan;60111640;Säter;2082;Kommunal;Säters kommun;2120002247;341;45,5;10,9;52,5;.;.;.;.;.;.;117;117;107;
Kungsgårdsskolan;21640456;Säter;2082;Kommunal;Säters kommun;2120002247;377;49,9;16,4;51,7;63;76;67;54;63;54;.;.;.;
Stora Skedvi skola;20612155;Säter;2082;Kommunal;Säters kommun;2120002247;138;49,3;6,5;49,3;26;24;16;23;23;26;.;.;.;
Hofgårdsskolan;59983229;Sävsjö;0684;Kommunal;Sävsjö kommun;2120000563;304;47,0;37,2;47,4;.;.;.;.;.;.;109;94;101;
Hägneskolan;13654995;Sävsjö;0684;Kommunal;Sävsjö kommun;2120000563;188;44,7;48,4;53,7;26;37;35;27;35;28;.;.;.;
Rörviks skola;74170440;Sävsjö;0684;Kommunal;Sävsjö kommun;2120000563;214;43,0;28,5;50,9;13;15;16;13;19;21;42;38;37;
Stockaryds skola;77440739;Sävsjö;0684;Kommunal;Sävsjö kommun;2120000563;104;53,8;38,5;41,3;14;22;15;17;19;17;.;.;.;
Sävsjö kristna skola;28504550;Sävsjö;0684;Enskild;Stiftelsen Guds Kraft;8275007857;112;49,1;25,9;53,6;13;6;12;9;10;13;14;16;19;
Vallsjöskolan;53857703;Sävsjö;0684;Kommunal;Sävsjö kommun;2120000563;279;42,3;38,4;47,0;44;44;49;43;48;51;.;.;.;
Vrigstad skola;60194444;Sävsjö;0684;Kommunal;Sävsjö kommun;2120000563;157;48,4;15,3;59,2;26;24;25;24;24;34;.;.;.;
Bergviksskolan åk 4-9;32721673;Söderhamn;2182;Kommunal;Söderhamns kommun;2120002353;225;50,7;13,8;45,3;.;.;.;17;24;19;54;54;57;
Bergviksskolan åk F-3;57610942;Söderhamn;2182;Kommunal;Söderhamns kommun;2120002353;62;46,8;8,1;30,6;21;23;18;.;.;.;.;.;.;
HamnaSkolan;99882962;Söderhamn;2182;Enskild;Ellithan AB;5568042070;52;40,4;42,3;30,8;.;.;.;5;4;6;9;13;15;
Mo skola;63862480;Söderhamn;2182;Kommunal;Söderhamns kommun;2120002353;69;53,6;..;55,1;13;11;11;12;8;14;.;.;.;
Norrtullskolan åk 7-9;35139330;Söderhamn;2182;Kommunal;Söderhamns kommun;2120002353;322;49,4;42,5;43,8;.;.;.;.;.;.;103;113;106;
Norrtullskolan åk F-6;63302939;Söderhamn;2182;Kommunal;Söderhamns kommun;2120002353;198;47,0;89,9;20,2;34;26;38;36;28;36;.;.;.;
Rosenvallskolan;84393014;Söderhamn;2182;Kommunal;Söderhamns kommun;2120002353;131;42,7;6,9;51,1;26;22;15;24;24;20;.;.;.;
Sandarne skola;93261760;Söderhamn;2182;Kommunal;Söderhamns kommun;2120002353;112;49,1;..;48,2;16;23;16;19;19;19;.;.;.;
Stenbergaskolan åk 4-9;46399291;Söderhamn;2182;Kommunal;Söderhamns kommun;2120002353;232;48,3;37,1;26,7;.;.;.;21;37;24;54;54;42;
Stenbergaskolan åk F-3;26147333;Söderhamn;2182;Kommunal;Söderhamns kommun;2120002353;71;62,0;29,6;32,4;30;22;19;.;.;.;.;.;.;
Stentägtskolan;57131254;Söderhamn;2182;Kommunal;Söderhamns kommun;2120002353;322;46,9;22,0;55,9;51;63;62;55;46;45;.;.;.;
Stråtjära skola;33021207;Söderhamn;2182;Kommunal;Söderhamns kommun;2120002353;44;54,5;13,6;45,5;5;10;5;11;4;9;.;.;.;
Stugsunds skola;93763694;Söderhamn;2182;Kommunal;Söderhamns kommun;2120002353;149;44,3;12,1;55,7;30;17;32;25;20;25;.;.;.;
Söderhamns Friskola och Fritids;67899423;Söderhamn;2182;Enskild;Söderhamn Knowledge AB;5590692223;99;50,5;29,3;26,3;21;16;14;17;14;17;.;.;.;
Trönö skola;66358649;Söderhamn;2182;Kommunal;Söderhamns kommun;2120002353;86;48,8;..;58,1;13;17;11;10;15;20;.;.;.;
Vågbroskolan åk 4-9;42162288;Söderhamn;2182;Kommunal;Söderhamns kommun;2120002353;263;54,4;15,2;59,3;.;.;.;31;34;38;48;56;56;
Vågbroskolan åk F-3;71527628;Söderhamn;2182;Kommunal;Söderhamns kommun;2120002353;109;49,5;12,8;60,6;38;35;36;.;.;.;.;.;.;
Bergaskolan;79515038;Söderköping;0582;Kommunal;Söderköpings kommun;2120000464;235;49,4;14,9;60,0;37;29;39;46;42;42;.;.;.;
Björkhagaskolan;46785601;Söderköping;0582;Kommunal;Söderköpings kommun;2120000464;276;53,3;12,7;58,7;43;52;47;44;46;44;.;.;.;
Gårdeby friskola;64901558;Söderköping;0582;Enskild;Gårdeby Friskola Ekonomisk Förening;7696011993;16;31,3;.;56,3;1;3;3;1;2;6;.;.;.;
Mogata skola;22195087;Söderköping;0582;Kommunal;Söderköpings kommun;2120000464;94;43,6;..;50,0;15;14;22;15;7;21;.;.;.;
Ramunderskolan;99361107;Söderköping;0582;Kommunal;Söderköpings kommun;2120000464;454;45,8;8,4;55,1;.;.;.;.;.;.;149;146;159;
Sankt Anna skola;63176416;Söderköping;0582;Kommunal;Söderköpings kommun;2120000464;41;41,5;..;41,5;4;4;8;9;10;6;.;.;.;
Skönbergaskolan;68550751;Söderköping;0582;Kommunal;Söderköpings kommun;2120000464;136;44,9;8,8;41,9;25;26;13;21;27;24;.;.;.;
Söderköpings Waldorfskola;70789823;Söderköping;0582;Enskild;Stiftelsen Söderköpings Waldorfskola;8250017939;141;48,2;11,3;67,4;15;17;15;22;11;17;11;14;19;
Västra Husby skola;38948355;Söderköping;0582;Kommunal;Söderköpings kommun;2120000464;178;49,4;..;65,7;37;27;42;28;24;20;.;.;.;
Östra Ryds skola;59575795;Söderköping;0582;Kommunal;Söderköpings kommun;2120000464;90;43,3;6,7;52,2;16;20;17;11;19;7;.;.;.;
Blombackaskolan;34148887;Södertälje;0181;Kommunal;Södertälje kommun;2120000159;517;43,3;82,4;39,7;53;59;50;55;52;75;56;60;57;
Brunnsängskolan;60570294;Södertälje;0181;Kommunal;Södertälje kommun;2120000159;591;47,0;71,9;41,8;44;59;60;61;61;60;84;82;80;
Eneskolan;97655739;Södertälje;0181;Kommunal;Södertälje kommun;2120000159;500;50,4;21,6;51,4;9;13;21;26;24;86;84;113;124;
Fornbackaskolan;71992738;Södertälje;0181;Kommunal;Södertälje kommun;2120000159;265;46,8;84,2;40,8;50;39;51;38;45;42;.;.;.;
Hovsjöskolan;82137009;Södertälje;0181;Kommunal;Södertälje kommun;2120000159;469;46,9;93,2;36,2;59;49;49;60;44;50;54;57;47;
Hölöskolan;79466321;Södertälje;0181;Kommunal;Södertälje kommun;2120000159;384;45,6;16,1;47,9;41;35;41;43;42;43;45;48;46;
Igelsta grundskola;75505688;Södertälje;0181;Kommunal;Södertälje kommun;2120000159;446;51,6;73,3;50,7;47;44;41;46;41;51;59;57;60;
Innovitaskolan Södertälje;74489639;Södertälje;0181;Enskild;Kringlaskolan AB;5567734065;490;51,8;62,7;48,8;54;54;54;54;54;54;55;56;55;
Internationella Engelska Skolan Södertälje;29497099;Södertälje;0181;Enskild;Internationella Engelska Skolan i Sverige AB;5564624368;721;52,7;55,9;66,9;56;55;56;89;90;96;94;93;92;
Järna friskola;41584790;Södertälje;0181;Enskild;Montessori Förskolor och Skolor i Sverige AB;5591658975;246;44,3;4,9;76,0;29;26;26;28;28;28;28;28;25;
Lilla Parkskolan;43802065;Södertälje;0181;Enskild;Aprendere Skolor AB (publ);5564559523;57;54,4;75,4;36,8;12;6;5;7;10;3;8;6;.;
Lina grundskola;62288230;Södertälje;0181;Kommunal;Södertälje kommun;2120000159;350;52,6;76,3;35,1;38;32;40;34;38;42;36;36;54;
Magelungens grundskola Södertälje;14872951;Södertälje;0181;Enskild;Magelungen Utveckling AB;5564891447;11;54,5;..;..;.;.;.;.;.;.;1;2;8;
Majtorpskolan;28845963;Södertälje;0181;Kommunal;Södertälje kommun;2120000159;153;47,1;36,6;60,1;49;52;52;.;.;.;.;.;.;
Mariaskolan;31528772;Södertälje;0181;Enskild;Föreningen Maria Magdalena;8156008255;148;50,7;11,5;76,4;14;21;12;13;21;15;20;18;14;
Mariekällskolan;43403496;Södertälje;0181;Kommunal;Södertälje kommun;2120000159;435;49,9;60,5;48,7;.;.;.;76;53;57;83;82;84;
Mikaelgården Läkeped. Institut;73075913;Södertälje;0181;Enskild;Föreningen Mikaelgårdens Läkepedagogiska Inst;8156002795;21;23,8;..;23,8;.;.;2;.;1;3;2;7;6;
Mora Parks skola;26804905;Södertälje;0181;Enskild;Stiftelsen Mora Park;8156003926;24;..;..;50,0;1;.;1;.;4;5;5;3;5;
Mölnboskolan;47204443;Södertälje;0181;Kommunal;Södertälje kommun;2120000159;116;51,7;15,5;59,5;21;13;25;14;23;20;.;.;.;
Nyckelskolan;16068461;Södertälje;0181;Enskild;Nyckelknippan Förskole Aktiebolag;5564787397;228;50,9;19,7;66,7;24;23;25;24;23;24;28;27;30;
Oxbacksskolan;99842607;Södertälje;0181;Kommunal;Södertälje kommun;2120000159;239;46,4;72,8;51,0;82;83;74;.;.;.;.;.;.;
Pershagenskolan;38653015;Södertälje;0181;Kommunal;Södertälje kommun;2120000159;454;52,2;30,2;64,1;51;48;52;48;53;50;42;56;54;
Ronnaskolan;51210001;Södertälje;0181;Kommunal;Södertälje kommun;2120000159;584;46,4;93,8;40,9;58;61;60;84;61;81;56;61;62;
Rosenborgskolan;11914814;Södertälje;0181;Kommunal;Södertälje kommun;2120000159;542;44,1;36,2;58,5;.;.;.;51;56;57;156;115;107;
Soldalaskolan;40175889;Södertälje;0181;Kommunal;Södertälje kommun;2120000159;491;51,1;62,9;46,2;50;57;52;58;53;51;54;58;58;
Solvikskolan;45994471;Södertälje;0181;Enskild;Stödföreningen för Solvikskolan;8156005145;89;42,7;30,3;64,0;7;10;10;13;.;17;11;7;14;
Stålhamraskolan;72120589;Södertälje;0181;Kommunal;Södertälje kommun;2120000159;228;42,1;63,2;40,8;28;43;39;49;36;33;.;.;.;
Södertälje friskola;38394561;Södertälje;0181;Enskild;Södertälje Friskola Aktiebolag;5565570149;424;50,7;50,0;51,7;47;48;46;48;47;48;49;46;45;
Tavestaskolan;16914123;Södertälje;0181;Kommunal;Södertälje kommun;2120000159;327;48,9;24,5;54,1;65;66;48;75;73;.;.;.;.;
Vallaskolan;64836806;Södertälje;0181;Kommunal;Södertälje kommun;2120000159;259;49,0;23,2;63,7;50;35;52;39;37;46;.;.;.;
Viksbergskolan;49762104;Södertälje;0181;Kommunal;Södertälje kommun;2120000159;249;47,4;25,3;63,5;51;49;53;32;40;24;.;.;.;
Vittra Östertälje;12757193;Södertälje;0181;Enskild;Vittraskolorna AB;5564586716;359;54,3;44,8;66,3;44;51;39;34;21;41;46;42;41;
Wasaskolan;56568612;Södertälje;0181;Kommunal;Södertälje kommun;2120000159;506;50,0;89,1;43,9;57;56;49;59;59;56;51;59;60;
Örjanskolan grund;10661388;Södertälje;0181;Enskild;Föreningen Örjanskolan;8156005103;176;51,7;17,6;84,1;21;24;15;24;19;15;22;17;19;
Bokelundsskolan H;94309839;Sölvesborg;1083;Kommunal;Sölvesborgs kommun;2120000852;352;45,2;16,2;56,0;.;.;.;.;.;.;140;123;89;
Falkviksskolan;18846309;Sölvesborg;1083;Kommunal;Sölvesborgs kommun;2120000852;210;43,8;22,4;50,5;36;30;31;37;37;39;.;.;.;
Havelidens skola;22379655;Sölvesborg;1083;Kommunal;Sölvesborgs kommun;2120000852;116;40,5;7,8;57,8;17;17;20;25;16;21;.;.;.;
Hjortakroksskolan;49771353;Sölvesborg;1083;Kommunal;Sölvesborgs kommun;2120000852;209;46,9;17,2;60,8;36;31;37;41;32;32;.;.;.;
Högtofta skola;22544999;Sölvesborg;1083;Kommunal;Sölvesborgs kommun;2120000852;84;53,6;11,9;44,0;15;9;14;16;17;13;.;.;.;
Hörviks skola;39598101;Sölvesborg;1083;Kommunal;Sölvesborgs kommun;2120000852;71;38,0;..;73,2;14;14;13;9;11;10;.;.;.;
Mjällby skola;88104795;Sölvesborg;1083;Kommunal;Sölvesborgs kommun;2120000852;345;49,6;13,3;40,9;28;20;24;22;23;32;73;49;74;
Möllebacksskolan;44972693;Sölvesborg;1083;Kommunal;Sölvesborgs kommun;2120000852;228;47,8;19,3;64,9;40;38;42;29;40;39;.;.;.;
Norje skola;80918950;Sölvesborg;1083;Kommunal;Sölvesborgs kommun;2120000852;81;50,6;9,9;50,6;12;9;17;10;20;13;.;.;.;
Backa skola;49130128;Tanum;1435;Kommunal;Tanums kommun;2120001348;87;52,9;..;55,2;17;23;16;5;15;11;.;.;.;
Fjällbacka skola;22465670;Tanum;1435;Kommunal;Tanums kommun;2120001348;83;49,4;19,3;55,4;17;12;14;12;13;15;.;.;.;
Grebbestadskolan;20334544;Tanum;1435;Kommunal;Tanums kommun;2120001348;171;43,3;7,0;63,7;24;39;32;18;24;34;.;.;.;
Hamburgsundskolan F-9;81072495;Tanum;1435;Kommunal;Tanums kommun;2120001348;271;48,0;7,0;59,8;20;28;23;19;19;29;49;45;39;
Lurs skola;21203914;Tanum;1435;Kommunal;Tanums kommun;2120001348;49;63,3;14,3;46,9;12;4;4;10;8;11;.;.;.;
Rabbalshede skola;35591063;Tanum;1435;Kommunal;Tanums kommun;2120001348;57;50,9;10,5;56,1;10;11;13;8;9;6;.;.;.;
Sjöstjärneskolan;51364488;Tanum;1435;Enskild;Föräldrakooperativet Resö, Ekonomisk Förening;7164448933;11;..;.;63,6;1;2;1;2;.;5;.;.;.;
Tanumskolan 7-9;74079446;Tanum;1435;Kommunal;Tanums kommun;2120001348;266;45,5;19,9;47,0;.;.;.;.;.;.;109;79;78;
Tanumskolan F-6;10663043;Tanum;1435;Kommunal;Tanums kommun;2120001348;242;41,7;36,4;38,8;42;34;34;39;46;47;.;.;.;
Baggeboskolan;48800150;Tibro;1472;Kommunal;Tibro kommun;2120001660;403;43,4;17,9;43,9;71;73;72;51;68;66;2;.;.;
Häggetorpsskolan;92595260;Tibro;1472;Kommunal;Tibro kommun;2120001660;253;50,2;34,8;41,5;39;40;46;50;42;36;.;.;.;
Nyboskolan - grundskola;97306690;Tibro;1472;Kommunal;Tibro kommun;2120001660;374;52,7;27,8;47,6;.;.;.;.;.;.;110;146;118;
Ransbergs skola;16249041;Tibro;1472;Kommunal;Tibro kommun;2120001660;113;46,9;7,1;65,5;17;18;17;14;20;27;.;.;.;
Ekedalens skola F-6;79472588;Tidaholm;1498;Kommunal;Tidaholms kommun;2120001736;87;37,9;5,7;64,4;11;22;12;19;15;8;.;.;.;
Forsens grundskola 4-6;30517837;Tidaholm;1498;Kommunal;Tidaholms kommun;2120001736;184;49,5;15,8;46,2;.;.;.;73;62;49;.;.;.;
Forsens grundskola F-3;30754289;Tidaholm;1498;Kommunal;Tidaholms kommun;2120001736;177;53,7;17,5;41,8;66;44;67;.;.;.;.;.;.;
Fröjereds grundskola;62137279;Tidaholm;1498;Kommunal;Tidaholms kommun;2120001736;36;55,6;..;50,0;6;14;.;7;9;.;.;.;.;
Hellids grundskola 7-9;12872502;Tidaholm;1498;Kommunal;Tidaholms kommun;2120001736;404;45,8;20,3;51,2;.;.;.;.;.;.;137;142;125;
Rosenbergs grundskola 4-6;49842764;Tidaholm;1498;Kommunal;Tidaholms kommun;2120001736;182;47,8;12,1;44,0;.;.;.;58;45;79;.;.;.;
Rosenbergs grundskola F-3;45994949;Tidaholm;1498;Kommunal;Tidaholms kommun;2120001736;169;41,4;14,2;52,1;62;59;48;.;.;.;.;.;.;
Valstads grundskola;53815008;Tidaholm;1498;Kommunal;Tidaholms kommun;2120001736;70;60,0;20,0;34,3;16;9;9;21;9;6;.;.;.;
Aspenskolan;15416514;Tierp;0360;Kommunal;Tierps kommun;2120000266;471;50,3;34,6;41,4;56;35;34;35;39;54;71;81;66;
Björkängsskolan;19247682;Tierp;0360;Kommunal;Tierps kommun;2120000266;113;54,0;19,5;42,5;16;22;23;19;11;22;.;.;.;
Bruksskolan;65760581;Tierp;0360;Kommunal;Tierps kommun;2120000266;127;48,8;43,3;34,6;24;21;20;24;23;15;.;.;.;
Centralskolan;17240817;Tierp;0360;Kommunal;Tierps kommun;2120000266;450;48,9;15,3;48,2;49;41;50;50;50;44;58;59;49;
Hållnäs skola;70628321;Tierp;0360;Kommunal;Tierps kommun;2120000266;31;48,4;22,6;45,2;6;7;6;5;2;5;.;.;.;
Kyrkskolan;35386625;Tierp;0360;Kommunal;Tierps kommun;2120000266;61;49,2;8,2;29,5;19;18;11;13;.;.;.;.;.;
Mehede skola;34577135;Tierp;0360;Kommunal;Tierps kommun;2120000266;50;48,0;..;54,0;9;10;11;6;11;3;.;.;.;
Ol Andersskolan;65153737;Tierp;0360;Kommunal;Tierps kommun;2120000266;224;50,0;8,5;46,0;23;21;16;20;24;19;36;41;24;
Tallbacksskolan;62440231;Tierp;0360;Kommunal;Tierps kommun;2120000266;86;43,0;..;57,0;19;15;17;13;10;12;.;.;.;
Vendels skola;50014733;Tierp;0360;Kommunal;Tierps kommun;2120000266;55;49,1;..;50,9;12;12;8;15;8;.;.;.;.;
Örbyhus skola 7-9;69241995;Tierp;0360;Kommunal;Tierps kommun;2120000266;188;45,7;17,6;44,7;.;.;.;.;.;.;58;67;63;
Örbyhus skola F-6;15315609;Tierp;0360;Kommunal;Tierps kommun;2120000266;317;51,4;16,1;44,2;63;41;46;47;49;71;.;.;.;
Ala skola;59092675;Timrå;2262;Kommunal;Timrå kommun;2120002395;206;47,6;6,8;56,3;.;.;.;.;.;50;45;54;57;
Arenaskolan grundskola;81784662;Timrå;2262;Kommunal;Timrå kommun;2120002395;408;47,3;17,9;52,2;.;.;.;.;.;.;141;140;127;
Bergeforsen grundskola;99588685;Timrå;2262;Kommunal;Timrå kommun;2120002395;182;46,7;2,7;54,9;23;31;35;31;33;29;.;.;.;
Böle skola;25682466;Timrå;2262;Kommunal;Timrå kommun;2120002395;266;46,2;32,3;39,8;39;48;42;43;48;46;.;.;.;
Fagerviks skola;16932433;Timrå;2262;Kommunal;Timrå kommun;2120002395;121;52,1;..;66,1;20;13;20;22;22;24;.;.;.;
Laggarbergs skola;50430513;Timrå;2262;Kommunal;Timrå kommun;2120002395;107;42,1;.;62,6;21;22;15;21;10;18;.;.;.;
Ljustorps skola;83487510;Timrå;2262;Kommunal;Timrå kommun;2120002395;38;36,8;..;39,5;7;12;6;5;8;.;.;.;.;
Mariedalsskolan;28838540;Timrå;2262;Kommunal;Timrå kommun;2120002395;201;51,7;28,9;38,8;31;37;33;46;24;30;.;.;.;
Söråkers skola;58834998;Timrå;2262;Kommunal;Timrå kommun;2120002395;214;51,9;7,0;57,0;42;50;34;32;56;.;.;.;.;
Dackeskolan 7-9;56361478;Tingsryd;0763;Kommunal;Tingsryds kommun;2120000621;290;49,3;24,5;39,0;.;.;.;.;.;.;94;102;94;
Dackeskolan F-6;79538647;Tingsryd;0763;Kommunal;Tingsryds kommun;2120000621;306;48,7;23,2;43,1;42;57;41;52;51;63;.;.;.;
Idekulla skola;66342347;Tingsryd;0763;Enskild;Idekulla Skola Handelsbolag;9696416842;111;50,5;17,1;42,3;.;.;.;.;.;.;32;42;37;
Linnerydskolan;60865240;Tingsryd;0763;Kommunal;Tingsryds kommun;2120000621;71;52,1;14,1;45,1;12;8;16;18;8;9;.;.;.;
Rävemåla Friskola;38920772;Tingsryd;0763;Enskild;Rävemåla Friskola AB;5590434766;69;58,0;14,5;37,7;11;17;10;9;13;9;.;.;.;
Trojaskolan;38721951;Tingsryd;0763;Kommunal;Tingsryds kommun;2120000621;137;44,5;42,3;34,3;28;23;23;14;21;28;.;.;.;
Urshultsskolan;28944273;Tingsryd;0763;Kommunal;Tingsryds kommun;2120000621;96;45,8;26,0;44,8;11;18;15;19;11;22;.;.;.;
Väckelsångskolan;23559837;Tingsryd;0763;Kommunal;Tingsryds kommun;2120000621;113;38,1;13,3;49,6;20;19;17;22;19;16;.;.;.;
Örmoskolan;88544642;Tingsryd;0763;Kommunal;Tingsryds kommun;2120000621;26;50,0;30,8;46,2;10;5;11;.;.;.;.;.;.;
Bleketskolan;16656370;Tjörn;1419;Kommunal;Tjörns kommun;2120001306;227;50,2;11,0;60,4;.;.;.;.;.;.;72;70;85;
Fridas Hage;91601937;Tjörn;1419;Kommunal;Tjörns kommun;2120001306;180;47,8;12,8;62,2;34;40;30;42;34;.;.;.;.;
Häggvallskolan;23228302;Tjörn;1419;Kommunal;Tjörns kommun;2120001306;418;47,4;12,9;60,5;.;.;.;.;.;113;96;110;99;
Kållekärr skola;97207389;Tjörn;1419;Kommunal;Tjörns kommun;2120001306;149;57,0;25,5;51,0;36;25;29;28;31;.;.;.;.;
Myggenäs skola;32497986;Tjörn;1419;Kommunal;Tjörns kommun;2120001306;147;49,7;8,8;68,7;37;29;38;18;25;.;.;.;.;
Rönnäng skola;65647489;Tjörn;1419;Kommunal;Tjörns kommun;2120001306;189;47,6;5,3;66,1;22;36;30;38;30;33;.;.;.;
Skärhamns skola;82162039;Tjörn;1419;Kommunal;Tjörns kommun;2120001306;242;53,7;13,6;68,6;48;47;45;29;40;33;.;.;.;
Tjörns montessori skola och förskola;89065021;Tjörn;1419;Enskild;Tjörns Montessoriskola Ekonomisk förening;7696317606;21;42,9;..;52,4;7;2;6;3;3;.;.;.;.;
Brösarps skola;29868932;Tomelilla;1270;Kommunal;Tomelilla kommun;2120000886;84;44,0;16,7;60,7;12;14;14;12;18;14;.;.;.;
Byavångsskolan;48048407;Tomelilla;1270;Kommunal;Tomelilla kommun;2120000886;208;49,0;38,9;37,0;37;27;44;38;25;37;.;.;.;
Kastanjeskolan;90360196;Tomelilla;1270;Kommunal;Tomelilla kommun;2120000886;340;47,9;22,6;35,3;.;.;.;.;.;.;113;99;128;
Lindesborgsskolan;90664546;Tomelilla;1270;Kommunal;Tomelilla kommun;2120000886;259;47,9;28,2;37,5;41;48;42;32;42;54;.;.;.;
Odenslundsskolan;13631556;Tomelilla;1270;Kommunal;Tomelilla kommun;2120000886;114;50,0;10,5;43,0;20;21;14;20;18;21;.;.;.;
Smedstorps skola;20138309;Tomelilla;1270;Kommunal;Tomelilla kommun;2120000886;103;47,6;13,6;35,9;20;23;16;18;17;9;.;.;.;
Tryde Friskola;15210966;Tomelilla;1270;Enskild;Tryde Friskola Ekonomisk Förening;7696096887;123;46,3;.;61,8;22;22;20;19;20;20;.;.;.;
Frykenskolan;21568934;Torsby;1737;Kommunal;Torsby kommun;2120001777;606;49,2;20,3;43,9;.;.;.;109;96;111;94;90;106;
Holmesskolan;61795051;Torsby;1737;Kommunal;Torsby kommun;2120001777;224;50,9;22,8;38,8;80;75;69;.;.;.;.;.;.;
Kvistbergsskolan;83025413;Torsby;1737;Kommunal;Torsby kommun;2120001777;108;47,2;12,0;38,9;6;22;8;8;19;9;9;18;9;
Oleby skola;76747040;Torsby;1737;Kommunal;Torsby kommun;2120001777;39;48,7;..;51,3;11;16;12;.;.;.;.;.;.;
Stölletskolan;64856695;Torsby;1737;Kommunal;Torsby kommun;2120001777;14;64,3;64,3;..;4;2;4;.;4;.;.;.;.;
Östmarks skola;79961788;Torsby;1737;Kommunal;Torsby kommun;2120001777;49;49,0;10,2;51,0;4;13;11;14;7;.;.;.;.;
Bergkvara skola;57473410;Torsås;0834;Kommunal;Torsås kommun;2120000696;89;53,9;6,7;66,3;18;19;10;15;12;15;.;.;.;
Gullabo skola;37774645;Torsås;0834;Kommunal;Torsås kommun;2120000696;13;..;..;46,2;5;5;3;.;.;.;.;.;.;
Söderåkra skola;88771304;Torsås;0834;Kommunal;Torsås kommun;2120000696;80;46,3;25,0;41,3;16;16;13;10;14;11;.;.;.;
Torskolan H;99636909;Torsås;0834;Kommunal;Torsås kommun;2120000696;199;44,2;16,6;55,8;.;.;.;.;.;.;66;63;70;
Torskolan LM;36154153;Torsås;0834;Kommunal;Torsås kommun;2120000696;223;52,5;14,3;43,9;31;42;31;36;33;50;.;.;.;
Dalstorpskolan;87422942;Tranemo;1452;Kommunal;Tranemo kommun;2120001462;114;49,1;26,3;56,1;13;20;24;19;19;19;.;.;.;
Grimsåsskolan;82023614;Tranemo;1452;Kommunal;Tranemo kommun;2120001462;51;56,9;27,5;52,9;8;6;9;13;5;10;.;.;.;
Limmaredskolan;88207548;Tranemo;1452;Kommunal;Tranemo kommun;2120001462;153;39,2;32,0;37,9;22;31;28;28;24;20;.;.;.;
Länghemskolan;77589919;Tranemo;1452;Kommunal;Tranemo kommun;2120001462;148;48,0;11,5;54,1;29;24;25;29;18;23;.;.;.;
Tranängskolan 7-9;33759766;Tranemo;1452;Kommunal;Tranemo kommun;2120001462;419;52,0;28,2;47,0;.;.;.;.;.;.;141;147;131;
Tranängskolan F-6;54601339;Tranemo;1452;Kommunal;Tranemo kommun;2120001462;391;49,1;31,5;53,2;67;65;51;70;65;73;.;.;.;
Adelövs friskola;93581868;Tranås;0687;Enskild;Adelövs Friskoleförening;8024189154;60;41,7;13,3;61,7;14;8;9;12;7;10;.;.;.;
Autismgrupp 1-6;79956863;Tranås;0687;Kommunal;Tranås kommun;2120000597;8;..;..;..;.;.;1;4;2;1;.;.;.;
Autismgrupp 7-9;56167054;Tranås;0687;Kommunal;Tranås kommun;2120000597;7;..;..;71,4;.;.;.;.;.;1;2;2;2;
Fröafallsskolan;43607066;Tranås;0687;Kommunal;Tranås kommun;2120000597;268;47,8;20,1;51,1;46;48;38;48;44;44;.;.;.;
Gripenbergs skola;24238863;Tranås;0687;Kommunal;Tranås kommun;2120000597;44;45,5;..;54,5;5;9;4;8;13;5;.;.;.;
Hubbarpsskolan;70432835;Tranås;0687;Kommunal;Tranås kommun;2120000597;272;50,0;36,8;51,1;39;42;33;45;48;65;.;.;.;
Junkaremålsskolan 7-9;18476537;Tranås;0687;Kommunal;Tranås kommun;2120000597;352;44,9;20,7;62,2;.;.;.;.;.;.;115;110;127;
Junkaremålsskolan F-6;69312919;Tranås;0687;Kommunal;Tranås kommun;2120000597;317;48,3;28,1;59,0;42;51;43;64;49;68;.;.;.;
Linderås skola;33228563;Tranås;0687;Kommunal;Tranås kommun;2120000597;48;56,3;..;41,7;8;6;7;9;8;10;.;.;.;
Norrskolan;94938162;Tranås;0687;Kommunal;Tranås kommun;2120000597;213;44,6;46,9;46,9;38;45;37;48;45;.;.;.;.;
Sommens skola;81343555;Tranås;0687;Kommunal;Tranås kommun;2120000597;77;46,8;13,0;33,8;10;10;13;15;14;15;.;.;.;
Ängarydsskolan;10155751;Tranås;0687;Kommunal;Tranås kommun;2120000597;302;51,0;27,8;48,7;.;.;.;.;.;.;111;106;85;
Alstad skola;70747736;Trelleborg;1287;Kommunal;Trelleborgs kommun;2120001199;84;42,9;11,9;48,8;10;21;15;4;21;13;.;.;.;
Borgen;34304361;Trelleborg;1287;Kommunal;Trelleborgs kommun;2120001199;17;..;..;47,1;.;.;.;.;3;2;6;1;5;
Internationella Engelska Skolan Trelleborg;44524062;Trelleborg;1287;Enskild;Internationella Engelska Skolan i Sverige AB;5564624368;185;58,9;52,4;61,6;24;26;22;21;20;40;32;.;.;
Kattebäcksskolan;74071562;Trelleborg;1287;Kommunal;Trelleborgs kommun;2120001199;190;43,2;41,1;38,4;23;36;48;26;17;40;.;.;.;
Klagstorps skola;18414072;Trelleborg;1287;Kommunal;Trelleborgs kommun;2120001199;113;47,8;11,5;54,9;21;12;15;23;26;16;.;.;.;
Kunskapsskolan Trelleborg;65892623;Trelleborg;1287;Enskild;Kunskapsskolan i Sverige Aktiebolag;5565661815;353;53,0;22,1;70,3;.;.;.;27;41;60;84;86;55;
Liljeskolan;72668294;Trelleborg;1287;Kommunal;Trelleborgs kommun;2120001199;889;46,5;32,3;49,4;71;73;73;62;72;68;140;160;170;
Pilens Montessoriskola;67369522;Trelleborg;1287;Enskild;Söderslätts Montessoriskola Ekonomisk Förening;7696018121;39;69,2;..;48,7;16;9;10;4;.;.;.;.;.;
Pilevallskolan;24947938;Trelleborg;1287;Kommunal;Trelleborgs kommun;2120001199;350;42,6;62,9;33,1;25;40;42;16;39;37;45;57;49;
Serresjöskolan;98006060;Trelleborg;1287;Kommunal;Trelleborgs kommun;2120001199;290;50,7;7,2;70,0;44;55;56;49;46;40;.;.;.;
Sjöviksskolan;32492959;Trelleborg;1287;Kommunal;Trelleborgs kommun;2120001199;452;50,0;23,0;56,9;42;41;52;46;50;52;62;52;55;
Skegrie skola;17417951;Trelleborg;1287;Kommunal;Trelleborgs kommun;2120001199;308;47,4;10,7;71,8;59;48;49;48;46;28;30;.;.;
Smygeskolan;50958320;Trelleborg;1287;Kommunal;Trelleborgs kommun;2120001199;190;48,4;7,4;77,9;35;34;36;32;26;27;.;.;.;
Västervångskolan;38375490;Trelleborg;1287;Kommunal;Trelleborgs kommun;2120001199;746;50,7;17,8;54,8;79;73;76;73;74;69;82;109;111;
Väståkraskolan;16081769;Trelleborg;1287;Kommunal;Trelleborgs kommun;2120001199;473;50,5;12,9;49,0;36;37;38;58;42;51;65;66;80;
Östra skolan;25807975;Trelleborg;1287;Kommunal;Trelleborgs kommun;2120001199;157;48,4;31,8;48,4;25;23;36;21;27;25;.;.;.;
Björndalsskolan F-3;10161117;Trollhättan;1488;Kommunal;Trollhättans kommun;2120001546;117;45,3;25,6;80,3;37;39;41;.;.;.;.;.;.;
Dalkjusans skola F-3;73710116;Trollhättan;1488;Kommunal;Trollhättans kommun;2120001546;117;57,3;11,1;81,2;41;30;46;.;.;.;.;.;.;
Fridaskolan, Trollhättan;56884611;Trollhättan;1488;Enskild;Fridaskolorna AB;5564515988;539;50,3;9,6;81,8;52;53;52;52;52;52;75;76;75;
Hjortmosseskolan 6;11984124;Trollhättan;1488;Kommunal;Trollhättans kommun;2120001546;61;41,0;59,0;39,3;.;.;.;.;.;61;.;.;.;
Hjortmosseskolan F-5;48630799;Trollhättan;1488;Kommunal;Trollhättans kommun;2120001546;263;47,1;60,5;43,7;59;49;46;60;49;.;.;.;.;
Hälltorpskolan F-3;57342282;Trollhättan;1488;Kommunal;Trollhättans kommun;2120001546;68;48,5;..;89,7;26;26;16;.;.;.;.;.;.;
Kronan F-3;14423966;Trollhättan;1488;Kommunal;Trollhättans kommun;2120001546;165;48,5;85,5;17,0;52;56;57;.;.;.;.;.;.;
Lextorpsskolan F-6;86568988;Trollhättan;1488;Kommunal;Trollhättans kommun;2120001546;192;53,6;83,3;16,7;35;28;33;26;34;36;.;.;.;
Lyrfågelskolan 1-3;25375483;Trollhättan;1488;Kommunal;Trollhättans kommun;2120001546;253;46,2;14,6;71,5;79;83;91;.;.;.;.;.;.;
Lyrfågelskolan 4-6;81003761;Trollhättan;1488;Kommunal;Trollhättans kommun;2120001546;291;50,5;19,6;62,9;.;.;.;89;102;100;.;.;.;
Lyrfågelskolan 7-9;81052393;Trollhättan;1488;Kommunal;Trollhättans kommun;2120001546;413;46,2;20,8;63,4;.;.;.;.;.;.;136;137;140;
Montessoriskolan Trilobiten;49756946;Trollhättan;1488;Enskild;Trollhättans Montessoriskola Aktiebolag;5564696564;83;41,0;61,4;56,6;13;19;19;19;9;4;.;.;.;
Nordic International School Trollhättan;45769922;Trollhättan;1488;Enskild;Nordic International School AB;5566102033;335;52,5;63,0;58,8;.;.;.;29;49;59;57;85;56;
Nya Skolan Egna Hem;64839129;Trollhättan;1488;Enskild;Nya Skolan Trollhättan Aktiebolag;5566127600;40;32,5;45,0;57,5;10;15;5;8;2;.;.;.;.;
Nya Skolan, Trollhättan, Pettersberg;11588924;Trollhättan;1488;Enskild;Nya Skolan Trollhättan Aktiebolag;5566127600;240;46,3;66,3;41,3;32;35;37;25;19;25;20;19;28;
Paradisskolan 2-3;24221144;Trollhättan;1488;Kommunal;Trollhättans kommun;2120001546;13;53,8;~100;76,9;.;6;7;.;.;.;.;.;.;
Paradisskolan 4-9;38786603;Trollhättan;1488;Kommunal;Trollhättans kommun;2120001546;400;50,5;33,8;72,3;.;.;.;55;61;64;68;77;75;
Sjuntorpskolan 4-9;39396701;Trollhättan;1488;Kommunal;Trollhättans kommun;2120001546;315;46,0;8,9;60,0;.;.;.;38;52;63;59;51;52;
Sjuntorpskolan F-3;95817060;Trollhättan;1488;Kommunal;Trollhättans kommun;2120001546;130;58,5;8,5;61,5;34;39;57;.;.;.;.;.;.;
Skoftebyskolan 5-6;33084446;Trollhättan;1488;Kommunal;Trollhättans kommun;2120001546;73;50,7;24,7;71,2;.;.;.;.;38;35;.;.;.;
Skoftebyskolan F-4;77189144;Trollhättan;1488;Kommunal;Trollhättans kommun;2120001546;206;48,1;19,9;73,8;51;49;52;54;.;.;.;.;.;
Skogshöjdens skola 4-5;66053963;Trollhättan;1488;Kommunal;Trollhättans kommun;2120001546;92;47,8;18,5;80,4;.;.;.;43;49;.;.;.;.;
Skogshöjdens skola 6-9;17106266;Trollhättan;1488;Kommunal;Trollhättans kommun;2120001546;186;59,7;28,0;59,7;.;.;.;.;.;49;43;47;47;
Slättbergsskolan 7-9;84590859;Trollhättan;1488;Kommunal;Trollhättans kommun;2120001546;165;52,7;50,3;42,4;.;.;.;.;.;.;53;56;56;
Stavreskolan 6-9;49525819;Trollhättan;1488;Kommunal;Trollhättans kommun;2120001546;236;45,8;37,3;54,2;.;.;.;.;.;77;54;53;52;
Stavreskolan F-5;62124821;Trollhättan;1488;Kommunal;Trollhättans kommun;2120001546;239;47,3;31,8;61,1;36;44;38;49;72;.;.;.;.;
Strömslundsskolan  F-3;21251931;Trollhättan;1488;Kommunal;Trollhättans kommun;2120001546;134;48,5;4,5;80,6;43;52;39;.;.;.;.;.;.;
Strömslundsskolan 4-6;56578716;Trollhättan;1488;Kommunal;Trollhättans kommun;2120001546;213;49,8;14,6;69,0;.;.;.;65;72;76;.;.;.;
Strömslundsskolan 7-9;96091081;Trollhättan;1488;Kommunal;Trollhättans kommun;2120001546;219;40,2;12,3;64,8;.;.;.;.;.;.;70;75;74;
Sylteskolan 7-9;66414430;Trollhättan;1488;Kommunal;Trollhättans kommun;2120001546;279;53,0;68,8;34,4;.;.;.;.;.;.;73;111;95;
Sylteskolan F-6;36250779;Trollhättan;1488;Kommunal;Trollhättans kommun;2120001546;191;47,6;76,4;32,5;26;29;38;33;37;28;.;.;.;
Upphärads skola F-5;46989514;Trollhättan;1488;Kommunal;Trollhättans kommun;2120001546;55;45,5;10,9;58,2;18;9;13;15;.;.;.;.;.;
Velanda skola F-6;30900579;Trollhättan;1488;Kommunal;Trollhättans kommun;2120001546;116;47,4;12,1;62,1;20;18;24;17;23;14;.;.;.;
Åsaka skola F-6;24640784;Trollhättan;1488;Kommunal;Trollhättans kommun;2120001546;128;49,2;10,2;56,3;20;26;12;24;23;23;.;.;.;
Fornbyskolan;78789903;Trosa;0488;Kommunal;Trosa kommun;2120002957;341;49,6;29,9;45,5;66;65;51;38;62;59;.;.;.;
Hedebyskolan;45500152;Trosa;0488;Kommunal;Trosa kommun;2120002957;223;45,7;22,0;42,6;.;.;.;.;.;.;58;85;80;
Kyrkskolan;58028919;Trosa;0488;Kommunal;Trosa kommun;2120002957;133;40,6;11,3;56,4;25;21;19;18;25;25;.;.;.;
Skärlagskolan;56521006;Trosa;0488;Kommunal;Trosa kommun;2120002957;331;43,5;19,6;66,5;57;59;58;52;43;62;.;.;.;
Tomtaklintskolan;51044218;Trosa;0488;Kommunal;Trosa kommun;2120002957;307;57,3;11,4;66,8;.;.;.;.;.;.;103;99;105;
Vitalisskolan;95410474;Trosa;0488;Kommunal;Trosa kommun;2120002957;316;50,9;11,1;73,4;42;46;54;53;71;50;.;.;.;
Bergfotens skola;58862351;Tyresö;0138;Kommunal;Tyresö kommun;2120000092;247;49,4;20,2;56,7;46;48;44;38;39;32;.;.;.;
Dalskolan;56130729;Tyresö;0138;Kommunal;Tyresö kommun;2120000092;287;45,3;17,4;54,7;.;.;.;.;.;.;99;84;104;
Fornuddens skola;71078874;Tyresö;0138;Kommunal;Tyresö kommun;2120000092;713;47,0;9,3;79,8;55;75;54;111;106;103;104;105;.;
Fårdala skola;41888515;Tyresö;0138;Kommunal;Tyresö kommun;2120000092;305;39,0;17,0;70,5;53;55;57;44;50;46;.;.;.;
Hanvikens skola;48312263;Tyresö;0138;Kommunal;Tyresö kommun;2120000092;382;47,6;12,0;71,5;72;73;80;73;36;48;.;.;.;
Internationella Engelska Skolan Tyresö;60904587;Tyresö;0138;Enskild;Internationella Engelska Skolan i Sverige AB;5564624368;918;54,0;35,8;74,6;.;.;.;129;160;158;159;154;158;
Krusboda skola;84704913;Tyresö;0138;Kommunal;Tyresö kommun;2120000092;273;38,8;11,4;66,7;48;50;54;32;46;43;.;.;.;
Kumla skola;37147254;Tyresö;0138;Kommunal;Tyresö kommun;2120000092;650;44,3;8,8;69,5;33;56;71;49;41;42;106;105;147;
Njupkärrs skola;33455004;Tyresö;0138;Kommunal;Tyresö kommun;2120000092;248;46,4;52,8;32,3;43;50;47;32;35;41;.;.;.;
Noblaskolan Brevik;95747197;Tyresö;0138;Enskild;Pysslingen Förskolor och Skolor AB;5560354309;232;51,3;5,2;70,7;43;42;39;40;35;33;.;.;.;
Nyboda skola;31281674;Tyresö;0138;Kommunal;Tyresö kommun;2120000092;379;54,4;32,2;46,4;.;.;.;19;22;16;105;110;107;
Sofiebergsskolan;39453214;Tyresö;0138;Kommunal;Tyresö kommun;2120000092;161;55,3;7,5;83,9;51;53;53;1;2;1;.;.;.;
Stimmets skola;52531425;Tyresö;0138;Kommunal;Tyresö kommun;2120000092;241;45,6;36,9;46,5;40;50;51;33;34;33;.;.;.;
Strandskolan;87665835;Tyresö;0138;Kommunal;Tyresö kommun;2120000092;674;52,7;7,7;78,9;76;75;74;74;76;74;75;76;74;
Tyresö Montessoriskola;22202915;Tyresö;0138;Enskild;Montessori Förskolor och Skolor i Sverige AB;5591658975;63;39,7;54,0;57,1;27;15;17;.;3;1;.;.;.;
Tyresö skola;83020784;Tyresö;0138;Kommunal;Tyresö kommun;2120000092;628;47,1;11,6;67,2;55;53;52;52;53;55;103;101;104;
Brinkskolan;13665610;Täby;0160;Kommunal;Täby kommun;2120000118;364;45,1;9,1;90,1;56;56;78;56;69;49;.;.;.;
Byleskolan;69043808;Täby;0160;Kommunal;Täby kommun;2120000118;444;51,1;7,7;89,4;86;67;74;69;67;81;.;.;.;
Byängsskolan;65839656;Täby;0160;Enskild;Byängsskolan AB;5567563316;723;48,0;26,7;75,5;80;77;76;78;78;86;82;83;83;
Capellaskolan Dibber;88700175;Täby;0160;Enskild;Dibber Capella Skola AB;5565190609;27;..;29,6;70,4;5;2;4;2;1;3;1;3;6;
Drakskeppsskolan;89751941;Täby;0160;Kommunal;Täby kommun;2120000118;150;44,7;24,7;87,3;40;33;46;16;15;.;.;.;.;
Ellagårdsskolan;44002887;Täby;0160;Kommunal;Täby kommun;2120000118;280;41,1;10,0;89,6;50;54;54;37;45;40;.;.;.;
Futuraskolan International Bergtorp;24142153;Täby;0160;Enskild;Futuraskolan AB;5566095047;598;47,0;14,7;79,6;.;.;.;.;.;124;140;185;149;
Helleborusskolan Täby AB;45984740;Täby;0160;Enskild;Helleborusskolan Täby AB;5567508386;291;36,8;10,3;74,9;3;6;8;14;28;28;47;77;80;
Hägerneholmsskolan;41181908;Täby;0160;Kommunal;Täby kommun;2120000118;450;48,0;27,6;79,6;66;65;68;56;51;59;55;30;.;
Internationella Engelska Skolan Täby;12332278;Täby;0160;Enskild;Internationella Engelska Skolan i Sverige AB;5564624368;1 292;49,1;30,7;90,8;.;.;.;211;209;224;222;212;214;
Kunskapsskolan Täby;25309669;Täby;0160;Enskild;Kunskapsskolan i Sverige Aktiebolag;5565661815;324;48,8;16,4;80,6;.;.;.;29;43;52;76;45;79;
Kyrkskolan;78918091;Täby;0160;Kommunal;Täby kommun;2120000118;354;51,1;10,7;84,7;51;42;66;55;76;64;.;.;.;
Mellansjö skola;54332921;Täby;0160;Enskild;Nytida Enigma AB;5564870771;64;20,3;18,8;45,3;.;1;1;3;5;8;5;14;27;
Myrängsskolan;52866214;Täby;0160;Kommunal;Täby kommun;2120000118;149;45,6;28,9;65,8;31;43;34;23;18;.;.;.;.;
Noblaskolan Täby;23312767;Täby;0160;Enskild;Pysslingen Förskolor och Skolor AB;5560354309;420;49,3;20,7;90,2;51;54;34;58;54;47;45;51;26;
Norskolan;71638763;Täby;0160;Kommunal;Täby kommun;2120000118;150;44,7;29,3;74,0;51;50;49;.;.;.;.;.;.;
Nytorpsskolan;34125463;Täby;0160;Enskild;Nytida Enigma AB;5564870771;44;25,0;13,6;61,4;.;.;1;6;3;9;4;16;5;
Näsbydalskolan;22807677;Täby;0160;Kommunal;Täby kommun;2120000118;361;54,8;21,1;79,5;.;.;.;.;.;66;102;82;111;
Näsbyparksskolan;96330648;Täby;0160;Kommunal;Täby kommun;2120000118;647;51,2;20,7;77,7;.;.;.;113;101;96;103;118;116;
Rösjöskolan;83623446;Täby;0160;Kommunal;Täby kommun;2120000118;450;48,4;4,9;93,3;73;78;78;70;77;74;.;.;.;
Skarpängsskolan;83454509;Täby;0160;Kommunal;Täby kommun;2120000118;494;44,9;8,7;86,0;.;.;.;.;.;.;168;157;169;
Skolhagenskolan;69088221;Täby;0160;Kommunal;Täby kommun;2120000118;438;48,4;7,1;84,5;.;.;.;.;.;.;140;159;139;
Slottsparksskolan;41554150;Täby;0160;Kommunal;Täby kommun;2120000118;181;53,0;12,2;93,9;75;55;51;.;.;.;.;.;.;
Spirande lärande i Täby AB;89424201;Täby;0160;Enskild;Spirande lärande i Täby AB;5565917993;161;47,2;18,6;79,5;.;.;.;23;23;30;30;25;30;
Svalnäs skola;84230778;Täby;0160;Enskild;Svalnäs, ekonomisk förening;7696236806;13;..;..;46,2;.;.;.;.;.;1;2;4;6;
Täby Friskola-Enhagen;32231541;Täby;0160;Enskild;Täby Friskola Aktiebolag;5565998860;458;57,9;16,6;86,9;.;.;.;.;.;114;107;119;118;
Täby Friskola-Hägernäs;65545391;Täby;0160;Enskild;Täby Friskola Aktiebolag;5565998860;109;45,9;46,8;70,6;19;23;24;22;21;.;.;.;.;
Täby Friskola-Lilla Gribbylund/Gribbylund;55267088;Täby;0160;Enskild;Täby Friskola Aktiebolag;5565998860;224;55,4;23,2;81,3;48;46;49;43;38;.;.;.;.;
Täby Friskola-Ljungmyr;72769342;Täby;0160;Enskild;Täby Friskola Aktiebolag;5565998860;109;46,8;25,7;88,1;18;17;24;28;22;.;.;.;.;
Vallatorpsskolan;57206066;Täby;0160;Kommunal;Täby kommun;2120000118;406;44,3;16,7;77,6;60;47;64;47;54;50;25;28;31;
Viggbyskolan;53352683;Täby;0160;Kommunal;Täby kommun;2120000118;238;51,7;17,6;83,2;56;48;54;34;46;.;.;.;.;
Ytterbyskolan;77370320;Täby;0160;Kommunal;Täby kommun;2120000118;247;53,4;27,9;79,4;37;46;42;61;61;.;.;.;.;
Björkängsskolan;46536338;Töreboda;1473;Kommunal;Töreboda kommun;2120001678;187;47,6;33,2;44,9;.;.;.;57;61;69;.;.;.;
Fredsbergs Friskola;91055758;Töreboda;1473;Enskild;Fredsbergs Friskola ekonomisk förening;7696207443;87;43,7;..;60,9;12;24;16;9;14;12;.;.;.;
Kilenskolan;13492888;Töreboda;1473;Kommunal;Töreboda kommun;2120001678;165;44,8;27,9;45,5;47;63;55;.;.;.;.;.;.;
Moholms skola;65599852;Töreboda;1473;Kommunal;Töreboda kommun;2120001678;80;58,8;8,8;58,8;16;14;11;17;11;11;.;.;.;
Töreboda Centralskola;94707451;Töreboda;1473;Kommunal;Töreboda kommun;2120001678;292;47,9;24,3;46,9;.;.;.;.;.;.;100;81;111;
Älgarås skola;55688408;Töreboda;1473;Kommunal;Töreboda kommun;2120001678;48;41,7;16,7;22,9;13;2;17;3;8;5;.;.;.;
Bokenäs skola;20245835;Uddevalla;1485;Kommunal;Uddevalla kommun;2120001397;163;46,0;4,3;61,3;24;30;25;18;31;35;.;.;.;
Dalabergsskolan;55030337;Uddevalla;1485;Kommunal;Uddevalla kommun;2120001397;265;50,2;66,8;32,5;41;30;42;48;49;55;.;.;.;
Forshällaskolan;19612340;Uddevalla;1485;Kommunal;Uddevalla kommun;2120001397;303;51,2;7,6;72,6;59;66;43;51;42;42;.;.;.;
Fridaskolan, Uddevalla;27489448;Uddevalla;1485;Enskild;Fridaskolorna AB;5564515988;533;48,0;17,3;70,7;50;52;52;54;54;52;75;72;72;
Hogstorp skola;31201216;Uddevalla;1485;Kommunal;Uddevalla kommun;2120001397;134;47,8;14,2;61,2;23;24;16;24;22;25;.;.;.;
Hovhultsskolan;25121914;Uddevalla;1485;Kommunal;Uddevalla kommun;2120001397;233;49,4;85,4;33,5;38;34;40;39;39;43;.;.;.;
Hällebergsskolan;52464734;Uddevalla;1485;Enskild;Hällebergsförsamlingen;8585000410;82;41,5;17,1;84,1;9;11;4;8;15;7;12;11;5;
Kisslebergsskolan;37667577;Uddevalla;1485;Kommunal;Uddevalla kommun;2120001397;227;48,5;15,4;67,8;32;33;47;43;47;25;.;.;.;
Källdalsskolan 4 - 6;25620892;Uddevalla;1485;Kommunal;Uddevalla kommun;2120001397;230;49,1;11,3;67,0;.;.;.;74;66;90;.;.;.;
Källdalsskolan F - 3;25674555;Uddevalla;1485;Kommunal;Uddevalla kommun;2120001397;207;47,8;10,1;76,3;70;68;69;.;.;.;.;.;.;
Lane Ryrs skola;43476389;Uddevalla;1485;Kommunal;Uddevalla kommun;2120001397;117;53,0;..;57,3;17;19;18;24;19;20;.;.;.;
Linnéaskolan;92086024;Uddevalla;1485;Kommunal;Uddevalla kommun;2120001397;306;42,5;13,4;73,2;.;.;.;.;.;.;97;108;101;
Ljungskileskolan 4 - 6;88794685;Uddevalla;1485;Kommunal;Uddevalla kommun;2120001397;234;47,4;8,5;80,8;.;.;.;59;90;85;.;.;.;
Ljungskileskolan F - 3;88846671;Uddevalla;1485;Kommunal;Uddevalla kommun;2120001397;208;54,8;4,3;76,4;61;64;83;.;.;.;.;.;.;
Norgårdenskolan 7-9;10405686;Uddevalla;1485;Kommunal;Uddevalla kommun;2120001397;479;48,0;12,5;64,9;.;.;.;.;.;.;151;152;176;
Norrskolan;94910948;Uddevalla;1485;Kommunal;Uddevalla kommun;2120001397;291;53,6;24,1;66,0;45;46;49;47;51;53;.;.;.;
Ramneröd F-3;55668386;Uddevalla;1485;Kommunal;Uddevalla kommun;2120001397;50;44,0;30,0;72,0;12;18;20;.;.;.;.;.;.;
Ramnerödsskolan;83416307;Uddevalla;1485;Kommunal;Uddevalla kommun;2120001397;238;47,5;59,7;44,1;.;.;.;.;.;.;75;81;82;
Sandersdalskolan;35359339;Uddevalla;1485;Kommunal;Uddevalla kommun;2120001397;247;51,0;41,7;52,2;87;80;80;.;.;.;.;.;.;
Sommarhemsskolan 7-9;45535775;Uddevalla;1485;Kommunal;Uddevalla kommun;2120001397;382;46,9;33,0;52,1;.;.;.;.;.;.;143;119;120;
Sommarhemsskolan F-6;68954250;Uddevalla;1485;Kommunal;Uddevalla kommun;2120001397;293;52,9;25,9;56,7;47;48;46;57;50;45;.;.;.;
Stenbackeskolan;77005811;Uddevalla;1485;Enskild;Stiftelsen Uddevalla Kristna Skola;8585011904;182;50,0;46,7;56,6;19;16;16;23;22;23;16;23;24;
Unnerödsskolan;16834913;Uddevalla;1485;Kommunal;Uddevalla kommun;2120001397;296;49,0;41,2;60,8;.;.;.;94;89;113;.;.;.;
Vassbo skola;29585776;Uddevalla;1485;Enskild;Vassbo Behandlingshem AB;5564491602;6;.;.;..;.;.;.;.;1;1;2;1;1;
Västerskolan 7-9;62222568;Uddevalla;1485;Kommunal;Uddevalla kommun;2120001397;323;48,3;44,9;49,5;.;.;.;.;.;.;114;92;117;
Äsperödsskolan F-6;95427242;Uddevalla;1485;Kommunal;Uddevalla kommun;2120001397;291;48,1;47,1;41,9;48;46;47;48;47;55;.;.;.;
Blidsbergs skola;72147290;Ulricehamn;1491;Kommunal;Ulricehamns kommun;2120001579;80;45,0;20,0;45,0;11;17;14;13;15;10;.;.;.;
Bogesundsskolan;47154034;Ulricehamn;1491;Kommunal;Ulricehamns kommun;2120001579;414;51,2;21,3;57,7;61;59;65;65;92;72;.;.;.;
Dalums skola;45023137;Ulricehamn;1491;Kommunal;Ulricehamns kommun;2120001579;61;44,3;29,5;32,8;14;9;12;8;4;14;.;.;.;
Gällstads skola;47657033;Ulricehamn;1491;Kommunal;Ulricehamns kommun;2120001579;131;54,2;13,0;32,8;12;27;25;18;24;25;.;.;.;
Hökerums skola;87650899;Ulricehamn;1491;Kommunal;Ulricehamns kommun;2120001579;194;43,8;7,7;61,9;27;36;26;28;38;39;.;.;.;
Hössna skola;88344039;Ulricehamn;1491;Kommunal;Ulricehamns kommun;2120001579;101;51,5;5,0;53,5;17;17;17;20;17;13;.;.;.;
Marbäcks skola;73076557;Ulricehamn;1491;Kommunal;Ulricehamns kommun;2120001579;52;57,7;28,8;65,4;11;10;11;6;8;6;.;.;.;
Montessoriskolan Lindängen;70072450;Ulricehamn;1491;Enskild;Montessori Ekhagen Ulricehamn AB;5569003279;79;49,4;30,4;78,5;12;17;14;12;15;9;.;.;.;
Stenbocksskolan;39517088;Ulricehamn;1491;Kommunal;Ulricehamns kommun;2120001579;621;49,1;20,1;56,0;.;.;.;.;.;.;212;181;228;
Timmele skola;97453154;Ulricehamn;1491;Kommunal;Ulricehamns kommun;2120001579;103;38,8;13,6;40,8;11;13;19;17;18;25;.;.;.;
Tvärreds skola;22689061;Ulricehamn;1491;Kommunal;Ulricehamns kommun;2120001579;74;47,3;10,8;56,8;19;14;10;11;11;9;.;.;.;
Ulrikaskolan;32255976;Ulricehamn;1491;Kommunal;Ulricehamns kommun;2120001579;330;44,2;18,8;60,3;43;57;63;45;66;56;.;.;.;
Vegby skola;28791604;Ulricehamn;1491;Kommunal;Ulricehamns kommun;2120001579;63;57,1;23,8;42,9;15;12;4;12;9;11;.;.;.;
Vistaholms skola;92595749;Ulricehamn;1491;Enskild;Föräldrakooperativet Vistaholm Ek. För.;7164477551;34;61,8;.;67,6;13;12;9;.;.;.;.;.;.;
Ätradalsskolan;28080863;Ulricehamn;1491;Kommunal;Ulricehamns kommun;2120001579;237;48,1;15,2;43,9;.;.;.;.;.;.;74;74;89;
Backens skola;25521617;Umeå;2480;Kommunal;Umeå kommun;2120002627;233;52,8;6,4;82,8;24;26;24;58;50;51;.;.;.;
Berghemsskolan;25207162;Umeå;2480;Kommunal;Umeå kommun;2120002627;197;38,6;19,8;84,3;45;31;33;28;34;26;.;.;.;
Botsmarks skola;79923530;Umeå;2480;Kommunal;Umeå kommun;2120002627;7;..;..;..;1;2;4;.;.;.;.;.;.;
Brännlands skola;37553014;Umeå;2480;Kommunal;Umeå kommun;2120002627;51;54,9;..;86,3;17;16;18;.;.;.;.;.;.;
Bräntbergsskolan;51175885;Umeå;2480;Kommunal;Umeå kommun;2120002627;142;48,6;27,5;64,8;.;.;.;.;.;.;35;71;36;
Bräntbergsskolan AST;69175138;Umeå;2480;Kommunal;Umeå kommun;2120002627;28;21,4;.;82,1;.;.;.;.;.;.;13;8;7;
Bullmarks skola;28764965;Umeå;2480;Kommunal;Umeå kommun;2120002627;66;43,9;..;69,7;8;4;18;14;10;12;.;.;.;
Böleängsskolan 1;45419793;Umeå;2480;Kommunal;Umeå kommun;2120002627;323;44,0;10,8;70,3;67;46;62;51;56;41;.;.;.;
Carlshöjdsskolan;16095592;Umeå;2480;Kommunal;Umeå kommun;2120002627;413;45,5;20,6;80,6;49;47;37;50;51;47;46;41;45;
Ersdungens skola;78472427;Umeå;2480;Kommunal;Umeå kommun;2120002627;202;44,1;26,7;56,9;25;40;47;32;38;20;.;.;.;
Ersmarks skola;47009887;Umeå;2480;Kommunal;Umeå kommun;2120002627;144;50,7;5,6;81,3;32;22;27;27;36;.;.;.;.;
Ersängsskolan 7-9;96783420;Umeå;2480;Kommunal;Umeå kommun;2120002627;146;45,9;46,6;40,4;.;.;.;.;.;.;54;49;43;
Ersängsskolan F-6;69702464;Umeå;2480;Kommunal;Umeå kommun;2120002627;209;51,2;41,6;44,5;25;24;18;59;41;42;.;.;.;
Flurkmarks skola;37063267;Umeå;2480;Kommunal;Umeå kommun;2120002627;87;55,2;..;54,0;13;11;9;22;19;13;.;.;.;
Grisbacka skola F-6;38044067;Umeå;2480;Kommunal;Umeå kommun;2120002627;390;52,1;2,1;83,6;61;50;52;83;77;67;.;.;.;
Grubbeskolan 1;21768043;Umeå;2480;Kommunal;Umeå kommun;2120002627;191;48,2;6,3;85,3;.;.;.;.;.;.;84;56;51;
Grubbeskolan 2;89248713;Umeå;2480;Kommunal;Umeå kommun;2120002627;187;49,2;9,6;75,9;.;.;.;.;.;.;84;53;50;
Hagaskolan F-9;84622889;Umeå;2480;Kommunal;Umeå kommun;2120002627;500;50,4;8,2;76,2;26;23;23;59;67;63;105;74;60;
Hannaskolan;68950088;Umeå;2480;Enskild;Umeå Kristna Skolförening;8024231154;86;59,3;19,8;67,4;7;7;8;6;11;12;12;14;9;
Hedlundaskolan;69788677;Umeå;2480;Kommunal;Umeå kommun;2120002627;139;50,4;14,4;82,7;22;23;26;25;25;18;.;.;.;
Hissjö skola;60423731;Umeå;2480;Kommunal;Umeå kommun;2120002627;87;40,2;..;69,0;19;13;14;11;18;12;.;.;.;
Hörnefors Centralskola 7-9;85438284;Umeå;2480;Kommunal;Umeå kommun;2120002627;126;40,5;..;62,7;.;.;.;.;.;.;52;40;34;
Hörnefors Centralskola F-6;60878225;Umeå;2480;Kommunal;Umeå kommun;2120002627;256;52,0;3,1;66,4;45;45;35;40;47;44;.;.;.;
Innertavle skola;96264838;Umeå;2480;Kommunal;Umeå kommun;2120002627;99;57,6;6,1;89,9;11;23;23;20;22;.;.;.;.;
Internationella Engelska Skolan Umeå;53993567;Umeå;2480;Enskild;Internationella Engelska Skolan i Sverige AB;5564624368;461;52,9;39,0;76,6;.;26;28;52;62;84;60;89;60;
Kasamarks skola;87810158;Umeå;2480;Kommunal;Umeå kommun;2120002627;138;50,7;..;70,3;28;21;22;23;25;19;.;.;.;
Linblommans skola;45157993;Umeå;2480;Kommunal;Umeå kommun;2120002627;116;56,9;14,7;63,8;23;14;33;5;23;18;.;.;.;
Linneaskolan;39117429;Umeå;2480;Kommunal;Umeå kommun;2120002627;148;52,0;10,1;58,8;.;.;.;.;.;.;54;53;41;
Maja Beskowskolan;84461484;Umeå;2480;Kommunal;Umeå kommun;2120002627;509;55,6;16,1;77,4;.;.;.;.;.;.;177;161;171;
Mariaskolan;23470743;Umeå;2480;Enskild;Umeå Kristna Friskoleförening;8940028478;66;59,1;24,2;71,2;9;4;7;3;10;6;10;8;9;
Mariebergsskolan 1;38619250;Umeå;2480;Kommunal;Umeå kommun;2120002627;272;45,2;16,2;77,2;47;49;49;50;43;34;.;.;.;
Mariehemsskolan;50574364;Umeå;2480;Kommunal;Umeå kommun;2120002627;182;54,9;34,6;73,6;19;41;25;34;26;37;.;.;.;
Minervaskolan;75713343;Umeå;2480;Enskild;Minervaskolan i Umeå AB;5565735049;576;49,8;29,0;85,2;41;44;44;69;55;71;93;81;78;
Obbola skola;96298476;Umeå;2480;Kommunal;Umeå kommun;2120002627;336;48,5;4,2;73,8;36;44;41;29;34;39;40;46;27;
Pops Academy Umeå;41363340;Umeå;2480;Enskild;Primaskolan i Sverige AB;5565570958;99;74,7;7,1;73,7;.;.;.;8;5;24;18;16;28;
Prolympia, Umeå;28958120;Umeå;2480;Enskild;Ulno AB;5566577705;324;43,5;2,5;85,8;.;.;.;.;.;81;81;81;81;
Röbäcks skola;77368623;Umeå;2480;Kommunal;Umeå kommun;2120002627;137;48,2;3,6;81,0;25;24;25;21;28;14;.;.;.;
Rödåsels skola;32965875;Umeå;2480;Kommunal;Umeå kommun;2120002627;35;48,6;..;62,9;6;7;10;6;6;.;.;.;.;
Rödängsskolan;88958524;Umeå;2480;Kommunal;Umeå kommun;2120002627;83;54,2;..;80,7;31;30;22;.;.;.;.;.;.;
Sandalidens skola;73411818;Umeå;2480;Kommunal;Umeå kommun;2120002627;133;40,6;6,8;78,2;46;44;43;.;.;.;.;.;.;
Sjöfruskolan 2;76474572;Umeå;2480;Kommunal;Umeå kommun;2120002627;470;47,4;10,9;88,1;50;47;49;119;115;90;.;.;.;
Sjöfruskolan 3;76392400;Umeå;2480;Kommunal;Umeå kommun;2120002627;239;41,4;8,8;86,6;.;.;.;.;.;.;61;97;81;
Skärgårdsskolan;24030101;Umeå;2480;Kommunal;Umeå kommun;2120002627;255;47,8;8,2;71,8;80;88;87;.;.;.;.;.;.;
Sofiehemsskolan;67694999;Umeå;2480;Kommunal;Umeå kommun;2120002627;121;42,1;21,5;90,9;24;23;25;23;26;.;.;.;.;
Språkskolan;55815397;Umeå;2480;Enskild;Språkskolan i Umeå Ek. För.;7696004535;193;52,3;29,5;83,4;19;22;21;24;19;23;21;22;22;
Storsjöskolan 1;82985120;Umeå;2480;Kommunal;Umeå kommun;2120002627;293;45,4;7,8;82,6;.;.;.;90;107;96;.;.;.;
Storsjöskolan 2;10954341;Umeå;2480;Kommunal;Umeå kommun;2120002627;232;47,8;11,6;79,3;.;.;.;.;.;.;87;74;71;
Stöcke skola;62950059;Umeå;2480;Kommunal;Umeå kommun;2120002627;135;47,4;.;75,6;20;25;25;25;22;18;.;.;.;
Stöcksjö skola;45314528;Umeå;2480;Kommunal;Umeå kommun;2120002627;97;46,4;.;78,4;18;18;17;16;19;9;.;.;.;
Sävar skola;90639590;Umeå;2480;Kommunal;Umeå kommun;2120002627;685;51,4;3,1;75,0;74;65;67;69;62;60;108;103;77;
Södra Ålidhemsskolan 6-9;42752416;Umeå;2480;Kommunal;Umeå kommun;2120002627;246;51,6;39,0;67,1;.;.;.;.;.;59;57;56;74;
Södra Ålidhemsskolan F-5;99722916;Umeå;2480;Kommunal;Umeå kommun;2120002627;135;52,6;73,3;47,4;29;35;25;20;26;.;.;.;.;
Sörfors skola;19305941;Umeå;2480;Kommunal;Umeå kommun;2120002627;102;41,2;..;69,6;19;10;19;20;20;14;.;.;.;
Sörmjöle skola;67083722;Umeå;2480;Kommunal;Umeå kommun;2120002627;59;59,3;..;88,1;13;12;13;7;9;5;.;.;.;
Tavelsjö skola;18541909;Umeå;2480;Kommunal;Umeå kommun;2120002627;123;48,8;..;74,0;20;22;20;22;16;23;.;.;.;
Tegs centralskola;49975985;Umeå;2480;Kommunal;Umeå kommun;2120002627;309;48,2;9,4;72,8;.;.;.;.;.;.;117;108;84;
Tomtebogårds skola;77145359;Umeå;2480;Kommunal;Umeå kommun;2120002627;210;49,0;12,9;86,7;71;67;72;.;.;.;.;.;.;
Täfteå skola;36053080;Umeå;2480;Kommunal;Umeå kommun;2120002627;173;49,1;..;86,7;28;23;34;26;36;26;.;.;.;
Umeå Montessoriskola;10310119;Umeå;2480;Enskild;Umeå montessoriskola ek. för.;7696345839;71;40,8;9,9;84,5;17;11;13;12;12;6;.;.;.;
Umeå Waldorfskola, gr;16183719;Umeå;2480;Enskild;Stiftelsen Umeå Waldorfskola R Karlsson Mfl;8940012076;189;53,4;4,8;87,3;21;18;26;18;22;22;25;20;17;
Västangårds skola 7-9;36171517;Umeå;2480;Kommunal;Umeå kommun;2120002627;185;48,6;14,1;65,4;.;.;.;.;.;.;44;75;66;
Västangårds skola F-6;61648125;Umeå;2480;Kommunal;Umeå kommun;2120002627;290;44,8;12,4;74,8;47;46;51;37;50;59;.;.;.;
Östermalmsskolan;48538034;Umeå;2480;Kommunal;Umeå kommun;2120002627;233;50,2;31,8;78,1;41;45;39;38;31;39;.;.;.;
Östra Ersbodaskolan;72356204;Umeå;2480;Kommunal;Umeå kommun;2120002627;77;49,4;76,6;28,6;28;29;20;.;.;.;.;.;.;
Östtegs skola;26177892;Umeå;2480;Kommunal;Umeå kommun;2120002627;261;49,8;7,3;78,9;39;45;51;44;43;39;.;.;.;
Överboda skola;64493166;Umeå;2480;Kommunal;Umeå kommun;2120002627;13;53,8;..;84,6;5;8;.;.;.;.;.;.;.;
Bollstanäs skola;74174879;Upplands Väsby;0114;Kommunal;Upplands Väsby kommun;2120000019;415;47,5;15,2;76,6;84;84;84;82;81;.;.;.;.;
Breddenskolan;55512387;Upplands Väsby;0114;Kommunal;Upplands Väsby kommun;2120000019;274;47,1;27,7;62,4;64;58;48;54;50;.;.;.;.;
Engelska skolan Upplands Väsby;80509560;Upplands Väsby;0114;Enskild;Stiftelsen Språkskolan i Upplands Väsby;8160005966;210;50,5;45,2;49,5;23;24;24;22;24;24;23;23;23;
Grimstaskolan;44227469;Upplands Väsby;0114;Kommunal;Upplands Väsby kommun;2120000019;400;42,0;19,5;70,0;.;.;.;.;.;108;112;83;97;
Internationella Engelska Skolan Upplands Väsby;24402537;Upplands Väsby;0114;Enskild;Internationella Engelska Skolan i Sverige AB;5564624368;544;50,6;63,1;73,7;56;56;56;63;64;63;62;64;60;
Lärande Grundskola Fresta;62078083;Upplands Väsby;0114;Enskild;Lärande förskolor och grundskolor i Sverige AB;5567243547;250;56,0;36,0;62,4;50;53;46;48;53;.;.;.;.;
Lärande Grundskola Magneten;81453817;Upplands Väsby;0114;Enskild;Lärande förskolor och grundskolor i Sverige AB;5567243547;16;..;37,5;31,3;4;2;4;3;3;.;.;.;.;
Lärande Grundskola Oden;19733028;Upplands Väsby;0114;Enskild;Lärande förskolor och grundskolor i Sverige AB;5567243547;178;46,6;38,2;64,0;39;37;35;35;32;.;.;.;.;
Lärande Grundskola Vik;60211862;Upplands Väsby;0114;Enskild;Lärande förskolor och grundskolor i Sverige AB;5567243547;227;56,8;31,3;57,3;47;52;41;46;41;.;.;.;.;
Nordanskolan;26480342;Upplands Väsby;0114;Kommunal;Upplands Väsby kommun;2120000019;25;32,0;28,0;32,0;.;.;.;.;.;8;3;7;7;
Runby skola;77624936;Upplands Väsby;0114;Kommunal;Upplands Väsby kommun;2120000019;815;49,7;35,1;64,3;104;101;95;110;82;84;84;77;78;
Sjumilaskolan;63150475;Upplands Väsby;0114;Kommunal;Upplands Väsby kommun;2120000019;48;16,7;10,4;62,5;5;2;9;3;5;11;1;5;7;
Sverigefinska sk, Uppl Väsby;68403656;Upplands Väsby;0114;Enskild;Stiftelsen Språkskolan i Upplands Väsby;8160005966;125;44,0;32,0;56,0;13;13;17;18;9;16;14;17;8;
Södervikskolan;49021135;Upplands Väsby;0114;Enskild;Södervikskolan AB;5567220347;476;50,6;20,8;63,4;.;.;.;.;.;119;120;119;118;
Thoren Framtid Sandbergska;97762139;Upplands Väsby;0114;Enskild;Thoren Framtid AB;5567497051;307;44,6;23,5;70,0;26;25;51;26;26;26;26;52;49;
Vittra Väsby;24374886;Upplands Väsby;0114;Enskild;Vittraskolorna AB;5564586716;348;49,4;79,3;48,6;54;56;38;39;42;28;27;40;24;
Väsby skola;31018677;Upplands Väsby;0114;Kommunal;Upplands Väsby kommun;2120000019;588;50,2;86,9;39,1;63;65;69;61;54;68;56;67;85;
Bergaskolan;56299553;Upplands-Bro;0139;Kommunal;Upplands-Bro kommun;2120000100;284;46,5;48,6;58,5;49;44;54;47;50;40;.;.;.;
Broskolan;16983719;Upplands-Bro;0139;Kommunal;Upplands-Bro kommun;2120000100;312;45,5;59,3;43,6;.;.;.;.;.;.;100;92;120;
Brunnaskolan;56315778;Upplands-Bro;0139;Kommunal;Upplands-Bro kommun;2120000100;210;51,4;30,5;56,2;77;67;66;.;.;.;.;.;.;
Ekhammarskolan;92284588;Upplands-Bro;0139;Kommunal;Upplands-Bro kommun;2120000100;655;46,4;29,2;66,6;.;.;.;82;98;100;130;132;113;
Finnstaskolan;61061763;Upplands-Bro;0139;Kommunal;Upplands-Bro kommun;2120000100;277;50,5;47,7;54,9;45;46;58;46;34;48;.;.;.;
Hagnässkolan;16969143;Upplands-Bro;0139;Kommunal;Upplands-Bro kommun;2120000100;469;48,4;35,4;58,6;.;.;.;78;73;78;82;74;84;
Härneviskolan;24606968;Upplands-Bro;0139;Kommunal;Upplands-Bro kommun;2120000100;285;49,1;56,8;56,5;57;57;54;41;34;42;.;.;.;
JENSEN grundskola Bro-Mälarstrand;89851619;Upplands-Bro;0139;Enskild;Jensen Education College AB;5566358759;361;47,6;29,1;64,3;58;25;52;52;53;32;60;29;.;
Källskolan 6-9;85796724;Upplands-Bro;0139;Enskild;Föreningen för Kristen Skola i Upplands-Bro;8132004659;89;61,8;36,0;51,7;.;.;.;.;.;21;21;24;23;
Källskolan F-5;63111806;Upplands-Bro;0139;Enskild;Föreningen för Kristen Skola i Upplands-Bro;8132004659;85;44,7;38,8;61,2;14;19;16;22;14;.;.;.;.;
Lillsjöskolan;85759071;Upplands-Bro;0139;Kommunal;Upplands-Bro kommun;2120000100;313;53,7;34,2;68,7;105;105;103;.;.;.;.;.;.;
Råbyskolan;21781901;Upplands-Bro;0139;Kommunal;Upplands-Bro kommun;2120000100;219;46,1;75,3;37,0;20;38;42;38;45;36;.;.;.;
Tjustaskolan;76550010;Upplands-Bro;0139;Kommunal;Upplands-Bro kommun;2120000100;90;43,3;22,2;51,1;17;20;12;18;12;11;.;.;.;
Urfjälls Montessoriskola;31608087;Upplands-Bro;0139;Enskild;Ubim;8132002497;46;43,5;28,3;60,9;17;15;14;.;.;.;.;.;.;
Almtunaskolan;13431400;Uppsala;0380;Kommunal;Uppsala kommun;2120003005;456;54,6;30,5;71,1;86;64;74;87;82;63;.;.;.;
Almunge skola;99056007;Uppsala;0380;Kommunal;Uppsala kommun;2120003005;481;46,8;8,1;57,8;26;29;21;68;59;65;73;73;67;
Ansgarskolorna                  Kyrkskolan 7-9;35561766;Uppsala;0380;Enskild;Ansgarskolorna AB;5565835146;217;47,9;36,4;67,7;.;.;.;.;.;.;73;67;77;
Ansgarskolorna     Fridhemsskolan F-6;81985750;Uppsala;0380;Enskild;Ansgarskolorna AB;5565835146;152;55,3;15,8;74,3;29;19;23;26;31;24;.;.;.;
Ansgarskolorna     Källskolan F-6;68552718;Uppsala;0380;Enskild;Ansgarskolorna AB;5565835146;125;49,6;48,8;56,0;45;42;38;.;.;.;.;.;.;
Ansgarskolorna Trädgårdsskolan F-6;62529077;Uppsala;0380;Enskild;Ansgarskolorna AB;5565835146;138;49,3;54,3;63,8;1;.;.;42;48;47;.;.;.;
Bergaskolan;70000757;Uppsala;0380;Kommunal;Uppsala kommun;2120003005;257;49,8;12,8;89,9;28;28;28;58;60;55;.;.;.;
Björklinge skola;46263319;Uppsala;0380;Kommunal;Uppsala kommun;2120003005;401;44,1;6,7;64,1;76;88;78;83;76;.;.;.;.;
Björkvallsskolan;89112467;Uppsala;0380;Kommunal;Uppsala kommun;2120003005;426;44,8;6,3;53,3;.;.;.;.;.;112;98;108;108;
Bälinge skola;13951452;Uppsala;0380;Kommunal;Uppsala kommun;2120003005;366;44,8;5,5;69,9;51;74;76;72;93;.;.;.;.;
Börje skola;60543153;Uppsala;0380;Kommunal;Uppsala kommun;2120003005;102;45,1;8,8;71,6;19;12;18;16;22;15;.;.;.;
Danmarks skola;72888222;Uppsala;0380;Kommunal;Uppsala kommun;2120003005;122;54,9;9,8;80,3;29;24;18;22;29;.;.;.;.;
Domarringens skola;57903436;Uppsala;0380;Kommunal;Uppsala kommun;2120003005;540;46,3;16,5;80,7;109;112;110;90;119;.;.;.;.;
Ekuddenskolan;76304810;Uppsala;0380;Kommunal;Uppsala kommun;2120003005;76;44,7;40,8;86,8;27;25;24;.;.;.;.;.;.;
Eriksbergsskolan;18733789;Uppsala;0380;Kommunal;Uppsala kommun;2120003005;403;42,7;26,3;73,2;.;.;.;.;.;.;138;146;119;
Eriksskolan;25794770;Uppsala;0380;Kommunal;Uppsala kommun;2120003005;211;45,0;17,1;87,7;71;83;57;.;.;.;.;.;.;
Flogstaskolan;30742062;Uppsala;0380;Kommunal;Uppsala kommun;2120003005;137;54,0;30,7;84,7;48;43;46;.;.;.;.;.;.;
Fredrika Bremerskolan;65192477;Uppsala;0380;Kommunal;Uppsala kommun;2120003005;251;42,2;43,4;56,6;53;51;50;52;45;.;.;.;.;
Funbo skola;19791387;Uppsala;0380;Kommunal;Uppsala kommun;2120003005;122;48,4;12,3;76,2;41;41;40;.;.;.;.;.;.;
Gamla Uppsala skola;47022598;Uppsala;0380;Kommunal;Uppsala kommun;2120003005;264;47,7;15,2;79,9;56;49;54;55;50;.;.;.;.;
Gluntens Montessoriskola;57484572;Uppsala;0380;Enskild;Gluntens Montessoriskola AB;5592659667;432;51,9;30,6;86,6;51;39;46;45;45;54;53;51;48;
Gottsundaskolan;93042073;Uppsala;0380;Kommunal;Uppsala kommun;2120003005;535;48,2;54,0;55,5;.;.;.;.;.;114;147;130;144;
Gränbyskolan;60782519;Uppsala;0380;Kommunal;Uppsala kommun;2120003005;404;49,0;67,8;42,6;.;.;.;.;.;106;109;80;109;
Gåvsta skola;12275851;Uppsala;0380;Kommunal;Uppsala kommun;2120003005;436;42,7;8,3;54,6;52;44;41;50;42;58;56;53;40;
Hagmarkens skola;78556653;Uppsala;0380;Enskild;Hagmarkens Förskola/Skola AB;5566688361;55;49,1;..;78,2;19;20;16;.;.;.;.;.;.;
Hågadalsskolan;60438370;Uppsala;0380;Kommunal;Uppsala kommun;2120003005;351;42,2;33,6;75,2;55;47;52;60;53;84;.;.;.;
Imanskolan;65459851;Uppsala;0380;Enskild;Stiftelsen Imanskolan;8176034323;169;56,8;86,4;41,4;38;37;30;25;24;15;.;.;.;
Internationella Engelska skolan Uppsala;83401016;Uppsala;0380;Enskild;Internationella Engelska Skolan i Sverige AB;5564624368;746;47,9;32,0;90,3;.;.;.;119;118;116;137;128;128;
JENSEN grundskola Uppsala;25730446;Uppsala;0380;Enskild;Jensen Education College AB;5566358759;73;50,7;60,3;60,3;27;23;23;.;.;.;.;.;.;
JENSEN grundskola Uppsala 2;97879425;Uppsala;0380;Enskild;Jensen Education College AB;5566358759;183;48,6;51,4;63,9;.;.;.;23;20;30;30;54;26;
Johannesbäcksskolan;76127242;Uppsala;0380;Kommunal;Uppsala kommun;2120003005;324;50,3;37,3;59,6;55;55;56;55;43;60;.;.;.;
Jumkils skola;73816603;Uppsala;0380;Kommunal;Uppsala kommun;2120003005;71;45,1;..;43,7;16;20;11;16;8;.;.;.;.;
Järlåsa skola;58543554;Uppsala;0380;Kommunal;Uppsala kommun;2120003005;119;52,9;10,9;58,0;17;15;24;25;23;15;.;.;.;
Kajan Friskola AB;82442662;Uppsala;0380;Enskild;Kajan Friskola AB;5566945795;50;14,0;16,0;60,0;5;3;2;7;2;6;9;6;10;
Katarinaskolan;71951060;Uppsala;0380;Enskild;Heliga Katarinas Skolstiftelse;8176030867;414;53,6;11,4;93,2;.;.;.;.;.;104;104;104;102;
Knutby skola;22200527;Uppsala;0380;Kommunal;Uppsala kommun;2120003005;121;47,1;7,4;43,0;22;24;25;19;12;19;.;.;.;
Kunskapsskolan Uppsala;73947432;Uppsala;0380;Enskild;Kunskapsskolan i Sverige Aktiebolag;5565661815;619;58,2;17,1;84,2;.;.;.;44;44;137;133;131;130;
Kunskapsskolan Uppsala Norra;73806643;Uppsala;0380;Enskild;Kunskapsskolan i Sverige Aktiebolag;5565661815;276;53,6;12,7;80,1;.;.;.;.;.;.;94;95;87;
Kvarngärdesskolan;61003071;Uppsala;0380;Kommunal;Uppsala kommun;2120003005;527;47,4;67,4;71,3;86;85;78;86;77;30;27;29;29;
Liljeforsskolan;51741765;Uppsala;0380;Kommunal;Uppsala kommun;2120003005;244;50,4;82,8;43,9;53;45;53;49;44;.;.;.;.;
Lindbackens skola;59963808;Uppsala;0380;Kommunal;Uppsala kommun;2120003005;456;48,0;14,9;83,8;116;115;88;77;60;.;.;.;.;
Länna skola;30158985;Uppsala;0380;Kommunal;Uppsala kommun;2120003005;39;59,0;..;79,5;12;19;8;.;.;.;.;.;.;
Magelungens Grundskola Uppsala;39922552;Uppsala;0380;Enskild;Magelungen Utveckling AB;5564891447;26;30,8;..;69,2;.;.;.;.;.;.;5;8;13;
Malmaskolan;43235171;Uppsala;0380;Kommunal;Uppsala kommun;2120003005;352;46,6;13,1;91,2;56;55;83;51;57;50;.;.;.;
Manar Al-Houda Sv-arab.skola;64800703;Uppsala;0380;Enskild;Integrationsförening F Invandrare och Flyktingar;8176031253;81;63,0;~100;33,3;19;12;11;18;14;7;.;.;.;
Musiklådan;58103420;Uppsala;0380;Enskild;Föräldraföreningen vid Musiklådan;8176032319;114;43,0;60,5;50,9;25;28;19;17;11;14;.;.;.;
Nannaskolan;29677535;Uppsala;0380;Kommunal;Uppsala kommun;2120003005;446;60,3;31,2;66,1;.;.;.;.;.;30;143;147;126;
Nåntunaskolan;30054341;Uppsala;0380;Kommunal;Uppsala kommun;2120003005;139;50,4;16,5;88,5;28;27;28;26;30;.;.;.;.;
Palmbladsskolan;40275917;Uppsala;0380;Kommunal;Uppsala kommun;2120003005;567;46,4;20,5;69,0;.;.;.;.;.;149;120;147;151;
Pluggparadiset;74661728;Uppsala;0380;Kommunal;Uppsala kommun;2120003005;319;45,5;11,3;79,6;55;55;52;52;52;53;.;.;.;
Ramsta skola;72049334;Uppsala;0380;Kommunal;Uppsala kommun;2120003005;275;52,4;8,0;78,9;54;55;54;48;40;24;.;.;.;
Raoul Wallenbergskolan Uppsala;56867001;Uppsala;0380;Enskild;Raoul Wallenbergskolorna AB;5566740113;257;56,4;10,1;75,1;.;.;.;.;.;64;64;64;65;
Rosendals skola;43933186;Uppsala;0380;Kommunal;Uppsala kommun;2120003005;127;43,3;40,2;78,7;29;23;23;25;27;.;.;.;.;
Samsaskolan grundskola;49262000;Uppsala;0380;Enskild;Attendo Samsa AB;5565990545;11;63,6;..;63,6;.;.;.;.;.;.;.;3;8;
Skuttunge skola;28248660;Uppsala;0380;Kommunal;Uppsala kommun;2120003005;99;46,5;..;64,6;18;18;20;22;21;.;.;.;.;
Skyttorps skola;54326087;Uppsala;0380;Kommunal;Uppsala kommun;2120003005;75;57,3;14,7;46,7;16;14;8;16;13;8;.;.;.;
Stavby skola;72802066;Uppsala;0380;Kommunal;Uppsala kommun;2120003005;117;57,3;5,1;64,1;14;14;12;15;16;10;11;14;11;
Stordammens skola;95132430;Uppsala;0380;Kommunal;Uppsala kommun;2120003005;645;48,4;36,1;63,6;43;46;52;39;48;139;88;88;102;
Storvretaskolan;21818354;Uppsala;0380;Kommunal;Uppsala kommun;2120003005;431;44,5;10,4;72,9;78;58;60;74;94;67;.;.;.;
Sunnerstaskolan;99536619;Uppsala;0380;Kommunal;Uppsala kommun;2120003005;450;46,4;16,9;88,7;112;105;99;75;59;.;.;.;.;
Sverkerskolan;21969379;Uppsala;0380;Kommunal;Uppsala kommun;2120003005;777;49,7;24,7;78,6;83;84;75;88;90;89;88;87;93;
The British School in Uppsala (BSU)*;76938456;Uppsala;0380;Enskild;British International Schools of Sweden AB;5591668248;50;50,0;~100;48,0;10;4;6;7;6;3;3;5;6;
Tiundaskolan;53847396;Uppsala;0380;Kommunal;Uppsala kommun;2120003005;746;48,3;27,2;76,7;22;25;27;57;89;119;145;118;144;
Treklangens skola;30655993;Uppsala;0380;Kommunal;Uppsala kommun;2120003005;233;52,8;81,5;33,0;53;44;44;45;47;.;.;.;.;
Tuna skola;26666728;Uppsala;0380;Kommunal;Uppsala kommun;2120003005;120;44,2;..;56,7;13;16;9;14;11;12;20;15;10;
Tunabergsskolan;54742485;Uppsala;0380;Kommunal;Uppsala kommun;2120003005;561;45,1;13,4;73,1;.;.;.;.;.;118;145;149;149;
Uppsala Enskilda Skola;43465597;Uppsala;0380;Enskild;Stiftelsen Liten Lär;8176052770;198;47,0;24,2;87,4;48;50;45;26;29;.;.;.;.;
Uppsala Montessoriskola;60186012;Uppsala;0380;Enskild;Uppsala Montessoriskola AB;5565527354;51;41,2;56,9;92,2;25;18;8;.;.;.;.;.;.;
Uppsala Musikklasser;89387408;Uppsala;0380;Enskild;Stiftelsen Uppsala Musikklasser;8176054917;519;59,3;13,1;97,1;.;.;52;60;59;88;84;85;91;
Uppsala waldorfskola;69405762;Uppsala;0380;Enskild;Stiftelsen Uppsala Waldorfskola;8176031154;134;52,2;23,9;88,1;16;14;12;14;13;17;11;18;19;
Uppsävjaskolan;92938213;Uppsala;0380;Kommunal;Uppsala kommun;2120003005;290;50,0;17,2;87,6;56;70;63;50;51;.;.;.;.;
Vaksalaskolan;28006480;Uppsala;0380;Kommunal;Uppsala kommun;2120003005;513;53,6;26,9;74,5;51;53;56;58;60;58;60;60;57;
Valsätraskolan;56446888;Uppsala;0380;Kommunal;Uppsala kommun;2120003005;926;45,7;45,0;73,5;82;83;82;86;90;117;118;148;120;
Vattholmaskolan;50591943;Uppsala;0380;Kommunal;Uppsala kommun;2120003005;157;52,9;3,2;79,0;22;30;22;25;31;27;.;.;.;
von Bahrs skola;17250578;Uppsala;0380;Kommunal;Uppsala kommun;2120003005;552;49,1;69,6;45,5;53;44;52;59;55;84;58;87;60;
Vänge skola;61824203;Uppsala;0380;Kommunal;Uppsala kommun;2120003005;283;46,3;13,4;74,2;49;46;43;54;51;40;.;.;.;
Västra Stenhagenskolan;48134074;Uppsala;0380;Kommunal;Uppsala kommun;2120003005;443;46,3;39,3;58,7;26;28;19;25;27;30;87;112;89;
Växthusets skola;87542831;Uppsala;0380;Kommunal;Uppsala kommun;2120003005;161;62,7;77,6;39,8;45;26;23;37;30;.;.;.;.;
Ångelstaskolan;64760168;Uppsala;0380;Kommunal;Uppsala kommun;2120003005;272;47,4;5,1;76,1;56;53;56;54;53;.;.;.;.;
Årstaskolan;79320489;Uppsala;0380;Kommunal;Uppsala kommun;2120003005;336;48,5;31,8;56,8;81;73;66;57;59;.;.;.;.;
Ärentunaskolan;64800741;Uppsala;0380;Kommunal;Uppsala kommun;2120003005;537;43,9;10,6;68,0;.;.;.;.;.;.;165;204;168;
Östra Stenhagenskolan;18020988;Uppsala;0380;Kommunal;Uppsala kommun;2120003005;279;45,5;47,7;59,5;48;50;43;46;47;45;.;.;.;
Alstermoskolan;51633869;Uppvidinge;0760;Kommunal;Uppvidinge kommun;2120000605;84;56,0;48,8;50,0;20;11;12;12;13;16;.;.;.;
Lenhovdaskolan;55214368;Uppvidinge;0760;Kommunal;Uppvidinge kommun;2120000605;149;47,0;36,2;33,6;26;27;27;19;25;25;.;.;.;
Nottebäckskolan;57675334;Uppvidinge;0760;Kommunal;Uppvidinge kommun;2120000605;90;43,3;23,3;50,0;18;15;16;11;18;12;.;.;.;
Åsedaskolan 7-9;75658239;Uppvidinge;0760;Kommunal;Uppvidinge kommun;2120000605;165;46,1;39,4;35,2;.;.;1;.;.;.;48;58;58;
Åsedaskolan F-6;69306171;Uppvidinge;0760;Kommunal;Uppvidinge kommun;2120000605;280;53,6;39,3;40,0;36;59;42;46;49;48;.;.;.;
Älghults Friskola;52461444;Uppvidinge;0760;Enskild;Fria 48:an Ekonomisk förening;7696125579;45;46,7;42,2;46,7;4;8;7;8;8;10;.;.;.;
Älghultskolan;73077490;Uppvidinge;0760;Kommunal;Uppvidinge kommun;2120000605;140;47,1;38,6;45,0;.;.;.;.;.;.;46;45;49;
Katarinaskolan;31782778;Vadstena;0584;Kommunal;Vadstena kommun;2120002825;218;50,9;12,4;56,4;.;.;.;81;71;65;1;.;.;
Petrus Magni skola H;21550555;Vadstena;0584;Kommunal;Vadstena kommun;2120002825;207;45,9;12,1;50,7;.;.;.;.;.;.;69;67;71;
S:t Persskolan;14324836;Vadstena;0584;Kommunal;Vadstena kommun;2120002825;222;45,9;12,6;56,8;61;84;77;.;.;.;.;.;.;
Bondstorps skola;38030036;Vaggeryd;0665;Kommunal;Vaggeryds kommun;2120000522;9;66,7;.;55,6;3;1;5;.;.;.;.;.;.;
Byarums skola;82420962;Vaggeryd;0665;Kommunal;Vaggeryds kommun;2120000522;33;60,6;..;42,4;8;16;9;.;.;.;.;.;.;
Fågelforsskolan 7-9;38944084;Vaggeryd;0665;Kommunal;Vaggeryds kommun;2120000522;264;47,0;25,0;53,4;.;.;.;.;.;.;84;85;95;
Fågelforsskolan F-6;52839848;Vaggeryd;0665;Kommunal;Vaggeryds kommun;2120000522;157;51,6;37,6;51,0;22;28;27;23;31;26;.;.;.;
Götafors skola;90591096;Vaggeryd;0665;Kommunal;Vaggeryds kommun;2120000522;86;47,7;16,3;70,9;40;46;.;.;.;.;.;.;.;
Hjortsjöskolan 4-6;48965568;Vaggeryd;0665;Kommunal;Vaggeryds kommun;2120000522;324;52,5;19,1;53,4;.;.;.;98;111;115;.;.;.;
Hjortsjöskolan 7-9;95197505;Vaggeryd;0665;Kommunal;Vaggeryds kommun;2120000522;311;50,2;19,0;49,2;.;.;.;.;.;.;97;102;112;
Hoks skola;95093042;Vaggeryd;0665;Kommunal;Vaggeryds kommun;2120000522;70;48,6;10,0;44,3;8;16;9;22;15;.;.;.;.;
Klevshults skola;85555052;Vaggeryd;0665;Kommunal;Vaggeryds kommun;2120000522;23;47,8;26,1;56,5;6;6;11;.;.;.;.;.;.;
Svenarums skola;39619656;Vaggeryd;0665;Kommunal;Vaggeryds kommun;2120000522;24;50,0;..;50,0;11;6;7;.;.;.;.;.;.;
Sörgårdsskolan;47307357;Vaggeryd;0665;Kommunal;Vaggeryds kommun;2120000522;199;48,2;28,1;63,3;34;28;36;26;33;42;.;.;.;
Tofthagaskolan;58128691;Vaggeryd;0665;Enskild;Tofthaga förskola och skola ekonomisk förening;7164035912;74;55,4;..;74,3;14;13;14;10;13;10;.;.;.;
Åkers skola;39863942;Vaggeryd;0665;Kommunal;Vaggeryds kommun;2120000522;19;63,2;..;52,6;.;.;.;10;9;.;.;.;.;
Östra skolan;60778543;Vaggeryd;0665;Kommunal;Vaggeryds kommun;2120000522;128;43,8;28,1;60,9;36;25;67;.;.;.;.;.;.;
Gusum skola;27934323;Valdemarsvik;0563;Kommunal;Valdemarsviks kommun;2120000431;59;44,1;23,7;40,7;6;12;4;7;14;16;.;.;.;
Ringarum skola;73537142;Valdemarsvik;0563;Kommunal;Valdemarsviks kommun;2120000431;74;47,3;..;45,9;11;17;17;12;17;.;.;.;.;
Sörbyskolan;79192071;Valdemarsvik;0563;Kommunal;Valdemarsviks kommun;2120000431;108;44,4;30,6;36,1;40;30;38;.;.;.;.;.;.;
Tryserums friskola;49944790;Valdemarsvik;0563;Enskild;Tryserums Friskola Aktiebolag;5564809712;66;45,5;..;43,9;13;11;8;14;9;11;.;.;.;
Vammarskolan 4-9;53620708;Valdemarsvik;0563;Kommunal;Valdemarsviks kommun;2120000431;321;47,4;22,7;44,5;.;.;.;34;28;30;72;76;81;
Aktiviaskolan;48184058;Vallentuna;0115;Enskild;Aktivia AB;5567812069;36;41,7;16,7;47,2;.;.;.;.;.;.;.;14;22;
Aktiviaskolan Enhet Eken;28145722;Vallentuna;0115;Enskild;Aktivia AB;5567812069;50;36,0;18,0;38,0;.;.;.;.;.;13;15;16;6;
Bällstabergsskolan;52293921;Vallentuna;0115;Kommunal;Vallentuna kommun;2120000027;431;46,9;10,2;82,4;50;46;54;47;50;63;46;49;26;
Gustav Vasaskolan;33565539;Vallentuna;0115;Kommunal;Vallentuna kommun;2120000027;197;45,7;4,6;72,6;31;46;29;37;35;19;.;.;.;
Hagaskolan;84520303;Vallentuna;0115;Kommunal;Vallentuna kommun;2120000027;774;48,4;18,2;67,2;87;79;106;83;81;84;88;83;83;
Karbyskolan;57370453;Vallentuna;0115;Kommunal;Vallentuna kommun;2120000027;178;50,0;13,5;57,9;33;40;26;36;31;12;.;.;.;
Karlslundsskolan;11193969;Vallentuna;0115;Kommunal;Vallentuna kommun;2120000027;504;45,2;21,0;68,5;50;57;54;50;57;71;50;79;36;
Kårsta skola;84103650;Vallentuna;0115;Kommunal;Vallentuna kommun;2120000027;75;50,7;10,7;62,7;19;18;16;13;8;1;.;.;.;
Lovisedalsskolan;29278599;Vallentuna;0115;Kommunal;Vallentuna kommun;2120000027;613;47,0;10,1;83,8;70;78;74;80;66;73;52;47;73;
Olympiaskolan;10299294;Vallentuna;0115;Kommunal;Vallentuna kommun;2120000027;3;..;..;..;1;.;.;.;.;2;.;.;.;
Rosendalsskolan;63742407;Vallentuna;0115;Kommunal;Vallentuna kommun;2120000027;674;46,1;24,6;61,6;100;72;77;89;81;79;70;49;57;
Vallentuna Friskola;72378947;Vallentuna;0115;Enskild;Vallentuna Friskola AB;5565736187;240;56,7;7,1;73,8;.;.;.;.;.;56;54;58;72;
Vallentuna internationella montessoriskola;71375812;Vallentuna;0115;Enskild;Montessori Förskolor och Skolor i Sverige AB;5591658975;55;58,2;32,7;60,0;11;8;16;11;6;3;.;.;.;
Vittra Vallentuna;46206050;Vallentuna;0115;Enskild;Vittraskolorna AB;5564586716;443;49,4;16,0;76,7;51;52;52;53;52;42;50;48;43;
Berghedens skola;92323583;Vansbro;2021;Kommunal;Vansbro kommun;2120002130;70;51,4;..;58,6;8;18;10;14;9;11;.;.;.;
Myrbacka skola;87125462;Vansbro;2021;Kommunal;Vansbro kommun;2120002130;78;56,4;11,5;34,6;.;.;.;22;28;28;.;.;.;
Nederborgs skola;57886808;Vansbro;2021;Kommunal;Vansbro kommun;2120002130;68;48,5;8,8;44,1;29;18;21;.;.;.;.;.;.;
Olympicaskolan i Skålö;21332837;Vansbro;2021;Enskild;Olympica AB;5565938700;74;55,4;9,5;44,6;14;13;11;17;16;3;.;.;.;
Parkskolan;95672225;Vansbro;2021;Kommunal;Vansbro kommun;2120002130;67;52,2;34,3;34,3;18;23;26;.;.;.;.;.;.;
Smedbergsskolan 4-9;20545871;Vansbro;2021;Kommunal;Vansbro kommun;2120002130;325;44,9;18,2;35,4;.;.;.;23;22;27;85;82;86;
Alléskolan;45270097;Vara;1470;Kommunal;Vara kommun;2120002924;362;46,1;14,6;52,5;.;.;.;.;.;.;128;111;123;
Arentorps skola;76523419;Vara;1470;Kommunal;Vara kommun;2120002924;92;62,0;7,6;53,3;15;15;20;9;16;17;.;.;.;
Broholmskolan Jung;28319392;Vara;1470;Enskild;Broholmskolans ekonomiska förening;7696081319;43;69,8;11,6;62,8;11;5;16;5;6;.;.;.;.;
Larv Tråvad skola;69387160;Vara;1470;Kommunal;Vara kommun;2120002924;92;47,8;22,8;51,1;21;10;19;11;14;17;.;.;.;
Levene skola;87282627;Vara;1470;Kommunal;Vara kommun;2120002924;110;40,0;8,2;53,6;14;19;15;22;20;20;.;.;.;
Nästegårdsskolan fsk-åk6;30527685;Vara;1470;Kommunal;Vara kommun;2120002924;226;50,0;21,2;38,5;33;21;39;44;37;52;.;.;.;
Nästegårdsskolan åk7-åk9;30499176;Vara;1470;Kommunal;Vara kommun;2120002924;168;42,9;16,7;44,6;.;.;.;.;.;.;62;56;50;
Parkskolan;79210663;Vara;1470;Kommunal;Vara kommun;2120002924;178;47,8;28,7;47,8;.;.;.;63;57;58;.;.;.;
Stiftelsen Önums friskola;62111546;Vara;1470;Enskild;Önums Friskola;8684010559;84;45,2;14,3;56,0;13;14;15;14;12;16;.;.;.;
Torsgårdsskolan;90185249;Vara;1470;Kommunal;Vara kommun;2120002924;162;48,8;30,2;40,7;57;49;56;.;.;.;.;.;.;
Vedums skola;12902856;Vara;1470;Kommunal;Vara kommun;2120002924;124;55,6;16,9;43,5;20;19;22;27;12;24;.;.;.;
Almers skola 4-9 och fritidshem;39690579;Varberg;1383;Kommunal;Varbergs kommun;2120001249;326;41,4;24,5;62,0;.;.;.;48;52;69;55;48;54;
Ankarskolan 4-9;68653982;Varberg;1383;Kommunal;Varbergs kommun;2120001249;359;47,1;6,4;77,4;.;.;.;59;51;67;57;59;66;
Ankarskolan F-3 och fritidshem;38621807;Varberg;1383;Kommunal;Varbergs kommun;2120001249;140;46,4;4,3;77,1;43;52;45;.;.;.;.;.;.;
Björkedalsskolan;38730714;Varberg;1383;Kommunal;Varbergs kommun;2120001249;10;..;.;60,0;.;.;.;.;1;1;1;3;4;
Bläshammar skola F-6 och fritidshem;54709952;Varberg;1383;Kommunal;Varbergs kommun;2120001249;295;46,8;8,1;73,2;50;65;51;40;44;45;.;.;.;
Bockstensskolan 3-5 och fritidshem;36590494;Varberg;1383;Kommunal;Varbergs kommun;2120001249;156;44,9;34,0;51,3;.;.;46;51;59;.;.;.;.;
Bockstensskolan F-2 och fritidshem;31680839;Varberg;1383;Kommunal;Varbergs kommun;2120001249;89;53,9;36,0;52,8;46;43;.;.;.;.;.;.;.;
Bosgårdsskolan 4-6;55731587;Varberg;1383;Kommunal;Varbergs kommun;2120001249;171;46,8;15,2;55,6;.;.;.;47;55;69;.;.;.;
Bosgårdsskolan 7-9;55285514;Varberg;1383;Kommunal;Varbergs kommun;2120001249;200;44,5;14,5;54,0;.;.;.;.;.;.;71;73;56;
Bosgårdsskolan F-3 och fritidshem;39064377;Varberg;1383;Kommunal;Varbergs kommun;2120001249;188;50,5;17,0;53,2;63;52;73;.;.;.;.;.;.;
Buaskolan F-6 och fritidshem;11061967;Varberg;1383;Kommunal;Varbergs kommun;2120001249;159;49,1;11,9;62,9;21;21;36;24;30;27;.;.;.;
Deromeskolan F-3 och fritidshem;44822255;Varberg;1383;Kommunal;Varbergs kommun;2120001249;67;53,7;9,0;64,2;20;24;23;.;.;.;.;.;.;
Furubergsskolan 1-5;60702782;Varberg;1383;Kommunal;Varbergs kommun;2120001249;316;51,6;8,2;81,6;69;63;69;58;57;.;.;.;.;
Göthriks skola F-6 och fritidshem;67801661;Varberg;1383;Kommunal;Varbergs kommun;2120001249;156;51,9;4,5;59,0;24;37;26;25;22;22;.;.;.;
Hagaskolan 4-9;26579492;Varberg;1383;Kommunal;Varbergs kommun;2120001249;254;50,0;33,5;51,6;.;.;.;44;33;59;31;39;48;
Hagaskolan F-3 och fritidshem;36022339;Varberg;1383;Kommunal;Varbergs kommun;2120001249;113;49,6;34,5;54,0;30;42;41;.;.;.;.;.;.;
Håstensskolan 6-7;75684823;Varberg;1383;Kommunal;Varbergs kommun;2120001249;214;47,2;17,3;67,3;.;.;.;.;.;110;104;.;.;
Håstensskolan 8-9;44306555;Varberg;1383;Kommunal;Varbergs kommun;2120001249;176;48,3;16,5;65,3;.;.;.;.;.;.;.;97;79;
Kung Karl skola F-6 och fritidshem;30677357;Varberg;1383;Kommunal;Varbergs kommun;2120001249;68;50,0;8,8;39,7;12;10;10;15;12;9;.;.;.;
Kunskapsskolan Varberg;52846430;Varberg;1383;Enskild;Kunskapsskolan i Sverige Aktiebolag;5565661815;376;48,7;15,4;73,1;.;.;.;46;44;48;82;77;79;
Lindbergs skola 4-9;23521056;Varberg;1383;Kommunal;Varbergs kommun;2120001249;240;47,9;6,3;63,3;.;.;.;40;42;45;41;44;28;
Lindbergs skola F-3 och fritidshem;52088732;Varberg;1383;Kommunal;Varbergs kommun;2120001249;128;43,8;6,3;64,8;43;40;45;.;.;.;.;.;.;
Mariedalsskolan F-3 och fritidshem;62599057;Varberg;1383;Kommunal;Varbergs kommun;2120001249;193;41,5;30,6;60,1;60;62;71;.;.;.;.;.;.;
Montessorisk. Lära för livet;88650307;Varberg;1383;Enskild;Montessoristiftelsen Lära för Livet;8496006555;28;42,9;46,4;64,3;6;6;9;2;2;1;.;1;1;
Nyhemsskolan Varbergs Krist sk;74843338;Varberg;1383;Enskild;Nyhemsskolan-Varbergs Kristna Skola, ekonomisk förening;7696068431;121;55,4;10,7;79,3;10;12;12;11;16;18;16;16;10;
Påskbergsskolan 4-9;50675351;Varberg;1383;Kommunal;Varbergs kommun;2120001249;327;48,0;14,4;78,0;.;.;.;54;56;56;52;54;55;
Påskbergsskolan F-3 och fritidshem;42127916;Varberg;1383;Kommunal;Varbergs kommun;2120001249;169;53,3;13,0;75,7;67;49;53;.;.;.;.;.;.;
Rolfstorps skola 4-9;18002855;Varberg;1383;Kommunal;Varbergs kommun;2120001249;233;48,9;9,4;56,7;.;.;.;29;22;34;59;49;40;
Rolfstorps skola F-3 och fritidshem;17803296;Varberg;1383;Kommunal;Varbergs kommun;2120001249;44;61,4;..;56,8;11;20;13;.;.;.;.;.;.;
Sibbarps skola F-6 och fritidshem;24218413;Varberg;1383;Kommunal;Varbergs kommun;2120001249;52;46,2;15,4;65,4;3;15;9;8;13;4;.;.;.;
Skällinge skola F-3 och fritidshem;26737694;Varberg;1383;Kommunal;Varbergs kommun;2120001249;38;50,0;15,8;52,6;9;17;12;.;.;.;.;.;.;
Spannarps skola F-3 och fritidshem;45240035;Varberg;1383;Kommunal;Varbergs kommun;2120001249;30;56,7;..;40,0;10;6;14;.;.;.;.;.;.;
Trönninge skola 4-9;71449540;Varberg;1383;Kommunal;Varbergs kommun;2120001249;443;49,9;12,6;75,4;.;.;.;62;65;66;91;86;73;
Trönninge skola F-3 och fritidshem;14839197;Varberg;1383;Kommunal;Varbergs kommun;2120001249;207;45,9;15,0;79,2;63;66;78;.;.;.;.;.;.;
Varbergs Montessoriskola;68980561;Varberg;1383;Enskild;Varbergs Montessoriskola Ekonomisk förening;7164083417;48;52,1;..;75,0;17;15;16;.;.;.;.;.;.;
Vidhögeskolan 4-9;70460569;Varberg;1383;Kommunal;Varbergs kommun;2120001249;416;44,2;13,7;50,5;.;.;.;59;70;67;76;74;70;
Vidhögeskolan F-3 och fritidshem;24688208;Varberg;1383;Kommunal;Varbergs kommun;2120001249;142;45,8;19,7;51,4;58;44;40;.;.;.;.;.;.;
Väröbackaskolan 4-9;68613823;Varberg;1383;Kommunal;Varbergs kommun;2120001249;362;48,6;11,9;61,3;29;23;34;37;43;35;57;49;55;
Kronängsskolan;48724676;Vaxholm;0187;Kommunal;Vaxholms kommun;2120002908;485;47,4;9,1;79,2;.;.;.;.;.;.;154;153;178;
Montessoriskolan i Vaxholm;43261877;Vaxholm;0187;Enskild;Montessoriskolan i Vaxholm Ek. För.;7696052492;41;34,1;12,2;92,7;14;11;3;2;9;2;.;.;.;
Resarö skola;69909271;Vaxholm;0187;Kommunal;Vaxholms kommun;2120002908;368;50,0;4,6;86,4;60;70;59;57;62;60;.;.;.;
Rindö skola;58338225;Vaxholm;0187;Kommunal;Vaxholms kommun;2120002908;80;57,5;7,5;73,8;19;14;7;16;7;17;.;.;.;
Söderfjärdsskolan;21576764;Vaxholm;0187;Kommunal;Vaxholms kommun;2120002908;257;40,5;10,1;77,8;36;33;49;46;47;46;.;.;.;
Vaxö skola;25772114;Vaxholm;0187;Kommunal;Vaxholms kommun;2120002908;216;51,9;18,5;74,1;20;23;38;48;39;48;.;.;.;
Framtidskomp. V Ingelstad sk;44979671;Vellinge;1233;Enskild;Framtidskompassen AB;5567865943;409;41,1;8,8;73,6;48;47;46;47;46;47;44;41;43;
Framtidskompassen i Vellinge;15068529;Vellinge;1233;Enskild;Framtidskompassen AB;5567865943;423;47,3;7,1;68,6;50;49;50;46;51;47;50;41;39;
Henriksdalskolan;17970468;Vellinge;1233;Kommunal;Vellinge kommun;2120001033;90;43,3;5,6;86,7;40;28;22;.;.;.;.;.;.;
Herrestorpskolan;16650439;Vellinge;1233;Kommunal;Vellinge kommun;2120001033;421;47,3;18,1;65,3;48;51;30;52;49;49;45;53;44;
Håslövs byaskola;56103239;Vellinge;1233;Enskild;Pimapos skola och fritids AB;5564946530;50;44,0;14,0;56,0;13;6;11;6;5;9;.;.;.;
Hököpinge skola;10938309;Vellinge;1233;Kommunal;Vellinge kommun;2120001033;86;44,2;11,6;83,7;36;25;25;.;.;.;.;.;.;
Ljungenskolan;41197162;Vellinge;1233;Kommunal;Vellinge kommun;2120001033;539;48,8;10,8;90,0;52;45;50;76;72;65;65;48;66;
Sandeplanskolan;71367825;Vellinge;1233;Kommunal;Vellinge kommun;2120001033;474;49,2;7,2;84,2;37;52;54;46;58;57;66;56;48;
Skanör Falsterbo Montessorisk.;46725455;Vellinge;1233;Enskild;Skanör Falsterbo Montessoriskola AB;5566270095;137;49,6;17,5;78,1;12;10;4;11;16;20;16;23;25;
Skanörs skola;46945514;Vellinge;1233;Kommunal;Vellinge kommun;2120001033;361;46,3;8,0;89,5;41;40;47;44;39;44;38;37;31;
Stora Hammars skola;24181728;Vellinge;1233;Kommunal;Vellinge kommun;2120001033;448;48,2;10,7;73,7;45;43;50;52;58;52;54;51;43;
Södervångskolan;28023150;Vellinge;1233;Kommunal;Vellinge kommun;2120001033;466;49,8;12,7;68,7;47;36;46;41;47;68;41;77;63;
Tångvallaskolan;58994715;Vellinge;1233;Kommunal;Vellinge kommun;2120001033;349;44,7;10,3;81,7;45;40;45;31;38;39;33;33;45;
Ängdalaskolan;11885832;Vellinge;1233;Enskild;Ängdala Skolor AB;5565279931;486;49,0;8,0;85,6;52;50;50;51;53;56;57;58;59;
Björkö skola;32816449;Vetlanda;0685;Kommunal;Vetlanda kommun;2120000571;77;57,1;9,1;58,4;17;14;12;13;12;9;.;.;.;
Brunnsgårdsskolan;78156460;Vetlanda;0685;Kommunal;Vetlanda kommun;2120000571;65;49,2;24,6;72,3;23;21;21;.;.;.;.;.;.;
Bäckseda skola;82758119;Vetlanda;0685;Kommunal;Vetlanda kommun;2120000571;272;47,1;30,9;58,5;45;47;42;47;46;45;.;.;.;
Ekenässjöns skola;56483826;Vetlanda;0685;Kommunal;Vetlanda kommun;2120000571;143;46,9;36,4;38,5;18;32;20;27;24;22;.;.;.;
Holsby skola;18690556;Vetlanda;0685;Kommunal;Vetlanda kommun;2120000571;210;47,6;18,1;44,3;33;27;41;34;37;38;.;.;.;
Korsberga skola;59846405;Vetlanda;0685;Kommunal;Vetlanda kommun;2120000571;89;53,9;11,2;58,4;20;16;16;11;10;16;.;.;.;
Kvillsfors skola;41045050;Vetlanda;0685;Kommunal;Vetlanda kommun;2120000571;87;48,3;24,1;50,6;15;10;13;19;17;13;.;.;.;
Landsbro skola 7-9;69564434;Vetlanda;0685;Kommunal;Vetlanda kommun;2120000571;317;47,3;22,4;51,7;.;.;.;.;.;.;119;107;91;
Landsbro skola F-6;60936284;Vetlanda;0685;Kommunal;Vetlanda kommun;2120000571;156;50,0;23,1;48,7;29;21;28;25;35;18;.;.;.;
Mogärdeskolan;87519348;Vetlanda;0685;Kommunal;Vetlanda kommun;2120000571;183;46,4;70,5;37,2;26;31;42;24;29;31;.;.;.;
Myresjö skola;95943499;Vetlanda;0685;Kommunal;Vetlanda kommun;2120000571;108;48,1;23,1;47,2;15;13;24;14;23;19;.;.;.;
Norrgårdsskolan;41197950;Vetlanda;0685;Kommunal;Vetlanda kommun;2120000571;223;50,2;23,3;59,6;22;24;24;45;49;59;.;.;.;
Nye skola;10555003;Vetlanda;0685;Kommunal;Vetlanda kommun;2120000571;82;52,4;11,0;46,3;12;15;11;15;12;17;.;.;.;
Ramkvilla skola;65268060;Vetlanda;0685;Kommunal;Vetlanda kommun;2120000571;49;59,2;..;55,1;11;10;5;8;10;5;.;.;.;
Tomaslundsskolan;19743050;Vetlanda;0685;Kommunal;Vetlanda kommun;2120000571;275;47,6;28,0;50,2;40;42;46;47;49;51;.;.;.;
Vetlanda Friskola;13123046;Vetlanda;0685;Enskild;Hope Stiftelsen;8275007683;87;48,3;28,7;46,0;8;6;9;4;11;13;14;9;13;
Withalaskolan 1;98508777;Vetlanda;0685;Kommunal;Vetlanda kommun;2120000571;378;51,6;30,4;50,5;.;.;.;.;.;.;65;174;139;
Withalaskolan 2;37915996;Vetlanda;0685;Kommunal;Vetlanda kommun;2120000571;291;53,3;32,6;49,1;.;.;.;.;.;.;152;70;69;
Dikanäs skola;16889382;Vilhelmina;2462;Kommunal;Vilhelmina kommun;2120002601;13;..;..;..;2;2;1;2;1;2;.;1;2;
Hembergsskolan 7-9;59758107;Vilhelmina;2462;Kommunal;Vilhelmina kommun;2120002601;195;44,6;15,9;51,8;.;.;.;.;.;.;68;63;64;
Saxnäs skola;79002691;Vilhelmina;2462;Kommunal;Vilhelmina kommun;2120002601;30;73,3;..;70,0;.;6;3;3;.;5;.;8;5;
Strandskolan;45737019;Vilhelmina;2462;Enskild;Vilhelmina Fria Församling;8961005140;71;50,7;12,7;49,3;9;10;6;6;8;7;12;5;8;
Volgsjö skola 4-6;59819624;Vilhelmina;2462;Kommunal;Vilhelmina kommun;2120002601;161;51,6;14,3;40,4;.;.;.;57;53;51;.;.;.;
Volgsjö skola F-3;55174274;Vilhelmina;2462;Kommunal;Vilhelmina kommun;2120002601;157;51,6;16,6;40,8;54;50;53;.;.;.;.;.;.;
Astrid Lindgrens skola 7-9;92620495;Vimmerby;0884;Kommunal;Vimmerby kommun;2120000787;213;49,8;33,8;42,3;.;.;.;.;.;.;81;67;65;
Astrid Lindgrens skola F-6;93135189;Vimmerby;0884;Kommunal;Vimmerby kommun;2120000787;282;49,3;42,9;44,7;42;55;33;45;53;54;.;.;.;
Brännebro skola;77167462;Vimmerby;0884;Kommunal;Vimmerby kommun;2120000787;31;45,2;..;38,7;1;6;5;6;9;4;.;.;.;
Djursdala skola;45902980;Vimmerby;0884;Kommunal;Vimmerby kommun;2120000787;45;35,6;..;48,9;9;8;7;7;7;7;.;.;.;
Frödinge skola;80984180;Vimmerby;0884;Kommunal;Vimmerby kommun;2120000787;84;47,6;6,0;51,2;16;13;13;19;8;15;.;.;.;
Rumskulla skola;75928706;Vimmerby;0884;Kommunal;Vimmerby kommun;2120000787;22;68,2;..;63,6;6;5;3;6;2;.;.;.;.;
Storebro skola;47014605;Vimmerby;0884;Kommunal;Vimmerby kommun;2120000787;70;54,3;30,0;32,9;10;15;11;9;16;9;.;.;.;
Södra Vi skola;22086495;Vimmerby;0884;Kommunal;Vimmerby kommun;2120000787;89;44,9;14,6;44,9;10;10;13;21;17;18;.;.;.;
Tuna skola;55847773;Vimmerby;0884;Kommunal;Vimmerby kommun;2120000787;36;52,8;13,9;30,6;6;6;7;7;4;6;.;.;.;
Vimarskolan 7-9;39345593;Vimmerby;0884;Kommunal;Vimmerby kommun;2120000787;285;46,7;15,8;56,5;.;.;.;.;.;.;94;98;93;
Vimarskolan F-6;56813816;Vimmerby;0884;Kommunal;Vimmerby kommun;2120000787;391;46,5;13,6;57,3;66;70;67;70;57;61;.;.;.;
Granö småbarnsskola;19012030;Vindeln;2404;Kommunal;Vindelns kommun;2120002544;14;64,3;..;71,4;7;2;5;.;.;.;.;.;.;
Hällnäs skola;15359609;Vindeln;2404;Kommunal;Vindelns kommun;2120002544;37;48,6;21,6;40,5;5;2;5;12;13;.;.;.;.;
Renforsskolan;74352559;Vindeln;2404;Kommunal;Vindelns kommun;2120002544;247;53,4;14,2;49,4;.;.;.;.;.;57;67;56;67;
Tvärålunds skola;65981831;Vindeln;2404;Kommunal;Vindelns kommun;2120002544;43;46,5;.;67,4;12;8;9;7;7;.;.;.;.;
Åmsele småbarnsskola;42955547;Vindeln;2404;Kommunal;Vindelns kommun;2120002544;8;..;..;..;2;4;2;.;.;.;.;.;.;
Älvbrinkens skola;63863363;Vindeln;2404;Kommunal;Vindelns kommun;2120002544;199;46,2;18,6;50,8;40;34;36;42;47;.;.;.;.;
Högsjö skola;30505826;Vingåker;0428;Kommunal;Vingåkers kommun;2120000308;42;50,0;16,7;33,3;6;11;3;6;6;10;.;.;.;
Marmorbyns skola;24762802;Vingåker;0428;Kommunal;Vingåkers kommun;2120000308;92;46,7;8,7;51,1;18;18;12;18;12;14;.;.;.;
Slottsskolan 7-9;52426554;Vingåker;0428;Kommunal;Vingåkers kommun;2120000308;249;46,2;34,1;33,3;.;.;.;.;.;.;87;76;86;
Slottsskolan F-6;52280658;Vingåker;0428;Kommunal;Vingåkers kommun;2120000308;223;41,7;26,0;32,7;28;52;32;41;29;41;.;.;.;
Sävstaskolan;18900112;Vingåker;0428;Kommunal;Vingåkers kommun;2120000308;240;50,4;44,2;33,3;37;41;61;36;38;27;.;.;.;
Österåkersbygdens Friskola;37464454;Vingåker;0428;Enskild;Österåkersbygdens Friskoleförening;8024509500;44;54,5;11,4;47,7;7;9;9;6;10;3;.;.;.;
Asklanda skola;75974498;Vårgårda;1442;Kommunal;Vårgårda kommun;2120001454;53;50,9;..;75,5;11;10;9;10;6;7;.;.;.;
Fridhemskolan;29725783;Vårgårda;1442;Kommunal;Vårgårda kommun;2120001454;143;39,9;16,8;44,8;25;22;24;21;27;24;.;.;.;
Gullhögskolan;84179524;Vårgårda;1442;Kommunal;Vårgårda kommun;2120001454;437;51,9;23,1;52,4;.;.;.;.;.;.;159;139;139;
Hols skola;50494263;Vårgårda;1442;Kommunal;Vårgårda kommun;2120001454;123;52,8;4,1;59,3;21;24;20;17;22;19;.;.;.;
Lena skola;13436901;Vårgårda;1442;Kommunal;Vårgårda kommun;2120001454;130;45,4;3,8;59,2;26;21;22;20;20;21;.;.;.;
Lindbladskolan 4-6;43602822;Vårgårda;1442;Kommunal;Vårgårda kommun;2120001454;172;44,2;40,1;45,9;.;.;.;58;59;55;.;.;.;
Lindbladskolan F-3;83517039;Vårgårda;1442;Kommunal;Vårgårda kommun;2120001454;205;46,8;34,6;50,7;71;78;56;.;.;.;.;.;.;
Nårunga skola;92287124;Vårgårda;1442;Kommunal;Vårgårda kommun;2120001454;85;54,1;..;74,1;13;21;9;15;12;15;.;.;.;
Blåsut skola;11648934;Vänersborg;1487;Kommunal;Vänersborgs kommun;2120001538;152;44,7;11,8;79,6;23;26;27;25;27;24;.;.;.;
Brålanda skola 4-6;62320503;Vänersborg;1487;Kommunal;Vänersborgs kommun;2120001538;96;56,3;20,8;59,4;.;.;.;29;29;38;.;.;.;
Brålanda skola F-3;34594542;Vänersborg;1487;Kommunal;Vänersborgs kommun;2120001538;87;54,0;16,1;59,8;28;32;27;.;.;.;.;.;.;
Dalboskolan;93140467;Vänersborg;1487;Kommunal;Vänersborgs kommun;2120001538;175;42,9;14,9;54,9;.;.;.;.;.;.;56;57;62;
Fridaskolan, Vänersborg;10982633;Vänersborg;1487;Enskild;Fridaskolorna AB;5564515988;459;50,1;12,4;77,6;32;31;32;33;33;73;75;75;75;
Frändeskolan;26412678;Vänersborg;1487;Kommunal;Vänersborgs kommun;2120001538;175;44,6;5,1;61,7;33;26;28;28;36;24;.;.;.;
Granås skola 4-6;48319683;Vänersborg;1487;Kommunal;Vänersborgs kommun;2120001538;121;46,3;14,9;65,3;.;.;.;40;39;42;.;.;.;
Granås skola F-3;25729428;Vänersborg;1487;Kommunal;Vänersborgs kommun;2120001538;147;47,6;6,1;67,3;49;49;49;.;.;.;.;.;.;
Mariedalskolan 4-6;15185546;Vänersborg;1487;Kommunal;Vänersborgs kommun;2120001538;200;46,5;40,0;55,5;.;.;.;63;70;67;.;.;.;
Mariedalskolan F-3;46319044;Vänersborg;1487;Kommunal;Vänersborgs kommun;2120001538;230;50,9;47,4;52,2;68;86;76;.;.;.;.;.;.;
Mulltorp skola 4-6;47721692;Vänersborg;1487;Kommunal;Vänersborgs kommun;2120001538;26;50,0;..;73,1;.;.;.;8;10;8;.;.;.;
Mulltorp skola F-3;26068352;Vänersborg;1487;Kommunal;Vänersborgs kommun;2120001538;25;52,0;..;80,0;9;7;9;.;.;.;.;.;.;
Norra skolan 4-6;64688806;Vänersborg;1487;Kommunal;Vänersborgs kommun;2120001538;108;53,7;43,5;55,6;.;.;.;21;40;47;.;.;.;
Norra skolan F-3;94492012;Vänersborg;1487;Kommunal;Vänersborgs kommun;2120001538;92;48,9;43,5;55,4;46;22;24;.;.;.;.;.;.;
Onsjöskolan 4-6;31605302;Vänersborg;1487;Kommunal;Vänersborgs kommun;2120001538;128;49,2;10,9;70,3;.;.;.;43;40;45;.;.;.;
Onsjöskolan F-3;77512067;Vänersborg;1487;Kommunal;Vänersborgs kommun;2120001538;139;45,3;19,4;62,6;46;47;46;.;.;.;.;.;.;
Rånnums skola 4-6;15512028;Vänersborg;1487;Kommunal;Vänersborgs kommun;2120001538;98;52,0;20,4;55,1;.;.;.;26;40;32;.;.;.;
Rånnums skola F-3;21541732;Vänersborg;1487;Kommunal;Vänersborgs kommun;2120001538;85;41,2;15,3;47,1;20;25;40;.;.;.;.;.;.;
Rösebo skola;45249416;Vänersborg;1487;Kommunal;Vänersborgs kommun;2120001538;14;71,4;.;71,4;4;4;6;.;.;.;.;.;.;
Silvertärnan Väster;77794757;Vänersborg;1487;Kommunal;Vänersborgs kommun;2120001538;169;45,6;42,6;52,7;.;.;.;.;.;.;52;60;57;
Silvertärnan Öster;32017880;Vänersborg;1487;Kommunal;Vänersborgs kommun;2120001538;248;51,2;35,9;54,4;.;.;.;.;.;.;83;82;83;
Skerruds skola 4-6;55443968;Vänersborg;1487;Kommunal;Vänersborgs kommun;2120001538;35;45,7;..;45,7;.;.;.;15;13;7;.;.;.;
Skerruds skola F-3;13511202;Vänersborg;1487;Kommunal;Vänersborgs kommun;2120001538;20;45,0;.;45,0;6;6;8;.;.;.;.;.;.;
Torpaskolan Norr;58654483;Vänersborg;1487;Kommunal;Vänersborgs kommun;2120001538;129;52,7;45,0;45,0;.;.;.;.;.;.;.;.;129;
Torpaskolan Söder;69372123;Vänersborg;1487;Kommunal;Vänersborgs kommun;2120001538;219;48,9;25,1;59,4;.;.;.;.;.;.;106;113;.;
Tärnan 4-6;39195556;Vänersborg;1487;Kommunal;Vänersborgs kommun;2120001538;159;54,7;87,4;13,8;.;.;.;56;48;55;.;.;.;
Tärnan F-3;47331235;Vänersborg;1487;Kommunal;Vänersborgs kommun;2120001538;159;52,8;83,6;20,1;53;55;51;.;.;.;.;.;.;
Vänerparkens skola;59193729;Vänersborg;1487;Kommunal;Vänersborgs kommun;2120001538;246;44,7;24,4;63,8;.;.;.;.;.;.;81;84;81;
Vänersnäs Montessoriskola;60726203;Vänersborg;1487;Enskild;Vänersnäs Montessoriskola Aktiebolag;5564698545;42;45,2;..;64,3;5;15;9;7;6;.;.;.;.;
Öxnered skola 4-6;34017520;Vänersborg;1487;Kommunal;Vänersborgs kommun;2120001538;139;48,9;3,6;77,7;.;.;.;45;48;46;.;.;.;
Öxnered skola F-3;92050682;Vänersborg;1487;Kommunal;Vänersborgs kommun;2120001538;131;55,0;8,4;78,6;45;50;36;.;.;.;.;.;.;
Hammarskolan AB;94348319;Vännäs;2460;Kommunal;Vännäs kommun;2120002841;155;46,5;9,0;54,8;.;.;.;.;.;.;53;46;56;
Hammarskolan CD;90298777;Vännäs;2460;Kommunal;Vännäs kommun;2120002841;128;43,0;6,3;59,4;.;.;.;.;.;.;51;47;30;
Hällfors friskola;53454010;Vännäs;2460;Enskild;Hällforshedens Friskola Ekonomisk Förening;7696017008;39;43,6;..;66,7;7;9;8;5;7;3;.;.;.;
Vegaskolan 4-6;21744076;Vännäs;2460;Kommunal;Vännäs kommun;2120002841;201;49,8;14,9;53,7;.;.;.;68;58;75;.;.;.;
Vegaskolan F-3;68699343;Vännäs;2460;Kommunal;Vännäs kommun;2120002841;194;47,4;9,8;57,2;51;72;71;.;.;.;.;.;.;
Vännäsby skola 4-6;15358070;Vännäs;2460;Kommunal;Vännäs kommun;2120002841;123;48,8;..;75,6;.;.;.;41;40;42;.;.;.;
Vännäsby skola F-3;71858612;Vännäs;2460;Kommunal;Vännäs kommun;2120002841;135;40,7;..;69,6;55;42;38;.;.;.;.;.;.;
Antistilla skola;67926479;Värmdö;0120;Enskild;Antistilla AB;5566229851;37;48,6;16,2;70,3;12;11;14;.;.;.;.;.;.;
Brunns skola;42434583;Värmdö;0120;Kommunal;Värmdö kommun;2120000035;549;46,4;10,2;62,1;28;48;49;69;84;75;58;64;74;
Djurö skola;18053776;Värmdö;0120;Kommunal;Värmdö kommun;2120000035;290;47,2;22,1;48,6;37;40;30;30;27;34;32;28;32;
Ekedalsskolan;94600352;Värmdö;0120;Kommunal;Värmdö kommun;2120000035;353;50,4;13,0;70,8;52;69;60;81;91;.;.;.;.;
Fågelvik skola;25090415;Värmdö;0120;Kommunal;Värmdö kommun;2120000035;112;39,3;9,8;75,0;44;38;30;.;.;.;.;.;.;
Grantomta Montessoriskola;63682476;Värmdö;0120;Enskild;Grantomta Montessoristiftelse;8140009518;150;44,0;10,7;74,7;38;33;31;29;19;.;.;.;.;
Hemmestaskolan;24561769;Värmdö;0120;Kommunal;Värmdö kommun;2120000035;676;48,8;20,6;57,1;58;53;63;64;72;78;73;82;133;
Internationella Engelska Skolan Värmdö;62569730;Värmdö;0120;Enskild;Internationella Engelska Skolan i Sverige AB;5564624368;487;51,1;10,1;85,0;56;56;56;64;64;64;63;64;.;
Kullsvedsskolan, Grundskola;67362048;Värmdö;0120;Kommunal;Värmdö kommun;2120000035;19;31,6;..;47,4;.;.;.;.;.;.;4;11;4;
Kvarnbergsskolan;97402564;Värmdö;0120;Kommunal;Värmdö kommun;2120000035;440;47,0;12,5;66,6;.;.;.;.;.;77;117;97;149;
Kyrkskolan;70803136;Värmdö;0120;Kommunal;Värmdö kommun;2120000035;127;45,7;10,2;73,2;25;25;25;22;22;8;.;.;.;
Lemshaga Akademi;11364996;Värmdö;0120;Enskild;Lemshagastiftelsen;8024007075;422;51,7;2,4;84,1;40;40;40;50;48;52;51;51;50;
Munkmoraskolan;47705565;Värmdö;0120;Kommunal;Värmdö kommun;2120000035;85;47,1;22,4;50,6;28;22;35;.;.;.;.;.;.;
Möja skola;71156124;Värmdö;0120;Kommunal;Värmdö kommun;2120000035;8;..;.;.;2;1;.;2;.;.;.;2;1;
Runmarö skola;34946479;Värmdö;0120;Kommunal;Värmdö kommun;2120000035;17;64,7;..;88,2;1;3;2;2;.;6;.;2;1;
Skolan LÄR;87412084;Värmdö;0120;Enskild;Lär i Värmdö AB;5565934279;74;52,7;..;83,8;27;25;22;.;.;.;.;.;.;
Svartsö skola;70481988;Värmdö;0120;Kommunal;Värmdö kommun;2120000035;19;52,6;..;42,1;3;4;3;1;4;1;.;1;2;
Viks skola;94902263;Värmdö;0120;Kommunal;Värmdö kommun;2120000035;442;45,5;6,6;69,7;75;97;75;65;71;59;.;.;.;
Ösbyskolan;88283203;Värmdö;0120;Kommunal;Värmdö kommun;2120000035;643;47,1;10,3;71,9;76;51;74;77;52;74;77;80;82;
Apladalsskolan;40576389;Värnamo;0683;Kommunal;Värnamo kommun;2120000555;420;54,0;35,2;57,4;.;.;.;.;.;.;149;148;123;
Borbackaskolan;90000574;Värnamo;0683;Kommunal;Värnamo kommun;2120000555;133;42,1;15,0;50,4;26;18;24;19;17;29;.;.;.;
Bors skola;68702432;Värnamo;0683;Kommunal;Värnamo kommun;2120000555;191;48,7;29,8;41,9;.;.;.;.;.;.;75;60;56;
Bredaryds skola;73914410;Värnamo;0683;Kommunal;Värnamo kommun;2120000555;177;49,7;25,4;44,1;28;29;20;33;28;39;.;.;.;
Enehagens skola;16778059;Värnamo;0683;Kommunal;Värnamo kommun;2120000555;336;52,4;28,3;57,4;40;47;47;68;63;71;.;.;.;
Exposkolan;41604381;Värnamo;0683;Kommunal;Värnamo kommun;2120000555;208;45,2;48,1;47,1;.;.;.;73;58;77;.;.;.;
Forshedaskolan;23192281;Värnamo;0683;Kommunal;Värnamo kommun;2120000555;209;57,9;17,7;53,6;.;.;.;.;.;.;68;68;73;
Fryele skola;19228578;Värnamo;0683;Kommunal;Värnamo kommun;2120000555;49;51,0;10,2;44,9;9;7;10;8;6;9;.;.;.;
Gröndalsskolan;41729877;Värnamo;0683;Kommunal;Värnamo kommun;2120000555;572;49,3;34,3;60,7;.;.;.;.;.;144;157;126;145;
Gällaryds skola;54519463;Värnamo;0683;Kommunal;Värnamo kommun;2120000555;41;53,7;.;70,7;5;7;10;6;5;8;.;.;.;
Hanahöjskolan;63642579;Värnamo;0683;Kommunal;Värnamo kommun;2120000555;133;51,9;18,8;49,6;15;31;25;23;20;19;.;.;.;
Horda skola;84123958;Värnamo;0683;Kommunal;Värnamo kommun;2120000555;63;34,9;27,0;55,6;12;9;8;11;14;9;.;.;.;
Hånger skola;54642333;Värnamo;0683;Kommunal;Värnamo kommun;2120000555;63;52,4;..;61,9;8;8;12;17;12;6;.;.;.;
Kärda skola;95736970;Värnamo;0683;Kommunal;Värnamo kommun;2120000555;46;50,0;19,6;58,7;5;9;8;10;8;6;.;.;.;
Mossleskolan;59015476;Värnamo;0683;Kommunal;Värnamo kommun;2120000555;312;45,8;39,1;59,9;56;67;61;64;64;.;.;.;.;
Rydaholms skola;13114568;Värnamo;0683;Kommunal;Värnamo kommun;2120000555;167;58,7;38,9;33,5;30;31;24;29;29;24;.;.;.;
Rörstorpsskolan;70738456;Värnamo;0683;Kommunal;Värnamo kommun;2120000555;234;51,7;48,3;55,6;77;82;75;.;.;.;.;.;.;
Trälleborg;90809860;Värnamo;0683;Kommunal;Värnamo kommun;2120000555;381;44,1;27,3;67,2;74;75;82;75;75;.;.;.;.;
Tånnö skola;86230955;Värnamo;0683;Kommunal;Värnamo kommun;2120000555;20;30,0;..;75,0;9;5;6;.;.;.;.;.;.;
Alphaskolan;25749057;Västervik;0883;Enskild;Kunskapsnavet AB;5565121570;149;49,0;20,1;69,8;.;.;.;.;.;.;50;48;51;
Ankarsrums skola 7-9;72904597;Västervik;0883;Kommunal;Västerviks kommun;2120000779;127;58,3;14,2;42,5;.;.;.;.;.;.;41;37;49;
Ankarsrums skola F-6;17348981;Västervik;0883;Kommunal;Västerviks kommun;2120000779;104;42,3;25,0;37,5;22;18;19;10;18;17;.;.;.;
Blackstad skola;70475635;Västervik;0883;Kommunal;Västerviks kommun;2120000779;57;43,9;8,8;45,6;11;6;16;7;9;8;.;.;.;
Breviksskolan;40704885;Västervik;0883;Kommunal;Västerviks kommun;2120000779;224;46,9;11,2;69,2;35;40;25;44;42;38;.;.;.;
Ellen Keyskolan;27459423;Västervik;0883;Kommunal;Västerviks kommun;2120000779;391;53,2;18,2;64,5;.;.;.;.;.;.;129;125;137;
Fågelbärets skola;94635762;Västervik;0883;Kommunal;Västerviks kommun;2120000779;297;51,2;22,9;52,5;46;49;51;53;49;49;.;.;.;
Gamlebyvikens friskola;80536102;Västervik;0883;Enskild;Josua Education AB;5590945852;55;54,5;10,9;60,0;8;7;8;3;7;9;2;8;3;
Gunnebo skola;42944182;Västervik;0883;Kommunal;Västerviks kommun;2120000779;115;46,1;36,5;51,3;19;18;20;20;13;25;.;.;.;
Himalajaskolan;75340680;Västervik;0883;Kommunal;Västerviks kommun;2120000779;69;50,7;11,6;63,8;7;7;10;22;13;10;.;.;.;
Lidhemsskolan;62384613;Västervik;0883;Kommunal;Västerviks kommun;2120000779;229;53,7;37,6;51,5;48;37;29;43;45;27;.;.;.;
Ljungbergaskolan;68921844;Västervik;0883;Kommunal;Västerviks kommun;2120000779;147;51,7;5,4;66,0;24;26;29;17;28;23;.;.;.;
Loftahammars skola;23843784;Västervik;0883;Kommunal;Västerviks kommun;2120000779;53;49,1;13,2;58,5;2;8;12;11;5;15;.;.;.;
Ludvigsborgsskolan;16547623;Västervik;0883;Kommunal;Västerviks kommun;2120000779;311;48,9;25,7;58,5;.;.;.;.;.;.;115;104;92;
Marieborgsskolan;23559267;Västervik;0883;Kommunal;Västerviks kommun;2120000779;270;48,5;18,9;65,6;45;37;48;47;37;56;.;.;.;
Näktergalens skola;64057523;Västervik;0883;Kommunal;Västerviks kommun;2120000779;126;42,9;11,9;77,8;28;18;14;26;19;21;.;.;.;
Ringeltaubska skolan;19973473;Västervik;0883;Kommunal;Västerviks kommun;2120000779;51;47,1;19,6;51,0;11;9;9;10;11;1;.;.;.;
Skogshagaskolan;92991272;Västervik;0883;Kommunal;Västerviks kommun;2120000779;249;41,4;14,5;63,9;45;38;50;35;39;42;.;.;.;
Åbyängskolan;37770053;Västervik;0883;Kommunal;Västerviks kommun;2120000779;217;47,5;24,0;46,5;26;38;42;31;36;44;.;.;.;
Östra Ringskolan;18058977;Västervik;0883;Kommunal;Västerviks kommun;2120000779;214;47,7;22,9;46,7;.;.;.;.;.;.;73;68;73;
Överumsskolan;35975798;Västervik;0883;Kommunal;Västerviks kommun;2120000779;90;46,7;23,3;37,8;11;16;16;17;18;12;.;.;.;
Apalbyskolan;89379865;Västerås;1980;Kommunal;Västerås kommun;2120002080;317;45,1;34,4;68,8;47;47;63;51;53;56;.;.;.;
Barkaröskolan;27031962;Västerås;1980;Kommunal;Västerås kommun;2120002080;242;51,2;9,9;88,8;40;45;48;32;41;36;.;.;.;
Bjurhovdaskolan;44233076;Västerås;1980;Kommunal;Västerås kommun;2120002080;273;44,0;31,5;59,3;45;46;41;50;50;41;.;.;.;
Blåsboskolan;88691291;Västerås;1980;Kommunal;Västerås kommun;2120002080;286;42,7;18,5;68,9;44;50;49;50;45;48;.;.;.;
Brandthovdaskolan;71386020;Västerås;1980;Kommunal;Västerås kommun;2120002080;248;44,4;11,3;73,4;49;42;39;39;43;36;.;.;.;
Centuriaskolan;83896681;Västerås;1980;Enskild;021 Skol AB;5568373228;126;55,6;11,9;79,4;.;.;.;.;.;.;42;43;41;
Dingtuna skola;51133192;Västerås;1980;Kommunal;Västerås kommun;2120002080;223;37,7;6,3;62,3;40;36;54;38;33;22;.;.;.;
Ekbergaskolan;60051507;Västerås;1980;Kommunal;Västerås kommun;2120002080;316;48,4;26,9;72,8;49;67;68;48;43;41;.;.;.;
Emausskolan;73663359;Västerås;1980;Kommunal;Västerås kommun;2120002080;325;49,8;35,4;51,4;58;60;56;51;50;50;.;.;.;
Entréskolan Västerås;77743622;Västerås;1980;Enskild;AmiSgo AB;5568148117;143;68,5;30,8;63,6;.;.;.;8;9;19;34;39;34;
Fredriksbergsskolan;40421253;Västerås;1980;Kommunal;Västerås kommun;2120002080;271;43,2;77,1;41,0;47;52;48;47;37;40;.;.;.;
Fridnässkolan;17617299;Västerås;1980;Kommunal;Västerås kommun;2120002080;144;38,2;16,0;81,3;40;32;30;10;18;14;.;.;.;
Fryxellska skolan;73093445;Västerås;1980;Enskild;Stiftelsen Fryx;8780016211;857;76,1;14,7;88,2;.;.;.;143;144;144;144;140;142;
Grundskolan Äventyret;57243353;Västerås;1980;Enskild;Stiftelsen Äventyret;8024262159;165;50,3;14,5;67,3;21;20;21;16;21;15;19;15;17;
Gäddeholmsskolan;81095541;Västerås;1980;Kommunal;Västerås kommun;2120002080;131;46,6;7,6;92,4;33;40;34;24;.;.;.;.;.;
Hammarbyskolan;66792205;Västerås;1980;Kommunal;Västerås kommun;2120002080;151;37,7;22,5;77,5;27;28;27;23;25;21;.;.;.;
Hamreskolan;54537199;Västerås;1980;Kommunal;Västerås kommun;2120002080;396;42,4;11,6;90,4;75;75;74;53;56;63;.;.;.;
Herrgärdsskolan;46380811;Västerås;1980;Kommunal;Västerås kommun;2120002080;271;52,0;39,1;61,6;56;66;63;51;35;.;.;.;.;
Håkantorpsskolan;42930046;Västerås;1980;Kommunal;Västerås kommun;2120002080;316;44,6;41,8;50,6;47;60;50;61;50;48;.;.;.;
Hällbyskolan;25320686;Västerås;1980;Kommunal;Västerås kommun;2120002080;138;51,4;87,7;29,0;28;22;23;22;19;24;.;.;.;
Hökåsenskolan;54574887;Västerås;1980;Kommunal;Västerås kommun;2120002080;316;45,9;5,1;75,6;58;48;55;48;52;55;.;.;.;
Internationella Engelska Skolan Västerås;46042136;Västerås;1980;Enskild;Internationella Engelska Skolan i Sverige AB;5564624368;630;45,2;71,3;65,1;.;.;.;67;85;118;116;125;119;
IQRA Skolan;41344384;Västerås;1980;Enskild;IQRA Utbildning AB;5569309825;103;57,3;91,3;34,0;31;24;18;15;7;8;.;.;.;
Irstaskolan;61002601;Västerås;1980;Kommunal;Västerås kommun;2120002080;789;51,6;6,1;75,2;71;74;70;72;107;86;113;87;109;
JENSEN grundskola Västerås;44284183;Västerås;1980;Enskild;Jensen Education College AB;5566358759;300;47,3;9,3;79,7;.;.;.;.;.;.;90;120;90;
Kristiansborgsskolan;65736810;Västerås;1980;Kommunal;Västerås kommun;2120002080;405;47,2;45,2;52,1;.;.;.;.;.;49;112;119;125;
Kunskapsskolan Västerås;30576881;Västerås;1980;Enskild;Kunskapsskolan i Sverige Aktiebolag;5565661815;527;52,2;16,5;91,8;.;.;.;63;66;66;108;105;119;
Lövängsskolan;86598518;Västerås;1980;Kommunal;Västerås kommun;2120002080;265;46,4;4,9;84,9;42;46;51;47;38;41;.;.;.;
Magelungens grundskola Västerås;82151850;Västerås;1980;Enskild;Magelungen Utveckling AB;5564891447;37;59,5;..;67,6;.;.;.;.;.;.;10;11;16;
Malmabergsskolan;54921874;Västerås;1980;Kommunal;Västerås kommun;2120002080;234;46,6;41,5;49,6;40;37;41;42;43;31;.;.;.;
Mistelskolan;78832667;Västerås;1980;Enskild;Mistelskolan Ekonomisk förening;7696138259;33;51,5;..;93,9;10;13;10;.;.;.;.;.;.;
Mälarparksskolan;27628050;Västerås;1980;Kommunal;Västerås kommun;2120002080;307;40,7;55,4;52,1;64;54;55;47;41;46;.;.;.;
Noblaskolan Hagaberg;30313010;Västerås;1980;Enskild;Pysslingen Förskolor och Skolor AB;5560354309;439;49,9;33,3;71,8;48;48;52;56;56;60;61;30;28;
Noblaskolan Hemdal;80009811;Västerås;1980;Enskild;Pysslingen Förskolor och Skolor AB;5560354309;392;49,7;29,6;57,1;39;42;47;34;40;43;51;47;49;
Norra Vallbyskolan;20157484;Västerås;1980;Kommunal;Västerås kommun;2120002080;173;50,9;57,2;46,2;32;44;39;26;13;19;.;.;.;
Nybyggeskolan;69664897;Västerås;1980;Kommunal;Västerås kommun;2120002080;487;47,4;58,5;40,0;.;.;.;.;.;.;141;167;179;
Ormkärrskolan;28359862;Västerås;1980;Kommunal;Västerås kommun;2120002080;287;46,7;14,3;85,0;38;50;52;45;51;51;.;.;.;
Orrestaskolan;65164121;Västerås;1980;Kommunal;Västerås kommun;2120002080;62;56,5;8,1;53,2;11;14;7;13;10;7;.;.;.;
Persboskolan;10453232;Västerås;1980;Kommunal;Västerås kommun;2120002080;300;47,3;21,0;42,7;.;.;.;66;63;49;54;35;33;
Pettersbergsskolan;66142210;Västerås;1980;Kommunal;Västerås kommun;2120002080;387;46,0;80,4;28,9;44;48;44;29;32;26;43;53;68;
Piltorpsskolan;48048527;Västerås;1980;Kommunal;Västerås kommun;2120002080;241;47,3;35,3;68,9;47;28;51;33;38;44;.;.;.;
Pilträdsskolan;81265119;Västerås;1980;Enskild;Stiftelsen Källan;8780019090;220;48,2;86,8;40,0;22;22;22;22;23;23;40;24;22;
Romfartunaskolan;84602749;Västerås;1980;Kommunal;Västerås kommun;2120002080;34;52,9;..;61,8;12;11;11;.;.;.;.;.;.;
Rönnbyskolan;99408329;Västerås;1980;Kommunal;Västerås kommun;2120002080;466;48,9;11,8;79,4;52;52;50;49;49;56;51;55;52;
Rösegårdsskolan;93147654;Västerås;1980;Kommunal;Västerås kommun;2120002080;309;48,9;75,1;41,4;56;58;59;49;39;48;.;.;.;
Skallbergsskolan;78004150;Västerås;1980;Kommunal;Västerås kommun;2120002080;285;43,5;46,0;50,9;57;56;43;46;45;38;.;.;.;
Skiljeboskolan;77449846;Västerås;1980;Kommunal;Västerås kommun;2120002080;331;45,0;43,8;41,7;.;.;.;.;.;.;112;107;112;
Skälbyskolan;50095535;Västerås;1980;Enskild;CK Utbildning AB;5569081150;384;52,1;40,6;61,5;43;43;44;43;41;42;41;44;43;
S:ta Gertruds skola;87496094;Västerås;1980;Kommunal;Västerås kommun;2120002080;131;54,2;74,0;38,9;23;23;22;22;19;22;.;.;.;
Tibbleskolan;26293113;Västerås;1980;Kommunal;Västerås kommun;2120002080;168;44,0;22,0;42,3;59;63;46;.;.;.;.;.;.;
Tillbergaskolan;33439128;Västerås;1980;Kommunal;Västerås kommun;2120002080;518;46,9;6,0;59,7;48;41;41;33;39;50;85;83;98;
Tortunaskolan;85408166;Västerås;1980;Kommunal;Västerås kommun;2120002080;100;56,0;8,0;60,0;15;21;18;15;10;21;.;.;.;
Vallbyskolan;79456355;Västerås;1980;Kommunal;Västerås kommun;2120002080;146;47,9;87,0;18,5;28;26;26;17;28;21;.;.;.;
Vetterstorpsskolan;11729143;Västerås;1980;Kommunal;Västerås kommun;2120002080;133;41,4;61,7;45,9;24;25;27;24;20;13;.;.;.;
Viksängsskolan;35110948;Västerås;1980;Kommunal;Västerås kommun;2120002080;600;35,7;32,8;60,0;.;.;.;.;.;.;202;190;208;
Västerås Internationella Skola;77340618;Västerås;1980;Enskild;Utbildningsservice i Västerås AB;5566708615;32;65,6;~100;53,1;8;11;5;6;2;.;.;.;.;
Västerås Montessoriskola;20160192;Västerås;1980;Enskild;Västerås Montessoriskola AB;5565848420;83;48,2;31,3;84,3;19;18;20;10;8;8;.;.;.;
Västerås Waldorfskola, grund;14896115;Västerås;1980;Enskild;Stiftelsen Västerås Waldorfskola;8780017110;105;50,5;33,3;57,1;5;13;17;3;15;5;14;18;15;
Önstaskolan;84998800;Västerås;1980;Kommunal;Västerås kommun;2120002080;460;45,9;33,9;58,7;.;.;.;.;.;.;139;145;176;
Braås skola 4-9;86616046;Växjö;0780;Kommunal;Växjö kommun;2120000662;233;46,4;34,3;40,3;.;.;.;31;27;31;58;38;48;
Braås skola F-3;85888243;Växjö;0780;Kommunal;Växjö kommun;2120000662;93;50,5;39,8;46,2;35;31;27;.;.;.;.;.;.;
Bäckaslövskolan;58187316;Växjö;0780;Kommunal;Växjö kommun;2120000662;238;47,9;17,2;79,4;51;39;50;48;50;.;.;.;.;
Centrumskolan;92096622;Växjö;0780;Kommunal;Växjö kommun;2120000662;333;46,2;91,6;23,4;46;61;59;60;49;58;.;.;.;
Dädesjö skola;98761080;Växjö;0780;Kommunal;Växjö kommun;2120000662;22;54,5;.;59,1;12;3;7;.;.;.;.;.;.;
Elin Wägnerskolan 1;49233138;Växjö;0780;Kommunal;Växjö kommun;2120000662;185;51,9;54,1;55,1;.;.;.;.;.;40;47;48;50;
Elin Wägnerskolan 2;17024808;Växjö;0780;Kommunal;Växjö kommun;2120000662;212;49,5;46,7;56,1;.;.;.;.;.;42;48;49;73;
Fagrabäckskolan;29751275;Växjö;0780;Kommunal;Växjö kommun;2120000662;419;52,0;29,8;55,1;.;.;.;.;.;.;155;125;139;
Furuby skola;44232122;Växjö;0780;Kommunal;Växjö kommun;2120000662;61;39,3;8,2;72,1;9;15;7;11;9;10;.;.;.;
Furutåskolan;65877570;Växjö;0780;Kommunal;Växjö kommun;2120000662;195;49,2;41,0;65,1;39;34;41;38;20;23;.;.;.;
Gemla skola;13329040;Växjö;0780;Kommunal;Växjö kommun;2120000662;173;48,6;8,7;61,3;32;21;44;22;32;22;.;.;.;
Gustavslundskolan;86282718;Växjö;0780;Kommunal;Växjö kommun;2120000662;310;46,8;17,4;72,9;51;46;64;59;38;52;.;.;.;
Hagavikskolans natur- och teknikinriktning;81662991;Växjö;0780;Kommunal;Växjö kommun;2120000662;163;28,8;15,3;81,0;.;.;.;.;.;.;38;75;50;
Hovshagaskolan;24632114;Växjö;0780;Kommunal;Växjö kommun;2120000662;267;47,9;25,8;69,7;48;35;44;46;45;49;.;.;.;
Högstorps skola;82426839;Växjö;0780;Kommunal;Växjö kommun;2120000662;280;47,9;12,5;82,1;41;47;50;52;36;54;.;.;.;
Ingelstad skola;95891686;Växjö;0780;Kommunal;Växjö kommun;2120000662;231;45,0;9,5;71,0;35;38;37;44;36;41;.;.;.;
Internationella Engelska Skolan Växjö;11366318;Växjö;0780;Enskild;Internationella Engelska Skolan i Sverige AB;5564624368;176;46,0;60,2;73,3;16;16;24;23;26;19;52;.;.;
Kalvsvik skola;84568793;Växjö;0780;Kommunal;Växjö kommun;2120000662;24;33,3;..;58,3;7;10;7;.;.;.;.;.;.;
Kronoberg Skola;44785862;Växjö;0780;Enskild;Nordic International School AB;5566102033;537;57,2;34,8;84,7;.;.;.;18;32;91;142;148;106;
Lammhults skola 4-9;10428911;Växjö;0780;Kommunal;Växjö kommun;2120000662;223;48,0;31,8;39,9;.;.;.;32;41;44;35;42;29;
Lammhults skola F-3;12224943;Växjö;0780;Kommunal;Växjö kommun;2120000662;84;58,3;38,1;39,3;22;27;35;.;.;.;.;.;.;
Lillestadskolan;86848164;Växjö;0780;Kommunal;Växjö kommun;2120000662;275;45,5;39,3;62,9;46;50;47;48;46;38;.;.;.;
Ljungfälleskolan;36698817;Växjö;0780;Kommunal;Växjö kommun;2120000662;260;48,5;49,2;65,4;38;43;46;46;43;44;.;.;.;
Norregårdskolan;12286029;Växjö;0780;Kommunal;Växjö kommun;2120000662;589;45,0;25,3;70,5;.;.;.;.;.;.;208;178;203;
Nöbbele skola;85236752;Växjö;0780;Kommunal;Växjö kommun;2120000662;42;54,8;.;50,0;5;6;7;12;7;5;.;.;.;
Pilbäckskolan;12572097;Växjö;0780;Kommunal;Växjö kommun;2120000662;300;50,3;33,7;65,3;50;50;50;49;52;49;.;.;.;
Pär Lagerkvistskolan 7-9;18116804;Växjö;0780;Kommunal;Växjö kommun;2120000662;446;45,7;8,7;67,3;.;.;.;.;.;.;149;148;149;
Pär Lagerkvistskolan F-6;23757669;Växjö;0780;Kommunal;Växjö kommun;2120000662;196;50,5;19,9;61,7;45;28;31;36;25;31;.;.;.;
Ringsbergskolan;65161034;Växjö;0780;Kommunal;Växjö kommun;2120000662;245;52,2;40,8;66,1;24;24;23;25;24;24;26;50;25;
Sandsbro skola;94928821;Växjö;0780;Kommunal;Växjö kommun;2120000662;369;49,6;12,7;75,3;57;59;65;67;72;49;.;.;.;
Söraby skola;52780309;Växjö;0780;Kommunal;Växjö kommun;2120000662;260;47,7;16,2;55,4;53;47;35;44;45;36;.;.;.;
Teleborg Centrum;72833305;Växjö;0780;Kommunal;Växjö kommun;2120000662;402;53,0;36,1;60,4;.;.;.;.;.;.;128;154;120;
Thoren Framtid i Växjö;69600902;Växjö;0780;Enskild;Thoren Framtid AB;5567497051;384;45,3;19,5;70,6;.;.;.;.;.;26;129;101;128;
Tolg skola;46214380;Växjö;0780;Kommunal;Växjö kommun;2120000662;35;45,7;.;68,6;7;7;6;5;7;3;.;.;.;
Torparskolan;12100546;Växjö;0780;Kommunal;Växjö kommun;2120000662;278;48,2;22,7;83,1;50;47;50;48;44;39;.;.;.;
Tävelsås skola;20682865;Växjö;0780;Kommunal;Växjö kommun;2120000662;54;44,4;..;87,0;15;20;19;.;.;.;.;.;.;
Ulriksbergskolan;81237364;Växjö;0780;Kommunal;Växjö kommun;2120000662;240;47,9;54,6;60,8;49;50;47;47;47;.;.;.;.;
Uråsa skola;42434752;Växjö;0780;Kommunal;Växjö kommun;2120000662;24;70,8;.;66,7;9;10;5;.;.;.;.;.;.;
Vederslövs skola;41466096;Växjö;0780;Kommunal;Växjö kommun;2120000662;137;56,9;4,4;66,4;12;9;13;31;29;43;.;.;.;
Växjö Internationella Grundskola 7-9;20002379;Växjö;0780;Enskild;Lacko Internationella Grundskola AB;5568111123;79;59,5;55,7;70,9;.;.;.;.;.;.;26;26;27;
Växjö Internationella Grundskola F-6;17275630;Växjö;0780;Enskild;Lacko Internationella Grundskola AB;5568111123;138;54,3;53,6;84,8;19;20;22;25;26;26;.;.;.;
Växjö Islamiska skola;11860102;Växjö;0780;Enskild;Stiftelsen Växjö Islamiska Skola;8024242904;203;48,3;95,6;38,9;38;39;41;34;27;24;.;.;.;
Växjö Montessoriskola;14959495;Växjö;0780;Enskild;Stella Montessori AB;5566182662;109;56,9;25,7;92,7;20;19;20;19;19;12;.;.;.;
Åby skola;62677883;Växjö;0780;Kommunal;Växjö kommun;2120000662;71;47,9;..;78,9;11;11;13;14;13;9;.;.;.;
Åryds skola;37501814;Växjö;0780;Kommunal;Växjö kommun;2120000662;115;45,2;10,4;76,5;17;20;24;22;21;11;.;.;.;
Öjaby skola;85185429;Växjö;0780;Kommunal;Växjö kommun;2120000662;271;52,0;6,6;80,8;41;48;42;51;46;43;.;.;.;
Ör skola;67006679;Växjö;0780;Kommunal;Växjö kommun;2120000662;23;56,5;..;82,6;7;6;10;.;.;.;.;.;.;
Östra Lugnets skola;21706410;Växjö;0780;Kommunal;Växjö kommun;2120000662;423;50,8;15,6;84,4;65;68;73;70;74;73;.;.;.;
Östregårdskolan;81463382;Växjö;0780;Kommunal;Växjö kommun;2120000662;267;53,2;34,5;65,9;42;45;43;46;47;44;.;.;.;
Hestraskolan;48056871;Ydre;0512;Kommunal;Ydre kommun;2120000381;32;53,1;.;53,1;12;11;9;.;.;.;.;.;.;
Ydreskolan 1;61969375;Ydre;0512;Kommunal;Ydre kommun;2120000381;94;51,1;14,9;51,1;28;36;30;.;.;.;.;.;.;
Ydreskolan 2;61662490;Ydre;0512;Kommunal;Ydre kommun;2120000381;215;49,8;14,9;52,1;.;.;.;39;25;39;34;34;44;
Backaskolan;10475419;Ystad;1286;Kommunal;Ystad kommun;2120001181;301;48,5;21,3;69,1;50;55;43;49;53;51;.;.;.;
Edvinshemsskolan;16274059;Ystad;1286;Kommunal;Ystad kommun;2120001181;283;47,7;9,9;74,9;44;45;48;45;55;46;.;.;.;
Hedeskoga skola;45170446;Ystad;1286;Kommunal;Ystad kommun;2120001181;38;55,3;..;78,9;17;21;.;.;.;.;.;.;.;
Kunskapsskolan Ystad;58980145;Ystad;1286;Enskild;Kunskapsskolan i Sverige Aktiebolag;5565661815;450;48,0;10,2;73,6;.;.;.;17;41;55;110;122;105;
Källan skola;52279246;Ystad;1286;Kommunal;Ystad kommun;2120001181;251;44,6;33,1;58,2;47;50;38;45;32;39;.;.;.;
Köpingebro skola;68391076;Ystad;1286;Kommunal;Ystad kommun;2120001181;333;45,3;5,7;64,6;60;63;57;53;48;52;.;.;.;
Löderups skola;44841058;Ystad;1286;Kommunal;Ystad kommun;2120001181;101;52,5;13,9;63,4;11;11;23;21;15;20;.;.;.;
Nordic International School Ystad;49197086;Ystad;1286;Enskild;Nordic International School AB;5566102033;112;68,8;38,4;74,1;.;.;.;25;25;32;30;.;.;
Norreportskolan;89680009;Ystad;1286;Kommunal;Ystad kommun;2120001181;519;48,2;15,6;61,8;.;.;.;.;.;.;169;174;176;
Svarteskolan;67247370;Ystad;1286;Kommunal;Ystad kommun;2120001181;166;45,8;5,4;79,5;30;26;36;22;27;25;.;.;.;
Sövestads skola;77838140;Ystad;1286;Kommunal;Ystad kommun;2120001181;135;46,7;4,4;68,9;19;.;41;22;27;26;.;.;.;
Villa Montessori Ystad;53011246;Ystad;1286;Enskild;Monteprenör AB;5567874945;85;48,2;5,9;80,0;18;18;19;12;15;3;.;.;.;
Villa Sjöstadens Montessori;25834038;Ystad;1286;Enskild;Monteprenör AB;5567874945;58;46,6;15,5;81,0;24;10;6;12;6;.;.;.;.;
Västerportskolan;54436997;Ystad;1286;Kommunal;Ystad kommun;2120001181;603;49,6;14,8;62,2;33;25;30;31;25;28;141;141;149;
Edsleskogs Friskola;25567918;Åmål;1492;Enskild;Föreningen Edsleskogs Friskola;8024439062;26;23,1;34,6;46,2;3;8;1;10;3;1;.;.;.;
Kristinebergskolan;36724390;Åmål;1492;Kommunal;Åmåls kommun;2120001587;452;49,1;28,8;51,8;.;.;.;.;.;.;156;145;151;
Natur och Miljöskolan i Åmål;80947842;Åmål;1492;Enskild;Natur- och Miljöskolan i Åmål AB;5568523681;128;57,0;..;73,4;22;22;22;20;20;22;.;.;.;
Rösparksskolan;86458114;Åmål;1492;Kommunal;Åmåls kommun;2120001587;246;47,2;33,3;46,3;83;83;80;.;.;.;.;.;.;
Södra skolan;54749671;Åmål;1492;Kommunal;Åmåls kommun;2120001587;286;42,3;35,7;50,7;.;.;.;89;92;105;.;.;.;
Tösse skola;79937107;Åmål;1492;Kommunal;Åmåls kommun;2120001587;118;42,4;11,0;36,4;20;20;21;16;18;23;.;.;.;
Björkbackaskolan;71108679;Ånge;2260;Kommunal;Ånge kommun;2120002387;227;50,2;10,1;44,5;43;38;31;38;44;33;.;.;.;
Fränstaskolan;17514337;Ånge;2260;Kommunal;Ånge kommun;2120002387;234;52,6;12,4;44,4;20;14;19;18;14;15;37;43;54;
Kordelia Friskola AB;65951625;Ånge;2260;Enskild;Kordelia friskola AB;5565696852;98;52,0;..;48,0;11;12;14;10;13;10;5;11;12;
Ljungaskolan;68495182;Ånge;2260;Kommunal;Ånge kommun;2120002387;61;49,2;14,8;24,6;11;10;8;10;6;16;.;.;.;
Minervaskolan;43954518;Ånge;2260;Kommunal;Ånge kommun;2120002387;113;41,6;19,5;48,7;.;.;.;.;.;.;31;31;51;
Torpshammars skola;64255803;Ånge;2260;Kommunal;Ånge kommun;2120002387;47;48,9;10,6;53,2;6;7;9;9;6;10;.;.;.;
Duveds skola F-9;53536862;Åre;2321;Kommunal;Åre kommun;2120002494;463;46,7;8,9;77,1;30;23;27;56;65;77;66;60;59;
Hallens Kyrkskola F-9;47003034;Åre;2321;Kommunal;Åre kommun;2120002494;131;51,1;4,6;64,9;14;6;17;5;19;18;20;18;14;
Kyrkslättens skola F-6;42149659;Åre;2321;Kommunal;Åre kommun;2120002494;24;50,0;20,8;45,8;7;4;5;3;2;3;.;.;.;
Mörsil F-9;50126333;Åre;2321;Kommunal;Åre kommun;2120002494;293;49,5;24,6;53,2;10;11;20;15;22;17;66;72;60;
Racklöfska skolan F-6;19616441;Åre;2321;Kommunal;Åre kommun;2120002494;115;47,0;20,0;43,5;20;22;15;23;19;16;.;.;.;
Stamgärde skola F-6;58764605;Åre;2321;Kommunal;Åre kommun;2120002494;147;51,7;8,8;78,9;25;26;18;19;28;31;.;.;.;
Åre skola F-3;38418050;Åre;2321;Kommunal;Åre kommun;2120002494;112;43,8;6,3;78,6;32;46;34;.;.;.;.;.;.;
Holmedals skola;71523536;Årjäng;1765;Kommunal;Årjängs kommun;2120001835;61;52,5;..;44,3;12;11;10;6;11;11;.;.;.;
Nordmarkens skola H;55304171;Årjäng;1765;Kommunal;Årjängs kommun;2120001835;336;45,5;22,9;40,5;.;.;.;.;.;.;112;116;108;
Nordmarkens skola L;56579896;Årjäng;1765;Kommunal;Årjängs kommun;2120001835;145;52,4;31,0;42,1;49;36;60;.;.;.;.;.;.;
Nordmarkens skola M;43064434;Årjäng;1765;Kommunal;Årjängs kommun;2120001835;186;50,5;30,6;40,3;.;.;.;53;64;69;.;.;.;
Signebyns Friskola;14840621;Årjäng;1765;Enskild;Signebyns friskola ek. för.;7164512696;22;59,1;27,3;36,4;3;1;6;3;7;2;.;.;.;
Svensbyn skola;79211046;Årjäng;1765;Kommunal;Årjängs kommun;2120001835;41;48,8;.;24,4;8;8;.;11;2;12;.;.;.;
Töcksfors skola LM;77714062;Årjäng;1765;Kommunal;Årjängs kommun;2120001835;166;51,2;30,7;39,2;28;35;23;29;21;30;.;.;.;
Fredrika skola;56562631;Åsele;2463;Kommunal;Åsele kommun;2120002791;7;..;..;..;1;1;3;2;.;.;.;.;.;
Åsele Centralskola åk 1 - 9;43833784;Åsele;2463;Kommunal;Åsele kommun;2120002791;217;49,3;15,7;39,6;26;20;20;22;30;17;30;24;28;
Björnekullaskolan;97128428;Åstorp;1277;Kommunal;Åstorps kommun;2120000936;490;50,0;41,0;44,3;.;.;.;.;.;.;162;165;163;
Haganässkolan;31894674;Åstorp;1277;Kommunal;Åstorps kommun;2120000936;242;48,3;66,9;31,4;46;33;42;40;40;41;.;.;.;
Hyllinge skola;11662899;Åstorp;1277;Kommunal;Åstorps kommun;2120000936;472;48,1;37,5;42,4;39;40;50;48;54;53;71;56;61;
Kvidinge skola;10402832;Åstorp;1277;Kommunal;Åstorps kommun;2120000936;189;45,0;23,3;38,1;27;38;29;25;34;36;.;.;.;
Nyvångs skola;59667741;Åstorp;1277;Kommunal;Åstorps kommun;2120000936;141;41,8;36,2;35,5;27;25;23;23;22;21;.;.;.;
Rågenskolan;73867676;Åstorp;1277;Kommunal;Åstorps kommun;2120000936;229;50,7;52,8;35,8;40;37;43;42;41;26;.;.;.;
Tingdalsskolan;19755937;Åstorp;1277;Kommunal;Åstorps kommun;2120000936;270;48,5;17,8;59,3;50;46;43;44;43;44;.;.;.;
Alléskolan  4-6;65858187;Åtvidaberg;0561;Kommunal;Åtvidabergs kommun;2120000415;240;50,8;15,4;42,9;.;.;.;87;85;68;.;.;.;
Alléskolan  7-9;56528690;Åtvidaberg;0561;Kommunal;Åtvidabergs kommun;2120000415;370;49,5;15,1;45,4;.;.;.;.;.;.;123;129;118;
Björsäters skola;43771345;Åtvidaberg;0561;Kommunal;Åtvidabergs kommun;2120000415;74;54,1;8,1;63,5;11;14;11;10;19;9;.;.;.;
Centralskolan;51207895;Åtvidaberg;0561;Kommunal;Åtvidabergs kommun;2120000415;264;51,5;12,9;47,0;101;77;86;.;.;.;.;.;.;
Grebo skola;90303058;Åtvidaberg;0561;Kommunal;Åtvidabergs kommun;2120000415;154;45,5;5,2;66,9;22;35;29;32;16;20;.;.;.;
Bråthults Friskola;57408646;Älmhult;0765;Enskild;Virestads Friskola Ekonomisk förening;7696194153;29;37,9;.;79,3;7;7;10;5;.;.;.;.;.;
Diö skola;93625542;Älmhult;0765;Kommunal;Älmhults kommun;2120000647;126;51,6;16,7;50,0;13;14;16;30;33;20;.;.;.;
Elmeskolan;19901289;Älmhult;0765;Kommunal;Älmhults kommun;2120000647;219;46,6;67,1;38,8;26;49;53;38;29;24;.;.;.;
Gemöskolan;29959232;Älmhult;0765;Kommunal;Älmhults kommun;2120000647;237;47,3;49,4;38,8;42;43;38;28;43;43;.;.;.;
Klöxhultsskolan 1;43289789;Älmhult;0765;Kommunal;Älmhults kommun;2120000647;187;47,6;25,1;72,2;61;61;65;.;.;.;.;.;.;
Klöxhultsskolan 2;44047778;Älmhult;0765;Kommunal;Älmhults kommun;2120000647;203;50,7;14,3;69,0;.;.;.;68;65;70;.;.;.;
Liatorps skola;73255943;Älmhult;0765;Kommunal;Älmhults kommun;2120000647;42;45,2;14,3;50,0;19;10;13;.;.;.;.;.;.;
Linnéskolan 1;53191534;Älmhult;0765;Kommunal;Älmhults kommun;2120000647;281;49,8;31,7;49,1;.;.;.;.;.;.;93;110;78;
Linnéskolan 2;66184918;Älmhult;0765;Kommunal;Älmhults kommun;2120000647;284;44,4;31,7;54,6;.;.;.;.;.;.;97;87;100;
Paradisskolan;71440408;Älmhult;0765;Kommunal;Älmhults kommun;2120000647;24;50,0;25,0;58,3;9;15;.;.;.;.;.;.;.;
Ryfors skola;27479345;Älmhult;0765;Kommunal;Älmhults kommun;2120000647;84;58,3;21,4;54,8;16;18;17;11;10;12;.;.;.;
The Intern. School of Älmhult;64505955;Älmhult;0765;Kommunal;Älmhults kommun;2120000647;385;49,6;84,9;77,4;50;57;45;39;39;43;58;41;13;
Thoren Framtid i Älmhult;84756527;Älmhult;0765;Enskild;Thoren Framtid AB;5567497051;82;51,2;43,9;37,8;.;.;.;4;7;19;15;23;14;
Virestads Friskola;28837069;Älmhult;0765;Enskild;Virestads Friskola Ekonomisk förening;7696194153;84;50,0;8,3;69,0;9;10;12;13;18;22;.;.;.;
Älmhults Montessoriskola;60286462;Älmhult;0765;Kommunal;Älmhults kommun;2120000647;60;46,7;55,0;86,7;9;13;8;11;8;11;.;.;.;
Buskoviusskolan;45898861;Älvdalen;2039;Kommunal;Älvdalens kommun;2120002197;39;51,3;..;33,3;7;7;10;7;8;.;.;.;.;
Rot skola;20822919;Älvdalen;2039;Kommunal;Älvdalens kommun;2120002197;119;46,2;..;44,5;16;21;15;17;27;23;.;.;.;
Strandskolan;81918902;Älvdalen;2039;Kommunal;Älvdalens kommun;2120002197;137;50,4;6,6;38,7;9;12;7;16;12;21;20;19;21;
Älvdalsskolan;88747700;Älvdalen;2039;Kommunal;Älvdalens kommun;2120002197;385;46,8;16,6;43,9;27;36;25;32;48;41;54;60;62;
Bodaskolan;13537290;Älvkarleby;0319;Kommunal;Älvkarleby kommun;2120000258;96;52,1;55,2;32,3;19;12;10;24;17;14;.;.;.;
Rotskärsskolan 7-9;96982474;Älvkarleby;0319;Kommunal;Älvkarleby kommun;2120000258;236;46,2;21,6;48,7;.;.;.;.;.;.;78;69;89;
Rotskärsskolan F-6;41187189;Älvkarleby;0319;Kommunal;Älvkarleby kommun;2120000258;194;44,8;18,6;41,8;33;35;24;30;47;25;.;.;.;
Sörgärdets skola;51085265;Älvkarleby;0319;Kommunal;Älvkarleby kommun;2120000258;158;50,0;..;51,9;34;17;28;23;19;37;.;.;.;
Älvboda friskola;74070812;Älvkarleby;0319;Enskild;Friskolan i Skutskär Ekonomisk Förening;7696039135;301;47,8;14,3;53,5;31;37;25;43;26;38;27;37;37;
Friskolan Hjärtat i Vidsel;77097512;Älvsbyn;2560;Enskild;Friskolan Hjärtat i Vidsel AB;5592989304;16;62,5;..;43,8;.;.;.;.;.;.;10;5;1;
Knut Lundmarkskolan;92553260;Älvsbyn;2560;Kommunal;Älvsbyns kommun;2120002734;145;47,6;11,7;42,8;50;51;44;.;.;.;.;.;.;
Parkskolan;87068079;Älvsbyn;2560;Kommunal;Älvsbyns kommun;2120002734;329;47,7;25,2;39,2;26;23;22;88;83;87;.;.;.;
Vidselskolan;86476920;Älvsbyn;2560;Kommunal;Älvsbyns kommun;2120002734;47;51,1;29,8;34,0;4;5;9;8;15;6;.;.;.;
Vistträskskolan;39729986;Älvsbyn;2560;Kommunal;Älvsbyns kommun;2120002734;16;50,0;.;50,0;7;4;5;.;.;.;.;.;.;
Älvåkraskolan;32970785;Älvsbyn;2560;Kommunal;Älvsbyns kommun;2120002734;221;50,2;25,3;40,3;.;.;.;.;.;.;60;84;77;
Errarps skola SO 1;69871183;Ängelholm;1292;Kommunal;Ängelholms kommun;2120000977;188;50,0;6,9;79,3;72;49;67;.;.;.;.;.;.;
Errarps skola SO 2;86727816;Ängelholm;1292;Kommunal;Ängelholms kommun;2120000977;161;47,2;6,8;85,1;.;.;.;44;47;70;.;.;.;
Kungsgårdsskolan SO 1;51900988;Ängelholm;1292;Kommunal;Ängelholms kommun;2120000977;246;51,2;22,8;69,5;.;.;.;.;.;.;74;97;75;
Kungsgårdsskolan SO 2;49648821;Ängelholm;1292;Kommunal;Ängelholms kommun;2120000977;257;52,1;23,7;63,0;.;.;.;.;.;.;74;78;105;
Magnarps skola SO 1;49455969;Ängelholm;1292;Kommunal;Ängelholms kommun;2120000977;269;50,2;10,8;75,8;.;.;.;37;45;38;59;51;39;
Magnarps skola SO 2;49539818;Ängelholm;1292;Kommunal;Ängelholms kommun;2120000977;131;51,1;9,9;82,4;40;40;51;.;.;.;.;.;.;
Nyhemsskolan SO 1;49730992;Ängelholm;1292;Kommunal;Ängelholms kommun;2120000977;220;44,5;18,6;60,0;.;.;.;.;.;.;68;80;72;
Nyhemsskolan SO 2;49786332;Ängelholm;1292;Kommunal;Ängelholms kommun;2120000977;255;42,7;21,6;62,0;.;.;.;.;.;.;72;81;102;
Rebbelberga skola SO 1;49868503;Ängelholm;1292;Kommunal;Ängelholms kommun;2120000977;233;51,5;33,0;57,9;69;87;77;.;.;.;.;.;.;
Rebbelberga skola SO 2;49950675;Ängelholm;1292;Kommunal;Ängelholms kommun;2120000977;255;49,8;41,6;58,0;.;.;.;81;82;92;.;.;.;
Strövelstorps skola SO 1;34909954;Ängelholm;1292;Kommunal;Ängelholms kommun;2120000977;171;48,5;31,6;40,9;.;.;.;.;.;40;50;39;42;
Strövelstorps skola SO 2;34992126;Ängelholm;1292;Kommunal;Ängelholms kommun;2120000977;206;51,5;25,7;45,1;41;50;31;41;43;.;.;.;.;
Södra Utmarkens skola SO 1;34797598;Ängelholm;1292;Kommunal;Ängelholms kommun;2120000977;299;46,5;8,7;70,9;40;50;56;49;50;54;.;.;.;
Söndrebalgs skola SO 1;62412121;Ängelholm;1292;Kommunal;Ängelholms kommun;2120000977;285;47,7;8,8;63,5;46;45;47;57;41;49;.;.;.;
Söndrebalgs skola SO 2;62301442;Ängelholm;1292;Kommunal;Ängelholms kommun;2120000977;131;50,4;10,7;67,9;.;.;.;.;.;.;52;46;33;
Toftaskolan SO 1;51497405;Ängelholm;1292;Kommunal;Ängelholms kommun;2120000977;233;48,5;13,3;49,8;76;77;80;.;.;.;.;.;.;
Toftaskolan SO 2;32543527;Ängelholm;1292;Kommunal;Ängelholms kommun;2120000977;234;48,3;13,2;48,3;.;.;.;76;73;85;.;.;.;
Toftaskolan SO 3;45031033;Ängelholm;1292;Kommunal;Ängelholms kommun;2120000977;239;51,9;15,9;58,6;.;.;.;.;.;.;70;74;95;
Vejbystrands skola;39381869;Ängelholm;1292;Enskild;Vejbystrands Skola och Förskola Ekonomisk förening;7164063872;62;53,2;11,3;82,3;17;13;6;9;7;10;.;.;.;
Villanskolan SO 1;50088186;Ängelholm;1292;Kommunal;Ängelholms kommun;2120000977;253;46,2;30,4;60,1;.;.;.;76;84;93;.;.;.;
Villanskolan SO 2;50198866;Ängelholm;1292;Kommunal;Ängelholms kommun;2120000977;212;50,5;34,0;54,2;65;89;58;.;.;.;.;.;.;
Ängelholms Montessoriskola;78910791;Ängelholm;1292;Kommunal;Ängelholms kommun;2120000977;151;54,3;15,9;77,5;17;27;25;26;26;30;.;.;.;
Össjö skola;36962579;Ängelholm;1292;Kommunal;Ängelholms kommun;2120000977;67;50,7;13,4;59,7;14;16;8;19;7;3;.;.;.;
Bergagårdsskolan;46441044;Öckerö;1407;Kommunal;Öckerö kommun;2120001280;160;52,5;10,0;62,5;45;44;71;.;.;.;.;.;.;
Betelskolan;65677988;Öckerö;1407;Enskild;Betelförsamlingens Skolstiftelse;8024250972;134;41,8;6,7;73,9;12;16;8;18;10;21;21;11;17;
Björkö skola;70498449;Öckerö;1407;Kommunal;Öckerö kommun;2120001280;118;52,5;5,9;68,6;16;27;12;22;21;20;.;.;.;
Brattebergsskolan 4-6;85969404;Öckerö;1407;Kommunal;Öckerö kommun;2120001280;129;45,7;12,4;64,3;.;.;.;44;44;41;.;.;.;
Brattebergsskolan 7-9;85862849;Öckerö;1407;Kommunal;Öckerö kommun;2120001280;229;52,4;11,8;73,4;.;.;.;.;.;.;72;77;80;
Fotö skola;53126890;Öckerö;1407;Kommunal;Öckerö kommun;2120001280;28;67,9;..;46,4;13;7;8;.;.;.;.;.;.;
Hedens skola 4-6;74987592;Öckerö;1407;Kommunal;Öckerö kommun;2120001280;187;51,3;8,6;65,2;.;.;.;50;63;74;.;.;.;
Hedens skola 7-9;92940771;Öckerö;1407;Kommunal;Öckerö kommun;2120001280;207;50,7;6,3;62,8;.;.;.;1;.;1;58;82;65;
Hälsö skola;20144959;Öckerö;1407;Kommunal;Öckerö kommun;2120001280;32;68,8;..;62,5;6;3;6;.;3;14;.;.;.;
Kompassenskolan;36423290;Öckerö;1407;Kommunal;Öckerö kommun;2120001280;116;42,2;11,2;59,5;38;41;37;.;.;.;.;.;.;
Rörö skola;22044740;Öckerö;1407;Kommunal;Öckerö kommun;2120001280;9;..;..;66,7;5;1;3;.;.;.;.;.;.;
Fridtjuv Bergskolan;79095423;Ödeshög;0509;Kommunal;Ödeshögs kommun;2120000373;232;47,4;22,4;40,5;37;46;45;52;52;.;.;.;.;
Lysingskolan;34255565;Ödeshög;0509;Kommunal;Ödeshögs kommun;2120000373;207;45,4;21,3;49,3;.;.;.;.;.;55;50;49;53;
Rök skola;68897220;Ödeshög;0509;Kommunal;Ödeshögs kommun;2120000373;37;40,5;.;51,4;10;17;10;.;.;.;.;.;.;
Adolfsbergsskolan 7-9;47684564;Örebro;1880;Kommunal;Örebro kommun;2120001967;478;38,7;14,6;74,3;.;.;.;.;.;.;152;156;170;
Adolfsbergsskolan F-6;28337496;Örebro;1880;Kommunal;Örebro kommun;2120001967;411;47,2;11,9;80,0;55;70;72;72;62;80;.;.;.;
Adolfsbergsskolans grundsärskola och KSU RH åk 1-9;48863032;Örebro;1880;Kommunal;Örebro kommun;2120001967;18;27,8;..;66,7;1;.;1;2;1;2;4;4;3;
Almbro skola;20662016;Örebro;1880;Kommunal;Örebro kommun;2120001967;103;55,3;7,8;74,8;22;15;21;14;20;11;.;.;.;
Almby skola F-9;22049573;Örebro;1880;Kommunal;Örebro kommun;2120001967;917;45,1;21,3;71,1;72;82;73;76;75;121;135;140;143;
Arena Skolor;41515120;Örebro;1880;Enskild;Humanus Jobb Syd AB;5568771140;17;35,3;~100;..;17;.;.;.;.;.;.;.;.;
Askers skola;30738069;Örebro;1880;Kommunal;Örebro kommun;2120001967;36;44,4;..;44,4;8;15;13;.;.;.;.;.;.;
Björkhagaskolan;61730546;Örebro;1880;Kommunal;Örebro kommun;2120001967;124;45,2;21,8;66,1;42;47;35;.;.;.;.;.;.;
Brickebackens skola;52031697;Örebro;1880;Kommunal;Örebro kommun;2120001967;213;46,9;78,4;26,3;39;26;33;39;37;39;.;.;.;
Brukets skola;30929461;Örebro;1880;Kommunal;Örebro kommun;2120001967;101;52,5;78,2;35,6;47;32;22;.;.;.;.;.;.;
Brunnsskolan;50047434;Örebro;1880;Kommunal;Örebro kommun;2120001967;388;50,5;10,1;77,1;53;75;73;71;65;51;.;.;.;
Engelbrektsskolan;82807694;Örebro;1880;Kommunal;Örebro kommun;2120001967;700;46,1;43,6;52,4;.;.;.;45;36;64;162;222;171;
Entréskolan Örebro;76192118;Örebro;1880;Enskild;AmiSgo AB;5568148117;132;81,8;9,1;65,2;.;.;.;22;19;37;26;28;.;
Ervalla skola;40703394;Örebro;1880;Kommunal;Örebro kommun;2120001967;74;50,0;..;56,8;17;9;13;11;16;8;.;.;.;
Fridhems friskola;98267471;Örebro;1880;Enskild;Fridhems Friskolas Ekonomiska Förening;7696014781;31;58,1;16,1;77,4;7;6;8;9;1;.;.;.;.;
Fyren Ekalmens skola;35718563;Örebro;1880;Enskild;Fyren EkAlmen AB;5568568629;220;43,6;8,2;90,5;42;48;47;39;44;.;.;.;.;
Föräldrakoop. Tysslinge skola;88115091;Örebro;1880;Enskild;Föräldrakooperativet TYSSLINGE SKOLA, Ekonomisk förening;7164532132;80;47,5;..;83,8;4;17;16;15;17;11;.;.;.;
Garphyttans skola;89477947;Örebro;1880;Kommunal;Örebro kommun;2120001967;142;54,2;10,6;54,2;19;27;23;22;26;25;.;.;.;
Glanshammars skola;17183375;Örebro;1880;Kommunal;Örebro kommun;2120001967;325;43,7;2,5;76,9;49;55;64;57;55;45;.;.;.;
Grenadjärskolan;36409468;Örebro;1880;Enskild;Stiftelsen Grenadjärskolan;8750024062;202;49,0;34,2;72,3;22;25;24;24;25;20;23;18;21;
Gumaeliusskolan;74902204;Örebro;1880;Kommunal;Örebro kommun;2120001967;717;48,1;28,9;57,5;.;.;.;.;.;.;236;235;246;
Hagaskolan;17643323;Örebro;1880;Kommunal;Örebro kommun;2120001967;302;44,4;89,7;31,5;51;53;38;51;50;59;.;.;.;
Hampetorps skola;57519823;Örebro;1880;Kommunal;Örebro kommun;2120001967;24;37,5;..;45,8;6;3;6;4;4;1;.;.;.;
Hannaskolan;13390547;Örebro;1880;Enskild;Stiftelsen Hannaskolan;8750023650;282;49,3;17,7;73,4;29;30;28;28;29;30;30;48;30;
Hovstaskolan 4-6;87472574;Örebro;1880;Kommunal;Örebro kommun;2120001967;217;47,5;10,1;81,6;.;.;.;69;73;75;.;.;.;
Hovstaskolan F-3;91629136;Örebro;1880;Kommunal;Örebro kommun;2120001967;193;45,1;11,9;83,4;73;69;51;.;.;.;.;.;.;
Internationella Engelska Skolan Örebro;23908629;Örebro;1880;Enskild;Internationella Engelska Skolan i Sverige AB;5564624368;619;50,9;17,3;85,1;.;.;.;62;62;126;124;124;121;
JENSEN grundskola Örebro;94248837;Örebro;1880;Enskild;Jensen Education College AB;5566358759;251;48,2;12,0;73,7;.;.;.;.;.;61;63;63;64;
Johannaskolan Örebro Waldorfskola;11909268;Örebro;1880;Enskild;Stiftelsen Johannaskolan Örebro Waldorfskola;8750013859;193;50,3;15,0;80,3;18;20;23;22;20;22;21;24;23;
Karlslundsskolan;91287311;Örebro;1880;Enskild;Karlslunds If Fk;8750008438;168;47,6;10,7;75,6;26;26;26;30;30;30;.;.;.;
Kryddgårdsskolan;63524247;Örebro;1880;Kommunal;Örebro kommun;2120001967;65;43,1;15,4;73,8;25;24;16;.;.;.;.;.;.;
Kunskapsskolan Örebro;76018506;Örebro;1880;Enskild;Kunskapsskolan i Sverige Aktiebolag;5565661815;424;46,0;10,6;76,4;.;.;.;.;.;87;130;110;97;
Latorps skola;66004397;Örebro;1880;Kommunal;Örebro kommun;2120001967;52;55,8;..;71,2;20;10;22;.;.;.;.;.;.;
Lillåns skola 7-9;84774734;Örebro;1880;Kommunal;Örebro kommun;2120001967;509;50,3;18,9;71,9;.;.;.;.;.;.;188;159;162;
Lillåns skola F-6;63158277;Örebro;1880;Kommunal;Örebro kommun;2120001967;289;45,0;13,8;75,4;41;54;55;30;58;51;.;.;.;
Lillåns Södra skola;31288135;Örebro;1880;Kommunal;Örebro kommun;2120001967;231;48,5;16,9;79,7;53;28;44;52;28;26;.;.;.;
Lundbyskolan;69293291;Örebro;1880;Kommunal;Örebro kommun;2120001967;270;48,9;69,6;45,9;43;50;59;39;42;37;.;.;.;
Magelungens grundskola Örebro;27319904;Örebro;1880;Enskild;Magelungen Utveckling AB;5564891447;13;46,2;..;46,2;.;.;.;.;.;1;4;1;7;
Mariebergsskolan;49973795;Örebro;1880;Kommunal;Örebro kommun;2120001967;258;44,6;6,6;83,3;47;43;44;43;42;39;.;.;.;
Mellringeskolan 7-9;26290434;Örebro;1880;Kommunal;Örebro kommun;2120001967;330;43,3;65,2;38,2;.;.;.;.;.;.;101;109;120;
Mellringeskolan F-6;95079835;Örebro;1880;Kommunal;Örebro kommun;2120001967;278;45,3;59,7;38,1;34;36;49;47;65;47;.;.;.;
Mosjö skola;29032881;Örebro;1880;Kommunal;Örebro kommun;2120001967;198;47,0;8,6;72,2;40;40;29;28;42;19;.;.;.;
Navet;12248380;Örebro;1880;Kommunal;Örebro kommun;2120001967;397;40,8;39,0;55,4;.;.;.;.;.;.;121;134;142;
Norrbyskolan;14513548;Örebro;1880;Kommunal;Örebro kommun;2120001967;569;50,3;17,8;75,9;109;106;100;89;97;68;.;.;.;
Närkes Kils skola;73709415;Örebro;1880;Kommunal;Örebro kommun;2120001967;99;61,6;..;72,7;13;18;19;17;19;13;.;.;.;
Odenskolan;66382532;Örebro;1880;Kommunal;Örebro kommun;2120001967;286;46,2;7,7;43,0;21;18;19;31;37;24;42;44;50;
Olaus Petriskolan 7-9;94395043;Örebro;1880;Kommunal;Örebro kommun;2120001967;576;51,9;47,9;49,5;.;.;.;.;.;.;188;188;200;
Olaus Petriskolan F-6;93918784;Örebro;1880;Kommunal;Örebro kommun;2120001967;305;46,6;45,2;48,2;52;53;47;61;50;42;.;.;.;
Pops Academy Karl Johan;28067210;Örebro;1880;Enskild;Pysslingen Förskolor och Skolor AB;5560354309;549;65,9;10,7;85,2;.;.;.;90;91;89;91;93;95;
Rostaskolan 4-6;18324124;Örebro;1880;Kommunal;Örebro kommun;2120001967;242;48,3;52,1;55,4;.;.;.;106;77;59;.;.;.;
Rostaskolan F-3;42072415;Örebro;1880;Kommunal;Örebro kommun;2120001967;216;48,6;39,8;60,6;63;77;76;.;.;.;.;.;.;
Stora Mellösa skola;61320743;Örebro;1880;Kommunal;Örebro kommun;2120001967;167;52,1;..;64,7;26;34;30;25;35;17;.;.;.;
Stureskolan;18025305;Örebro;1880;Kommunal;Örebro kommun;2120001967;178;47,2;20,2;70,2;71;44;63;.;.;.;.;.;.;
Svealundsskolan;68276614;Örebro;1880;Kommunal;Örebro kommun;2120001967;383;47,3;42,6;63,2;67;63;62;62;76;53;.;.;.;
Sörbyskolan;67734232;Örebro;1880;Kommunal;Örebro kommun;2120001967;133;45,9;52,6;38,3;22;20;21;27;23;20;.;.;.;
Sörbyängsskolan;70976533;Örebro;1880;Kommunal;Örebro kommun;2120001967;206;54,9;19,9;74,8;24;27;27;48;42;38;.;.;.;
Tegnérskolan;19204501;Örebro;1880;Kommunal;Örebro kommun;2120001967;156;44,9;32,1;64,1;53;53;50;.;.;.;.;.;.;
Tybblelundsskolan;51948478;Örebro;1880;Kommunal;Örebro kommun;2120001967;357;46,8;12,0;84,9;76;80;60;77;64;.;.;.;.;
Viktoriaskolan;19742982;Örebro;1880;Enskild;Brickebergskyrkans Skolstiftelse;8750034491;191;45,0;41,9;59,2;24;16;24;23;25;12;21;21;25;
Vintrosa skola;38054320;Örebro;1880;Kommunal;Örebro kommun;2120001967;186;44,6;3,8;69,9;23;20;27;37;32;47;.;.;.;
Vittra Örebro;55597667;Örebro;1880;Enskild;Vittraskolorna AB;5564586716;127;46,5;32,3;64,6;.;.;.;.;.;41;56;30;.;
Vivallaskolan;64644807;Örebro;1880;Kommunal;Örebro kommun;2120001967;475;52,6;87,4;17,3;74;92;85;79;87;58;.;.;.;
Västra Engelbrektsskolan;57966953;Örebro;1880;Kommunal;Örebro kommun;2120001967;463;48,8;73,4;36,3;30;39;54;55;52;52;73;53;55;
Wallerska skolan;61540405;Örebro;1880;Kommunal;Örebro kommun;2120001967;307;46,9;48,9;53,4;53;54;53;49;52;46;.;.;.;
Änglandaskolan;60272834;Örebro;1880;Kommunal;Örebro kommun;2120001967;342;46,8;40,4;59,4;56;54;63;65;41;63;.;.;.;
Ölmbrotorps skola;13824623;Örebro;1880;Kommunal;Örebro kommun;2120001967;71;63,4;..;70,4;14;13;14;9;12;9;.;.;.;
Beringskolan;45573931;Örkelljunga;1257;Kommunal;Örkelljunga kommun;2120000878;289;51,2;32,5;42,9;51;44;50;53;54;37;.;.;.;
Bokelundaskolan;75730222;Örkelljunga;1257;Kommunal;Örkelljunga kommun;2120000878;90;54,4;18,9;42,2;14;11;16;11;20;18;.;.;.;
Ekets skola;68313632;Örkelljunga;1257;Kommunal;Örkelljunga kommun;2120000878;69;43,5;14,5;52,2;9;14;11;13;12;10;.;.;.;
Kungsskolan;45558673;Örkelljunga;1257;Kommunal;Örkelljunga kommun;2120000878;314;46,2;24,8;40,1;.;.;.;.;.;.;113;105;96;
Mårdenskolan;13496497;Örkelljunga;1257;Kommunal;Örkelljunga kommun;2120000878;143;46,2;21,0;44,8;25;25;21;25;23;24;.;.;.;
Solängskolan;10757780;Örkelljunga;1257;Enskild;Kristna Skolföreningen i Örkelljunga;8376003672;122;45,1;10,7;67,2;8;9;10;5;12;9;21;23;25;
von Reisers skola;98085936;Örkelljunga;1257;Kommunal;Örkelljunga kommun;2120000878;62;45,2;27,4;30,6;8;12;13;10;16;3;.;.;.;
Alneskolan 5-9;38278821;Örnsköldsvik;2284;Kommunal;Örnsköldsviks kommun;2120002445;300;47,7;3,7;82,3;.;.;.;.;56;63;66;62;53;
Alneskolan F-4;69067954;Örnsköldsvik;2284;Kommunal;Örnsköldsviks kommun;2120002445;129;53,5;3,9;84,5;30;34;24;41;.;.;.;.;.;
Anundsjöskolan;51597705;Örnsköldsvik;2284;Kommunal;Örnsköldsviks kommun;2120002445;309;52,8;10,4;54,0;17;23;25;24;21;20;62;55;62;
Banafjälskolan;34074601;Örnsköldsvik;2284;Kommunal;Örnsköldsviks kommun;2120002445;41;48,8;..;68,3;11;3;5;7;10;5;.;.;.;
Bjästaskolan 7-9;56331671;Örnsköldsvik;2284;Kommunal;Örnsköldsviks kommun;2120002445;205;49,3;7,8;60,5;.;.;.;.;.;.;58;74;73;
Bjästaskolan F-6;54267727;Örnsköldsvik;2284;Kommunal;Örnsköldsviks kommun;2120002445;189;48,7;19,0;53,4;30;34;29;30;24;40;1;.;1;
Björnaskolan;24396451;Örnsköldsvik;2284;Kommunal;Örnsköldsviks kommun;2120002445;153;48,4;9,8;49,7;5;15;9;14;9;9;26;33;33;
Broskolan Ö-viks Kristna skola;32866578;Örnsköldsvik;2284;Enskild;Broskolan AB;5567091391;109;43,1;10,1;67,9;8;7;11;17;12;10;19;13;12;
Bäckagårdsskolan;50936464;Örnsköldsvik;2284;Enskild;Impius Vård och Utbildning AB;5566824693;17;..;..;47,1;.;.;.;.;.;1;4;2;10;
Domsjöskolan;61303295;Örnsköldsvik;2284;Kommunal;Örnsköldsviks kommun;2120002445;277;54,2;7,9;66,1;47;45;45;45;50;45;.;.;.;
Geneskolan;87606101;Örnsköldsvik;2284;Kommunal;Örnsköldsviks kommun;2120002445;373;46,6;9,1;69,4;.;.;.;.;.;.;126;125;122;
Gideåskolan;93703083;Örnsköldsvik;2284;Kommunal;Örnsköldsviks kommun;2120002445;67;37,3;9,0;52,2;12;18;11;8;9;9;.;.;.;
Gottne Byskola;99343485;Örnsköldsvik;2284;Enskild;Gottnebygdens Samhällsförening;8896011528;52;48,1;.;53,8;8;15;9;8;4;8;.;.;.;
Haffstaskolan;78390970;Örnsköldsvik;2284;Kommunal;Örnsköldsviks kommun;2120002445;69;49,3;..;69,6;16;26;27;.;.;.;.;.;.;
Hemlingskolan;98918972;Örnsköldsvik;2284;Kommunal;Örnsköldsviks kommun;2120002445;37;59,5;..;45,9;8;5;3;7;5;9;.;.;.;
Husumskolan;33732345;Örnsköldsvik;2284;Kommunal;Örnsköldsviks kommun;2120002445;290;45,9;9,3;54,5;20;25;31;26;20;45;44;36;43;
Hållängetskolan;45432132;Örnsköldsvik;2284;Kommunal;Örnsköldsviks kommun;2120002445;195;48,2;3,1;69,7;34;34;30;25;45;27;.;.;.;
Höglandskolan;65235434;Örnsköldsvik;2284;Kommunal;Örnsköldsviks kommun;2120002445;326;47,2;6,4;76,7;51;48;53;61;46;67;.;.;.;
Höglidenskolan;29574820;Örnsköldsvik;2284;Kommunal;Örnsköldsviks kommun;2120002445;311;46,3;33,8;58,8;.;.;.;.;.;.;96;118;97;
Idbynskolan;17783822;Örnsköldsvik;2284;Kommunal;Örnsköldsviks kommun;2120002445;78;50,0;..;60,3;18;13;15;21;11;.;.;.;.;
Järvedskolan;80221984;Örnsköldsvik;2284;Kommunal;Örnsköldsviks kommun;2120002445;91;52,7;..;86,8;20;20;32;19;.;.;.;.;.;
Köpmanholmenskolan;69869637;Örnsköldsvik;2284;Kommunal;Örnsköldsviks kommun;2120002445;129;48,8;4,7;53,5;30;26;20;19;16;18;.;.;.;
Mellanselskolan;12881185;Örnsköldsvik;2284;Kommunal;Örnsköldsviks kommun;2120002445;81;53,1;33,3;45,7;13;16;11;10;9;22;.;.;.;
Moskolan;74014148;Örnsköldsvik;2284;Kommunal;Örnsköldsviks kommun;2120002445;47;42,6;.;61,7;8;12;5;10;6;6;.;.;.;
Mycklingskolan;90461500;Örnsköldsvik;2284;Kommunal;Örnsköldsviks kommun;2120002445;82;47,6;..;78,0;23;31;28;.;.;.;.;.;.;
Norrflärkeskolan;28914847;Örnsköldsvik;2284;Kommunal;Örnsköldsviks kommun;2120002445;35;57,1;.;60,0;8;8;7;8;3;1;.;.;.;
Sidensjöskolan;21175613;Örnsköldsvik;2284;Kommunal;Örnsköldsviks kommun;2120002445;70;54,3;.;72,9;14;14;6;6;15;15;.;.;.;
Själevadskolan 7-9;49933363;Örnsköldsvik;2284;Kommunal;Örnsköldsviks kommun;2120002445;237;47,3;6,8;67,5;.;.;.;.;.;.;79;77;81;
Själevadskolan F-6;67248275;Örnsköldsvik;2284;Kommunal;Örnsköldsviks kommun;2120002445;301;49,2;11,6;71,4;29;21;32;67;66;86;.;.;.;
Skorpedskolan;43952255;Örnsköldsvik;2284;Kommunal;Örnsköldsviks kommun;2120002445;37;54,1;..;48,6;5;7;7;8;4;6;.;.;.;
Skärpe Ängetskolan;49669234;Örnsköldsvik;2284;Kommunal;Örnsköldsviks kommun;2120002445;281;46,3;10,7;70,1;63;74;76;68;.;.;.;.;.;
Sundskolan;57766858;Örnsköldsvik;2284;Kommunal;Örnsköldsviks kommun;2120002445;276;46,0;14,5;69,9;40;47;47;49;51;42;.;.;.;
Sörlidenskolan F-6;42897421;Örnsköldsvik;2284;Kommunal;Örnsköldsviks kommun;2120002445;241;46,5;63,9;44,4;29;29;26;61;41;55;.;.;.;
Trehörningsjöskolan;29529489;Örnsköldsvik;2284;Kommunal;Örnsköldsviks kommun;2120002445;10;60,0;..;60,0;4;4;2;.;.;.;.;.;.;
Västanåskolan;10638673;Örnsköldsvik;2284;Enskild;Västanåskolans Ekonomiska förening;7696129191;35;51,4;..;68,6;6;7;4;4;10;4;.;.;.;
Ängetskolan 4-9;82726493;Örnsköldsvik;2284;Kommunal;Örnsköldsviks kommun;2120002445;379;47,0;13,5;63,1;.;.;.;.;79;87;58;95;60;
Örnsköldskolan;34325679;Örnsköldsvik;2284;Kommunal;Örnsköldsviks kommun;2120002445;91;46,2;53,8;47,3;36;25;30;.;.;.;.;.;.;
Arnljotskolan;29327326;Östersund;2380;Kommunal;Östersunds kommun;2120002528;151;49,7;5,3;75,5;55;50;46;.;.;.;.;.;.;
Bringåsens skola;25996230;Östersund;2380;Kommunal;Östersunds kommun;2120002528;53;47,2;..;66,0;7;10;10;8;10;8;.;.;.;
Böle Byskola;59115663;Östersund;2380;Enskild;Böle Byskola AB;5566304613;108;46,3;4,6;79,6;23;24;23;17;21;.;.;.;.;
Fagervallsskolan;48088172;Östersund;2380;Kommunal;Östersunds kommun;2120002528;239;44,8;28,0;52,3;44;45;34;44;44;28;.;.;.;
Fjällängsskolan;73770265;Östersund;2380;Kommunal;Östersunds kommun;2120002528;267;49,4;19,9;56,6;45;49;37;43;48;45;.;.;.;
Fåker skola;53530516;Östersund;2380;Kommunal;Östersunds kommun;2120002528;51;49,0;..;51,0;12;11;8;8;5;7;.;.;.;
Häggenås skola;91138542;Östersund;2380;Kommunal;Östersunds kommun;2120002528;63;49,2;..;61,9;5;15;14;10;10;9;.;.;.;
Innovitaskolan Östersund;58922041;Östersund;2380;Enskild;Pysslingen Förskolor och Skolor AB;5560354309;439;51,0;3,2;87,7;49;49;48;48;50;49;48;50;48;
Internationella Engelska Skolan Östersund;61128264;Östersund;2380;Enskild;Internationella Engelska Skolan i Sverige AB;5564624368;522;55,0;29,5;67,6;56;56;49;53;64;63;60;63;58;
Kastalskolan;22091017;Östersund;2380;Kommunal;Östersunds kommun;2120002528;436;46,6;7,3;58,7;.;.;.;50;60;69;76;80;101;
Lillsjöskolan;46449974;Östersund;2380;Kommunal;Östersunds kommun;2120002528;277;54,2;4,0;79,4;45;47;40;48;47;50;.;.;.;
Lugnviksskolan;42641767;Östersund;2380;Kommunal;Östersunds kommun;2120002528;378;45,0;13,2;70,4;50;39;35;42;43;39;41;48;41;
Marieby skola;88411191;Östersund;2380;Kommunal;Östersunds kommun;2120002528;82;40,2;..;86,6;20;20;15;10;13;4;.;.;.;
Mimergården;53882684;Östersund;2380;Kommunal;Östersunds kommun;2120002528;199;45,2;35,2;38,2;23;33;35;33;42;33;.;.;.;
Norra Skolan;42715994;Östersund;2380;Kommunal;Östersunds kommun;2120002528;151;49,7;27,2;53,0;49;58;44;.;.;.;.;.;.;
Odensalaskolans grundskola;92218121;Östersund;2380;Kommunal;Östersunds kommun;2120002528;276;47,8;8,0;74,3;.;.;.;.;.;.;106;86;84;
Orrvikens skola;83077602;Östersund;2380;Kommunal;Östersunds kommun;2120002528;109;51,4;..;64,2;14;16;28;17;17;17;.;.;.;
Parkskolan;65831760;Östersund;2380;Kommunal;Östersunds kommun;2120002528;302;44,4;33,8;49,7;.;.;.;29;43;37;56;57;80;
Prolympia, Östersund;16858929;Östersund;2380;Enskild;Ulno AB;5566577705;438;48,6;5,5;82,2;24;24;26;26;26;80;76;80;76;
Storvikenskolan;13867530;Östersund;2380;Kommunal;Östersunds kommun;2120002528;78;50,0;10,3;41,0;27;24;27;.;.;.;.;.;.;
Sörgårdsskolan;94294521;Östersund;2380;Kommunal;Östersunds kommun;2120002528;81;44,4;9,9;58,0;27;27;27;.;.;.;.;.;.;
Tavelbäcksskolan;62727103;Östersund;2380;Kommunal;Östersunds kommun;2120002528;215;48,8;13,0;70,7;37;39;37;33;26;43;.;.;.;
Torvallaskolan;56710032;Östersund;2380;Kommunal;Östersunds kommun;2120002528;209;45,5;27,3;44,5;.;.;.;.;.;.;56;78;75;
Treälvsskolan;77460055;Östersund;2380;Kommunal;Östersunds kommun;2120002528;329;45,0;9,7;55,0;33;20;34;31;28;28;55;54;46;
Vallaskolan;90874950;Östersund;2380;Kommunal;Östersunds kommun;2120002528;581;51,5;11,0;77,5;47;50;67;50;72;70;77;73;75;
Ångsta skola;19688519;Östersund;2380;Kommunal;Östersunds kommun;2120002528;65;50,8;..;64,6;12;13;6;15;6;13;.;.;.;
Ängsmogården;57462607;Östersund;2380;Kommunal;Östersunds kommun;2120002528;143;46,9;14,0;35,0;38;26;18;22;18;21;.;.;.;
Östbergsskolan;81045260;Östersund;2380;Kommunal;Östersunds kommun;2120002528;509;50,7;6,5;76,6;.;.;.;60;71;72;101;114;91;
Östersunds Waldorfskola;58288551;Östersund;2380;Enskild;Vidarskolan AB (svb);5566578307;86;41,9;18,6;74,4;13;13;16;8;7;11;3;11;4;
Akers Friskola;10715898;Österåker;0117;Enskild;Österåkers Friskola AB;5565895777;239;46,4;13,8;80,8;27;27;27;27;27;27;27;25;25;
Fredsborgskolan;43869172;Österåker;0117;Enskild;Lära i Österåker AB;5567317416;800;47,6;13,8;72,6;79;78;78;77;77;78;112;110;111;
Helleborusskolan Österåker;59457803;Österåker;0117;Enskild;Helleborusskolan Österåker AB;5591023261;150;26,0;6,7;62,0;2;2;7;15;23;11;24;29;37;
Ljusterö skola;53319802;Österåker;0117;Kommunal;Österåkers kommun;2120002890;122;38,5;16,4;46,7;15;18;12;13;12;12;15;13;12;
Margretelundsskolan;31758556;Österåker;0117;Kommunal;Österåkers kommun;2120002890;615;50,2;16,1;66,7;129;123;105;93;84;81;.;.;.;
Robinson Valsjön;96653388;Österåker;0117;Enskild;Tellusskolan AB;5568086085;5;..;..;..;5;.;.;.;.;.;.;.;.;
Roslags Kulla skola;58653522;Österåker;0117;Kommunal;Österåkers kommun;2120002890;85;50,6;11,8;36,5;11;18;18;15;14;9;.;.;.;
Rydbo friskola;73083470;Österåker;0117;Enskild;Rydbo Friskola Aktiebolag;5565934055;40;52,5;12,5;77,5;14;12;13;1;.;.;.;.;.;
Rydbo skola;72074288;Österåker;0117;Kommunal;Österåkers kommun;2120002890;95;35,8;13,7;78,9;42;25;28;.;.;.;.;.;.;
Röllingbyskolan;12407147;Österåker;0117;Kommunal;Österåkers kommun;2120002890;249;49,8;49,8;50,6;49;47;49;41;36;27;.;.;.;
Sjökarbyskolan;23756252;Österåker;0117;Kommunal;Österåkers kommun;2120002890;312;50,0;12,8;64,1;51;68;52;51;50;40;.;.;.;
Skärgårdsstadsskolan;73272488;Österåker;0117;Kommunal;Österåkers kommun;2120002890;413;42,1;12,6;69,7;46;48;38;59;46;50;46;34;46;
Solbackens Montessori;77701262;Österåker;0117;Enskild;La Mucca Montessori AB;5567028799;46;58,7;28,3;76,1;11;12;9;4;5;5;.;.;.;
Solskiftesskolan;82624830;Österåker;0117;Kommunal;Österåkers kommun;2120002890;441;50,8;26,3;56,0;.;.;.;50;43;58;88;98;104;
Söraskolan;88712672;Österåker;0117;Kommunal;Österåkers kommun;2120002890;595;45,7;39,3;50,6;45;56;48;53;82;97;68;85;61;
Tråsättraskolan;51305351;Österåker;0117;Kommunal;Österåkers kommun;2120002890;423;50,4;12,5;69,5;.;.;.;24;28;28;108;102;133;
Åkerstorpsskolan;19704413;Österåker;0117;Kommunal;Österåkers kommun;2120002890;142;50,0;12,7;74,6;50;53;39;.;.;.;.;.;.;
Österskärsskolan;94113162;Österåker;0117;Kommunal;Österåkers kommun;2120002890;308;49,7;7,5;89,0;55;55;50;51;54;43;.;.;.;
Edsskolan;37217528;Östhammar;0382;Kommunal;Östhammars kommun;2120000290;152;41,4;16,4;45,4;58;52;42;.;.;.;.;.;.;
Ekeby skola;71534291;Östhammar;0382;Kommunal;Östhammars kommun;2120000290;21;38,1;.;66,7;8;7;6;.;.;.;.;.;.;
Frösåkersskolan;98029852;Östhammar;0382;Kommunal;Östhammars kommun;2120000290;524;46,4;10,3;50,0;.;.;.;89;73;81;93;90;98;
Kristinelundskolan;18135815;Östhammar;0382;Kommunal;Östhammars kommun;2120000290;74;54,1;13,5;64,9;24;27;23;.;.;.;.;.;.;
Olandsskolan;90876801;Östhammar;0382;Kommunal;Östhammars kommun;2120000290;511;53,2;5,5;49,7;67;42;64;63;62;60;45;50;58;
Vallonskolan;95523275;Östhammar;0382;Kommunal;Östhammars kommun;2120000290;237;42,2;24,9;43,0;.;.;.;43;39;42;34;40;39;
Vretaskolan;27232649;Östhammar;0382;Kommunal;Östhammars kommun;2120000290;129;51,2;27,9;42,6;48;36;45;.;.;.;.;.;.;
Öregrunds skola;93413393;Östhammar;0382;Kommunal;Östhammars kommun;2120000290;116;45,7;6,0;62,9;26;27;23;18;22;.;.;.;.;
Österbyskolan;57548666;Östhammar;0382;Kommunal;Östhammars kommun;2120000290;367;50,4;4,1;30,5;50;39;38;49;36;47;32;38;38;
Färe Montessoriskola;26599013;Östra Göinge;1256;Enskild;Skolföreningen Växthuset Ekonomisk Förening;7696004154;117;42,7;16,2;37,6;13;16;13;10;16;13;12;15;9;
Glimåkraskolan;95828750;Östra Göinge;1256;Kommunal;Östra Göinge kommun;2120000860;142;53,5;31,0;39,4;16;31;22;28;26;19;.;.;.;
Göingeskolan;84902434;Östra Göinge;1256;Kommunal;Östra Göinge kommun;2120000860;262;45,8;40,8;42,0;.;.;.;.;.;.;76;94;92;
Kviinge skola;87913800;Östra Göinge;1256;Kommunal;Östra Göinge kommun;2120000860;141;49,6;51,8;34,0;18;32;20;26;20;25;.;.;.;
Mölleskolan;40044299;Östra Göinge;1256;Kommunal;Östra Göinge kommun;2120000860;101;49,5;39,6;35,6;14;19;7;18;21;22;.;.;.;
Prästavångsskolan 4-6;17752023;Östra Göinge;1256;Kommunal;Östra Göinge kommun;2120000860;160;47,5;40,6;43,8;.;.;.;41;65;54;.;.;.;
Prästavångsskolan F-3;22701498;Östra Göinge;1256;Kommunal;Östra Göinge kommun;2120000860;144;47,2;36,8;42,4;47;47;50;.;.;.;.;.;.;
Snapphaneskolan;81683738;Östra Göinge;1256;Kommunal;Östra Göinge kommun;2120000860;417;50,1;26,1;44,8;.;.;.;59;56;55;86;74;87;
Västerskolan;48978921;Östra Göinge;1256;Kommunal;Östra Göinge kommun;2120000860;164;50,6;15,2;48,2;55;51;58;.;.;.;.;.;.;
Strandskolan;50308658;Överkalix;2513;Kommunal;Överkalix kommun;2120002684;120;50,0;33,3;40,0;.;.;.;20;20;19;23;23;15;
Åkerskolan;57062315;Överkalix;2513;Kommunal;Överkalix kommun;2120002684;56;30,4;25,0;50,0;25;9;22;.;.;.;.;.;.;
Överkalix Friskola;13342436;Överkalix;2513;Enskild;Överkalix Kultur- och Miljöskola;8982006515;52;44,2;..;46,2;5;4;9;6;5;6;7;6;4;
Hietaniemi Friskoleförening;46252858;Övertorneå;2518;Enskild;Hietaniemi Friskoleförening;8976010887;62;43,5;24,2;54,8;3;8;10;2;13;6;5;6;9;
Svanstein skola Diamanten;90707437;Övertorneå;2518;Kommunal;Övertorneå kommun;2120002700;62;50,0;17,7;61,3;7;4;4;10;6;12;3;11;5;
Svarträvens skola 4-9;18991431;Övertorneå;2518;Kommunal;Övertorneå kommun;2120002700;137;46,7;24,1;38,0;.;.;.;20;21;27;27;23;19;
Svarträvens skola F-3;53794508;Övertorneå;2518;Kommunal;Övertorneå kommun;2120002700;65;64,6;21,5;43,1;17;33;15;.;.;.;.;.;.;

Rapportbeskrivning och definitioner etc.  
  
Rapporten visar antal elever, andel flickor, andel med utländsk bakgrund respektive andel med föräldrar med 
eftergymnasial utbildning i grundskolan fördelat per årskurs. Uppgifterna avser oktober det valda året.

Fr.o.m. läsåret 2022/23 ingår inte uppgifter om elever med en region som huvudman eller elever i sameskolan i uppgifterna om elever i grundskolan.
 
Utländsk bakgrund innebär att eleverna är födda utomlands eller födda i Sverige med båda föräldrarna födda utomlands. Elever som saknar uppgift om personnummer 
räknas i denna statistik till elever med utländsk bakgrund. Att uppgift om personnummer saknas kan bland annat bero på att eleven inte är folkbokförd i Sverige. 
Övriga elever hamnar i gruppen med svensk bakgrund, även om de har en utlandsfödd förälder.
 
Observera att uppgifter avseende kön, utländsk bakgrund samt föräldrarnas utbildningsnivå från och med läsåret 2015/16 sekretesskyddas (dubbelprickas) om de baseras 
på färre än 5 elever på skolenhetsnivå, kommun- eller huvudmannanivå och färre än 3 elever på läns- och riksnivå. Då visas två prickar (..) i stället för utfall. 
Undantaget är elever på sameskolan där alla uppgifter prickas om de baseras på färre än 10 elever. Om data saknas visas en prick (.) i stället för utfall. 
Före läsåret 2020/21 dubbelprickas inga uppgifter avseende kön, utländsk bakgrund samt föräldrarnas utbildningsnivå på kommun-, huvudmanna-, läns eller riksnivå.
Från och med läsåret 2025/26 redovisas andelsuppgiften 0 som två prickar (..). Om en andelsuppgift är 100 så visas uppgiften som ~100.
Från och med läsåret 2025/26 redovisas andelsuppgifter som baseras på samtliga elever utom 1-4 elever som ~100.
 
Uppgifterna Andel med utländsk bakgrund och Andel med föräldrar med eftergymnasial utbildning redovisas från och med år 2009. Dessa uppgifter finns inte för 
sameskolor, eftersom uppgifter om elever i sameskolan samlas in på gruppnivå. Nytt fr.o.m. läsåret 2017/18 är att statistik om elever i konfessionella skolor 
samlas in på individnivå, vilket möjliggör redovisning av andel elever med utländsk bakgrund och andel elever med föräldrar med eftergymnasial utbildning fr.o.m. 
detta läsår.
Antal elever i förskoleklass redovisas i denna databas från och med läsåret 2007/08. Mellan 2007/08 och 2011/12 saknas uppgifter om elever i förskoleklasser som 
kommunen har ett övergripande ansvar för men som drivs av annan huvudman än kommunen samt förskoleklasser belägna i anslutning till specialskolor och anpassade grundskolor.

Från och med läsåret 2024/25 analyseras och redovisas statistiken om grundskolan utifrån den socioekonomiska områdestypen som skolenheterna befinner sig i. 
Denna uppdelning av områdestyper baseras på variabler och information som SCB tillhandahåller.

Uppgifterna baseras på den områdestyp där skolenheten ligger och utgår ifrån det senaste socioekonomiska indexet, som är från 2022. Det betyder att uppgifterna om 
områdestyper utgår ifrån skolenhetens områdestyp år 2022. Endast de skolenheter som har fullständig adress i Skolenhetsregistret är kopplade till en områdestyp.

* Internationella skolor kan från och med 2016 ha antingen kommunal eller enskild huvudman. Internationella skolor följer ett annat lands läroplan eller en internationell läroplan.
I den geografiska redovisningen redovisas de som en egen grupp. I redovisningen per huvudman redovisas de internationella skolorna tillsammans med den huvudman de tillhör.
 




