Statistik från Skolverket, https://www.skolverket.se

Grundskola - Antal elever per årskurs
Valt läsår: 2019/20

Skola;Skol-enhetskod;Skolkommun;Kommun-kod;Typ av huvudman;Huvudman;Huvudman orgnr;Elever, årskurs 1-9;Andel (%) flickor, årskurs 1-9;Andel (%) elever med utländsk bakgrund, åk 1-9;Andel (%) elever med föräldrar med eftergymnasial utb., åk 1-9;Elever, årskurs 1;Elever, årskurs 2;Elever, årskurs 3;Elever, årskurs 4;Elever, årskurs 5;Elever, årskurs 6;Elever, årskurs 7;Elever, årskurs 8;Elever, årskurs 9;
Ahlafors Fria skola;71387206;Ale;1440;Enskild;Ahlafors Fria Skola Ekonomisk förening;7696142343;241;49;4;62;22;22;21;23;43;22;22;44;22;
Alboskolan;72616393;Ale;1440;Kommunal;Ale;2120001439;156;45;10;47;.;.;.;61;46;49;.;.;.;
Aroseniusskolan;48529699;Ale;1440;Kommunal;Ale;2120001439;466;47;10;54;.;.;.;.;.;.;173;131;162;
Bohusskolan;11043800;Ale;1440;Kommunal;Ale;2120001439;475;47;36;55;34;47;38;35;50;37;77;82;75;
Da Vinciskolan;61084420;Ale;1440;Kommunal;Ale;2120001439;421;51;31;54;.;.;.;.;.;.;148;142;131;
Garnvindeskolan;97093265;Ale;1440;Kommunal;Ale;2120001439;190;48;9;55;63;72;55;.;.;.;.;.;.;
Himlaskolan;54807007;Ale;1440;Kommunal;Ale;2120001439;168;48;14;57;28;25;38;26;20;31;.;.;.;
Kronaskolan 4-6;58798062;Ale;1440;Kommunal;Ale;2120001439;268;48;13;63;.;.;.;115;66;87;.;.;.;
Kronaskolan F-3;59239104;Ale;1440;Kommunal;Ale;2120001439;191;45;18;68;.;100;91;.;.;.;.;.;.;
Kyrkbyskolan;16944234;Ale;1440;Kommunal;Ale;2120001439;292;53;26;63;.;.;.;101;96;95;.;.;.;
Madenskolan;52988991;Ale;1440;Kommunal;Ale;2120001439;95;49;16;78;95;.;.;.;.;.;.;.;.;
Nolskolan;12789480;Ale;1440;Kommunal;Ale;2120001439;299;50;22;56;43;57;64;43;51;41;.;.;.;
Nödingeskolan;22564015;Ale;1440;Kommunal;Ale;2120001439;300;47;30;68;93;93;114;.;.;.;.;.;.;
Surteskolan;81439850;Ale;1440;Kommunal;Ale;2120001439;232;55;43;58;44;37;50;30;35;36;.;.;.;
Gustav Adolfsskolan;74064638;Alingsås;1489;Kommunal;Alingsås;2120001553;334;47;10;69;.;.;.;.;.;.;111;111;112;
Hemsjö Kyrkskola;63452058;Alingsås;1489;Kommunal;Alingsås;2120001553;143;55;8;68;20;19;26;23;33;22;.;.;.;
Ingaredsskolan;49115714;Alingsås;1489;Kommunal;Alingsås;2120001553;191;47;7;79;43;20;42;22;37;27;.;.;.;
Kullingsbergsskolan;78832157;Alingsås;1489;Kommunal;Alingsås;2120001553;198;47;10;85;27;37;32;35;38;29;.;.;.;
Lendahlsskolan F-6;34338735;Alingsås;1489;Kommunal;Alingsås;2120001553;261;45;24;55;38;42;42;42;54;43;.;.;.;
Linnéskolan;32478204;Alingsås;1489;Enskild;Alingsås Waldorfskoleförening;8640010511;30;40;17;47;5;5;3;2;1;6;4;1;3;
Långareds skola;28639614;Alingsås;1489;Kommunal;Alingsås;2120001553;115;43;8;51;22;15;17;21;21;19;.;.;.;
Magra skola;78273632;Alingsås;1489;Kommunal;Alingsås;2120001553;49;61;..;53;6;7;7;11;12;6;.;.;.;
Montessoriskolan Globen;87109819;Alingsås;1489;Enskild;Alingsås Montessori Skola Globen;8640009794;376;53;8;83;32;33;33;33;33;54;54;54;50;
Nolbyskolan;46546067;Alingsås;1489;Kommunal;Alingsås;2120001553;292;44;18;57;46;69;47;48;45;37;.;.;.;
Nolhagaskolan;84581048;Alingsås;1489;Kommunal;Alingsås;2120001553;422;50;20;66;.;.;.;.;.;.;140;141;141;
Noltorpsskolan 4-6;87146353;Alingsås;1489;Kommunal;Alingsås;2120001553;225;48;27;56;.;.;.;86;70;69;.;.;.;
Noltorpsskolan F-3;86435318;Alingsås;1489;Kommunal;Alingsås;2120001553;188;52;29;55;68;53;67;.;.;.;.;.;.;
Sollebrunns skola F-9;76908037;Alingsås;1489;Kommunal;Alingsås;2120001553;335;48;14;48;32;33;34;36;25;30;46;54;45;
Stadsskogenskolan;38957274;Alingsås;1489;Kommunal;Alingsås;2120001553;290;48;12;77;51;50;64;51;30;44;.;.;.;
Stora Mellby skola;90924483;Alingsås;1489;Kommunal;Alingsås;2120001553;80;54;..;44;15;13;13;13;16;10;.;.;.;
Vittra Gerdsken;98272016;Alingsås;1489;Enskild;Vittraskolorna AB;5564586716;426;53;13;63;42;43;33;47;45;47;62;55;52;
Västra Bodarna skola;71895385;Alingsås;1489;Kommunal;Alingsås;2120001553;134;53;..;83;24;17;29;21;21;22;.;.;.;
Ängaboskolan F-6;57136802;Alingsås;1489;Kommunal;Alingsås;2120001553;301;48;18;63;46;57;62;32;55;49;.;.;.;
Ödenäs skola;70153094;Alingsås;1489;Kommunal;Alingsås;2120001553;36;56;..;67;7;8;3;12;1;5;.;.;.;
Östlyckeskolan 7-9;63399058;Alingsås;1489;Kommunal;Alingsås;2120001553;353;49;27;56;.;.;.;.;.;.;144;94;115;
Friskolan Kronobergshed;79378495;Alvesta;0764;Enskild;Friskolan Kronobergshed Ek. för.;7696124531;61;51;11;52;12;5;8;13;11;12;.;.;.;
Grönkullaskolan;66644840;Alvesta;0764;Kommunal;Alvesta;2120000639;372;44;75;38;63;77;53;59;59;61;.;.;.;
Hagaskolan;67183147;Alvesta;0764;Kommunal;Alvesta;2120000639;383;48;50;45;.;.;.;.;.;.;133;117;133;
Hjortsbergaskolan;36322706;Alvesta;0764;Kommunal;Alvesta;2120000639;86;50;13;67;15;13;21;9;16;12;.;.;.;
Mohedaskolan;69699568;Alvesta;0764;Kommunal;Alvesta;2120000639;404;48;17;47;33;50;38;42;51;49;37;51;53;
Prästängsskolan;59234401;Alvesta;0764;Kommunal;Alvesta;2120000639;375;51;22;61;55;45;71;74;76;54;.;.;.;
Skatelövsskolan;55218290;Alvesta;0764;Kommunal;Alvesta;2120000639;138;43;8;54;20;18;20;25;30;25;.;.;.;
Vislandaskolan;88176175;Alvesta;0764;Kommunal;Alvesta;2120000639;420;50;18;40;37;40;36;31;29;39;71;54;83;
Furulidskolan;88669294;Aneby;0604;Kommunal;Aneby;2120000498;292;47;24;45;.;2;2;1;2;80;75;73;57;
Oasens skola;48000763;Aneby;0604;Enskild;Oasen Utbildningscenter AB;5566501796;19;37;42;..;1;1;1;.;3;6;5;1;1;
Parkskolan;29991409;Aneby;0604;Kommunal;Aneby;2120000498;98;45;26;44;40;29;28;1;.;.;.;.;.;
Sunhult skola;72916171;Aneby;0604;Kommunal;Aneby;2120000498;51;45;.;55;7;13;12;10;9;.;.;.;.;
Tallbackaskolan;34811255;Aneby;0604;Kommunal;Aneby;2120000498;196;47;28;51;25;25;25;59;62;.;.;.;.;
Vireda skola;81763314;Aneby;0604;Kommunal;Aneby;2120000498;51;55;.;55;16;13;10;5;7;.;.;.;.;
Brattbergsskolan;77132043;Arboga;1984;Kommunal;Arboga;2120002122;146;46;23;48;31;40;42;33;.;.;.;.;.;
Gäddgårdsskolan 5-9;65483259;Arboga;1984;Kommunal;Arboga;2120002122;331;46;36;50;.;.;.;.;56;58;77;71;69;
Gäddgårdsskolan F-4;40576446;Arboga;1984;Kommunal;Arboga;2120002122;116;45;41;43;30;30;35;21;.;.;.;.;.;
Götlunda skola;56897691;Arboga;1984;Kommunal;Arboga;2120002122;91;52;9;56;12;18;19;13;17;12;.;.;.;
Ladubacksskolan;76878404;Arboga;1984;Kommunal;Arboga;2120002122;217;43;8;58;47;43;44;37;46;.;.;.;.;
Medåkers skola;55399558;Arboga;1984;Kommunal;Arboga;2120002122;35;40;..;51;6;7;8;7;7;.;.;.;.;
Nybyholmsskolan;80553326;Arboga;1984;Kommunal;Arboga;2120002122;84;56;55;43;16;13;17;19;19;.;.;.;.;
Stureskolan;13854755;Arboga;1984;Kommunal;Arboga;2120002122;299;44;16;52;.;.;.;.;.;70;79;66;84;
Silverskolan;14254350;Arjeplog;2506;Kommunal;Arjeplog;2120002668;232;47;12;49;32;33;24;24;21;26;25;23;24;
Fridhemsskolan;48373752;Arvidsjaur;2505;Kommunal;Arvidsjaur;2120002650;175;46;8;45;.;.;.;.;.;.;54;54;67;
Parkskolan;16305064;Arvidsjaur;2505;Kommunal;Arvidsjaur;2120002650;26;31;..;27;.;5;7;.;9;5;.;.;.;
Ringelskolan;72388632;Arvidsjaur;2505;Kommunal;Arvidsjaur;2120002650;357;49;13;42;62;67;57;49;52;70;.;.;.;
Agnetebergsskolan;89919355;Arvika;1784;Kommunal;Arvika;2120001892;126;56;21;56;38;42;46;.;.;.;.;.;.;
Centralskolan;60318692;Arvika;1784;Kommunal;Arvika;2120001892;414;41;21;48;.;.;.;.;.;.;145;123;146;
Dotteviksskolan;71123975;Arvika;1784;Kommunal;Arvika;2120001892;157;49;29;43;30;30;20;29;22;26;.;.;.;
Edane skola;26650042;Arvika;1784;Kommunal;Arvika;2120001892;138;49;5;55;31;21;19;28;20;19;.;.;.;
Estetiska skolan, högstadiet;99375199;Arvika;1784;Enskild;Estetiska Skolan Arvika;8740020212;180;66;15;66;.;.;.;.;.;.;77;52;51;
Gateskolan;99788707;Arvika;1784;Kommunal;Arvika;2120001892;326;50;17;60;42;39;49;66;61;69;.;.;.;
Glava skola;96746847;Arvika;1784;Kommunal;Arvika;2120001892;65;32;15;31;14;14;7;13;14;3;.;.;.;
Graningegården;21442650;Arvika;1784;Kommunal;Arvika;2120001892;68;49;7;78;24;20;24;.;.;.;.;.;.;
Hagaskolan;44827735;Arvika;1784;Kommunal;Arvika;2120001892;56;48;45;46;23;13;20;.;.;.;.;.;.;
Järvenskolan F-6;63265335;Arvika;1784;Kommunal;Arvika;2120001892;100;44;11;50;21;15;20;15;15;14;.;.;.;
Jössefors skola;57618045;Arvika;1784;Kommunal;Arvika;2120001892;147;49;10;40;34;26;21;23;21;22;.;.;.;
Klässbols skola;34377463;Arvika;1784;Kommunal;Arvika;2120001892;99;42;7;52;17;14;17;20;18;13;.;.;.;
Kyrkebyskolan 4-6;53178437;Arvika;1784;Kommunal;Arvika;2120001892;189;48;22;51;.;.;.;58;63;68;.;.;.;
Kyrkebyskolan 7-9;64771195;Arvika;1784;Kommunal;Arvika;2120001892;244;46;17;43;.;.;.;.;.;.;80;78;86;
Rinnens skola;71530490;Arvika;1784;Kommunal;Arvika;2120001892;45;47;.;69;7;13;5;9;6;5;.;.;.;
Styckåsskolan;11995760;Arvika;1784;Kommunal;Arvika;2120001892;121;54;45;48;19;16;24;17;21;24;.;.;.;
Hammars skola;95952398;Askersund;1882;Kommunal;Askersund;2120001983;56;32;11;29;16;9;12;8;11;.;.;.;.;
Närlundaskolan;34933810;Askersund;1882;Kommunal;Askersund;2120001983;264;46;16;45;69;46;52;56;41;.;.;.;.;
Rönneshytta skola;42366130;Askersund;1882;Kommunal;Askersund;2120001983;60;50;..;32;9;15;12;12;12;.;.;.;.;
Sjöängsskolan;15766661;Askersund;1882;Kommunal;Askersund;2120001983;458;53;11;43;.;.;.;.;.;109;113;130;106;
Snavlunda skola;99225128;Askersund;1882;Kommunal;Askersund;2120001983;37;54;.;57;6;6;7;8;10;.;.;.;.;
Åmmebergs skola;94560681;Askersund;1882;Kommunal;Askersund;2120001983;61;57;..;20;6;10;15;13;17;.;.;.;.;
Åsbro skola;26625115;Askersund;1882;Kommunal;Askersund;2120001983;98;48;7;40;23;23;17;19;16;.;.;.;.;
Bergsnässkolan;52904254;Avesta;2084;Kommunal;Avesta;2120002262;195;47;24;50;42;39;25;17;46;26;.;.;.;
By skola;99431045;Avesta;2084;Kommunal;Avesta;2120002262;87;47;13;48;16;17;8;14;17;15;.;.;.;
Domarhagsskolan;87516620;Avesta;2084;Kommunal;Avesta;2120002262;306;52;29;47;.;.;.;.;.;.;104;104;98;
Fors skola;18273641;Avesta;2084;Kommunal;Avesta;2120002262;88;55;22;32;16;13;12;14;16;17;.;.;.;
Grytnäs friskola;96138660;Avesta;2084;Enskild;Avesta-Grytnäs pastorat;2520047560;96;45;6;47;20;16;19;12;11;18;.;.;.;
Johan Olovsskolan;48240990;Avesta;2084;Kommunal;Avesta;2120002262;258;46;41;27;30;25;23;20;25;23;36;37;39;
Karlbo skola;97945801;Avesta;2084;Kommunal;Avesta;2120002262;164;46;15;41;24;25;31;26;28;30;.;.;.;
Krylbo skola;62043194;Avesta;2084;Kommunal;Avesta;2120002262;163;52;81;28;31;29;26;27;30;20;.;.;.;
Lunds skola;78381462;Avesta;2084;Kommunal;Avesta;2120002262;51;47;..;53;.;.;.;16;14;21;.;.;.;
Markusskolan;15648377;Avesta;2084;Kommunal;Avesta;2120002262;288;50;66;39;44;62;54;37;41;50;.;.;.;
Nordanö skola;49218585;Avesta;2084;Kommunal;Avesta;2120002262;41;44;..;66;17;6;18;.;.;.;.;.;.;
Skogsbo skola;92591861;Avesta;2084;Kommunal;Avesta;2120002262;328;54;10;48;58;42;67;50;44;67;.;.;.;
Åvestadalskolan;30454178;Avesta;2084;Kommunal;Avesta;2120002262;354;49;27;45;.;.;.;.;.;.;122;115;117;
Bengtsgården;28484259;Bengtsfors;1460;Kommunal;Bengtsfors;2120001470;405;47;34;42;.;.;.;.;.;92;109;102;102;
Bäckeskolan;46016643;Bengtsfors;1460;Kommunal;Bengtsfors;2120001470;75;55;20;37;14;14;15;13;19;.;.;.;.;
Ekhagsskolan;95530848;Bengtsfors;1460;Kommunal;Bengtsfors;2120001470;190;43;42;33;41;36;34;38;41;.;.;.;.;
Franserudsskolan;89639468;Bengtsfors;1460;Kommunal;Bengtsfors;2120001470;266;41;32;49;48;46;57;52;63;.;.;.;.;
Hackås skola;70084130;Berg;2326;Kommunal;Berg;2120002502;49;41;..;51;7;6;14;3;8;11;.;.;.;
Klövsjö skola;90462401;Berg;2326;Kommunal;Berg;2120002502;19;37;.;74;5;1;5;2;4;2;.;.;.;
Kövra Byskola;82304602;Berg;2326;Enskild;Kövra Byskola AB;5567657316;43;53;..;67;7;9;6;7;8;6;.;.;.;
Ljungdalens skola;47079538;Berg;2326;Kommunal;Berg;2120002502;8;..;.;..;1;.;1;2;2;2;.;.;.;
Myrvikens skola;56709330;Berg;2326;Kommunal;Berg;2120002502;205;49;7;50;20;16;22;11;15;19;35;35;32;
Rätans skola;28750488;Berg;2326;Kommunal;Berg;2120002502;30;30;..;30;2;6;4;6;6;6;.;.;.;
Svenstaviks skola 7-9;63849173;Berg;2326;Kommunal;Berg;2120002502;147;58;11;39;.;.;.;.;.;.;55;33;59;
Svenstaviks skola F-6;64147674;Berg;2326;Kommunal;Berg;2120002502;142;49;39;39;20;21;21;31;23;26;.;.;.;
Åsarna skola;67992279;Berg;2326;Kommunal;Berg;2120002502;32;59;..;38;3;7;2;6;6;8;.;.;.;
Castorskolan;81730469;Bjurholm;2403;Kommunal;Bjurholm;2120002833;243;43;16;47;27;29;32;28;23;29;23;26;26;
Brogårdaskolan;74696775;Bjuv;1260;Kommunal;Bjuv;2120001041;333;50;32;45;39;51;53;65;65;60;.;.;.;
Ekeby skola åk 4-9;61795800;Bjuv;1260;Kommunal;Bjuv;2120001041;276;46;20;37;.;.;.;45;55;38;36;53;49;
Ekeby skola åk F-3;47546433;Bjuv;1260;Kommunal;Bjuv;2120001041;158;56;18;35;49;62;47;.;.;.;.;.;.;
Jens Billeskolan  4-9;63778499;Bjuv;1260;Kommunal;Bjuv;2120001041;279;47;37;35;.;.;.;50;44;42;40;41;62;
Jens Billeskolan  F - 3;19344516;Bjuv;1260;Kommunal;Bjuv;2120001041;144;59;40;37;55;42;47;.;.;.;.;.;.;
Varagårdsskolan Bjuv Östra   7 - 9;45883916;Bjuv;1260;Kommunal;Bjuv;2120001041;272;49;45;37;.;.;.;.;.;.;104;83;85;
Varagårdsskolan Bjuv Östra  F - 6;43688189;Bjuv;1260;Kommunal;Bjuv;2120001041;262;52;62;29;49;35;46;50;46;36;.;.;.;
Brönjaskolan;60633912;Boden;2582;Kommunal;Boden;2120002767;271;51;7;71;.;.;.;.;.;.;82;87;102;
Fagernäs skola;55055777;Boden;2582;Kommunal;Boden;2120002767;120;38;9;46;20;18;18;25;23;16;.;.;.;
Fria Emilia;98998541;Boden;2582;Enskild;Friskola Fria Emilia Boden ekonomisk förening;7696083455;263;49;13;66;31;31;31;25;31;29;30;26;29;
Harads skola;82094905;Boden;2582;Kommunal;Boden;2120002767;63;40;48;24;13;12;9;15;9;5;.;.;.;
Hedensskolan;53832535;Boden;2582;Kommunal;Boden;2120002767;242;45;20;52;42;34;38;39;40;49;.;.;.;
Mimers Brunn Vittjärv;65431245;Boden;2582;Enskild;Mimers Vittjärv AB;5567226062;64;42;9;64;8;12;12;15;11;6;.;.;.;
Mårängskolan;75860725;Boden;2582;Kommunal;Boden;2120002767;337;46;14;72;55;57;47;68;38;72;.;.;.;
Norrskenet Boden;40708452;Boden;2582;Enskild;Pysslingen Förskolor och Skolor AB;5560354309;280;46;9;62;16;17;19;21;20;20;66;40;61;
Prästholmsskolan;31341183;Boden;2582;Kommunal;Boden;2120002767;181;51;47;40;33;36;36;18;28;30;.;.;.;
Stureskolan;83862028;Boden;2582;Kommunal;Boden;2120002767;372;51;26;47;.;.;.;.;.;.;125;114;133;
Svartbjörnsbyns skola;98704682;Boden;2582;Kommunal;Boden;2120002767;135;52;12;59;22;26;21;23;23;20;.;.;.;
Tankeborgen Svartlå Fria;97359904;Boden;2582;Enskild;Svartlå-Sandträsk Ekonomiska Föreningen;7696081434;24;50;42;58;7;3;3;5;6;.;.;.;.;
Torpgärdsskolan;67642516;Boden;2582;Kommunal;Boden;2120002767;266;49;9;68;43;43;50;38;45;47;.;.;.;
Unbyns skola;10411502;Boden;2582;Kommunal;Boden;2120002767;43;56;..;67;5;13;7;7;4;7;.;.;.;
Älvskolan;29649408;Boden;2582;Kommunal;Boden;2120002767;21;52;29;57;5;4;4;4;4;.;.;.;.;
Bollebygdskolan 4-6;54447651;Bollebygd;1443;Kommunal;Bollebygd;2120002973;212;50;11;55;.;.;.;75;67;70;.;.;.;
Bollebygdskolan 7-9;60372258;Bollebygd;1443;Kommunal;Bollebygd;2120002973;358;45;12;57;.;.;.;.;.;.;119;121;118;
Bollebygdskolan F-3;39280013;Bollebygd;1443;Kommunal;Bollebygd;2120002973;194;55;17;54;60;64;70;.;.;.;.;.;.;
Föräldrakooperativet Gadden;43939920;Bollebygd;1443;Enskild;Föräldrakoop.Gadden Ek.Förening;7164481132;131;44;5;76;22;22;22;22;21;22;.;.;.;
Töllsjöskolan;45052222;Bollebygd;1443;Kommunal;Bollebygd;2120002973;103;50;9;52;13;20;21;20;15;14;.;.;.;
Örelundskolan;16196769;Bollebygd;1443;Kommunal;Bollebygd;2120002973;132;52;11;48;20;28;22;20;20;22;.;.;.;
Alirskolan 7-9;65024773;Bollnäs;2183;Kommunal;Bollnäs;2120002361;318;52;33;37;.;.;.;.;.;.;107;111;100;
Arbråskolan F-9;75662206;Bollnäs;2183;Kommunal;Bollnäs;2120002361;262;42;21;38;30;20;29;34;24;31;27;32;35;
Björktjära skola F-6;44164435;Bollnäs;2183;Kommunal;Bollnäs;2120002361;264;47;17;64;42;51;52;45;33;41;.;.;.;
Edenskolan;69498258;Bollnäs;2183;Enskild;Stiftelsen Bollnäs Bibelcenter;8865009610;30;50;40;57;3;2;1;3;5;6;3;5;2;
FRI att VÄXA Växsjö Byskola;38769534;Bollnäs;2183;Enskild;Växsjö byskola AB;5568021496;46;48;11;37;6;6;12;5;9;8;.;.;.;
Friskolan Lust & Lära;91187921;Bollnäs;2183;Enskild;Friskolan Lust & Lära i Bollnäs AB;5567748149;400;52;6;61;.;.;.;.;.;.;140;121;139;
Granbergsskolan F-6;72687432;Bollnäs;2183;Kommunal;Bollnäs;2120002361;205;42;10;46;42;28;33;31;39;32;.;.;.;
Kilafors skola F-9;41793797;Bollnäs;2183;Kommunal;Bollnäs;2120002361;185;45;13;41;20;14;19;21;19;20;27;21;24;
Kilbergsskolan F-6;92407606;Bollnäs;2183;Kommunal;Bollnäs;2120002361;306;50;14;53;50;50;65;45;49;47;.;.;.;
Nyhamre skola F-6;29124453;Bollnäs;2183;Kommunal;Bollnäs;2120002361;335;48;57;41;53;60;61;51;55;55;.;.;.;
Rengsjöskolan F-6;43389766;Bollnäs;2183;Kommunal;Bollnäs;2120002361;97;52;..;48;14;17;23;15;11;17;.;.;.;
Segersta Nya skola;74734342;Bollnäs;2183;Enskild;Segersta Nya skola Ekonomisk förening;7696256838;51;47;..;63;12;9;9;11;6;4;.;.;.;
Sörängs skola;69693147;Bollnäs;2183;Enskild;Sörängs skola AB;5568793417;72;35;7;74;11;15;11;13;15;7;.;.;.;
Vallsta skola F-6;81577420;Bollnäs;2183;Kommunal;Bollnäs;2120002361;72;53;10;58;8;16;9;15;10;14;.;.;.;
Västansjö Byskola;95802522;Bollnäs;2183;Enskild;Västansjö byskola AB;5569182784;74;53;..;51;22;11;11;15;6;9;.;.;.;
Gärdslösa skola;74710343;Borgholm;0885;Kommunal;Borgholm;2120000795;62;44;11;35;11;8;14;13;16;.;.;.;.;
Köpings skola;64896318;Borgholm;0885;Kommunal;Borgholm;2120000795;79;51;32;56;10;18;19;13;19;.;.;.;.;
Rälla skola;23868656;Borgholm;0885;Kommunal;Borgholm;2120000795;47;53;..;49;11;7;13;4;12;.;.;.;.;
Slottsskolan;80852248;Borgholm;0885;Kommunal;Borgholm;2120000795;280;47;17;48;.;.;.;.;.;82;55;68;75;
Viktoriaskolan;42934439;Borgholm;0885;Kommunal;Borgholm;2120000795;168;49;30;43;29;32;39;33;35;.;.;.;.;
Åkerboskolan;82520504;Borgholm;0885;Kommunal;Borgholm;2120000795;156;47;13;44;23;13;16;9;14;16;24;17;24;
Amsbergs skola;53466112;Borlänge;2081;Kommunal;Borlänge;2120002239;41;41;.;34;13;17;11;.;.;.;.;.;.;
Domnarvets skola;91219337;Borlänge;2081;Kommunal;Borlänge;2120002239;617;54;16;52;66;60;64;53;72;65;73;88;76;
Forssaklackskolan;84601215;Borlänge;2081;Kommunal;Borlänge;2120002239;398;47;24;47;.;.;.;.;.;.;125;141;132;
Forssaängskolan;16213077;Borlänge;2081;Kommunal;Borlänge;2120002239;331;47;24;57;49;44;58;54;64;62;.;.;.;
Gylle skola 7-9;11406792;Borlänge;2081;Kommunal;Borlänge;2120002239;406;43;21;47;.;.;.;.;1;.;151;117;137;
Gylle skola F-6;80265253;Borlänge;2081;Kommunal;Borlänge;2120002239;392;45;17;52;61;60;78;54;66;73;.;.;.;
Halvarsgårdars skola;98971545;Borlänge;2081;Kommunal;Borlänge;2120002239;72;54;21;42;2;18;11;11;15;15;.;.;.;
Idkerbergets skola;86463947;Borlänge;2081;Kommunal;Borlänge;2120002239;23;57;.;22;5;4;2;4;3;5;.;.;.;
Immanuelskolan;24147931;Borlänge;2081;Enskild;Stiftelsen Immanuel;8826020722;92;57;23;48;11;11;11;8;13;10;8;8;12;
Kunskapsskolan Borlänge;70510891;Borlänge;2081;Enskild;Kunskapsskolan i Sverige Aktiebolag;5565661815;409;54;26;55;.;.;.;39;44;44;89;100;93;
Kvarnsvedens skola;53010712;Borlänge;2081;Kommunal;Borlänge;2120002239;421;46;13;60;60;59;70;78;79;75;.;.;.;
Kyrkskolan;39328823;Borlänge;2081;Kommunal;Borlänge;2120002239;132;50;7;59;24;24;23;24;16;21;.;.;.;
Lanternan;59137023;Borlänge;2081;Enskild;Adventum Specialpedagogik AB;5563876753;22;32;27;..;.;2;1;1;.;5;5;3;5;
Maserskolan;56442130;Borlänge;2081;Kommunal;Borlänge;2120002239;398;50;59;35;.;.;.;.;.;.;115;150;133;
Mjälgaskolan;47473951;Borlänge;2081;Kommunal;Borlänge;2120002239;65;51;66;40;14;11;20;10;10;.;.;.;.;
Nygårdsskolan;23251345;Borlänge;2081;Kommunal;Borlänge;2120002239;329;47;84;18;66;59;44;50;52;58;.;.;.;
Ornäs skola;33944118;Borlänge;2081;Kommunal;Borlänge;2120002239;392;49;13;59;20;37;26;52;46;49;58;49;55;
Skräddarbacksskolan;73660679;Borlänge;2081;Kommunal;Borlänge;2120002239;414;48;14;62;60;73;72;75;67;67;.;.;.;
Tjärnaskolan;34516710;Borlänge;2081;Kommunal;Borlänge;2120002239;336;51;75;30;58;62;59;48;64;45;.;.;.;
Tjärnaängskolan;73689078;Borlänge;2081;Kommunal;Borlänge;2120002239;299;53;94;9;63;70;50;35;43;38;.;.;.;
Torsångs skola;94897392;Borlänge;2081;Kommunal;Borlänge;2120002239;97;48;..;75;28;27;42;.;.;.;.;.;.;
Tunets skola;83119674;Borlänge;2081;Kommunal;Borlänge;2120002239;133;50;8;58;24;19;23;23;20;24;.;.;.;
Aplaredskolan;79575640;Borås;1490;Kommunal;Borås;2120001561;69;58;13;46;10;15;6;14;14;10;.;.;.;
Asklandaskolan;97485987;Borås;1490;Kommunal;Borås;2120001561;239;45;7;70;40;40;38;40;41;40;.;.;.;
Bergdalskolan;85493502;Borås;1490;Kommunal;Borås;2120001561;321;45;29;60;62;48;66;48;48;49;.;.;.;
Björkhöjdskolan F-6;80373308;Borås;1490;Kommunal;Borås;2120001561;52;48;46;60;52;.;.;.;.;.;.;.;.;
Bodaskolan 7-9;67454907;Borås;1490;Kommunal;Borås;2120001561;456;50;60;41;.;.;.;.;.;.;154;143;159;
Bodaskolan F-6;94172239;Borås;1490;Kommunal;Borås;2120001561;240;49;81;37;41;60;39;39;39;22;.;.;.;
Borgstenaskolan;77362129;Borås;1490;Kommunal;Borås;2120001561;81;43;11;37;14;12;16;17;21;1;.;.;.;
Borås Kristna skola;64720166;Borås;1490;Enskild;Stiftelsen Anden O Ordet;8645015697;156;58;52;56;18;17;16;9;19;22;19;15;21;
Bredaredskolan;88594941;Borås;1490;Kommunal;Borås;2120001561;106;45;7;66;22;16;25;12;17;14;.;.;.;
Byttorpskolan;60337075;Borås;1490;Kommunal;Borås;2120001561;186;45;70;32;26;49;41;31;21;18;.;.;.;
Dalsjöskolan 4-6;95015820;Borås;1490;Kommunal;Borås;2120001561;192;53;10;57;.;.;.;61;61;70;.;.;.;
Dalsjöskolan 7-9;60557814;Borås;1490;Kommunal;Borås;2120001561;430;48;10;50;.;.;.;.;.;1;142;144;143;
Daltorpskolan 7-9;97706771;Borås;1490;Kommunal;Borås;2120001561;509;46;49;46;.;.;.;.;.;.;149;203;157;
Daltorpskolan F-6;25723208;Borås;1490;Kommunal;Borås;2120001561;180;43;68;31;22;23;23;27;41;44;.;.;.;
Dannikeskolan;24961270;Borås;1490;Kommunal;Borås;2120001561;55;49;11;45;14;8;9;10;8;6;.;.;.;
Ekarängskolan;95440729;Borås;1490;Kommunal;Borås;2120001561;280;51;72;42;46;47;51;43;46;47;.;.;.;
Engelbrektskolan 1-6;70233136;Borås;1490;Kommunal;Borås;2120001561;381;49;26;68;44;76;68;65;68;60;.;.;.;
Engelbrektskolan 7-9;86215855;Borås;1490;Kommunal;Borås;2120001561;340;55;28;62;.;.;.;.;.;.;122;95;123;
Erikslundskolan 7-9;73269899;Borås;1490;Kommunal;Borås;2120001561;220;38;55;41;.;.;.;.;.;.;78;71;71;
Erikslundskolan F-6;71926648;Borås;1490;Kommunal;Borås;2120001561;116;49;74;37;20;19;20;17;20;20;.;.;.;
Fjärdingskolan F-6;74866813;Borås;1490;Kommunal;Borås;2120001561;294;45;93;18;62;40;60;41;46;45;.;.;.;
Fristadskolan 7-9;86708639;Borås;1490;Kommunal;Borås;2120001561;344;47;10;57;.;.;.;.;.;.;126;117;101;
Gula skolan;90802324;Borås;1490;Kommunal;Borås;2120001561;214;49;11;56;41;32;24;44;35;38;.;.;.;
Gånghesterskolan;20256677;Borås;1490;Kommunal;Borås;2120001561;177;51;11;66;37;34;32;23;28;23;.;.;.;
Hestra Midgårdskolan;77733096;Borås;1490;Kommunal;Borås;2120001561;371;48;30;60;74;74;75;59;56;33;.;.;.;
Internationella Engelska Skolan Borås;58354320;Borås;1490;Enskild;Internationella Engelska Skolan i Sverige AB;5564624368;533;48;52;66;.;.;.;64;90;96;94;95;94;
Kerstinsgårdskolan;53233617;Borås;1490;Kommunal;Borås;2120001561;73;45;10;59;24;25;24;.;.;.;.;.;.;
Kinnarummaskolan F-6;98161840;Borås;1490;Kommunal;Borås;2120001561;85;46;..;53;27;12;11;17;6;12;.;.;.;
Kristinebergskolan;26533038;Borås;1490;Kommunal;Borås;2120001561;374;50;43;58;64;63;65;68;63;51;.;.;.;
Kunskapsskolan Borås;10257640;Borås;1490;Enskild;Kunskapsskolan i Sverige Aktiebolag;5565661815;562;55;19;67;.;.;.;60;60;110;109;119;104;
Malmen Montessori;10132939;Borås;1490;Enskild;Malmen Montessori;8645012132;463;51;22;72;59;61;61;60;53;58;45;42;24;
Myråsskolan;41007432;Borås;1490;Kommunal;Borås;2120001561;451;47;19;74;98;74;75;71;64;69;.;.;.;
Målsrydskolan;90649345;Borås;1490;Kommunal;Borås;2120001561;93;45;25;48;12;18;11;23;13;16;.;.;.;
Rångedalaskolan;48846255;Borås;1490;Kommunal;Borås;2120001561;23;48;..;43;15;7;1;.;.;.;.;.;.;
Sandaredskolan;72403229;Borås;1490;Kommunal;Borås;2120001561;376;46;9;73;63;66;65;71;59;52;.;.;.;
Sandgärdskolan;98081621;Borås;1490;Kommunal;Borås;2120001561;402;44;8;63;.;.;.;.;.;.;155;126;121;
Sandhultskolan;64760945;Borås;1490;Kommunal;Borås;2120001561;126;48;13;53;18;22;26;25;17;18;.;.;.;
Sjöboskolan;64604672;Borås;1490;Kommunal;Borås;2120001561;293;48;54;38;61;46;59;35;54;38;.;.;.;
Sjömarkenskolan;42811967;Borås;1490;Kommunal;Borås;2120001561;320;45;11;72;48;48;73;45;53;53;.;.;.;
Sparsörskolorna;63472172;Borås;1490;Kommunal;Borås;2120001561;251;43;12;65;41;46;44;39;45;36;.;.;.;
Svaneholmskolan F-6;22258443;Borås;1490;Kommunal;Borås;2120001561;122;49;36;31;23;17;23;17;15;27;.;.;.;
Svedjeskolan;46112711;Borås;1490;Kommunal;Borås;2120001561;106;45;42;43;34;47;25;.;.;.;.;.;.;
Särlaskolan 0-6;64915682;Borås;1490;Kommunal;Borås;2120001561;181;52;92;16;25;37;38;18;29;34;.;.;.;
Särlaskolan 7-9;23108037;Borås;1490;Kommunal;Borås;2120001561;218;47;72;31;.;.;.;.;.;.;69;57;92;
Trandaredskolan F-6;88323204;Borås;1490;Kommunal;Borås;2120001561;426;51;20;59;71;80;80;60;76;59;.;.;.;
Tummarpskolan;98158692;Borås;1490;Kommunal;Borås;2120001561;145;48;6;50;51;43;51;.;.;.;.;.;.;
Viskaforsskolan 0-6;43567691;Borås;1490;Kommunal;Borås;2120001561;272;47;19;46;46;46;53;46;30;51;.;.;.;
Viskaforsskolan 7-9;50756758;Borås;1490;Kommunal;Borås;2120001561;214;43;23;41;.;.;.;.;.;.;71;76;67;
Äsperedskolan;24622763;Borås;1490;Kommunal;Borås;2120001561;101;45;6;58;10;19;18;16;18;20;.;.;.;
Banslättsskolan;86192571;Botkyrka;0127;Kommunal;Botkyrka;2120002882;388;50;21;79;78;77;78;77;78;.;.;.;.;
Björkhaga Skola;43238662;Botkyrka;0127;Kommunal;Botkyrka;2120002882;470;52;51;46;55;46;55;50;52;45;59;54;54;
Borgskolan;71048800;Botkyrka;0127;Kommunal;Botkyrka;2120002882;225;48;88;33;41;40;44;38;32;30;.;.;.;
Borgsskolan Borggruppen 1GR;84891659;Botkyrka;0127;Kommunal;Botkyrka;2120002882;9;..;78;..;1;1;3;.;2;2;.;.;.;
Botkyrka Friskola F-9;80378022;Botkyrka;0127;Enskild;JPK Education AB;5564944063;358;55;64;43;39;39;41;31;41;36;45;40;46;
Broängsskolan;38661388;Botkyrka;0127;Kommunal;Botkyrka;2120002882;577;47;26;58;53;54;55;52;50;55;86;86;86;
Brunnaskolan;53426548;Botkyrka;0127;Kommunal;Botkyrka;2120002882;398;49;84;30;41;45;44;35;41;33;52;50;57;
Edessaskolan;16762245;Botkyrka;0127;Enskild;Stiftelsen Bar Hebreus;8024242391;131;56;47;37;24;25;24;20;22;16;.;.;.;
Eklidsskolan;15620768;Botkyrka;0127;Kommunal;Botkyrka;2120002882;191;45;16;76;39;34;41;38;39;.;.;.;.;
Falkbergsskolan;85558618;Botkyrka;0127;Kommunal;Botkyrka;2120002882;388;51;23;60;.;.;.;.;.;105;101;98;84;
Falkbergsskolan klass 6-9 A 1GR;23477041;Botkyrka;0127;Kommunal;Botkyrka;2120002882;9;..;..;..;.;.;.;.;.;.;3;3;3;
Fittjaskolan Botkyrka Norra;40631085;Botkyrka;0127;Kommunal;Botkyrka;2120002882;479;45;92;26;33;45;38;51;50;42;70;60;90;
Fittjaskolan Lilla Aspen 1GR;40172619;Botkyrka;0127;Kommunal;Botkyrka;2120002882;6;.;83;..;.;1;3;.;2;.;.;.;.;
Freinetskolan Kastanjen;29524966;Botkyrka;0127;Enskild;Freinetskolan Kastanjen Ekonomisk Förening;7696000590;171;46;69;53;21;18;21;19;19;19;21;14;19;
Grindtorpsskolan;57228484;Botkyrka;0127;Kommunal;Botkyrka;2120002882;449;52;86;37;59;62;64;43;44;36;45;52;44;
Hammerstaskolan;25918983;Botkyrka;0127;Kommunal;Botkyrka;2120002882;301;47;75;40;44;33;35;31;37;38;33;25;25;
Hammerstaskolan Språkenhet 1GR;54270895;Botkyrka;0127;Kommunal;Botkyrka;2120002882;25;48;80;28;4;4;2;1;3;4;2;1;4;
Karsby International School;67742754;Botkyrka;0127;Kommunal;Botkyrka;2120002882;420;50;93;36;44;46;52;46;42;36;46;49;59;
Kassmyraskolan;25506439;Botkyrka;0127;Kommunal;Botkyrka;2120002882;440;50;39;53;81;80;81;80;69;49;.;.;.;
Kunskapsskolan Tumba;84411355;Botkyrka;0127;Enskild;Kunskapsskolan i Sverige Aktiebolag;5565661815;411;55;40;59;.;.;.;45;39;65;104;97;61;
Kvarnhagsskolan;56417100;Botkyrka;0127;Kommunal;Botkyrka;2120002882;568;50;82;30;75;69;74;63;58;53;55;50;71;
Malmsjö skola;86985859;Botkyrka;0127;Kommunal;Botkyrka;2120002882;382;48;21;48;40;40;50;48;44;45;35;33;47;
Parkhemsskolan;51863294;Botkyrka;0127;Kommunal;Botkyrka;2120002882;248;48;18;77;50;48;52;48;50;.;.;.;.;
Rikstens skola;75580959;Botkyrka;0127;Kommunal;Botkyrka;2120002882;621;44;19;69;90;78;84;75;84;47;53;56;54;
Rikstens skola Trampolinen 1GR;76849293;Botkyrka;0127;Kommunal;Botkyrka;2120002882;12;..;67;..;1;2;.;2;.;2;2;.;3;
Skogsbacksskolan;10657244;Botkyrka;0127;Kommunal;Botkyrka;2120002882;134;46;87;19;48;38;48;.;.;.;.;.;.;
Storvretskolan;18534178;Botkyrka;0127;Kommunal;Botkyrka;2120002882;248;42;81;28;.;.;.;43;47;41;37;42;38;
Storvretskolan Aspen 1GR;16223141;Botkyrka;0127;Kommunal;Botkyrka;2120002882;26;23;23;42;.;.;.;2;.;4;11;4;5;
Sverigefinska skolan, Botkyrka;57850353;Botkyrka;0127;Enskild;Sverigefinska Skolan i Botkyrka Aktiebolag;5565721247;101;49;35;42;20;16;13;14;9;10;4;9;6;
Tallidsskolan;45757947;Botkyrka;0127;Kommunal;Botkyrka;2120002882;236;49;86;32;47;50;31;40;37;31;.;.;.;
Trädgårdsstadsskolan;58310322;Botkyrka;0127;Kommunal;Botkyrka;2120002882;577;49;14;76;55;53;55;54;53;82;77;78;70;
Tullingebergsskolan;10495223;Botkyrka;0127;Kommunal;Botkyrka;2120002882;169;40;43;61;37;30;53;16;33;.;.;.;.;
Tunaskolan;36350546;Botkyrka;0127;Kommunal;Botkyrka;2120002882;667;50;46;52;77;74;77;77;73;74;74;70;71;
Stenbockskolan L;28058389;Boxholm;0560;Kommunal;Boxholm;2120000407;130;53;18;38;42;41;47;.;.;.;.;.;.;
Stenbockskolan MH;23991743;Boxholm;0560;Kommunal;Boxholm;2120000407;265;48;16;48;.;.;.;39;40;36;50;55;45;
Åsbo skola;27814689;Boxholm;0560;Kommunal;Boxholm;2120000407;97;53;7;46;13;19;21;12;15;17;.;.;.;
Alvikenskolan;55163663;Bromölla;1272;Kommunal;Bromölla;2120000894;367;51;25;44;57;60;70;65;54;61;.;.;.;
Dalaskolan Norra;87987096;Bromölla;1272;Kommunal;Bromölla;2120000894;267;48;31;53;44;39;45;50;41;48;.;.;.;
Dalaskolan Södra;79707757;Bromölla;1272;Kommunal;Bromölla;2120000894;155;43;21;50;.;.;.;.;.;.;50;47;58;
Edenryds skola;37658022;Bromölla;1272;Kommunal;Bromölla;2120000894;100;43;30;53;9;22;15;23;13;18;.;.;.;
Gualövs skola;67942007;Bromölla;1272;Kommunal;Bromölla;2120000894;62;37;31;37;8;13;12;8;12;9;.;.;.;
Humleskolan;18195751;Bromölla;1272;Kommunal;Bromölla;2120000894;304;44;28;42;.;.;.;.;.;.;106;109;89;
Näsums skola;43549980;Bromölla;1272;Kommunal;Bromölla;2120000894;148;46;19;44;24;20;23;26;30;25;.;.;.;
Bräcke skola;63287550;Bräcke;2305;Kommunal;Bräcke;2120002460;238;45;27;42;28;21;30;22;34;23;21;32;27;
Gällö skola;34671510;Bräcke;2305;Kommunal;Bräcke;2120002460;236;48;14;47;35;21;25;23;18;19;31;28;36;
Kälarne skola;82223639;Bräcke;2305;Kommunal;Bräcke;2120002460;85;58;12;36;5;10;9;11;9;15;13;9;4;
Dalslundskolan 4-6;65794511;Burlöv;1231;Kommunal;Burlöv;2120001025;255;51;25;67;.;.;.;88;95;72;.;.;.;
Dalslundskolan 7-9;58712142;Burlöv;1231;Kommunal;Burlöv;2120001025;199;50;29;63;.;.;.;.;.;.;70;71;58;
Dalslundskolan F-3;63471148;Burlöv;1231;Kommunal;Burlöv;2120001025;152;51;21;73;53;50;49;.;.;.;.;.;.;
Humlemadskolan;12436715;Burlöv;1231;Kommunal;Burlöv;2120001025;231;50;77;35;37;43;42;32;34;43;.;.;.;
Svanetorpskolan;55734921;Burlöv;1231;Kommunal;Burlöv;2120001025;75;57;12;71;27;24;24;.;.;.;.;.;.;
Svenshögskolan;82378508;Burlöv;1231;Kommunal;Burlöv;2120001025;247;43;82;33;42;49;49;36;36;35;.;.;.;
Södervångskolan;64830407;Burlöv;1231;Kommunal;Burlöv;2120001025;96;55;21;77;27;25;44;.;.;.;.;.;.;
Tågarpskolan;34882305;Burlöv;1231;Kommunal;Burlöv;2120001025;253;49;58;44;33;53;52;41;39;35;.;.;.;
Vårboskolan;95748172;Burlöv;1231;Kommunal;Burlöv;2120001025;280;48;75;34;.;.;.;.;.;.;93;81;106;
Båstad Montessoriskola Asken;35158169;Båstad;1278;Enskild;Båstad Montessori Ekonomisk Förening;7164367695;112;46;10;69;18;17;20;18;20;19;.;.;.;
Förslövs skola F-9;94453321;Båstad;1278;Kommunal;Båstad;2120000944;430;47;22;54;36;43;38;37;30;37;81;61;67;
Sandlyckeskolan;83989430;Båstad;1278;Kommunal;Båstad;2120000944;71;51;25;51;7;11;12;16;11;14;.;.;.;
Strandängsskolan 7-9;16148785;Båstad;1278;Kommunal;Båstad;2120000944;274;49;19;61;.;.;.;.;.;.;90;90;94;
Strandängsskolan F-6;39139691;Båstad;1278;Kommunal;Båstad;2120000944;237;51;26;58;42;42;37;42;35;39;.;.;.;
Västra Karups skola;64633692;Båstad;1278;Kommunal;Båstad;2120000944;125;50;19;55;20;20;20;23;19;23;.;.;.;
Östra Karups skola;88295885;Båstad;1278;Kommunal;Båstad;2120000944;150;52;17;61;21;21;27;30;27;24;.;.;.;
Hagaskolan;93081338;Dals-Ed;1438;Kommunal;Dals-Ed;2120001413;307;48;17;49;.;.;.;52;47;48;55;57;48;
Snörrumskolan;62394711;Dals-Ed;1438;Kommunal;Dals-Ed;2120001413;155;47;12;43;51;47;57;.;.;.;.;.;.;
Baldersskolan;95432644;Danderyd;0162;Kommunal;Danderyd;2120000126;153;46;4;91;48;51;54;.;.;.;.;.;.;
British International School*;66620411;Danderyd;0162;Enskild;Stiftelsen Borgen 2 - British International School Stockholm;8024777289;397;46;73;62;40;61;62;66;68;36;22;26;16;
Danderyds Montessoriskola;59848694;Danderyd;0162;Enskild;Danderyds Montessoriskola Aktiebolag;5564825577;107;56;16;93;17;19;20;17;19;15;.;.;.;
Ekebyskolan;94987345;Danderyd;0162;Kommunal;Danderyd;2120000126;247;52;13;92;25;26;27;49;69;51;.;.;.;
Elevverket;95940425;Danderyd;0162;Enskild;Danderyds Enskilda Skola Aktiebolag;5563210706;133;46;14;86;22;22;33;22;17;17;.;.;.;
Enebybergs skola;63581692;Danderyd;0162;Kommunal;Danderyd;2120000126;590;48;11;88;92;92;97;103;100;106;.;.;.;
Fribergaskolan;42986451;Danderyd;0162;Kommunal;Danderyd;2120000126;588;50;9;88;.;.;.;.;.;.;196;195;197;
Kevingeskolan;95676943;Danderyd;0162;Kommunal;Danderyd;2120000126;281;46;21;84;25;42;50;44;68;52;.;.;.;
Kyrkskolan;89317818;Danderyd;0162;Kommunal;Danderyd;2120000126;290;44;11;91;26;26;27;75;61;75;.;.;.;
Långängsskolan;10735290;Danderyd;0162;Kommunal;Danderyd;2120000126;167;50;19;87;49;50;68;.;.;.;.;.;.;
Mörbyskolan;97174070;Danderyd;0162;Kommunal;Danderyd;2120000126;493;44;13;87;.;.;.;.;.;.;172;159;162;
Stocksundsskolan;72370577;Danderyd;0162;Kommunal;Danderyd;2120000126;431;46;13;87;46;41;52;89;102;101;.;.;.;
Svalnässkolan;76374651;Danderyd;0162;Kommunal;Danderyd;2120000126;44;20;18;84;19;12;13;.;.;.;.;.;.;
Vasaskolan;43289917;Danderyd;0162;Kommunal;Danderyd;2120000126;314;47;12;84;27;37;45;64;70;71;.;.;.;
Vendestigens skola;57106833;Danderyd;0162;Enskild;Vendestigens Förskola och Skola AB;5565422762;51;51;24;82;9;8;8;6;11;9;.;.;.;
Viktor Rydbergs Samskola;13493243;Danderyd;0162;Enskild;Stiftelsen Viktor Rydbergs Skolor;8120005650;571;48;12;90;.;.;.;.;.;.;192;189;190;
Ösbyskolan;78808043;Danderyd;0162;Enskild;Ösbyskolan AB;5566994009;72;61;7;93;24;24;24;.;.;.;.;.;.;
Bruksskolan;10302576;Degerfors;1862;Kommunal;Degerfors;2120001934;166;50;37;40;24;33;26;29;31;23;.;.;.;
Parkskolan;47814121;Degerfors;1862;Kommunal;Degerfors;2120001934;159;50;25;40;30;28;30;22;25;24;.;.;.;
Stora Vallaskolan;96969231;Degerfors;1862;Kommunal;Degerfors;2120001934;272;49;27;35;.;.;.;.;.;.;83;98;91;
Strömtorpsskolan;45554806;Degerfors;1862;Kommunal;Degerfors;2120001934;188;52;17;44;32;29;30;26;33;38;.;.;.;
Svartå skola;93324945;Degerfors;1862;Kommunal;Degerfors;2120001934;29;41;..;45;1;10;3;3;6;6;.;.;.;
Åtorps skola;67016830;Degerfors;1862;Kommunal;Degerfors;2120001934;46;52;..;52;6;12;9;4;10;5;.;.;.;
Risbäck;66468123;Dorotea;2425;Kommunal;Dorotea;2120002809;11;55;.;..;2;1;2;3;2;1;.;.;.;
Strandenskolan 6-9;17181067;Dorotea;2425;Kommunal;Dorotea;2120002809;94;55;16;39;.;.;.;.;.;19;30;26;19;
Strandenskolan Fsk - 5;12915561;Dorotea;2425;Kommunal;Dorotea;2120002809;133;42;12;35;24;24;27;31;27;.;.;.;.;
Adolfsfors skola;48315891;Eda;1730;Kommunal;Eda;2120001769;46;48;..;54;11;10;8;12;5;.;.;.;.;
Gunnarsbyskolan F-9;69352527;Eda;1730;Kommunal;Eda;2120001769;411;47;37;35;61;49;32;56;41;42;41;40;49;
Gärdesskolan;28042382;Eda;1730;Kommunal;Eda;2120001769;133;52;38;37;28;24;30;19;18;14;.;.;.;
Hierneskolan F-9;55674136;Eda;1730;Kommunal;Eda;2120001769;197;47;15;33;16;16;17;14;17;25;36;25;31;
Birkaskolan;27595656;Ekerö;0125;Enskild;Mälaröarnas Montessori, Ek. För.;7696032353;287;48;7;84;32;32;32;32;32;32;32;32;31;
Drottningholmskolan;28231215;Ekerö;0125;Enskild;Drottningholmskolan, Mälaröarnas Waldorfskola;8152013010;167;53;6;80;18;23;20;19;22;23;17;.;25;
Ekebyhovskolan;99373839;Ekerö;0125;Kommunal;Ekerö;2120000050;465;46;17;68;89;78;77;73;64;84;.;.;.;
Färentuna skola;43038662;Ekerö;0125;Kommunal;Ekerö;2120000050;254;49;20;57;33;41;44;41;52;43;.;.;.;
Munsö skola;33159363;Ekerö;0125;Kommunal;Ekerö;2120000050;70;44;20;51;9;10;14;12;15;10;.;.;.;
Närlundaskolan;40904373;Ekerö;0125;Kommunal;Ekerö;2120000050;319;49;12;80;57;54;56;56;57;39;.;.;.;
Sanduddens skola;39195819;Ekerö;0125;Kommunal;Ekerö;2120000050;328;51;9;77;57;54;56;53;53;55;.;.;.;
Skå skola;26138955;Ekerö;0125;Kommunal;Ekerö;2120000050;72;42;13;75;25;24;23;.;.;.;.;.;.;
Stenhamraskolan;11025388;Ekerö;0125;Kommunal;Ekerö;2120000050;389;48;13;62;57;59;60;66;76;71;.;.;.;
Sundby skola;41377165;Ekerö;0125;Kommunal;Ekerö;2120000050;125;39;22;68;17;23;21;16;24;24;.;.;.;
Tappströmsskolan;52217632;Ekerö;0125;Kommunal;Ekerö;2120000050;530;47;15;67;.;.;.;.;.;.;179;186;165;
Träkvista skola;66475520;Ekerö;0125;Kommunal;Ekerö;2120000050;537;48;7;75;55;55;57;80;58;61;56;60;55;
Uppgårdskolan;95057356;Ekerö;0125;Kommunal;Ekerö;2120000050;317;44;11;54;.;.;.;.;.;.;94;124;99;
Broarps skola;30452569;Eksjö;0686;Enskild;Attendo Individ och familj AB;5564778958;18;..;..;39;.;.;.;.;1;1;1;4;11;
Furulundsskolan;48108874;Eksjö;0686;Kommunal;Eksjö;2120000589;257;49;43;38;33;25;23;24;16;25;34;44;33;
Grevhagsskolan;70675077;Eksjö;0686;Kommunal;Eksjö;2120000589;281;49;25;60;42;47;47;48;51;46;.;.;.;
Hultskolan;95090544;Eksjö;0686;Kommunal;Eksjö;2120000589;78;49;14;59;6;14;12;18;13;15;.;.;.;
Höredaskolan;14664038;Eksjö;0686;Kommunal;Eksjö;2120000589;92;61;10;54;17;14;12;17;17;15;.;.;.;
Ingatorpsskolan;65465842;Eksjö;0686;Kommunal;Eksjö;2120000589;118;48;44;30;14;18;12;28;21;25;.;.;.;
Linnéskolan;87335241;Eksjö;0686;Kommunal;Eksjö;2120000589;224;58;33;58;46;46;36;49;25;22;.;.;.;
Norrtullskolan;70174655;Eksjö;0686;Kommunal;Eksjö;2120000589;271;52;32;69;51;43;49;36;45;47;.;.;.;
Prästängsskolan A;48457931;Eksjö;0686;Kommunal;Eksjö;2120000589;246;50;20;59;.;.;.;.;.;.;81;88;77;
Prästängsskolan B;98124174;Eksjö;0686;Kommunal;Eksjö;2120000589;249;50;25;54;.;.;.;.;.;.;86;86;77;
Bjurbäcksskolan 7-9;37716305;Emmaboda;0862;Kommunal;Emmaboda;2120000738;314;49;34;46;.;.;.;.;.;.;109;104;101;
Bjurbäcksskolan F-6;73798677;Emmaboda;0862;Kommunal;Emmaboda;2120000738;268;46;52;39;42;41;41;46;55;43;.;.;.;
Johansfors skola   F-6;21786908;Emmaboda;0862;Kommunal;Emmaboda;2120000738;88;43;23;44;13;15;11;14;15;20;.;.;.;
Lindås skola  F-6;76954248;Emmaboda;0862;Kommunal;Emmaboda;2120000738;117;54;30;34;17;20;16;17;25;22;.;.;.;
Långasjö skola    F-6;94837012;Emmaboda;0862;Kommunal;Emmaboda;2120000738;56;45;20;38;8;9;5;10;12;12;.;.;.;
Vissefjärda skola F-6;41013207;Emmaboda;0862;Kommunal;Emmaboda;2120000738;85;59;12;51;16;14;12;18;13;12;.;.;.;
Bergtallens skola;73178642;Enköping;0381;Enskild;Villberga Familjecenter Aktiebolag;5565716650;10;..;..;60;.;.;.;.;.;.;2;4;4;
Bergvretenskolan;56521117;Enköping;0381;Kommunal;Enköping;2120000282;649;45;10;61;76;77;71;75;70;74;67;75;64;
Entréskolan Enköping;97000303;Enköping;0381;Enskild;AmiSgo AB;5568148117;136;49;13;45;.;.;.;10;8;26;40;24;28;
Enöglaskolan;12753670;Enköping;0381;Kommunal;Enköping;2120000282;385;49;74;30;65;60;44;40;36;44;52;44;.;
Fjärdhundraskolan;94821900;Enköping;0381;Kommunal;Enköping;2120000282;303;46;12;42;35;29;40;34;33;29;33;34;36;
Grillbyskolan;69708298;Enköping;0381;Kommunal;Enköping;2120000282;154;53;8;41;38;33;29;16;26;12;.;.;.;
Hummelstaskolan;89762772;Enköping;0381;Kommunal;Enköping;2120000282;184;46;14;47;45;31;35;23;31;19;.;.;.;
Korsängsskolan;96757645;Enköping;0381;Kommunal;Enköping;2120000282;558;47;30;48;74;62;59;78;66;45;56;58;60;
Kunskapsskolan Enköping;67723630;Enköping;0381;Enskild;Kunskapsskolan i Sverige Aktiebolag;5565661815;431;58;10;65;.;.;.;45;46;91;87;82;80;
Lillkyrkaskolan;22410547;Enköping;0381;Kommunal;Enköping;2120000282;121;52;9;61;34;27;21;16;18;5;.;.;.;
Munksundsskolan;70152961;Enköping;0381;Kommunal;Enköping;2120000282;311;50;19;60;63;60;52;56;48;32;.;.;.;
Robinson Fanna;89708433;Enköping;0381;Enskild;Aktiebolaget Fria Skolor i Enköping;5568086085;64;50;..;84;13;13;13;13;12;.;.;.;.;
Robinson Husberg;72849973;Enköping;0381;Enskild;Aktiebolaget Fria Skolor i Enköping;5568086085;72;56;..;79;12;15;15;15;15;.;.;.;.;
Robinson Svedia;71071044;Enköping;0381;Enskild;Aktiebolaget Fria Skolor i Enköping;5568086085;63;49;17;70;13;12;13;13;12;.;.;.;.;
Robinson Vårfru;83519502;Enköping;0381;Enskild;Aktiebolaget Fria Skolor i Enköping;5568086085;164;42;..;75;.;.;.;.;.;41;42;41;40;
Rombergaskolan;15287785;Enköping;0381;Kommunal;Enköping;2120000282;237;51;60;32;52;38;44;35;42;26;.;.;.;
Skolstaskolan;30265734;Enköping;0381;Kommunal;Enköping;2120000282;186;53;12;60;39;26;41;25;32;23;.;.;.;
S:t Iliansskolan;34699165;Enköping;0381;Kommunal;Enköping;2120000282;400;48;32;47;.;.;.;.;.;.;131;108;161;
Örsundsbroskolan;98587494;Enköping;0381;Kommunal;Enköping;2120000282;443;50;8;58;60;48;49;53;64;34;48;48;39;
Björktorpsskolan 4-6;11280060;Eskilstuna;0484;Kommunal;Eskilstuna;2120000357;197;51;76;29;.;.;.;70;75;52;.;.;.;
Björktorpsskolan F-3;36462704;Eskilstuna;0484;Kommunal;Eskilstuna;2120000357;232;44;78;40;88;60;84;.;.;.;.;.;.;
British Junior Primary, Eskilstuna;40579483;Eskilstuna;0484;Enskild;British Schools AB;5567516389;579;54;43;65;87;106;84;110;97;95;.;.;.;
British Junior Secondary, Eskilstuna;50048111;Eskilstuna;0484;Enskild;British Schools AB;5567516389;211;46;43;64;.;.;.;.;.;.;92;72;47;
Djurgårdsskolan 4-9;54605092;Eskilstuna;0484;Kommunal;Eskilstuna;2120000357;604;57;15;61;.;.;.;83;82;84;117;123;115;
Djurgårdsskolan F-3;42877521;Eskilstuna;0484;Kommunal;Eskilstuna;2120000357;166;48;14;73;56;54;55;.;1;.;.;.;.;
Edvardslundsskolan F-6;30374696;Eskilstuna;0484;Kommunal;Eskilstuna;2120000357;433;45;20;55;70;71;77;74;69;72;.;.;.;
Entréskolan, Eskilstuna;10443922;Eskilstuna;0484;Enskild;AmiSgo AB;5568148117;226;67;20;44;.;.;.;18;22;25;55;44;62;
Faktoriet 7-9;64275635;Eskilstuna;0484;Kommunal;Eskilstuna;2120000357;259;47;14;62;.;.;.;.;.;.;86;92;81;
Fristadsskolan 6-9;26140079;Eskilstuna;0484;Kommunal;Eskilstuna;2120000357;388;51;37;45;.;.;.;.;.;54;123;120;91;
Fröslundaskolan F-6;11685163;Eskilstuna;0484;Kommunal;Eskilstuna;2120000357;281;51;84;20;67;47;46;27;48;46;.;.;.;
Gillberga skola F-6;46674480;Eskilstuna;0484;Kommunal;Eskilstuna;2120000357;101;37;8;53;21;15;23;14;16;12;.;.;.;
Gökstensskolan F-9;85601783;Eskilstuna;0484;Kommunal;Eskilstuna;2120000357;792;49;20;51;57;52;51;59;63;58;156;145;151;
Hammargärdets skola F-6;25284848;Eskilstuna;0484;Kommunal;Eskilstuna;2120000357;78;47;12;38;8;16;8;12;21;13;.;.;.;
Hållstaskolan F-6;13561097;Eskilstuna;0484;Kommunal;Eskilstuna;2120000357;106;47;9;49;14;13;18;19;21;21;.;.;.;
Hällberga skola F-6;98262818;Eskilstuna;0484;Kommunal;Eskilstuna;2120000357;82;39;9;46;17;18;10;12;13;12;.;.;.;
Hällby skola F-6;14989708;Eskilstuna;0484;Kommunal;Eskilstuna;2120000357;399;48;13;61;59;65;80;71;55;69;.;.;.;
Internationella Engelska Skolan Eskilstuna;36759013;Eskilstuna;0484;Enskild;Internationella Engelska Skolan i Sverige AB;5564624368;1 241;50;62;60;52;104;56;175;127;188;175;171;193;
Kjula skola F-6;41563453;Eskilstuna;0484;Kommunal;Eskilstuna;2120000357;250;52;..;63;39;48;38;40;50;35;.;.;.;
Lagersbergsskolan F-6;85172821;Eskilstuna;0484;Kommunal;Eskilstuna;2120000357;375;50;71;32;61;62;52;68;68;64;.;.;.;
Lundbyskolan F-6;39228461;Eskilstuna;0484;Kommunal;Eskilstuna;2120000357;327;46;21;75;56;44;53;52;59;63;.;.;.;
Mesta skola F-3;83229706;Eskilstuna;0484;Kommunal;Eskilstuna;2120000357;174;49;14;70;60;54;60;.;.;.;.;.;.;
Näshulta friskola;29254257;Eskilstuna;0484;Enskild;Näshulta Framtid;8176065848;51;53;..;59;12;15;5;6;8;5;.;.;.;
Skiftingehus F-9;65025285;Eskilstuna;0484;Kommunal;Eskilstuna;2120000357;469;39;68;37;30;40;32;31;32;26;103;86;89;
Skogstorpsskolan F-9;30622727;Eskilstuna;0484;Kommunal;Eskilstuna;2120000357;685;48;10;62;57;53;56;52;52;60;134;120;101;
Skogsängsskolan F-5;19112648;Eskilstuna;0484;Kommunal;Eskilstuna;2120000357;323;50;45;42;75;55;60;63;70;.;.;.;.;
Slagstaskolan F-6;27487150;Eskilstuna;0484;Kommunal;Eskilstuna;2120000357;459;47;21;66;73;80;82;85;70;69;.;.;.;
Slottsskolan F-6;73006718;Eskilstuna;0484;Kommunal;Eskilstuna;2120000357;387;43;29;50;75;68;72;63;58;51;.;.;.;
Stålforsskolan 7-9;14327803;Eskilstuna;0484;Kommunal;Eskilstuna;2120000357;640;47;65;37;.;.;.;.;.;.;181;217;242;
Sverigefinska sk. i Eskilstuna;98816098;Eskilstuna;0484;Enskild;Stiftelsen Sverigefinska Skolan i E-Tuna /Erk/;8180013396;66;42;17;29;16;17;11;4;9;9;.;.;.;
Tegelviken F-9;78673553;Eskilstuna;0484;Kommunal;Eskilstuna;2120000357;431;49;10;71;34;50;44;50;54;40;56;55;48;
Vallby skola F-3;52597635;Eskilstuna;0484;Kommunal;Eskilstuna;2120000357;70;36;7;79;24;25;21;.;.;.;.;.;.;
Årbyskolan F-9;63315515;Eskilstuna;0484;Kommunal;Eskilstuna;2120000357;645;44;70;35;63;61;63;67;65;60;109;79;78;
Ärla skola F-6;97475266;Eskilstuna;0484;Kommunal;Eskilstuna;2120000357;142;46;5;46;28;29;22;23;23;17;.;.;.;
Ärstaskolan F-6;41833926;Eskilstuna;0484;Kommunal;Eskilstuna;2120000357;184;60;74;44;28;30;43;35;19;29;.;.;.;
Ekenässkolan;83526311;Eslöv;1285;Kommunal;Eslöv;2120001173;325;40;36;50;.;.;.;.;.;.;117;105;103;
Flyingeskolan;30190678;Eslöv;1285;Kommunal;Eslöv;2120001173;133;52;14;69;34;22;32;22;10;13;.;.;.;
Fridasroskolan;85535876;Eslöv;1285;Kommunal;Eslöv;2120001173;306;47;20;63;51;52;46;51;51;55;.;.;.;
Harlösa skola;89857863;Eslöv;1285;Kommunal;Eslöv;2120001173;80;49;14;58;15;14;9;12;15;15;.;.;.;
Källebergsskolan;26645758;Eslöv;1285;Kommunal;Eslöv;2120001173;271;52;33;53;.;.;.;.;.;.;87;100;84;
Marieskolan;10583321;Eslöv;1285;Kommunal;Eslöv;2120001173;186;46;24;42;27;33;25;35;33;33;.;.;.;
Montessorifriskolan i Eslöv;68546833;Eslöv;1285;Enskild;Eslövs Montessorifriskola;8465023961;66;38;..;91;11;11;11;11;12;10;.;.;.;
Norrevångsskolan 7-9;37995642;Eslöv;1285;Kommunal;Eslöv;2120001173;353;44;28;51;.;.;.;.;.;.;133;113;107;
Norrevångsskolan F-6;28661237;Eslöv;1285;Kommunal;Eslöv;2120001173;309;51;39;51;52;49;51;51;52;54;.;.;.;
Sallerupskolan;13488043;Eslöv;1285;Kommunal;Eslöv;2120001173;336;46;21;50;46;47;64;73;47;59;.;.;.;
Stehagskolan;74200315;Eslöv;1285;Kommunal;Eslöv;2120001173;259;49;8;68;35;47;40;49;40;48;.;.;.;
Västra skolan;58463429;Eslöv;1285;Kommunal;Eslöv;2120001173;340;49;37;53;52;60;74;48;53;53;.;.;.;
Ölyckeskolan;96788188;Eslöv;1285;Kommunal;Eslöv;2120001173;450;49;14;54;23;41;37;46;43;47;70;75;68;
Östra skolan;86681887;Eslöv;1285;Kommunal;Eslöv;2120001173;218;50;71;39;42;31;38;32;45;30;.;.;.;
Östra Strö skola;85547980;Eslöv;1285;Kommunal;Eslöv;2120001173;37;54;14;68;15;14;8;.;.;.;.;.;.;
Bredöls skola;81777373;Essunga;1445;Kommunal;Essunga;2120002916;83;45;..;39;14;21;16;18;14;.;.;.;.;
Jonslunds skola;58737998;Essunga;1445;Kommunal;Essunga;2120002916;99;55;..;28;16;23;24;13;23;.;.;.;.;
Nossebro skola år 0-5;57353499;Essunga;1445;Kommunal;Essunga;2120002916;170;57;22;44;25;42;35;37;31;.;.;.;.;
Nossebro skola år 6-9;26531220;Essunga;1445;Kommunal;Essunga;2120002916;225;49;8;43;.;.;.;.;.;72;43;50;60;
Alfaskolan;22362814;Fagersta;1982;Kommunal;Fagersta;2120002106;297;48;76;30;61;39;58;48;41;50;.;.;.;
Lindgårdsskolan 7-9;95382478;Fagersta;1982;Enskild;Västanfors-Västervåla Församling;2520040524;71;51;25;49;.;.;.;.;.;.;37;19;15;
Lindgårdsskolan F-6;95162796;Fagersta;1982;Enskild;Västanfors-Västervåla Församling;2520040524;106;43;18;66;16;16;16;20;20;18;.;.;.;
Mariaskolan;81300090;Fagersta;1982;Kommunal;Fagersta;2120002106;283;50;12;53;60;41;43;49;43;47;.;.;.;
Per Olsskolan;98041227;Fagersta;1982;Kommunal;Fagersta;2120002106;310;52;33;40;49;57;52;55;53;44;.;.;.;
Risbroskolan;88657987;Fagersta;1982;Kommunal;Fagersta;2120002106;422;51;36;41;.;.;.;.;.;.;129;158;135;
Apelskolan 1;31158776;Falkenberg;1382;Kommunal;Falkenberg;2120001231;76;46;20;29;13;19;12;18;14;.;.;.;.;
Apelskolan 2;58501067;Falkenberg;1382;Kommunal;Falkenberg;2120001231;207;47;23;39;.;.;.;.;.;57;44;48;58;
Fageredssskolan;14729346;Falkenberg;1382;Kommunal;Falkenberg;2120001231;30;63;27;40;5;10;6;5;4;.;.;.;.;
Fajansskolan;10237615;Falkenberg;1382;Kommunal;Falkenberg;2120001231;139;49;62;35;34;39;21;15;30;.;.;.;.;
Falkenbergs Montessoriskola;78647439;Falkenberg;1382;Kommunal;Falkenberg;2120001231;169;50;12;64;20;18;20;19;18;16;18;19;21;
Hertingsskolan;42973495;Falkenberg;1382;Kommunal;Falkenberg;2120001231;233;55;18;61;47;51;43;50;42;.;.;.;.;
Hjortsbergsskolan;37122951;Falkenberg;1382;Kommunal;Falkenberg;2120001231;302;48;16;60;57;69;58;69;49;.;.;.;.;
Ljungbyskolan;61787701;Falkenberg;1382;Kommunal;Falkenberg;2120001231;122;48;9;53;20;17;25;18;22;20;.;.;.;
Långavekaskolan;69301003;Falkenberg;1382;Kommunal;Falkenberg;2120001231;83;53;10;70;5;25;13;12;11;17;.;.;.;
Långåsskolan;24273275;Falkenberg;1382;Kommunal;Falkenberg;2120001231;104;43;17;36;12;21;23;22;17;9;.;.;.;
Morups friskola;12266600;Falkenberg;1382;Enskild;Morups friskola, förskola o fritidshem ekonomisk förening;7696074181;65;35;15;69;10;8;14;13;10;10;.;.;.;
Okome skola;48567965;Falkenberg;1382;Kommunal;Falkenberg;2120001231;51;43;20;49;13;8;17;6;7;.;.;.;.;
Schubergstorpsskolan;74631634;Falkenberg;1382;Kommunal;Falkenberg;2120001231;163;49;24;37;24;27;41;34;37;.;.;.;.;
Skogstorpsskolan 1;34104887;Falkenberg;1382;Kommunal;Falkenberg;2120001231;260;50;48;45;38;54;51;.;.;41;76;.;.;
Skogstorpsskolan 2;71339649;Falkenberg;1382;Kommunal;Falkenberg;2120001231;211;50;44;44;.;.;.;40;47;.;.;60;64;
Slöingeskolan;29837397;Falkenberg;1382;Kommunal;Falkenberg;2120001231;166;45;14;48;30;24;40;22;32;18;.;.;.;
Söderskolan;59144575;Falkenberg;1382;Kommunal;Falkenberg;2120001231;304;48;14;43;10;13;12;20;30;26;66;58;69;
Thoren Framtid i Falkenberg;97555379;Falkenberg;1382;Enskild;Thoren Framtid AB;5567497051;120;47;4;78;22;37;20;22;19;.;.;.;.;
Tullbroskolan 1;56615270;Falkenberg;1382;Kommunal;Falkenberg;2120001231;186;49;38;44;.;.;.;.;.;59;46;24;57;
Tullbroskolan 2;59799831;Falkenberg;1382;Kommunal;Falkenberg;2120001231;279;51;29;50;.;.;.;.;.;61;73;86;59;
Tångaskolan 1;59080390;Falkenberg;1382;Kommunal;Falkenberg;2120001231;148;50;60;33;23;19;25;25;31;25;.;.;.;
Tångaskolan 2;59944028;Falkenberg;1382;Kommunal;Falkenberg;2120001231;236;51;31;43;.;.;.;.;.;.;93;79;64;
Vessigebroskolan;61569087;Falkenberg;1382;Kommunal;Falkenberg;2120001231;130;52;16;48;17;23;25;26;15;24;.;.;.;
Vesterhavsskolan;35136963;Falkenberg;1382;Enskild;Vesterhavet AB;5567870398;529;45;10;65;18;22;22;42;44;100;97;95;89;
Vinbergsskolan;24744194;Falkenberg;1382;Kommunal;Falkenberg;2120001231;224;54;16;54;41;39;48;35;43;18;.;.;.;
Årstadsskolan;62814243;Falkenberg;1382;Kommunal;Falkenberg;2120001231;27;52;..;37;5;11;11;.;.;.;.;.;.;
Älvseredsskolan;78790933;Falkenberg;1382;Kommunal;Falkenberg;2120001231;45;62;49;22;8;11;9;9;8;.;.;.;.;
Ätranskolan;15702531;Falkenberg;1382;Kommunal;Falkenberg;2120001231;85;44;36;25;22;13;16;18;16;.;.;.;.;
Broddetorpsskolan;69493590;Falköping;1499;Kommunal;Falköping;2120001744;65;55;12;85;8;11;12;13;8;13;.;.;.;
Centralskolan 7-9;17911537;Falköping;1499;Kommunal;Falköping;2120001744;225;51;36;54;4;5;4;1;2;4;4;108;93;
Centralskolan F-6;46358943;Falköping;1499;Kommunal;Falköping;2120001744;191;50;57;39;61;24;26;25;26;29;.;.;.;
Dotorpsskolan;91138242;Falköping;1499;Kommunal;Falköping;2120001744;159;54;78;34;23;39;44;29;24;.;.;.;.;
Flobyskolan 7-9;54765026;Falköping;1499;Kommunal;Falköping;2120001744;134;51;25;48;.;.;.;.;.;.;51;39;44;
Flobyskolan F-6;54957877;Falköping;1499;Kommunal;Falköping;2120001744;188;47;21;38;30;34;34;28;28;34;.;.;.;
Gudhemsskolan;48695990;Falköping;1499;Kommunal;Falköping;2120001744;246;55;11;51;27;24;27;26;24;25;32;35;26;
Gustaf Dalénskolan A;43678352;Falköping;1499;Kommunal;Falköping;2120001744;135;47;17;49;57;34;44;.;.;.;.;.;.;
Gustaf Dalénskolan B;43269172;Falköping;1499;Kommunal;Falköping;2120001744;242;42;14;50;.;.;.;37;32;44;41;34;54;
Kinnarpsskolan;15357005;Falköping;1499;Kommunal;Falköping;2120001744;240;48;17;42;19;27;22;31;19;24;39;34;25;
Kyrkerörsskolan AC;39777812;Falköping;1499;Kommunal;Falköping;2120001744;242;48;43;45;.;.;.;.;.;47;107;45;43;
Kyrkerörsskolan BD;39933770;Falköping;1499;Kommunal;Falköping;2120001744;252;46;38;48;.;.;.;.;.;50;114;41;47;
Mössebergsskolan;74695983;Falköping;1499;Kommunal;Falköping;2120001744;443;48;21;64;67;68;78;73;80;77;.;.;.;
Odensbergsskolan;12985644;Falköping;1499;Kommunal;Falköping;2120001744;93;43;..;45;21;15;12;17;11;17;.;.;.;
Thoren Framtid i Falköping;48252217;Falköping;1499;Enskild;Thoren Framtid AB;5567497051;98;56;61;39;12;7;9;6;8;13;16;13;14;
Vartoftaskolan;93035626;Falköping;1499;Kommunal;Falköping;2120001744;222;42;6;40;26;16;14;26;23;33;25;30;29;
Vindängen;43435547;Falköping;1499;Kommunal;Falköping;2120001744;244;47;23;59;46;46;53;53;46;.;.;.;.;
Vårkullens skolveckohem;43911053;Falköping;1499;Enskild;Vårkullen AB;5566086756;6;..;.;..;.;.;.;1;.;2;.;1;2;
Åsarpsskolan;72615710;Falköping;1499;Kommunal;Falköping;2120001744;72;38;..;54;12;15;5;13;13;14;.;.;.;
Åsleskolan;90350215;Falköping;1499;Kommunal;Falköping;2120001744;41;41;..;51;8;9;10;6;8;.;.;.;.;
Åttagårdsskolan;76578072;Falköping;1499;Kommunal;Falköping;2120001744;114;44;64;39;21;22;26;22;23;.;.;.;.;
Aspebodaskolan;48985419;Falun;2080;Kommunal;Falun;2120002221;110;41;9;77;15;21;18;18;20;18;.;.;.;
Bjursåsskolan 7-9;55126250;Falun;2080;Kommunal;Falun;2120002221;163;50;10;49;.;.;.;.;.;.;49;52;62;
Bjursåsskolan F-6;52444960;Falun;2080;Kommunal;Falun;2120002221;173;45;3;58;22;32;34;26;29;30;.;.;.;
Björkhagsskolan F-6;75039562;Falun;2080;Kommunal;Falun;2120002221;133;42;22;45;31;29;27;23;23;.;.;.;.;
Britsarvsskolan;17033155;Falun;2080;Kommunal;Falun;2120002221;450;48;32;52;33;19;26;26;28;14;80;112;112;
Danholnsskolan;21243852;Falun;2080;Kommunal;Falun;2120002221;63;44;..;57;18;15;14;16;.;.;.;.;.;
Erlaskolan Falun;41444691;Falun;2080;Enskild;Lärande i Sverige AB;5565715892;165;46;8;60;.;.;.;1;13;21;43;37;50;
Friskolan Mosaik;65494903;Falun;2080;Enskild;Friskolan Mosaik i Falun ekonomisk förening;7696149751;203;50;8;82;22;23;22;23;22;22;23;23;23;
Främbyskolan;53796764;Falun;2080;Kommunal;Falun;2120002221;220;49;21;60;38;36;44;33;41;28;.;.;.;
Gruvrisskolan;16034765;Falun;2080;Kommunal;Falun;2120002221;371;50;8;79;74;72;64;58;37;66;.;.;.;
Grycksboskolan;22409073;Falun;2080;Kommunal;Falun;2120002221;150;51;9;57;35;34;19;18;27;17;.;.;.;
Hosjöskolan;23964495;Falun;2080;Kommunal;Falun;2120002221;250;46;10;68;47;33;50;41;48;31;.;.;.;
Hälsingbergsskolan;42110808;Falun;2080;Kommunal;Falun;2120002221;191;50;12;77;26;40;41;37;26;21;.;.;.;
Hälsinggårdsskolan;28599917;Falun;2080;Kommunal;Falun;2120002221;639;46;30;52;45;48;34;43;32;38;141;146;112;
Internationella Engelska Skolan Falun;34401115;Falun;2080;Enskild;Internationella Engelska Skolan i Sverige AB;5564624368;488;58;32;72;.;.;.;77;88;87;82;86;68;
Liljansskolan;76418419;Falun;2080;Kommunal;Falun;2120002221;42;52;.;57;11;5;10;7;5;4;.;.;.;
Linghedsskolan;48065404;Falun;2080;Kommunal;Falun;2120002221;63;67;..;41;11;11;13;10;10;8;.;.;.;
Montessoriskolan i Falun;57444890;Falun;2080;Kommunal;Falun;2120002221;231;48;17;74;27;20;26;27;27;25;29;22;28;
Rönndalsskolan;78676362;Falun;2080;Kommunal;Falun;2120002221;105;51;8;50;21;17;20;17;21;9;.;.;.;
Slättaskolan;52979014;Falun;2080;Kommunal;Falun;2120002221;432;54;17;69;73;76;73;74;59;77;.;.;.;
Sundbornsskolan;27005091;Falun;2080;Kommunal;Falun;2120002221;121;49;5;64;26;19;16;11;32;17;.;.;.;
Svärdsjöskolan 7-9;27506076;Falun;2080;Kommunal;Falun;2120002221;181;45;6;44;.;.;.;.;.;19;48;70;44;
Sågmyraskolan;13917456;Falun;2080;Kommunal;Falun;2120002221;52;44;27;37;10;7;6;11;10;8;.;.;.;
Söderbaumska skolan;72625090;Falun;2080;Enskild;Pysslingen Förskolor och Skolor AB;5560354309;474;52;5;81;53;54;47;61;53;53;53;50;50;
Södra skolan;87645833;Falun;2080;Kommunal;Falun;2120002221;165;48;35;58;30;39;32;30;11;23;.;.;.;
Toftaskolan;71102563;Falun;2080;Kommunal;Falun;2120002221;25;28;.;48;6;6;4;2;2;5;.;.;.;
Vikaskolan;48804420;Falun;2080;Kommunal;Falun;2120002221;119;54;..;74;19;24;18;17;19;22;.;.;.;
Västra Skolan;27153243;Falun;2080;Kommunal;Falun;2120002221;433;48;20;60;.;.;.;.;.;.;148;147;138;
Östra skolan;35993773;Falun;2080;Kommunal;Falun;2120002221;304;48;17;71;59;59;63;40;50;33;.;.;.;
Brattfors skola;86042309;Filipstad;1782;Kommunal;Filipstad;2120001876;24;46;.;38;1;4;4;4;5;6;.;.;.;
Ferlinskolan;76981284;Filipstad;1782;Kommunal;Filipstad;2120001876;288;49;34;35;.;.;.;.;.;.;113;98;77;
Nordmarks skola;87243457;Filipstad;1782;Kommunal;Filipstad;2120001876;24;38;..;46;3;6;4;4;4;3;.;.;.;
Nykroppa skola;81713999;Filipstad;1782;Kommunal;Filipstad;2120001876;57;53;37;16;18;6;6;9;11;7;.;.;.;
Persbergs skola;99468217;Filipstad;1782;Enskild;Persbergs Skolas Föräldraförening;8740010494;48;44;.;44;7;9;6;10;5;11;.;.;.;
Strandvägsskolan;49822531;Filipstad;1782;Kommunal;Filipstad;2120001876;231;53;57;31;34;37;45;35;38;42;.;.;.;
Stålvallaskolan;37648787;Filipstad;1782;Kommunal;Filipstad;2120001876;111;50;20;18;14;11;11;11;12;15;16;10;11;
Åsenskolan;98680382;Filipstad;1782;Kommunal;Filipstad;2120001876;226;50;20;30;36;43;36;36;39;36;.;.;.;
Björke skola;53733869;Finspång;0562;Kommunal;Finspång;2120000423;22;41;..;45;1;3;7;3;4;4;.;.;.;
Brenäs skola;95938848;Finspång;0562;Kommunal;Finspång;2120000423;20;45;..;50;3;5;3;5;1;3;.;.;.;
Grosvadskolan Nord;48774912;Finspång;0562;Kommunal;Finspång;2120000423;231;47;34;42;.;.;.;.;.;.;128;.;103;
Grosvadskolan Syd;40732962;Finspång;0562;Kommunal;Finspång;2120000423;179;53;36;48;.;.;.;.;.;58;.;121;.;
Grytgöls skola;43897173;Finspång;0562;Kommunal;Finspång;2120000423;49;59;..;49;13;6;5;8;7;10;.;.;.;
Hällestads skola;98557587;Finspång;0562;Kommunal;Finspång;2120000423;122;48;..;40;25;21;21;17;20;18;.;.;.;
Högalidsskolan;34833593;Finspång;0562;Kommunal;Finspång;2120000423;153;51;25;51;27;27;26;24;25;24;.;.;.;
Ljusfalls friskola;52689015;Finspång;0562;Enskild;Ljusfalls Skolas Ekonomiska Förening;7696105282;30;40;.;50;3;5;5;4;3;10;.;.;.;
Lotorps skola;55248937;Finspång;0562;Kommunal;Finspång;2120000423;132;46;9;51;27;22;22;22;22;17;.;.;.;
Nyhemsskolan 7-9;65487720;Finspång;0562;Kommunal;Finspång;2120000423;261;41;15;46;.;.;.;.;.;.;97;78;86;
Nyhemsskolan F-6;94721000;Finspång;0562;Kommunal;Finspång;2120000423;162;49;33;40;25;25;23;37;30;22;.;.;.;
Rejmyre skola;60106183;Finspång;0562;Kommunal;Finspång;2120000423;65;45;..;38;8;18;10;10;9;10;.;.;.;
Storängsskolan;50531913;Finspång;0562;Kommunal;Finspång;2120000423;364;51;49;45;82;92;69;67;54;.;.;.;.;
Svälthagsskolan;69570704;Finspång;0562;Kommunal;Finspång;2120000423;96;61;24;54;34;37;25;.;.;.;.;.;.;
Viggestorpsskolan;15534344;Finspång;0562;Kommunal;Finspång;2120000423;221;43;10;55;24;23;28;55;46;45;.;.;.;
Bettna skola;74938627;Flen;0482;Kommunal;Flen;2120000332;46;41;26;41;9;11;10;6;5;5;.;.;.;
Bruksskolan;59846075;Flen;0482;Kommunal;Flen;2120000332;143;52;49;20;18;29;21;27;24;24;.;.;.;
Europaskolan Malmköping;38215460;Flen;0482;Enskild;Europaskolan Grundskola AB;5567480511;293;47;20;41;.;.;.;41;33;50;61;55;53;
Flens kristna skola;52287808;Flen;0482;Enskild;Flens Kristna Skola AB;5568505191;80;46;54;64;11;11;6;7;11;11;8;3;12;
Kyrkskolan;83252289;Flen;0482;Kommunal;Flen;2120000332;87;45;11;40;15;20;12;13;9;18;.;.;.;
Malmaskolan;41621337;Flen;0482;Kommunal;Flen;2120000332;125;38;57;35;30;32;40;11;7;5;.;.;.;
Sparreholms skola;66357455;Flen;0482;Enskild;Sparreholms Utbildning AB (svb);5569568180;25;44;.;36;6;10;9;.;.;.;.;.;.;
Stenhammarskolan 4-6;92253510;Flen;0482;Kommunal;Flen;2120000332;251;47;63;30;.;.;.;84;80;87;.;.;.;
Stenhammarskolan 7-9;81546814;Flen;0482;Kommunal;Flen;2120000332;340;42;57;31;.;.;.;.;.;.;106;130;104;
Stenhammarskolan F-3;93189258;Flen;0482;Kommunal;Flen;2120000332;260;52;60;33;93;97;70;.;.;.;.;.;.;
Stiftelsen Dunkers förskola och skola;87319414;Flen;0482;Enskild;Stiftelsen Dunkers Skola;8185013722;49;41;..;63;8;8;8;9;8;8;.;.;.;
Dejeskolan 4-9;48228294;Forshaga;1763;Kommunal;Forshaga;2120001819;215;49;7;43;.;.;.;42;24;37;40;41;31;
Dejeskolan F-3;63021199;Forshaga;1763;Kommunal;Forshaga;2120001819;96;45;9;52;36;32;28;.;.;.;.;.;.;
Forshaga Lärcenter H-stadiet;68533503;Forshaga;1763;Kommunal;Forshaga;2120001819;266;41;11;56;.;.;.;.;.;.;101;75;90;
Forshaga Lärcenter LM-stadiet;83331030;Forshaga;1763;Kommunal;Forshaga;2120001819;140;53;9;64;25;23;25;24;21;22;.;.;.;
Grossbolsskolan;81149834;Forshaga;1763;Kommunal;Forshaga;2120001819;236;51;16;57;40;47;36;38;41;34;.;.;.;
Olsätersskolan;93730554;Forshaga;1763;Kommunal;Forshaga;2120001819;53;43;..;62;13;7;9;11;13;.;.;.;.;
Skivedsskolan;27783058;Forshaga;1763;Kommunal;Forshaga;2120001819;199;50;5;62;33;26;30;38;33;39;.;.;.;
Högsäter skola;83198353;Färgelanda;1439;Kommunal;Färgelanda;2120001421;90;37;28;49;14;13;15;15;17;16;.;.;.;
Höjdenskolan;79397845;Färgelanda;1439;Kommunal;Färgelanda;2120001421;88;53;13;40;32;26;30;.;.;.;.;.;.;
Järbo friskola;39533335;Färgelanda;1439;Enskild;Järbo Friskola;8024478847;45;53;..;44;2;8;7;7;12;9;.;.;.;
Stigens Friskola;87759640;Färgelanda;1439;Enskild;Stigens Friskola AB;5568559917;46;48;11;57;4;13;8;9;4;8;.;.;.;
Valboskolan 1-6;99759166;Färgelanda;1439;Kommunal;Färgelanda;2120001421;92;46;10;36;.;.;.;35;29;28;.;.;.;
Valboskolan 7-9;17089857;Färgelanda;1439;Kommunal;Färgelanda;2120001421;212;49;22;40;.;.;.;.;.;.;70;69;73;
Ödeborgs skola;35061408;Färgelanda;1439;Kommunal;Färgelanda;2120001421;83;46;17;37;19;15;9;10;13;17;.;.;.;
Björboskola;39921667;Gagnef;2026;Kommunal;Gagnef;2120002155;40;70;18;55;21;19;.;.;.;.;.;.;.;
Bäsnaskola;64837308;Gagnef;2026;Kommunal;Gagnef;2120002155;32;50;..;44;10;8;14;.;.;.;.;.;.;
Djurmoskolan;79683330;Gagnef;2026;Kommunal;Gagnef;2120002155;117;45;5;56;16;18;20;19;23;21;.;.;.;
Djuråsskolan F-9;36819574;Gagnef;2026;Kommunal;Gagnef;2120002155;393;49;7;52;30;25;28;40;43;34;64;63;66;
Kyrkskolan;39127609;Gagnef;2026;Kommunal;Gagnef;2120002155;148;48;4;61;32;26;23;22;22;23;.;.;.;
Mockfjärdsskolan;95610127;Gagnef;2026;Kommunal;Gagnef;2120002155;382;48;13;41;37;35;39;29;53;41;48;49;51;
Syrholnsskola;66641627;Gagnef;2026;Kommunal;Gagnef;2120002155;46;39;17;59;.;.;13;12;12;9;.;.;.;
Bureskolan;91542623;Gislaved;0662;Kommunal;Gislaved;2120000514;112;48;29;33;11;30;11;22;18;20;.;.;.;
Ekenskolan;28566222;Gislaved;0662;Kommunal;Gislaved;2120000514;304;49;31;45;48;49;49;56;55;47;.;.;.;
Gullviveskolan;89989940;Gislaved;0662;Kommunal;Gislaved;2120000514;385;51;47;32;.;.;.;113;132;140;.;.;.;
Gyllenforsskolan;60157765;Gislaved;0662;Kommunal;Gislaved;2120000514;204;51;50;30;70;66;68;.;.;.;.;.;.;
Isabergskolan;30777212;Gislaved;0662;Kommunal;Gislaved;2120000514;170;56;17;56;27;28;33;29;26;27;.;.;.;
Klockargårdskolan;27057988;Gislaved;0662;Kommunal;Gislaved;2120000514;79;48;15;38;9;11;13;8;21;17;.;.;.;
Lundåkerskolan;47236914;Gislaved;0662;Kommunal;Gislaved;2120000514;403;48;46;31;.;.;.;.;.;1;145;111;146;
Montessorifriskolan i Gislaved;93436580;Gislaved;0662;Enskild;Montessorifriskolan i Gislaved Ekonomiska förening;7696123103;89;64;30;52;10;10;10;11;10;11;10;9;8;
Nordinskolan;40991541;Gislaved;0662;Kommunal;Gislaved;2120000514;308;48;23;44;.;.;.;.;.;.;97;111;100;
Skeppshultskolan;25720600;Gislaved;0662;Kommunal;Gislaved;2120000514;43;53;12;30;14;7;4;5;8;5;.;.;.;
Sörgårdsskolan;89859181;Gislaved;0662;Kommunal;Gislaved;2120000514;196;46;39;47;65;70;61;.;.;.;.;.;.;
Töråsskolan;90837768;Gislaved;0662;Kommunal;Gislaved;2120000514;146;48;44;51;20;25;24;23;27;27;.;.;.;
Villstadskolan;82127811;Gislaved;0662;Kommunal;Gislaved;2120000514;206;55;39;37;.;.;.;66;63;77;.;.;.;
Åsenskolan;70954223;Gislaved;0662;Kommunal;Gislaved;2120000514;315;50;35;40;.;.;.;.;.;.;113;102;100;
Åtteråsskolan;46098033;Gislaved;0662;Kommunal;Gislaved;2120000514;188;54;38;39;67;58;63;.;.;.;.;.;.;
Ängslyckans skola;26596084;Gislaved;0662;Kommunal;Gislaved;2120000514;55;49;..;49;11;7;11;7;10;9;.;.;.;
Ölmestadskolan;85013151;Gislaved;0662;Kommunal;Gislaved;2120000514;225;44;26;40;13;21;19;29;24;20;36;32;31;
Dansutskolan F-6;76365900;Gnesta;0461;Kommunal;Gnesta;2120002965;296;46;7;61;54;48;51;46;51;46;.;.;.;
Frejaskolan F-9;89195825;Gnesta;0461;Kommunal;Gnesta;2120002965;654;48;19;51;52;46;59;39;55;49;116;112;126;
Gnesta Waldorfskola;35159342;Gnesta;0461;Enskild;Gnesta Waldorfskoleförening;8190013030;156;56;19;67;21;19;25;18;11;23;13;16;10;
Kvarnbackaskolan F-6;19546209;Gnesta;0461;Kommunal;Gnesta;2120002965;53;55;26;62;5;10;10;15;6;7;.;.;.;
Welandersborgs skola F-6;17508329;Gnesta;0461;Kommunal;Gnesta;2120002965;123;46;10;51;26;25;18;16;14;24;.;.;.;
Bäckaskolan 7-9;43172419;Gnosjö;0617;Kommunal;Gnosjö;2120000506;253;49;47;36;.;.;.;.;.;.;74;89;90;
Bäckaskolan F-6;26185758;Gnosjö;0617;Kommunal;Gnosjö;2120000506;239;47;49;38;40;39;32;42;41;45;.;.;.;
Ekbackens skola;80690202;Gnosjö;0617;Kommunal;Gnosjö;2120000506;69;46;13;57;10;13;12;11;9;14;.;.;.;
Hillerstorpsskolan 7-9;33877675;Gnosjö;0617;Kommunal;Gnosjö;2120000506;125;48;38;30;.;.;.;.;.;.;34;48;43;
Hillerstorpsskolan F-6;39116597;Gnosjö;0617;Kommunal;Gnosjö;2120000506;169;53;41;43;27;33;32;30;13;34;.;.;.;
Kulltorpsskolan;10440237;Gnosjö;0617;Kommunal;Gnosjö;2120000506;56;48;13;23;7;8;12;10;7;12;.;.;.;
Åvikenskolan;90411655;Gnosjö;0617;Kommunal;Gnosjö;2120000506;155;44;39;42;22;23;18;23;33;36;.;.;.;
Alléskolan;51219919;Gotland;0980;Kommunal;Gotland;2120000803;197;45;7;73;.;41;45;36;40;35;.;.;.;
Athene Fardhem;26325514;Gotland;0980;Enskild;Pysslingen Förskolor och Skolor AB;5560354309;44;45;..;61;10;6;6;9;5;8;.;.;.;
Atheneskolan;52229866;Gotland;0980;Enskild;Pysslingen Förskolor och Skolor AB;5560354309;304;48;5;70;22;22;24;26;26;26;53;54;51;
Dalhem skola;89321968;Gotland;0980;Kommunal;Gotland;2120000803;97;48;..;60;14;17;18;20;16;12;.;.;.;
Endre skola;96366802;Gotland;0980;Kommunal;Gotland;2120000803;73;45;7;53;19;9;14;15;16;.;.;.;.;
Eskelhem skola;64449160;Gotland;0980;Kommunal;Gotland;2120000803;31;45;..;65;10;10;11;.;.;.;.;.;.;
Fole skola;19881184;Gotland;0980;Kommunal;Gotland;2120000803;108;45;6;50;21;13;18;15;17;24;.;.;.;
Fårösundsskolan;68188627;Gotland;0980;Kommunal;Gotland;2120000803;112;54;29;39;13;18;19;18;11;.;14;19;.;
Garda skola;81394787;Gotland;0980;Kommunal;Gotland;2120000803;78;50;..;55;17;12;9;16;10;14;.;.;.;
Gråboskolan;72009712;Gotland;0980;Kommunal;Gotland;2120000803;186;45;26;32;41;28;33;30;27;27;.;.;.;
Guteskolan, grundskola;42518434;Gotland;0980;Enskild;Guteskolan AB;5567044267;196;51;9;58;17;20;20;23;14;17;32;40;13;
Havdhem skola;17588092;Gotland;0980;Kommunal;Gotland;2120000803;57;58;..;58;10;10;9;8;11;9;.;.;.;
Humlegårdsskolan;49148021;Gotland;0980;Kommunal;Gotland;2120000803;39;36;..;69;39;.;.;.;.;.;.;.;.;
Högbyskolan;94163432;Gotland;0980;Kommunal;Gotland;2120000803;301;50;17;44;16;22;21;28;18;24;58;52;62;
Klinteskolan;24429776;Gotland;0980;Kommunal;Gotland;2120000803;258;45;14;47;18;23;20;37;37;29;25;43;26;
Kräklingbo skola;47799551;Gotland;0980;Kommunal;Gotland;2120000803;31;52;..;65;3;6;4;11;.;7;.;.;.;
Lyckåkerskolan;55052496;Gotland;0980;Kommunal;Gotland;2120000803;155;52;7;59;56;50;49;.;.;.;.;.;.;
Lärbro skola;12113282;Gotland;0980;Kommunal;Gotland;2120000803;102;52;8;39;17;11;18;21;10;25;.;.;.;
Lövsta resursskola;23656786;Gotland;0980;Kommunal;Gotland;2120000803;4;..;..;..;.;.;.;1;1;2;.;.;.;
Montessori Friskola Gotland;26322884;Gotland;0980;Enskild;Montessori Friskola Gotland AB;5567935514;71;49;7;85;12;13;13;10;13;10;.;.;.;
Norrbackaskolan;16160425;Gotland;0980;Kommunal;Gotland;2120000803;160;51;6;79;26;23;27;31;29;24;.;.;.;
Orionskolan;27928506;Gotland;0980;Enskild;Stiftelsen Orionskolan;8340017915;135;51;..;82;14;24;19;19;10;10;22;3;14;
Polhemskolan;64909736;Gotland;0980;Kommunal;Gotland;2120000803;45;31;18;69;8;7;17;11;2;.;.;.;.;
Romaskolan;60700608;Gotland;0980;Kommunal;Gotland;2120000803;290;48;2;47;23;24;27;24;32;23;50;51;36;
Sanda skola;48487229;Gotland;0980;Kommunal;Gotland;2120000803;52;48;.;50;17;16;19;.;.;.;.;.;.;
Solbergaskolan;96609581;Gotland;0980;Kommunal;Gotland;2120000803;722;50;12;65;.;.;.;49;53;54;192;199;175;
Solklintsskolan;10979668;Gotland;0980;Kommunal;Gotland;2120000803;205;44;11;33;13;15;17;16;21;10;35;33;45;
S:t Hansskolan;92605941;Gotland;0980;Kommunal;Gotland;2120000803;163;52;9;79;23;23;31;33;29;24;.;.;.;
Stenkyrka skola;66967867;Gotland;0980;Kommunal;Gotland;2120000803;54;46;..;63;11;3;15;6;10;9;.;.;.;
Stånga skola;88965786;Gotland;0980;Kommunal;Gotland;2120000803;78;54;8;54;17;8;19;14;9;11;.;.;.;
Södervärnsskolan;80013231;Gotland;0980;Kommunal;Gotland;2120000803;554;50;10;54;.;.;.;49;47;52;149;128;129;
Terra Novaskolan;27591331;Gotland;0980;Kommunal;Gotland;2120000803;156;46;4;53;25;28;30;25;28;20;.;.;.;
Tjelvarskolan;52791160;Gotland;0980;Kommunal;Gotland;2120000803;111;50;19;43;43;40;28;.;.;.;.;.;.;
Vänge skola;41120027;Gotland;0980;Kommunal;Gotland;2120000803;47;53;..;34;8;1;16;4;11;7;.;.;.;
Väskinde skola;15459377;Gotland;0980;Kommunal;Gotland;2120000803;199;47;4;64;27;43;32;32;38;27;.;.;.;
Västerhejde skola;46114318;Gotland;0980;Kommunal;Gotland;2120000803;238;50;5;63;34;48;31;40;48;37;.;.;.;
Öja skola;37203128;Gotland;0980;Kommunal;Gotland;2120000803;35;57;20;49;13;3;8;2;7;2;.;.;.;
Borgviks skola;94270954;Grums;1764;Enskild;Borgviks skola Ekonomisk förening;7696013486;35;43;..;31;4;4;4;10;4;9;.;.;.;
Jättestenskolan;16891307;Grums;1764;Kommunal;Grums;2120001827;492;50;13;38;.;.;.;88;72;86;87;73;86;
Skruvstads skola;53006386;Grums;1764;Kommunal;Grums;2120001827;19;37;..;58;7;5;7;.;.;.;.;.;.;
Slottsbrons skola;16885406;Grums;1764;Kommunal;Grums;2120001827;54;54;17;22;16;23;15;.;.;.;.;.;.;
Södra Skolan;29262102;Grums;1764;Kommunal;Grums;2120001827;179;51;16;36;65;57;57;.;.;.;.;.;.;
Värmskogs Friskola;99302196;Grums;1764;Enskild;Föräldrakooperativet Värmskog Ekonomisk förening;7164512886;38;39;..;45;2;11;9;6;7;3;.;.;.;
Centralskolan 4-9;31381375;Grästorp;1444;Kommunal;Grästorp;2120001595;393;49;12;51;.;.;.;65;73;72;63;66;54;
Lunnevienheten;54556634;Grästorp;1444;Kommunal;Grästorp;2120001595;174;49;8;55;55;56;63;.;.;.;.;.;.;
Gullstensskolan åk 7-9;89624871;Gullspång;1447;Kommunal;Gullspång;2120001637;170;46;41;29;.;.;.;.;.;.;49;49;72;
Gullstensskolan åk F-6;41746496;Gullspång;1447;Kommunal;Gullspång;2120001637;201;52;41;35;28;40;31;32;34;36;.;.;.;
Regnbågsskolan;44509207;Gullspång;1447;Kommunal;Gullspång;2120001637;123;46;36;26;21;24;16;13;25;24;.;.;.;
Emmaskolan F-6;45945515;Gällivare;2523;Kommunal;Gällivare;2120002726;37;57;14;51;7;5;7;8;6;4;.;.;.;
Hakkas Centralskola;73575145;Gällivare;2523;Kommunal;Gällivare;2120002726;65;51;9;20;7;9;3;4;7;3;8;11;13;
Hedskolan;45062453;Gällivare;2523;Kommunal;Gällivare;2120002726;178;45;16;51;65;63;50;.;.;.;.;.;.;
Hedskolan M;45033945;Gällivare;2523;Kommunal;Gällivare;2120002726;153;49;17;50;.;.;.;58;47;48;.;.;.;
Malmens friskola;37140962;Gällivare;2523;Enskild;Malmens Friskola AB;5565528022;132;48;..;64;.;.;.;20;20;24;24;24;20;
Mariaskolan F-6;58713286;Gällivare;2523;Kommunal;Gällivare;2120002726;111;51;14;41;21;19;24;16;15;16;.;.;.;
Myranskolan LM;82657877;Gällivare;2523;Kommunal;Gällivare;2120002726;97;47;..;32;13;18;12;23;11;20;.;.;.;
Nya Malmstaskolan F-6;46709059;Gällivare;2523;Kommunal;Gällivare;2120002726;59;47;42;39;16;7;11;11;10;4;.;.;.;
Puoltikasvaara skola F-6;95103750;Gällivare;2523;Kommunal;Gällivare;2120002726;16;69;.;50;2;1;4;1;5;3;.;.;.;
Sjöparksskolan A;46309621;Gällivare;2523;Kommunal;Gällivare;2120002726;216;48;18;38;.;.;.;.;.;.;98;46;72;
Sjöparksskolan B;42583405;Gällivare;2523;Kommunal;Gällivare;2120002726;186;51;9;45;.;.;.;.;.;.;51;64;71;
Tallbackaskolan L;70483173;Gällivare;2523;Kommunal;Gällivare;2120002726;121;43;11;47;47;39;35;.;.;.;.;.;.;
Tallbackaskolan M;68699648;Gällivare;2523;Kommunal;Gällivare;2120002726;106;48;20;42;.;.;.;33;34;39;.;.;.;
Tjautjasjaure skola;70754502;Gällivare;2523;Kommunal;Gällivare;2120002726;8;75;..;..;.;3;5;.;.;.;.;.;.;
Alborga skola;87313898;Gävle;2180;Kommunal;Gävle;2120002338;85;46;..;78;29;24;32;.;.;.;.;.;.;
Andersbergsskolan;97375168;Gävle;2180;Kommunal;Gävle;2120002338;245;47;69;35;53;52;43;39;18;40;.;.;.;
Bergby Centralskola 1-9;55373417;Gävle;2180;Kommunal;Gävle;2120002338;242;54;11;35;31;34;21;28;25;21;21;28;33;
Björke skola;41333982;Gävle;2180;Kommunal;Gävle;2120002338;30;50;..;77;8;12;10;.;.;.;.;.;.;
Forsbacka skola;47347348;Gävle;2180;Kommunal;Gävle;2120002338;92;46;11;46;23;12;16;16;14;11;.;.;.;
Fridhemsskolan;80874928;Gävle;2180;Kommunal;Gävle;2120002338;309;49;7;81;52;51;50;55;54;47;.;.;.;
Friskolan Lyftet;11476454;Gävle;2180;Enskild;Friskolan Lyftet AB;5566044599;163;49;50;32;15;20;18;19;16;17;20;18;20;
Gefle Montessoriskola;80398748;Gävle;2180;Enskild;Gefle Montessoriskola AB;5568478126;168;55;20;77;32;32;30;31;23;20;.;.;.;
Hagaströms skola;31296560;Gävle;2180;Kommunal;Gävle;2120002338;292;51;4;83;48;47;61;45;54;37;.;.;.;
Hedesunda skola;20872848;Gävle;2180;Kommunal;Gävle;2120002338;149;52;7;46;27;24;24;24;28;22;.;.;.;
Hemlingbyskolan;34746919;Gävle;2180;Kommunal;Gävle;2120002338;73;56;7;79;29;24;20;.;.;.;.;.;.;
Internationella Engelska Skolan Gävle;53952728;Gävle;2180;Enskild;Internationella Engelska Skolan i Sverige AB;5564624368;1 229;52;40;70;.;.;56;171;185;186;219;204;208;
Kunskapsskolan Gävle;21423670;Gävle;2180;Enskild;Kunskapsskolan i Sverige Aktiebolag;5565661815;295;55;17;57;.;.;.;.;.;63;78;84;70;
Lilla Sätraskolan;21439131;Gävle;2180;Kommunal;Gävle;2120002338;154;46;59;43;.;.;.;79;75;.;.;.;.;
Lillhagsskolan;51387807;Gävle;2180;Kommunal;Gävle;2120002338;678;47;10;57;50;49;50;53;51;42;114;120;149;
Ludvigsbergsskolan;55989559;Gävle;2180;Kommunal;Gävle;2120002338;386;45;4;60;62;68;72;62;63;59;.;.;.;
Magelungens grundskola Gävle;64745639;Gävle;2180;Enskild;Magelungen Utveckling AB;5564891447;12;50;..;..;.;.;.;.;.;1;1;3;7;
Milboskolan;93378411;Gävle;2180;Kommunal;Gävle;2120002338;300;48;4;73;51;47;42;64;59;37;.;.;.;
Nya Kastets Skola;65556331;Gävle;2180;Enskild;Nya kastets skola AB;5590000906;90;53;94;30;16;23;17;13;12;9;.;.;.;
Nynässkolan 7-9;40944032;Gävle;2180;Kommunal;Gävle;2120002338;359;51;48;47;.;.;.;.;.;.;112;99;148;
Prolympia, Gävle;57578095;Gävle;2180;Enskild;Ulno AB;5566577705;643;39;7;72;24;24;24;56;56;116;116;117;110;
Sjöängsskolan;14591437;Gävle;2180;Kommunal;Gävle;2120002338;279;47;21;62;54;53;51;51;40;30;.;.;.;
Sofiedalskolan;80177526;Gävle;2180;Kommunal;Gävle;2120002338;667;49;5;60;21;23;16;61;46;45;150;153;152;
Solängsskolan;58984764;Gävle;2180;Kommunal;Gävle;2120002338;417;46;46;49;82;87;76;61;59;52;.;.;.;
Staffansskolan;46764433;Gävle;2180;Kommunal;Gävle;2120002338;355;49;63;37;85;65;85;43;40;37;.;.;.;
Stigslunds skola;91652716;Gävle;2180;Kommunal;Gävle;2120002338;524;49;8;63;25;26;26;59;42;51;100;102;93;
Stora Sätraskolan;49779956;Gävle;2180;Kommunal;Gävle;2120002338;281;44;64;33;.;.;.;.;.;71;62;73;75;
Strömsbro skola;53246486;Gävle;2180;Kommunal;Gävle;2120002338;357;46;4;79;67;73;70;47;65;35;.;.;.;
Sörbyskolan;23223141;Gävle;2180;Kommunal;Gävle;2120002338;366;47;27;63;68;64;64;71;48;51;.;.;.;
Trädgårdsskolan GKS;87088456;Gävle;2180;Enskild;Föreningen För Gefle Kristna Skola;8850018683;51;45;27;45;5;5;4;4;6;6;7;4;10;
Trödje skola;70120191;Gävle;2180;Kommunal;Gävle;2120002338;19;63;.;53;5;8;6;.;.;.;.;.;.;
Ulvsäterskolan;28831906;Gävle;2180;Kommunal;Gävle;2120002338;368;46;49;52;120;130;118;.;.;.;.;.;.;
Vallbacksskolan;54990077;Gävle;2180;Kommunal;Gävle;2120002338;530;52;25;59;.;.;.;.;.;.;188;182;160;
Vikingaskolan;82269879;Gävle;2180;Kommunal;Gävle;2120002338;407;50;9;57;73;73;68;79;56;58;.;.;.;
Ytterharnäs skola;28017179;Gävle;2180;Kommunal;Gävle;2120002338;92;50;..;72;18;21;15;15;17;6;.;.;.;
Åbyggeby skola;78748400;Gävle;2180;Kommunal;Gävle;2120002338;64;48;.;66;21;22;21;.;.;.;.;.;.;
Algebraskolan;40526633;Göteborg;1480;Enskild;Algebrautbildning Föreningen;8024730445;83;47;98;53;20;18;16;11;7;11;.;.;.;
Annedalsskolan;66906957;Göteborg;1480;Kommunal;Göteborg;2120001355;280;51;13;83;50;50;50;48;43;39;.;.;.;
Askimsskolan;42558944;Göteborg;1480;Kommunal;Göteborg;2120001355;241;48;23;59;24;17;31;71;54;44;.;.;.;
Asperö Skola;19582003;Göteborg;1480;Kommunal;Göteborg;2120001355;7;..;.;100;1;3;3;.;.;.;.;.;.;
Assaredsskolan;25852980;Göteborg;1480;Enskild;Assareds Skolkooperativ Ek För.;7164451390;231;50;49;57;25;26;26;26;26;26;25;25;26;
Backaskolan;44439157;Göteborg;1480;Kommunal;Göteborg;2120001355;309;47;48;54;54;49;52;54;52;48;.;.;.;
Backatorpsskolan;64430977;Göteborg;1480;Enskild;Backatorps Skolkooperativ Ekonomisk Förening;7164451366;288;45;35;67;50;49;48;48;48;45;.;.;.;
Backegårdsskolan;26299421;Göteborg;1480;Kommunal;Göteborg;2120001355;229;48;94;27;48;43;44;31;28;35;.;.;.;
Bagaregårdsskolan;25410468;Göteborg;1480;Kommunal;Göteborg;2120001355;165;45;11;82;26;29;27;31;24;28;.;.;.;
Bergsgårdsskolan 4-9;67687325;Göteborg;1480;Kommunal;Göteborg;2120001355;248;54;92;19;.;.;.;44;47;43;35;40;39;
Bergsgårdsskolan F-3;64231552;Göteborg;1480;Kommunal;Göteborg;2120001355;161;58;84;26;56;55;50;.;.;.;.;.;.;
Bergsjöskolan 7-9;35416997;Göteborg;1480;Kommunal;Göteborg;2120001355;143;53;97;22;.;.;.;.;.;.;44;47;52;
Bergsjöskolan F-6;67842857;Göteborg;1480;Kommunal;Göteborg;2120001355;206;50;93;23;40;34;38;41;30;23;.;.;.;
Bergums skola 4-9;98771543;Göteborg;1480;Kommunal;Göteborg;2120001355;497;44;23;56;.;.;.;81;77;69;102;99;69;
Bergums skola F-3;95763078;Göteborg;1480;Kommunal;Göteborg;2120001355;190;45;17;58;63;57;70;.;.;.;.;.;.;
Bjurslättsskolan 4-6;29718565;Göteborg;1480;Kommunal;Göteborg;2120001355;176;52;58;48;.;.;.;71;66;39;.;.;.;
Bjurslättsskolan F-3;29639747;Göteborg;1480;Kommunal;Göteborg;2120001355;239;49;57;56;96;72;71;.;.;.;.;.;.;
Björkåsskolan;43136650;Göteborg;1480;Kommunal;Göteborg;2120001355;259;51;51;54;50;50;48;46;22;43;.;.;.;
Björlandagården 4-6;44051334;Göteborg;1480;Kommunal;Göteborg;2120001355;243;47;7;77;.;.;.;83;71;89;.;.;.;
Björlandagården F-3;20994303;Göteborg;1480;Kommunal;Göteborg;2120001355;189;48;13;75;66;66;57;.;.;.;.;.;.;
Björsaredsskolan F-3;76096182;Göteborg;1480;Kommunal;Göteborg;2120001355;71;55;14;51;25;22;24;.;.;.;.;.;.;
Bläseboskolan F-5;76150479;Göteborg;1480;Kommunal;Göteborg;2120001355;220;54;90;32;51;43;41;43;42;.;.;.;.;
Brandströmska skolan Nylöse;11295861;Göteborg;1480;Enskild;Stiftelsen För Kristen Skolverksamhet;8572054065;332;54;71;37;38;38;41;35;38;30;38;36;38;
Brottkärrskolan F-6;67882295;Göteborg;1480;Kommunal;Göteborg;2120001355;294;46;14;88;55;55;75;58;51;.;.;.;.;
Brunnsboskolan 4-6;82407884;Göteborg;1480;Kommunal;Göteborg;2120001355;248;54;54;52;.;.;.;76;86;86;.;.;.;
Brunnsboskolan 7-9;13180797;Göteborg;1480;Kommunal;Göteborg;2120001355;208;51;53;54;.;.;.;.;.;.;73;76;59;
Brunnsboskolan F-3;12110729;Göteborg;1480;Kommunal;Göteborg;2120001355;184;47;72;43;66;55;63;.;.;.;.;.;.;
Bräckeskolan 4-6;72271857;Göteborg;1480;Kommunal;Göteborg;2120001355;218;52;28;65;.;.;.;91;65;62;.;.;.;
Bräckeskolan F-3;72994630;Göteborg;1480;Kommunal;Göteborg;2120001355;265;50;26;68;90;85;90;.;.;.;.;.;.;
Brännö skola;76375477;Göteborg;1480;Kommunal;Göteborg;2120001355;37;51;16;81;10;6;21;.;.;.;.;.;.;
Bärbyskolan;55977201;Göteborg;1480;Kommunal;Göteborg;2120001355;166;51;8;75;31;25;29;38;25;18;.;.;.;
Böskolans friskola;83071620;Göteborg;1480;Enskild;Böskolans Friskola Ek.För.;7164451473;342;43;11;87;26;26;26;44;44;44;44;44;44;
Centrina Kviberg;17517182;Göteborg;1480;Enskild;Vindseglet AB;5567572234;312;51;12;77;.;.;.;.;.;78;78;78;78;
Centrina Lindholmen;79866556;Göteborg;1480;Enskild;Vindseglet AB;5567572234;309;52;8;88;.;.;.;.;.;78;78;78;75;
Dalaskolan;52278406;Göteborg;1480;Kommunal;Göteborg;2120001355;364;47;7;90;51;54;54;74;75;56;.;.;.;
Donsö skola;67803573;Göteborg;1480;Kommunal;Göteborg;2120001355;121;48;5;78;24;26;22;24;25;.;.;.;.;
Drakbergsskolan;60526603;Göteborg;1480;Enskild;Kannebäcks Friskoleförening;8572069568;222;51;49;55;25;25;25;25;25;25;25;24;23;
Ebba Petterssons Grundskola;88247874;Göteborg;1480;Enskild;Ebba Petterssons Privatskolas Stiftelse;8572022369;613;52;24;76;50;51;50;50;50;49;104;105;104;
Ellen Keyskolan;99852133;Göteborg;1480;Kommunal;Göteborg;2120001355;286;47;73;38;49;50;51;46;48;42;.;.;.;
Emmaskolan F-3;64026031;Göteborg;1480;Kommunal;Göteborg;2120001355;130;48;77;34;46;49;35;.;.;.;.;.;.;
Eriksboskolan F-6;20600174;Göteborg;1480;Kommunal;Göteborg;2120001355;218;50;86;30;41;36;35;37;35;34;.;.;.;
Fenestra Billdal;75616744;Göteborg;1480;Enskild;Pysslingen Förskolor och Skolor AB;5560354309;112;51;9;88;18;22;19;25;28;.;.;.;.;
Fenestra Centrum;87139814;Göteborg;1480;Enskild;Pysslingen Förskolor och Skolor AB;5560354309;304;55;35;64;.;.;.;.;.;72;76;78;78;
Fenestra Nya Hovås;21497343;Göteborg;1480;Enskild;Pysslingen Förskolor och Skolor AB;5560354309;472;52;7;86;.;.;.;.;.;118;119;119;116;
Fenestra S:t Jörgen;27265374;Göteborg;1480;Enskild;Pysslingen Förskolor och Skolor AB;5560354309;458;52;33;74;36;36;36;40;40;50;74;75;71;
Fiskebäcksskolan 7-9;99641533;Göteborg;1480;Kommunal;Göteborg;2120001355;165;47;12;80;.;.;.;.;.;.;56;55;54;
Fiskebäcksskolan F-6;39128596;Göteborg;1480;Kommunal;Göteborg;2120001355;354;48;7;86;51;59;74;60;54;56;.;.;.;
Fjällboskolan;60764994;Göteborg;1480;Kommunal;Göteborg;2120001355;326;50;10;83;50;65;67;73;71;.;.;.;.;
Fjällskolan;53332364;Göteborg;1480;Kommunal;Göteborg;2120001355;339;46;18;83;51;50;69;68;47;54;.;.;.;
Flatåsskolan 4-6;64536505;Göteborg;1480;Kommunal;Göteborg;2120001355;218;43;32;59;.;.;.;74;63;81;.;.;.;
Flatåsskolan F-3;43792113;Göteborg;1480;Kommunal;Göteborg;2120001355;181;43;34;59;59;52;70;.;.;.;.;.;.;
Franska skolan Göteborg 6-9;51565567;Göteborg;1480;Enskild;Medborgarskolan Region Väst;8494001913;184;58;38;82;.;.;.;.;.;45;47;46;46;
Franska skolan Göteborg F-5;50742176;Göteborg;1480;Enskild;Medborgarskolan Region Väst;8494001913;167;50;36;77;24;25;23;48;47;.;.;.;.;
Freinetskolan Bild & Form;31872640;Göteborg;1480;Enskild;Bild och Form i Göteborg Aktiebolag;5566666102;232;53;11;81;24;26;26;28;26;24;25;25;28;
Frejaskolan 4-6;81188791;Göteborg;1480;Kommunal;Göteborg;2120001355;166;51;32;44;.;.;.;71;46;49;.;.;.;
Frejaskolan 7-9;51782099;Göteborg;1480;Kommunal;Göteborg;2120001355;170;48;63;38;.;.;.;.;.;.;69;53;48;
Frejaskolan F-3;49906272;Göteborg;1480;Kommunal;Göteborg;2120001355;215;51;31;48;76;65;74;.;.;.;.;.;.;
Fridaskolan Kvillebäcken;56328727;Göteborg;1480;Enskild;Fridaskolorna AB;5564515988;550;49;13;75;52;52;53;54;54;54;77;77;77;
Frölundaskolan 7-9;97820269;Göteborg;1480;Kommunal;Göteborg;2120001355;197;49;82;32;.;.;.;.;.;.;59;69;69;
Frölundaskolan Bräcke;51009918;Göteborg;1480;Kommunal;Göteborg;2120001355;7;..;..;86;2;.;1;.;1;2;.;1;.;
Frölundaskolan F-6;93274212;Göteborg;1480;Kommunal;Göteborg;2120001355;286;45;76;35;45;59;45;46;47;44;.;.;.;
Gamlestadsskolan H;90710178;Göteborg;1480;Kommunal;Göteborg;2120001355;229;46;76;30;.;.;.;.;.;.;73;79;77;
Gamlestadsskolan LM;40793399;Göteborg;1480;Kommunal;Göteborg;2120001355;317;50;62;49;50;49;49;59;51;59;.;.;.;
Glöstorpsskolan 7-9;85656343;Göteborg;1480;Kommunal;Göteborg;2120001355;230;37;47;47;.;.;.;.;.;.;78;59;93;
Guldhedsskolan 3-6;33850519;Göteborg;1480;Kommunal;Göteborg;2120001355;243;49;33;68;.;.;76;58;47;62;.;.;.;
Guldhedsskolan 7-9;98423378;Göteborg;1480;Kommunal;Göteborg;2120001355;259;50;49;53;.;.;.;.;.;.;79;97;83;
Gunnaredsskolan F-3;30107536;Göteborg;1480;Kommunal;Göteborg;2120001355;121;47;83;42;43;36;42;.;.;.;.;.;.;
Gunnestorpsskolan;17484314;Göteborg;1480;Kommunal;Göteborg;2120001355;284;51;31;51;52;45;50;41;48;48;.;.;.;
Gunnilseskolan F-6;74306815;Göteborg;1480;Kommunal;Göteborg;2120001355;170;51;23;57;27;25;25;25;43;25;.;.;.;
Gustaviskolan;88405264;Göteborg;1480;Kommunal;Göteborg;2120001355;123;51;33;66;29;26;27;19;22;.;.;.;.;
Gårdstensskolan 4-9;55886598;Göteborg;1480;Kommunal;Göteborg;2120001355;425;48;91;31;.;.;.;74;70;78;71;60;72;
Gärdsmosseskolan;75004443;Göteborg;1480;Kommunal;Göteborg;2120001355;237;54;85;23;44;38;37;42;46;30;.;.;.;
Gärdsåsskolan 4-9;93904124;Göteborg;1480;Kommunal;Göteborg;2120001355;272;52;86;36;.;.;.;39;50;41;50;65;27;
Göteborgs Högre Samskola gr.;52538248;Göteborg;1480;Enskild;Stiftelsen Göteborgs Högre Samskola;8572059197;450;51;10;85;.;.;.;.;.;.;150;150;150;
Hagaskolan;17157735;Göteborg;1480;Kommunal;Göteborg;2120001355;222;48;10;78;47;45;45;44;41;.;.;.;.;
Hagenskolan;31665312;Göteborg;1480;Kommunal;Göteborg;2120001355;302;42;9;89;46;52;48;50;52;54;.;.;.;
Hammarkullsskolan F-3;20175215;Göteborg;1480;Kommunal;Göteborg;2120001355;149;45;88;26;50;50;49;.;.;.;.;.;.;
Herrgårdsskolan;62479729;Göteborg;1480;Kommunal;Göteborg;2120001355;293;45;28;81;50;44;50;58;50;41;.;.;.;
Hjuviksgården;86247174;Göteborg;1480;Kommunal;Göteborg;2120001355;123;51;6;85;40;44;39;.;.;.;.;.;.;
Hjällboskolan 6-9;63925456;Göteborg;1480;Kommunal;Göteborg;2120001355;202;49;94;27;.;.;.;.;.;47;41;49;65;
Hovåsskolan 7-9;32603156;Göteborg;1480;Kommunal;Göteborg;2120001355;356;43;30;64;.;.;.;.;.;.;115;102;139;
Hovåsskolan F-6;44627299;Göteborg;1480;Kommunal;Göteborg;2120001355;287;48;11;87;52;50;54;51;49;31;.;.;.;
Hultskolan;89356085;Göteborg;1480;Kommunal;Göteborg;2120001355;286;47;12;83;49;50;52;46;48;41;.;.;.;
Hällsviks Bycenter;45963596;Göteborg;1480;Kommunal;Göteborg;2120001355;79;48;..;80;21;33;25;.;.;.;.;.;.;
Högenskolan;15500024;Göteborg;1480;Kommunal;Göteborg;2120001355;75;45;..;85;26;24;25;.;.;.;.;.;.;
Internationella Engelska Skolan Johanneberg;41921747;Göteborg;1480;Enskild;Internationella Engelska Skolan i Sverige AB;5564624368;558;51;60;70;.;.;.;.;.;.;189;186;183;
Internationella Engelska Skolan Krokslätt;45124936;Göteborg;1480;Enskild;Internationella Engelska Skolan i Sverige AB;5564624368;486;51;67;72;.;.;112;119;128;127;.;.;.;
ISGR International K-5*;41294775;Göteborg;1480;Enskild;Göteborgsregionens Internationella Skola AB;5565275657;334;49;97;67;77;72;67;56;62;.;.;.;.;
ISGR/International section*;30191226;Göteborg;1480;Enskild;Göteborgsregionens Internationella Skola AB;5565275657;241;47;87;74;.;1;.;.;1;65;59;47;68;
ISGR/Swedish-Eng F-5;93758282;Göteborg;1480;Enskild;Göteborgsregionens Internationella Skola AB;5565275657;196;49;39;81;28;27;29;56;56;.;.;.;.;
ISGR/Swedish-English;80498460;Göteborg;1480;Enskild;Göteborgsregionens Internationella Skola AB;5565275657;237;51;33;84;.;.;.;.;.;60;58;60;59;
JENSEN grundskola Göteborg;62764006;Göteborg;1480;Enskild;Jensen Education College AB;5566358759;209;56;21;70;.;.;.;.;.;30;30;60;89;
Johannebergsskolan Estetiska F-6;20535849;Göteborg;1480;Kommunal;Göteborg;2120001355;270;49;27;71;49;50;48;46;50;27;.;.;.;
Johannebergsskolan Montessori F-5;60715716;Göteborg;1480;Kommunal;Göteborg;2120001355;175;55;27;73;37;34;35;36;33;.;.;.;.;
Jättestenskolan 2 F-9;89438692;Göteborg;1480;Kommunal;Göteborg;2120001355;232;51;34;50;.;51;.;73;.;72;.;36;.;
Jättestensskolan 1 F-9;55124975;Göteborg;1480;Kommunal;Göteborg;2120001355;304;44;34;63;50;.;77;.;60;.;69;.;48;
Kalvhagskolan;45715396;Göteborg;1480;Kommunal;Göteborg;2120001355;120;50;8;78;14;18;19;31;38;.;.;.;.;
Kannebäcksskolan;25795325;Göteborg;1480;Kommunal;Göteborg;2120001355;127;49;72;31;23;19;19;26;20;20;.;.;.;
Kannebäcksskolan Döv o Hörsel;56339656;Göteborg;1480;Kommunal;Göteborg;2120001355;52;48;63;44;5;5;4;6;7;1;10;6;8;
Kannebäcksskolan Tal o Språk;55529681;Göteborg;1480;Kommunal;Göteborg;2120001355;56;18;20;61;5;9;7;5;6;8;.;10;6;
Karl Johansskolan;61374247;Göteborg;1480;Kommunal;Göteborg;2120001355;551;54;14;78;85;97;103;89;89;88;.;.;.;
Katolska skolan av Notre Dame;45045293;Göteborg;1480;Enskild;Vår Fru AB;5591760342;311;54;81;52;29;27;30;36;34;33;42;34;46;
Klarebergsskolan 4-6;89899671;Göteborg;1480;Kommunal;Göteborg;2120001355;346;46;17;63;.;.;.;111;113;122;.;.;.;
Klarebergsskolan 7-9;20429308;Göteborg;1480;Kommunal;Göteborg;2120001355;333;47;23;58;.;.;.;.;.;.;112;112;109;
Kristinaskolan;46512685;Göteborg;1480;Enskild;Stiftelsen För Kristna Skolor i Angeredområdet;8572042193;198;53;65;46;22;22;22;24;20;22;24;19;23;
Kungsladugårdsskolan 4-6;35279706;Göteborg;1480;Kommunal;Göteborg;2120001355;232;52;9;79;.;.;.;82;80;70;.;.;.;
Kungsladugårdsskolan F-3;35620130;Göteborg;1480;Kommunal;Göteborg;2120001355;259;39;10;85;96;84;79;.;.;.;.;.;.;
Kunskapsskolan Krokslätt;83045482;Göteborg;1480;Enskild;Kunskapsskolan i Sverige Aktiebolag;5565661815;287;46;52;60;.;.;.;21;21;42;74;67;62;
Kvibergsskolan;79522184;Göteborg;1480;Kommunal;Göteborg;2120001355;409;51;48;59;57;55;29;58;56;52;102;.;.;
Kålltorpsskolan 4-9;16954837;Göteborg;1480;Kommunal;Göteborg;2120001355;625;47;16;77;.;.;.;77;73;70;144;128;133;
Kärralundsskolan;14037390;Göteborg;1480;Kommunal;Göteborg;2120001355;389;53;9;86;25;26;26;26;26;26;78;78;78;
Kärraskolan 4-9;44715979;Göteborg;1480;Kommunal;Göteborg;2120001355;472;45;42;61;.;.;.;82;79;79;78;77;77;
Kärraskolan F-3;96253865;Göteborg;1480;Kommunal;Göteborg;2120001355;231;51;40;59;76;77;78;.;.;.;.;.;.;
Kärrdalsskolan F-5;31282737;Göteborg;1480;Kommunal;Göteborg;2120001355;123;50;15;84;26;25;27;23;22;.;.;.;.;
Landalaskolan;30055205;Göteborg;1480;Kommunal;Göteborg;2120001355;102;52;35;66;34;26;18;18;6;.;.;.;.;
Landamäreskolan F-3;38862939;Göteborg;1480;Kommunal;Göteborg;2120001355;230;50;75;31;70;79;81;.;.;.;.;.;.;
Lerlyckeskolan;48653651;Göteborg;1480;Kommunal;Göteborg;2120001355;291;48;21;77;55;52;51;54;48;31;.;.;.;
Lilla Römosseskolan;23522104;Göteborg;1480;Enskild;Föreningen Framstegsskolan i Göteborg;8551021952;104;48;87;36;55;49;.;.;.;.;.;.;.;
Lilla Samskolan F-6;67568030;Göteborg;1480;Enskild;Stiftelsen Göteborgs Högre Samskola;8572059197;398;48;8;87;52;51;52;81;81;81;.;.;.;
Lilla Trulsegården;81015114;Göteborg;1480;Kommunal;Göteborg;2120001355;71;54;..;83;25;25;21;.;.;.;.;.;.;
Lillebyn A;23869089;Göteborg;1480;Kommunal;Göteborg;2120001355;176;51;3;82;58;60;58;.;.;.;.;.;.;
Lillebyn B;26299842;Göteborg;1480;Kommunal;Göteborg;2120001355;325;49;5;81;.;.;.;105;128;92;.;.;.;
Lillekärrskolan ACE;17075156;Göteborg;1480;Kommunal;Göteborg;2120001355;176;52;18;67;62;52;62;.;.;.;.;.;.;
Lillekärrskolan BD;33190421;Göteborg;1480;Kommunal;Göteborg;2120001355;137;49;12;72;43;50;44;.;.;.;.;.;.;
Lindåsskolan 4-9;61845870;Göteborg;1480;Kommunal;Göteborg;2120001355;425;51;10;85;.;.;.;64;73;73;79;70;66;
Lindåsskolan F-3;76383484;Göteborg;1480;Kommunal;Göteborg;2120001355;200;54;6;91;63;72;65;.;.;.;.;.;.;
Lundenskolan;37379026;Göteborg;1480;Kommunal;Göteborg;2120001355;581;48;31;63;69;73;54;57;55;45;79;76;73;
Långedragsskolorna;28236603;Göteborg;1480;Kommunal;Göteborg;2120001355;174;49;..;90;28;24;38;32;27;25;.;.;.;
Långmosseskolan F-3;61240460;Göteborg;1480;Kommunal;Göteborg;2120001355;265;49;88;32;94;82;89;.;.;.;.;.;.;
Lövgärdesskolan 4-9;31928894;Göteborg;1480;Kommunal;Göteborg;2120001355;359;51;92;28;.;.;.;59;54;60;63;65;58;
Magelungens Grundskola Karlaskolan Göteborg;97205555;Göteborg;1480;Enskild;Magelungen Utveckling AB;5564891447;17;..;..;53;.;.;.;.;.;.;6;1;10;
Martinaskolan;47927698;Göteborg;1480;Enskild;Waldorfföreningen, Martinaskolan, ekonomisk förening;7164449576;134;54;45;60;13;11;14;19;16;14;14;20;13;
Montessoriskolan Alexandra;52061762;Göteborg;1480;Enskild;Stiftelsen Judiska Samskolan i Göteborg;8572092206;44;41;27;82;11;11;11;7;4;.;.;.;.;
Montessoriskolan Casa;76938537;Göteborg;1480;Enskild;Stiftelsen Casa Dei Bambini;8520004261;220;55;10;87;21;20;20;20;21;30;30;29;29;
Montessoriskolan Centrum;73995321;Göteborg;1480;Enskild;Stiftelsen Montessoriskolan Centrum;8572066309;222;57;32;77;21;21;23;21;24;29;29;27;27;
Montessoriskolan Elyseum 6-9;75602219;Göteborg;1480;Kommunal;Göteborg;2120001355;112;42;25;68;.;.;.;.;.;26;24;27;35;
Montessoriskolan Skäret;25894254;Göteborg;1480;Enskild;Skäret Skolkooperativ Ek.För.;7164452323;277;48;5;93;22;22;23;24;24;24;48;45;45;
Mossebergsskolan;16883454;Göteborg;1480;Kommunal;Göteborg;2120001355;145;48;34;77;73;72;.;.;.;.;.;.;.;
Noleredsskolan 4-6;13004564;Göteborg;1480;Kommunal;Göteborg;2120001355;278;50;6;72;.;.;.;103;84;91;.;.;.;
Noleredsskolan F-3;60743893;Göteborg;1480;Kommunal;Göteborg;2120001355;141;40;5;79;48;44;49;.;.;.;.;.;.;
Nordhemsskolan 1;32628572;Göteborg;1480;Kommunal;Göteborg;2120001355;122;56;30;73;22;20;23;23;.;34;.;.;.;
Nordhemsskolan 2;32380381;Göteborg;1480;Kommunal;Göteborg;2120001355;583;53;21;78;.;.;.;.;.;.;196;197;190;
Nordlyckeskolan;93002896;Göteborg;1480;Kommunal;Göteborg;2120001355;430;53;7;83;.;.;.;.;.;.;147;136;147;
Nya skolan Länsmansgården F-3;36115436;Göteborg;1480;Kommunal;Göteborg;2120001355;146;55;69;40;74;36;36;.;.;.;.;.;.;
Nya Varvets skola;15623804;Göteborg;1480;Kommunal;Göteborg;2120001355;300;46;12;84;50;52;46;54;45;53;.;.;.;
Nygårdsskolan 4-9;65651613;Göteborg;1480;Kommunal;Göteborg;2120001355;299;45;16;74;.;.;.;51;41;42;67;70;28;
Nygårdsskolan F-3;87844550;Göteborg;1480;Kommunal;Göteborg;2120001355;168;45;7;88;56;55;57;.;.;.;.;.;.;
Nytorpsskolan 4-9;16396010;Göteborg;1480;Kommunal;Göteborg;2120001355;393;48;91;23;.;.;.;67;65;58;62;61;80;
Näsetskolan;22344869;Göteborg;1480;Kommunal;Göteborg;2120001355;230;52;9;86;89;51;33;.;57;.;.;.;.;
Oscar Fredriksskolan 1;96714025;Göteborg;1480;Kommunal;Göteborg;2120001355;229;46;12;79;77;74;78;.;.;.;.;.;.;
Oscar Fredriksskolan 2;95862125;Göteborg;1480;Kommunal;Göteborg;2120001355;215;52;16;83;.;.;.;74;66;75;.;.;.;
Parkskolan;17065517;Göteborg;1480;Kommunal;Göteborg;2120001355;220;47;15;86;74;74;72;.;.;.;.;.;.;
Prolympia Göteborg;54367867;Göteborg;1480;Enskild;Gothenburg Association AB;5567295851;310;39;19;59;.;.;.;.;.;.;112;88;110;
Påvelundsskolan 7-9 A;33511119;Göteborg;1480;Kommunal;Göteborg;2120001355;296;48;18;78;.;.;.;.;.;.;106;80;110;
Påvelundsskolan 7-9 B;43441529;Göteborg;1480;Kommunal;Göteborg;2120001355;298;42;12;80;.;.;.;.;.;.;105;107;86;
Påvelundsskolan F-6;31706668;Göteborg;1480;Kommunal;Göteborg;2120001355;368;48;8;90;73;54;60;71;54;56;.;.;.;
Rambergsskolan;28236918;Göteborg;1480;Kommunal;Göteborg;2120001355;317;50;41;56;73;51;67;55;46;25;.;.;.;
Ramsdalsskolan F-3;49507388;Göteborg;1480;Kommunal;Göteborg;2120001355;180;46;83;48;60;56;64;.;.;.;.;.;.;
Rannebergsskolan F-3;27925266;Göteborg;1480;Kommunal;Göteborg;2120001355;121;41;79;36;44;37;40;.;.;.;.;.;.;
Rosendalsskolan;31966730;Göteborg;1480;Kommunal;Göteborg;2120001355;451;46;17;82;76;78;78;75;79;65;.;.;.;
Rudolf Steinerskolan Göteborg;42817980;Göteborg;1480;Enskild;Stiftelsen Rudolf Steinerskolan;8572019142;206;51;16;80;25;22;24;26;19;20;25;24;21;
Ryaskolan F-9;71424690;Göteborg;1480;Kommunal;Göteborg;2120001355;481;48;71;38;73;68;56;53;60;43;48;40;40;
Rävebergets skola F-3;12868813;Göteborg;1480;Kommunal;Göteborg;2120001355;140;53;84;29;51;44;45;.;.;.;.;.;.;
Römosseskolan;72408586;Göteborg;1480;Enskild;Föreningen Framstegsskolan i Göteborg;8551021952;349;55;93;37;.;.;52;52;55;53;47;47;43;
Sandeklevsskolan 1;54143613;Göteborg;1480;Kommunal;Göteborg;2120001355;134;52;85;42;22;24;21;23;24;20;.;.;.;
Sandeklevsskolan 2;91683255;Göteborg;1480;Kommunal;Göteborg;2120001355;136;55;93;20;.;.;.;.;.;.;45;50;41;
Sannaskolan 1;47041437;Göteborg;1480;Kommunal;Göteborg;2120001355;272;42;29;67;54;48;53;52;16;49;.;.;.;
Sannaskolan 2;42792002;Göteborg;1480;Kommunal;Göteborg;2120001355;330;48;17;70;.;.;.;.;.;.;97;133;100;
Santosskolan;76261770;Göteborg;1480;Kommunal;Göteborg;2120001355;436;50;42;55;.;.;.;.;.;.;145;151;140;
Sisjöskolan;25991607;Göteborg;1480;Kommunal;Göteborg;2120001355;132;48;9;89;44;38;50;.;.;.;.;.;.;
Sjumilaskolan 4-6;70895303;Göteborg;1480;Kommunal;Göteborg;2120001355;125;62;95;24;.;.;.;46;46;33;.;.;.;
Sjumilaskolan 7-9;70791331;Göteborg;1480;Kommunal;Göteborg;2120001355;109;52;94;28;.;.;.;.;.;.;39;41;29;
Sjumilaskolan F-3;10110104;Göteborg;1480;Kommunal;Göteborg;2120001355;160;51;93;30;68;51;41;.;.;.;.;.;.;
Skogomeskolan;48883830;Göteborg;1480;Kommunal;Göteborg;2120001355;164;51;27;57;46;23;30;24;22;19;.;.;.;
Skutehagen 4-6;12154023;Göteborg;1480;Kommunal;Göteborg;2120001355;424;41;7;82;.;.;.;137;135;152;.;.;.;
Skutehagen F-3;10324603;Göteborg;1480;Kommunal;Göteborg;2120001355;160;45;9;79;48;51;61;.;.;.;.;.;.;
Skytteskolan;65688769;Göteborg;1480;Kommunal;Göteborg;2120001355;308;47;21;69;49;69;48;74;68;.;.;.;.;
Skårsskolan;94336500;Göteborg;1480;Kommunal;Göteborg;2120001355;436;49;25;75;74;73;73;61;100;55;.;.;.;
Skälltorpsskolan;21231498;Göteborg;1480;Kommunal;Göteborg;2120001355;348;45;57;41;.;.;.;.;.;.;116;108;124;
Snäckeberget;85514854;Göteborg;1480;Kommunal;Göteborg;2120001355;76;42;13;78;22;26;28;.;.;.;.;.;.;
Solbackeskolan;27544008;Göteborg;1480;Kommunal;Göteborg;2120001355;157;52;90;22;27;24;29;28;25;24;.;.;.;
Styrsöskolan;81179515;Göteborg;1480;Kommunal;Göteborg;2120001355;192;47;8;73;.;.;.;.;.;55;46;48;43;
Svartedalsskolan A;12846714;Göteborg;1480;Kommunal;Göteborg;2120001355;204;47;79;26;.;.;.;62;80;62;.;.;.;
Svartedalsskolan B;98179004;Göteborg;1480;Kommunal;Göteborg;2120001355;207;40;77;22;.;.;.;.;.;.;66;68;73;
Svenska Balettskolan;24937512;Göteborg;1480;Kommunal;Göteborg;2120001355;88;81;35;83;.;.;.;21;17;19;12;9;10;
Svensk-ryska skolan;13475966;Göteborg;1480;Enskild;Ryska Skolan i Göteborg Aktiebolag;5568515372;69;46;91;55;20;12;20;7;10;.;.;.;.;
Talldungeskolan;72450138;Göteborg;1480;Kommunal;Göteborg;2120001355;196;53;77;33;66;58;72;.;.;.;.;.;.;
Taubeskolan;11099088;Göteborg;1480;Kommunal;Göteborg;2120001355;298;50;31;71;49;51;58;58;48;34;.;.;.;
The English School Gothenburg;66890810;Göteborg;1480;Enskild;Stiftelsen English School In Gothenburg;8551009148;392;55;46;89;44;44;44;44;44;44;44;42;42;
Toleredsskolan 7-9;27774991;Göteborg;1480;Kommunal;Göteborg;2120001355;341;45;48;45;.;.;.;.;.;.;125;117;99;
Toleredsskolan F-6;98511483;Göteborg;1480;Kommunal;Göteborg;2120001355;310;50;40;55;50;49;49;50;46;66;.;.;.;
Torpaskolan;11465652;Göteborg;1480;Kommunal;Göteborg;2120001355;460;50;29;65;50;50;52;51;52;43;57;55;50;
Torslandaskolan 6-9 spår A;54282652;Göteborg;1480;Kommunal;Göteborg;2120001355;239;50;8;69;.;.;.;.;.;.;.;100;139;
Torslandaskolan 6-9 spår B;88371868;Göteborg;1480;Kommunal;Göteborg;2120001355;307;48;9;69;.;.;.;.;.;56;152;99;.;
Torslandaskolan F-5;41326295;Göteborg;1480;Kommunal;Göteborg;2120001355;246;52;6;67;45;41;57;52;51;.;.;.;.;
Tretjärnsskolan F-3;32321869;Göteborg;1480;Kommunal;Göteborg;2120001355;138;60;86;36;45;49;44;.;.;.;.;.;.;
Trollängsskolan;28814950;Göteborg;1480;Kommunal;Göteborg;2120001355;191;41;13;83;38;25;27;25;29;47;.;.;.;
Trulsegårdsskolan A;84103533;Göteborg;1480;Kommunal;Göteborg;2120001355;340;49;7;70;.;.;.;.;.;.;.;141;199;
Trulsegårdsskolan B;26152423;Göteborg;1480;Kommunal;Göteborg;2120001355;185;54;9;79;.;.;.;.;.;.;185;.;.;
Tångenskolan;24070185;Göteborg;1480;Kommunal;Göteborg;2120001355;266;45;46;52;50;46;48;50;43;29;.;.;.;
Utbynässkolan;72572754;Göteborg;1480;Kommunal;Göteborg;2120001355;148;52;12;86;50;48;50;.;.;.;.;.;.;
Utmarksskolan;39000072;Göteborg;1480;Kommunal;Göteborg;2120001355;312;52;78;26;.;.;.;36;44;52;47;65;68;
Vasaskolan;56168083;Göteborg;1480;Enskild;Stiftelsen För Kristna Skolor;8572027434;282;47;17;81;20;20;20;20;21;45;46;45;45;
Vetenskapsskolan;71259819;Göteborg;1480;Enskild;Safirskolan AB;5567716583;400;53;90;47;49;49;48;47;49;47;48;43;20;
Victoriaskolan;80678068;Göteborg;1480;Enskild;Tyska Skolan Göteborg Ek. För.;7696043608;440;53;29;80;48;47;49;48;48;50;52;50;48;
Vittra Kronhusparken;67543412;Göteborg;1480;Enskild;Vittraskolorna AB;5564586716;434;48;74;45;.;37;37;63;70;66;48;70;43;
Västerhedsskolan F-3;54863812;Göteborg;1480;Kommunal;Göteborg;2120001355;172;54;25;70;70;54;48;.;.;.;.;.;.;
Vättleskolan 4-9;27760036;Göteborg;1480;Kommunal;Göteborg;2120001355;341;48;85;31;.;.;.;67;59;63;59;53;40;
Vättnedalsskolan;64067087;Göteborg;1480;Kommunal;Göteborg;2120001355;256;52;85;36;39;37;48;41;40;51;.;.;.;
Åkeredsskolan;41177965;Göteborg;1480;Kommunal;Göteborg;2120001355;358;51;9;82;.;53;74;99;49;83;.;.;.;
Ånässkolan;84500401;Göteborg;1480;Kommunal;Göteborg;2120001355;365;51;27;62;72;74;69;52;48;50;.;.;.;
Älvegården;30072224;Göteborg;1480;Kommunal;Göteborg;2120001355;126;47;6;85;41;42;43;.;.;.;.;.;.;
Änglagårdskolan;87427999;Göteborg;1480;Enskild;Gothenburg Association AB;5567295851;314;32;28;51;.;.;.;24;28;28;82;77;75;
Ängåsskolan;67435601;Göteborg;1480;Kommunal;Göteborg;2120001355;175;46;83;30;31;31;31;26;27;29;.;.;.;
Önneredsskolan 4-6;17745275;Göteborg;1480;Kommunal;Göteborg;2120001355;247;46;8;79;.;.;.;84;81;82;.;.;.;
Önneredsskolan 7-9;26855170;Göteborg;1480;Kommunal;Göteborg;2120001355;443;48;19;73;.;.;.;.;.;.;160;138;145;
Önneredsskolan F-3;16163895;Göteborg;1480;Kommunal;Göteborg;2120001355;155;52;10;84;49;50;56;.;.;.;.;.;.;
Österöd;89093340;Göteborg;1480;Kommunal;Göteborg;2120001355;66;45;.;83;25;20;21;.;.;.;.;.;.;
Hällekisskolan;62884539;Götene;1471;Kommunal;Götene;2120001652;112;44;12;57;13;17;19;19;22;22;.;.;.;
Källby gård;77691159;Götene;1471;Kommunal;Götene;2120001652;204;47;4;62;37;30;36;33;35;33;.;.;.;
Liljestensskolan 1;34900938;Götene;1471;Kommunal;Götene;2120001652;156;47;21;49;.;.;.;.;.;.;108;48;.;
Liljestensskolan 2;16790280;Götene;1471;Kommunal;Götene;2120001652;201;46;22;46;.;.;.;.;.;.;.;77;124;
Ljungsbackenskolan;59512837;Götene;1471;Kommunal;Götene;2120001652;253;49;11;55;28;40;46;48;35;56;.;.;.;
Lundabyn;24771373;Götene;1471;Kommunal;Götene;2120001652;110;50;7;58;20;17;23;17;19;14;.;.;.;
Lunden;38081093;Götene;1471;Kommunal;Götene;2120001652;6;..;..;..;.;.;.;.;.;.;.;4;2;
Prästgårdsskolan;60697764;Götene;1471;Kommunal;Götene;2120001652;269;48;41;36;46;47;39;42;44;51;.;.;.;
Alléskolan;20706826;Habo;0643;Kommunal;Habo;2120001611;436;48;5;70;71;79;70;74;69;73;.;.;.;
Bränningeskolan;87453774;Habo;0643;Kommunal;Habo;2120001611;202;51;13;69;40;36;45;28;29;24;.;.;.;
Fagerhults skola;42615925;Habo;0643;Kommunal;Habo;2120001611;131;55;6;38;27;18;25;22;19;20;.;.;.;
Hagabodaskolan;38553494;Habo;0643;Kommunal;Habo;2120001611;507;49;8;62;.;.;.;.;.;.;185;161;161;
Hagenskolan;89879483;Habo;0643;Kommunal;Habo;2120001611;232;53;14;64;46;38;49;33;32;34;.;.;.;
Kråkerydskolan;79878458;Habo;0643;Kommunal;Habo;2120001611;124;40;7;69;21;22;19;17;24;21;.;.;.;
Kyrkhedens skola 4-9;86113785;Hagfors;1783;Kommunal;Hagfors;2120001884;208;40;14;38;.;.;.;30;31;38;32;42;35;
Kyrkhedens skola F-3;76332227;Hagfors;1783;Kommunal;Hagfors;2120001884;82;50;17;37;34;21;27;.;.;.;.;.;.;
Råda skola;64392595;Hagfors;1783;Kommunal;Hagfors;2120001884;25;56;.;40;9;6;10;.;.;.;.;.;.;
Sunnemo skola;32863672;Hagfors;1783;Kommunal;Hagfors;2120001884;44;48;14;57;11;9;8;8;5;3;.;.;.;
Älvstranden bildn.centrum 4-6;93229087;Hagfors;1783;Kommunal;Hagfors;2120001884;182;53;25;32;.;1;1;63;65;52;.;.;.;
Älvstranden bildn.centrum 7-9;18315553;Hagfors;1783;Kommunal;Hagfors;2120001884;214;51;26;42;.;2;1;1;2;2;65;73;68;
Älvstranden bildn.centrum F-3;92934002;Hagfors;1783;Kommunal;Hagfors;2120001884;180;51;26;35;48;65;67;.;.;.;.;.;.;
Folkasboskolan;99707554;Hallsberg;1861;Kommunal;Hallsberg;2120001926;352;48;24;42;29;32;42;34;33;35;57;45;45;
Fredriksbergskolan;66493604;Hallsberg;1861;Kommunal;Hallsberg;2120001926;130;53;16;31;26;15;26;19;26;18;.;.;.;
Långängskolan;17140131;Hallsberg;1861;Kommunal;Hallsberg;2120001926;370;46;20;49;48;63;69;68;63;59;.;.;.;
Sköllersta skola;61946431;Hallsberg;1861;Kommunal;Hallsberg;2120001926;109;45;..;57;19;26;21;14;19;10;.;.;.;
Stocksätterskolan;30150909;Hallsberg;1861;Kommunal;Hallsberg;2120001926;277;56;64;40;44;57;43;52;36;45;.;.;.;
Transtenskolan;63503591;Hallsberg;1861;Kommunal;Hallsberg;2120001926;371;44;30;38;.;.;.;.;.;.;146;111;114;
Östansjö skola;62839697;Hallsberg;1861;Kommunal;Hallsberg;2120001926;76;59;8;47;14;8;17;12;16;9;.;.;.;
Lindboskolan;88403889;Hallstahammar;1961;Kommunal;Hallstahammar;2120002064;347;51;22;45;68;60;59;61;60;39;.;.;.;
Nibbleskolan;98570516;Hallstahammar;1961;Kommunal;Hallstahammar;2120002064;394;49;48;30;69;62;73;78;67;45;.;.;.;
Näslundskolan;41183880;Hallstahammar;1961;Kommunal;Hallstahammar;2120002064;152;51;7;63;23;21;32;21;31;24;.;.;.;
Parkskolan;91030682;Hallstahammar;1961;Kommunal;Hallstahammar;2120002064;377;53;30;44;.;.;.;.;.;.;130;128;119;
Strömsholms skola;17031958;Hallstahammar;1961;Kommunal;Hallstahammar;2120002064;90;60;.;53;18;12;12;25;11;12;.;.;.;
Tunboskolan;32758035;Hallstahammar;1961;Kommunal;Hallstahammar;2120002064;214;48;7;57;.;.;.;24;25;29;42;37;57;
Vallbyskolan;63910317;Hallstahammar;1961;Kommunal;Hallstahammar;2120002064;87;41;..;53;30;23;34;.;.;.;.;.;.;
Andersbergsskolan 1;70167853;Halmstad;1380;Kommunal;Halmstad;2120001215;214;51;91;28;70;76;68;.;.;.;.;.;.;
Andersbergsskolan 2;42593551;Halmstad;1380;Kommunal;Halmstad;2120001215;137;52;91;27;.;.;.;68;69;.;.;.;.;
Brearedsskolan 1;64647994;Halmstad;1380;Kommunal;Halmstad;2120001215;110;49;..;55;24;14;25;21;14;12;.;.;.;
Brunnsåkersskolan 1;71629462;Halmstad;1380;Kommunal;Halmstad;2120001215;237;43;32;67;.;.;.;87;70;1;79;.;.;
Brunnsåkersskolan 2;87737594;Halmstad;1380;Kommunal;Halmstad;2120001215;344;49;28;65;.;.;.;.;.;106;.;145;93;
Bäckagårdsskolan 1;50564422;Halmstad;1380;Kommunal;Halmstad;2120001215;221;48;14;74;45;44;49;44;39;.;.;.;.;
Eketånga Montessoriskola;28459364;Halmstad;1380;Enskild;Ideella Föreningen Eketånga Montessoriskola;8492017143;217;47;6;86;24;24;24;24;25;23;23;27;23;
Eldsbergaskolan 1;61728212;Halmstad;1380;Kommunal;Halmstad;2120001215;117;54;9;57;19;20;24;21;15;18;.;.;.;
Esperedskolan 1;81285832;Halmstad;1380;Kommunal;Halmstad;2120001215;172;51;13;46;28;26;38;21;30;29;.;.;.;
Frennarps byskola 1;23491900;Halmstad;1380;Kommunal;Halmstad;2120001215;74;54;8;74;24;25;25;.;.;.;.;.;.;
Frösakullsskolan 1;51685096;Halmstad;1380;Kommunal;Halmstad;2120001215;120;49;10;81;16;27;28;26;23;.;.;.;.;
Furulundsskolan 1;84189577;Halmstad;1380;Kommunal;Halmstad;2120001215;230;48;33;65;.;.;.;.;.;.;79;71;80;
Furulundsskolan 2;73234884;Halmstad;1380;Kommunal;Halmstad;2120001215;198;55;42;61;.;.;.;61;61;76;.;.;.;
Furulundsskolan 3;44028674;Halmstad;1380;Kommunal;Halmstad;2120001215;207;49;31;61;65;71;70;1;.;.;.;.;.;
Fyllingeskolan 1;65388353;Halmstad;1380;Kommunal;Halmstad;2120001215;147;54;44;46;.;.;.;.;.;.;46;49;52;
Fyllingeskolan 2;50826766;Halmstad;1380;Kommunal;Halmstad;2120001215;156;44;44;56;.;.;.;47;48;61;.;.;.;
Fyllingeskolan 3;58934713;Halmstad;1380;Kommunal;Halmstad;2120001215;154;49;31;55;44;45;65;.;.;.;.;.;.;
Getingeskolan 1;99829869;Halmstad;1380;Kommunal;Halmstad;2120001215;94;53;26;55;28;39;27;.;.;.;.;.;.;
Getingeskolan 2;28451136;Halmstad;1380;Kommunal;Halmstad;2120001215;188;49;16;66;.;.;.;47;36;105;.;.;.;
Getingeskolan 3;91161376;Halmstad;1380;Kommunal;Halmstad;2120001215;293;48;7;66;.;.;.;.;.;.;97;91;105;
Gullbrandstorpsskolan 1;74772092;Halmstad;1380;Kommunal;Halmstad;2120001215;294;47;7;73;.;.;.;36;22;54;54;66;62;
Gullbrandstorpsskolan 2;62072720;Halmstad;1380;Kommunal;Halmstad;2120001215;116;53;4;74;33;38;45;.;.;.;.;.;.;
Haverdals byskola 1;25323576;Halmstad;1380;Kommunal;Halmstad;2120001215;120;45;6;89;20;29;20;29;22;.;.;.;.;
Internationella Engelska Skolan Halmstad;78323330;Halmstad;1380;Enskild;Internationella Engelska Skolan i Sverige AB;5564624368;587;50;19;80;.;.;.;120;93;96;94;95;89;
Jutarumsskolan 1;18685784;Halmstad;1380;Kommunal;Halmstad;2120001215;208;53;7;80;49;34;49;43;33;.;.;.;.;
Klaraskolan 1;80480142;Halmstad;1380;Kommunal;Halmstad;2120001215;182;45;60;42;.;.;.;.;.;97;.;85;.;
Klaraskolan 2;36130879;Halmstad;1380;Kommunal;Halmstad;2120001215;161;37;59;43;.;.;.;.;.;.;94;1;66;
Kvibilleskolan 1;21578641;Halmstad;1380;Kommunal;Halmstad;2120001215;102;39;5;70;29;20;25;16;12;.;.;.;.;
Linehedsskolan 1;54036921;Halmstad;1380;Kommunal;Halmstad;2120001215;170;44;69;45;66;61;43;.;.;.;.;.;.;
Lyngåkraskolan 1;35195991;Halmstad;1380;Kommunal;Halmstad;2120001215;152;53;9;68;24;30;33;28;37;.;.;.;.;
Nyhemsskolan 1;99784968;Halmstad;1380;Kommunal;Halmstad;2120001215;134;46;63;51;47;45;42;.;.;.;.;.;.;
Nyhemsskolan 2;97293709;Halmstad;1380;Kommunal;Halmstad;2120001215;63;51;49;57;21;21;21;.;.;.;.;.;.;
Slottsjordsskolan 1;92874341;Halmstad;1380;Kommunal;Halmstad;2120001215;75;51;33;73;24;25;26;.;.;.;.;.;.;
Slottsjordsskolan 2;15130387;Halmstad;1380;Kommunal;Halmstad;2120001215;138;49;28;67;45;44;49;.;.;.;.;.;.;
Slottsjordsskolan 3;62917382;Halmstad;1380;Kommunal;Halmstad;2120001215;64;41;27;63;21;20;23;.;.;.;.;.;.;
Snöstorpsskolan 1;36214465;Halmstad;1380;Kommunal;Halmstad;2120001215;206;49;21;70;54;70;82;.;.;.;.;.;.;
Snöstorpsskolan 2;14650872;Halmstad;1380;Kommunal;Halmstad;2120001215;83;40;22;55;.;.;.;47;36;.;.;.;.;
Sofiebergsskolan 1;42990016;Halmstad;1380;Kommunal;Halmstad;2120001215;139;45;11;76;72;.;67;.;.;.;.;.;.;
Sofiebergsskolan 2;75899176;Halmstad;1380;Kommunal;Halmstad;2120001215;59;51;..;71;.;59;.;.;.;.;.;.;.;
Steningeskolan 1;35619413;Halmstad;1380;Kommunal;Halmstad;2120001215;48;46;.;83;20;7;21;.;.;.;.;.;.;
Stenstorpsskolan 1;52347444;Halmstad;1380;Kommunal;Halmstad;2120001215;193;49;18;62;.;.;.;.;.;.;69;59;65;
Stenstorpsskolan 2;79579455;Halmstad;1380;Kommunal;Halmstad;2120001215;214;47;14;67;.;.;.;72;72;70;.;.;.;
Söndrumskolan 1;18751410;Halmstad;1380;Kommunal;Halmstad;2120001215;276;43;10;77;.;.;.;.;.;61;72;67;76;
Söndrumskolan 2;67995611;Halmstad;1380;Kommunal;Halmstad;2120001215;280;48;12;69;.;.;.;.;.;65;69;72;74;
Söndrumsskolan 3;74641631;Halmstad;1380;Kommunal;Halmstad;2120001215;165;48;11;78;.;.;60;43;62;.;.;.;.;
Söndrumsskolan 4;67752634;Halmstad;1380;Kommunal;Halmstad;2120001215;130;50;13;81;67;63;.;.;.;.;.;.;.;
Trönningeskolan 1;86573921;Halmstad;1380;Kommunal;Halmstad;2120001215;248;52;11;60;.;.;.;.;.;51;64;67;66;
Trönningeskolan 2;31467305;Halmstad;1380;Kommunal;Halmstad;2120001215;84;44;13;58;.;.;.;40;44;.;.;.;.;
Trönningeskolan 3;83383844;Halmstad;1380;Kommunal;Halmstad;2120001215;144;51;16;60;45;47;52;.;.;.;.;.;.;
Valhallaskolan 1;16275809;Halmstad;1380;Kommunal;Halmstad;2120001215;133;46;18;41;38;38;57;.;.;.;.;.;.;
Valhallaskolan 2;40132376;Halmstad;1380;Kommunal;Halmstad;2120001215;135;46;27;41;.;.;.;38;54;43;.;.;.;
Vallåsskolan 1;19274764;Halmstad;1380;Kommunal;Halmstad;2120001215;104;53;44;40;22;39;43;.;.;.;.;.;.;
Vallåsskolan 2;53156614;Halmstad;1380;Kommunal;Halmstad;2120001215;109;55;46;39;46;40;23;.;.;.;.;.;.;
Vallåsskolan 3;45539695;Halmstad;1380;Kommunal;Halmstad;2120001215;218;51;40;40;.;.;.;21;43;23;49;40;42;
Vallåsskolan 4;31012040;Halmstad;1380;Kommunal;Halmstad;2120001215;200;51;46;49;.;.;.;44;23;51;22;42;18;
Vittra Halmstad;61582926;Halmstad;1380;Enskild;Vittraskolorna AB;5564586716;228;50;28;65;28;36;36;13;23;21;25;21;25;
Wallbergsskolan;42422737;Halmstad;1380;Enskild;Wallbergsskolans Ideella Förening;8492023802;196;53;4;89;22;22;22;22;21;22;22;22;21;
Åledsskolan 1;90287874;Halmstad;1380;Kommunal;Halmstad;2120001215;210;52;5;63;35;40;43;31;30;31;.;.;.;
Östergårdsskolan 1;74243509;Halmstad;1380;Kommunal;Halmstad;2120001215;154;55;69;36;.;.;.;.;71;83;.;.;.;
Östergårdsskolan 2;24668709;Halmstad;1380;Kommunal;Halmstad;2120001215;76;59;63;39;.;.;.;76;.;.;.;.;.;
Östergårdsskolan 3;63902508;Halmstad;1380;Kommunal;Halmstad;2120001215;216;52;69;44;.;.;.;.;.;.;96;57;63;
Österledskolan 1;92337813;Halmstad;1380;Kommunal;Halmstad;2120001215;149;48;21;48;.;.;.;.;.;.;50;51;48;
Österledskolan 2;14732915;Halmstad;1380;Kommunal;Halmstad;2120001215;153;50;12;48;.;.;.;.;.;.;51;50;52;
Bärstadsskolan;35034193;Hammarö;1761;Kommunal;Hammarö;2120001793;445;44;5;83;84;82;86;65;70;58;.;.;.;
Götetorps skola F-6;13201443;Hammarö;1761;Kommunal;Hammarö;2120001793;172;49;5;76;41;29;24;26;25;27;.;.;.;
Hammarlundens skola 7-9;95243847;Hammarö;1761;Kommunal;Hammarö;2120001793;350;45;5;84;.;.;.;.;.;.;111;111;128;
Hammarlundens skola F-6;44178073;Hammarö;1761;Kommunal;Hammarö;2120001793;442;50;4;86;78;75;79;68;70;72;.;.;.;
Lillängens skola F-6;58895077;Hammarö;1761;Kommunal;Hammarö;2120001793;125;46;15;60;18;21;22;23;18;23;.;.;.;
Mörmoskolan 7-9;47480841;Hammarö;1761;Kommunal;Hammarö;2120001793;245;48;9;63;.;.;.;.;.;.;95;87;63;
Mörmoskolan F-6;97814555;Hammarö;1761;Kommunal;Hammarö;2120001793;288;45;8;67;39;48;48;52;55;46;.;.;.;
Brandbergsskolan;73184968;Haninge;0136;Kommunal;Haninge;2120000084;481;46;67;30;45;43;60;47;47;41;71;53;74;
Båtsmansskolan;45914893;Haninge;0136;Kommunal;Haninge;2120000084;242;43;14;50;41;45;49;49;33;25;.;.;.;
Dalarö skola;47640376;Haninge;0136;Kommunal;Haninge;2120000084;233;54;9;59;26;24;29;30;28;19;29;24;24;
Deltaskolan;73926940;Haninge;0136;Enskild;Deltaskolan AB;5568658545;154;36;17;44;.;.;.;.;.;.;61;55;38;
Eviaskolan (tidigare Funkis skola);14845171;Haninge;0136;Enskild;Evia Utveckling AB;5567379093;10;..;..;..;.;.;.;.;.;.;3;2;5;
HagaLyckebyskolan;81680693;Haninge;0136;Kommunal;Haninge;2120000084;809;45;14;57;78;99;106;81;124;69;81;103;68;
Haninge Montessoriskola;86440798;Haninge;0136;Enskild;Haninge Montessoriskola Aktiebolag;5565927026;27;44;19;37;3;10;8;4;2;.;.;.;.;
Höglundaskolan;44031601;Haninge;0136;Kommunal;Haninge;2120000084;453;48;84;28;76;77;76;75;76;73;.;.;.;
I Ur och Skur Mullebo;23886554;Haninge;0136;Enskild;I Ur och Skur Mullebo, Ekonomisk förening;7696008585;39;44;..;82;17;13;9;.;.;.;.;.;.;
Kvarnbäcksskolan;76440567;Haninge;0136;Kommunal;Haninge;2120000084;292;44;61;44;59;53;52;50;37;40;1;.;.;
Montessoriskolan Fredsduvan;19089469;Haninge;0136;Enskild;Montessoriskolan Fredsduvan Aktiebolag;5564625308;65;62;68;55;15;13;15;7;15;.;.;.;.;
Muskö skola;47034991;Haninge;0136;Kommunal;Haninge;2120000084;42;43;..;38;7;7;7;6;7;8;.;.;.;
Måsöskolan;33624606;Haninge;0136;Kommunal;Haninge;2120000084;511;50;20;63;109;106;124;63;69;40;.;.;.;
Ornö skola;47244612;Haninge;0136;Kommunal;Haninge;2120000084;18;44;..;78;2;4;5;2;.;5;.;.;.;
Ribbybergsskolan;80746043;Haninge;0136;Kommunal;Haninge;2120000084;445;46;17;51;67;74;77;78;71;78;.;.;.;
Ribbyskolan;59497255;Haninge;0136;Kommunal;Haninge;2120000084;745;51;35;43;43;36;18;17;.;.;209;215;207;
Rodrets friskola;19983531;Haninge;0136;Enskild;Rodret Förskola & Skola Ekonomisk förening;7696014534;38;55;..;61;13;14;11;.;.;.;.;.;.;
Rudanskolan;17957898;Haninge;0136;Enskild;Pysslingen Förskolor och Skolor AB;5560354309;517;45;22;48;.;.;.;49;56;58;110;108;136;
Runstensskolan;76400478;Haninge;0136;Kommunal;Haninge;2120000084;315;45;50;44;55;52;56;63;44;45;.;.;.;
Svartbäcksskolan;94791997;Haninge;0136;Kommunal;Haninge;2120000084;391;45;27;51;62;72;72;58;68;59;.;.;.;
Söderby skola;55233055;Haninge;0136;Enskild;Pysslingen Förskolor och Skolor AB;5560354309;149;48;38;52;49;49;50;.;1;.;.;.;.;
Söderbymalmsskolan;10035236;Haninge;0136;Kommunal;Haninge;2120000084;434;51;58;38;.;.;.;.;.;.;137;151;146;
Tungelsta skola;38975788;Haninge;0136;Kommunal;Haninge;2120000084;805;46;13;43;76;80;102;84;96;97;94;100;76;
Utö skola;47140640;Haninge;0136;Kommunal;Haninge;2120000084;23;30;..;61;8;.;.;2;2;3;3;1;4;
Vendelsö Hage;65927702;Haninge;0136;Enskild;Pysslingen Förskolor och Skolor AB;5560354309;313;49;3;74;73;53;79;45;46;17;.;.;.;
Vendelsömalmsskolan;72266104;Haninge;0136;Kommunal;Haninge;2120000084;561;49;22;50;48;55;47;41;58;57;83;85;87;
Vikingaskolan;90537318;Haninge;0136;Kommunal;Haninge;2120000084;600;49;43;42;111;106;112;87;82;102;.;.;.;
Västerhaninge Montessoriskola;75527289;Haninge;0136;Enskild;Västerhaninge Montessoriskola Ekonomisk Förening;7696018816;127;51;14;71;19;21;21;20;24;22;.;.;.;
Västra Ekoskolan;54752734;Haninge;0136;Enskild;Föreningen Västra Ekoskolan;8124010839;66;47;..;61;15;12;12;12;9;6;.;.;.;
Åbyskolan;30270791;Haninge;0136;Kommunal;Haninge;2120000084;355;43;43;31;65;59;62;66;50;53;.;.;.;
Grankullenskolan;66860454;Haparanda;2583;Kommunal;Haparanda;2120002775;87;41;10;62;14;23;15;8;18;9;.;.;.;
Gränsskolan;29991096;Haparanda;2583;Kommunal;Haparanda;2120002775;315;52;42;32;17;18;26;20;23;29;64;66;52;
Karungi skola;26619765;Haparanda;2583;Kommunal;Haparanda;2120002775;62;50;31;42;11;7;10;13;13;8;.;.;.;
Marielundsskolan;13768276;Haparanda;2583;Kommunal;Haparanda;2120002775;180;50;42;33;11;18;19;21;17;18;25;30;21;
Montessoriskolan Droppen;80142495;Haparanda;2583;Enskild;Haparanda Montessoriförening;8976004997;49;33;45;43;7;8;14;7;5;8;.;.;.;
Nikkala skola;31409065;Haparanda;2583;Kommunal;Haparanda;2120002775;60;52;13;40;11;11;11;11;9;7;.;.;.;
Seskarö skola;68499692;Haparanda;2583;Kommunal;Haparanda;2120002775;34;62;38;53;5;5;6;7;6;5;.;.;.;
Språkskolan;98675845;Haparanda;2583;Kommunal;Haparanda;2120002775;290;50;53;30;33;33;36;37;41;27;25;32;26;
Harbo skola F-6;40078624;Heby;0331;Kommunal;Heby;2120002049;100;51;9;54;20;14;19;19;13;15;.;.;.;
Heby skola 7-9;36374693;Heby;0331;Kommunal;Heby;2120002049;190;45;19;39;.;.;.;.;.;1;60;66;63;
Heby skola F-6;24983617;Heby;0331;Kommunal;Heby;2120002049;279;49;19;40;46;44;41;50;52;46;.;.;.;
Huddunge Byskola;94843896;Heby;0331;Enskild;Huddunge Byskola ekonomisk förening;7696146880;43;49;..;42;9;7;6;8;6;7;.;.;.;
Morgongåva skola F-6;42595629;Heby;0331;Kommunal;Heby;2120002049;152;53;24;49;24;16;23;33;29;27;.;.;.;
Tärnsjö F-6 skola;98963693;Heby;0331;Kommunal;Heby;2120002049;114;49;12;30;16;28;16;17;19;18;.;.;.;
Vittinge Närskola F-3;55174683;Heby;0331;Kommunal;Heby;2120002049;45;49;..;64;13;16;16;.;.;.;.;.;.;
Östervåla skola 7-9;88091927;Heby;0331;Kommunal;Heby;2120002049;186;48;12;34;.;.;.;.;.;.;54;55;77;
Östervåla skola F-6;25110768;Heby;0331;Kommunal;Heby;2120002049;203;47;8;44;36;32;32;35;24;44;.;.;.;
Annaskolan;95227669;Hedemora;2083;Enskild;Stiftelsen Annaskolan;8820007485;96;46;27;59;8;10;10;13;11;15;10;8;11;
Dormsjöskolan/grundskola;36022766;Hedemora;2083;Enskild;AB Dormsjöskolan;5567692081;14;.;..;36;.;.;.;1;2;1;6;1;3;
Fyrklöverskolan;59456453;Hedemora;2083;Kommunal;Hedemora;2120002254;122;57;8;51;21;19;18;22;19;23;.;.;.;
Garpenbergs skola;41896574;Hedemora;2083;Kommunal;Hedemora;2120002254;48;38;44;25;6;6;12;10;5;9;.;.;.;
Jonsboskolan F-6;88099326;Hedemora;2083;Kommunal;Hedemora;2120002254;101;42;46;20;28;12;22;15;10;14;.;.;.;
Olympica;87686617;Hedemora;2083;Enskild;Olympica AB;5565938700;277;57;18;51;28;25;30;30;36;20;39;36;33;
Smedby skola F-6;48205003;Hedemora;2083;Kommunal;Hedemora;2120002254;96;50;..;56;18;17;18;13;17;13;.;.;.;
Stureskolan;35613813;Hedemora;2083;Kommunal;Hedemora;2120002254;284;48;43;35;37;35;42;54;49;67;.;.;.;
Vasaskolan 7-9;35494110;Hedemora;2083;Kommunal;Hedemora;2120002254;408;54;30;34;.;.;.;.;.;.;130;138;140;
Vikmanshyttans skola;83512536;Hedemora;2083;Kommunal;Hedemora;2120002254;101;49;34;21;23;20;17;15;9;17;.;.;.;
Västerby skola;40506262;Hedemora;2083;Kommunal;Hedemora;2120002254;128;49;13;48;21;14;24;28;33;8;.;.;.;
Allerums skola;88007898;Helsingborg;1283;Kommunal;Helsingborg;2120001157;138;56;9;65;25;22;25;26;25;15;.;.;.;
Brunnsparksskolan;27323226;Helsingborg;1283;Kommunal;Helsingborg;2120001157;193;50;23;62;39;39;45;36;34;.;.;.;.;
Bårslövs skola;69469866;Helsingborg;1283;Kommunal;Helsingborg;2120001157;234;48;33;48;31;51;35;47;37;33;.;.;.;
Centrumskolan i Hbg;10982752;Helsingborg;1283;Enskild;Centrumskolan i Helsingborg Aktiebolag;5564575628;65;55;..;86;12;12;12;11;11;7;.;.;.;
Corpore Byskola;19676761;Helsingborg;1283;Enskild;Impius Utvecklings AB;5565523858;20;35;.;65;.;.;.;.;.;2;4;4;10;
Dalhemsskolan;86764194;Helsingborg;1283;Kommunal;Helsingborg;2120001157;351;50;78;39;41;53;33;40;34;40;38;34;38;
Dibber Fyrklövern skola - Grundskola;61558490;Helsingborg;1283;Enskild;Fyrklöverns Montessori AB;5566206180;46;43;11;72;19;12;10;5;.;.;.;.;.;
Dibber Kärnhuset Montessoriskola;36850222;Helsingborg;1283;Enskild;Palmlunds Helsingborg Aktiebolag;5562009083;55;36;11;65;14;9;9;10;10;3;.;.;.;
Dibber Långvinkelns Montessoriskola;85368005;Helsingborg;1283;Enskild;Palmlunds Olymp AB;5568279235;45;67;33;62;11;7;14;8;4;1;.;.;.;
Dibber Rydebäcks skola;19593407;Helsingborg;1283;Enskild;Palmlunds Rydebäck AB;5565843132;45;29;..;84;14;12;10;6;3;.;.;.;.;
Drottninghögsskolan;80083873;Helsingborg;1283;Kommunal;Helsingborg;2120001157;268;49;88;27;56;40;64;57;25;26;.;.;.;
Elinebergsskolan;41811292;Helsingborg;1283;Kommunal;Helsingborg;2120001157;883;49;40;56;42;45;44;43;43;110;208;180;168;
Gantofta skola;28424574;Helsingborg;1283;Kommunal;Helsingborg;2120001157;245;41;12;62;28;26;33;23;25;27;30;30;23;
Gläntanskolan;67721487;Helsingborg;1283;Kommunal;Helsingborg;2120001157;360;49;67;45;52;45;42;39;37;34;37;40;34;
Gustavslundsskolan;30731471;Helsingborg;1283;Kommunal;Helsingborg;2120001157;462;48;30;69;52;50;50;48;50;51;51;50;60;
Holstagårdsskolan;28754789;Helsingborg;1283;Kommunal;Helsingborg;2120001157;374;55;8;68;33;46;41;37;42;31;47;46;51;
Husensjö skola;59129239;Helsingborg;1283;Kommunal;Helsingborg;2120001157;373;47;24;69;61;68;76;61;72;35;.;.;.;
Högastensskolan;13175575;Helsingborg;1283;Kommunal;Helsingborg;2120001157;539;49;36;55;34;24;38;25;29;59;104;117;109;
International school of Hbg/Gr*;47717980;Helsingborg;1283;Kommunal;Helsingborg;2120001157;523;54;75;77;71;71;70;62;51;51;41;65;41;
Internationella Engelska Skolan Helsingborg;82402144;Helsingborg;1283;Enskild;Internationella Engelska Skolan i Sverige AB;5564624368;493;57;57;72;.;.;.;82;89;96;89;87;50;
Kattarps skola;48316366;Helsingborg;1283;Kommunal;Helsingborg;2120001157;92;45;26;41;13;25;17;17;12;8;.;.;.;
Kingelstad Byskola;81418958;Helsingborg;1283;Enskild;Kingelstad Byskola Handelsbolag;9697616556;32;56;16;22;12;11;4;1;4;.;.;.;.;
Kubikskolan;82943624;Helsingborg;1283;Enskild;Kubikskolan Aktiebolag;5565858619;381;50;73;49;22;22;23;22;22;37;69;77;87;
Kunskapsskolan Helsingborg;48798589;Helsingborg;1283;Enskild;Kunskapsskolan i Sverige Aktiebolag;5565661815;449;52;14;77;.;.;.;.;.;106;119;115;109;
Laröds skola;87251726;Helsingborg;1283;Kommunal;Helsingborg;2120001157;384;41;16;78;36;47;42;42;35;43;42;42;55;
Magelungens grundskola Helsingborg;90553565;Helsingborg;1283;Enskild;Magelungen Utveckling AB;5564891447;11;45;.;..;.;.;.;.;.;.;3;3;5;
Maria Parkskolan;42164778;Helsingborg;1283;Kommunal;Helsingborg;2120001157;852;48;22;69;94;76;109;112;91;101;99;84;86;
Momentumskolan;49050798;Helsingborg;1283;Enskild;Pysslingen Förskolor och Skolor AB;5560354309;248;46;37;47;.;.;.;.;.;30;88;59;71;
Montemini Hbg, Montessoriskola;91004081;Helsingborg;1283;Enskild;Montemini Hbg's Montessoriskola AB;5565502415;48;44;31;67;8;6;9;13;6;6;.;.;.;
Musikgrundskolan Synkopen;55200547;Helsingborg;1283;Kommunal;Helsingborg;2120001157;188;60;37;62;15;23;21;23;19;22;23;18;24;
Mörarps skola;48337100;Helsingborg;1283;Kommunal;Helsingborg;2120001157;243;49;14;52;49;36;48;39;51;20;.;.;.;
Nanny Palmkvistskolan;48089316;Helsingborg;1283;Kommunal;Helsingborg;2120001157;352;47;63;43;73;88;70;49;44;28;.;.;.;
Pauliskolan;50194424;Helsingborg;1283;Enskild;Stiftelsen Pauliskolan;8430021918;91;41;44;46;7;14;10;8;9;7;11;8;17;
PeterSvenskolan 1;16688128;Helsingborg;1283;Enskild;Pysslingen Förskolor och Skolor AB;5560354309;220;58;34;58;.;.;.;.;.;49;52;53;66;
Påarps skola;66351593;Helsingborg;1283;Kommunal;Helsingborg;2120001157;374;42;18;55;46;40;47;37;47;23;37;49;48;
Ramlösa friskola;41675828;Helsingborg;1283;Enskild;Ramlösa Friskola AB;5564629722;136;49;10;82;22;24;24;24;24;18;.;.;.;
Raus Planterings skola;44040804;Helsingborg;1283;Kommunal;Helsingborg;2120001157;197;45;90;29;33;34;34;39;35;22;.;.;.;
Ringstorpsskolan;15455892;Helsingborg;1283;Kommunal;Helsingborg;2120001157;306;50;26;72;51;54;55;53;48;45;.;.;.;
Rydebäckskolan;40385157;Helsingborg;1283;Kommunal;Helsingborg;2120001157;892;49;5;79;102;119;105;109;100;93;106;87;71;
Råå Södra skola;84590558;Helsingborg;1283;Kommunal;Helsingborg;2120001157;166;49;10;83;30;27;42;31;36;.;.;.;.;
Sally Bauer skolan F-6;31106340;Helsingborg;1283;Enskild;Sally Bauer Förskola/Skola;8024420393;118;52;19;60;20;18;20;20;20;20;.;.;.;
Sally Bauerskolans Högstadium;53515359;Helsingborg;1283;Enskild;Sally Bauer Skolans Högstadium;8430033152;143;48;10;62;.;.;.;.;.;.;48;48;47;
Slottshöjdens Skola;85966004;Helsingborg;1283;Enskild;Aktiebolaget Slottshöjdens Förskolor;5564498268;98;50;35;73;21;19;19;20;19;.;.;.;.;
Slottsvångsskolan;63957271;Helsingborg;1283;Kommunal;Helsingborg;2120001157;232;46;75;36;24;24;20;25;28;26;26;31;28;
S:t Jörgens skola;55527569;Helsingborg;1283;Kommunal;Helsingborg;2120001157;273;52;21;75;51;45;50;50;48;29;.;.;.;
Svensgårdsskolan;89693828;Helsingborg;1283;Kommunal;Helsingborg;2120001157;360;45;17;55;41;46;41;43;46;33;39;34;37;
Söderskolan;23353946;Helsingborg;1283;Kommunal;Helsingborg;2120001157;123;50;96;30;50;34;39;.;.;.;.;.;.;
Tågaborgsskolan;87948789;Helsingborg;1283;Kommunal;Helsingborg;2120001157;530;43;44;57;45;42;39;37;31;44;106;98;88;
Vasalundsskolan;98442801;Helsingborg;1283;Enskild;Vasalunds Kunskapsförening;8460063319;267;48;96;51;46;61;53;45;35;27;.;.;.;
Vittra Adolfsberg;71069736;Helsingborg;1283;Enskild;Vittraskolorna AB;5564586716;168;48;80;29;18;19;19;14;22;15;19;22;20;
Vittra Landborgen;90080902;Helsingborg;1283;Enskild;Vittraskolorna AB;5564586716;205;60;60;46;31;18;35;19;21;19;22;16;24;
Välkomsten;68973554;Helsingborg;1283;Kommunal;Helsingborg;2120001157;17;59;100;.;.;3;3;1;2;.;4;2;2;
Västra Allé;57590681;Helsingborg;1283;Enskild;Pysslingen Förskolor och Skolor AB;5560354309;285;44;12;64;23;19;24;26;21;26;48;50;48;
Västra Berga skola;28060171;Helsingborg;1283;Kommunal;Helsingborg;2120001157;260;49;57;45;24;27;29;30;25;26;40;32;27;
Västra Ramlösa skola;49010566;Helsingborg;1283;Kommunal;Helsingborg;2120001157;447;45;21;67;88;76;70;83;70;60;.;.;.;
Wallåkrabygdens skola;37992567;Helsingborg;1283;Enskild;Vallåkrabygdens Barnservice Aktiebolag;5560335837;71;45;10;56;12;16;12;15;15;1;.;.;.;
Wieselgrensskolan;51014228;Helsingborg;1283;Kommunal;Helsingborg;2120001157;549;51;74;34;39;52;47;56;59;47;81;81;87;
Ättekullaskolan;64728140;Helsingborg;1283;Kommunal;Helsingborg;2120001157;279;47;38;56;32;32;31;48;37;15;27;27;30;
Altorpskolan A C;84724191;Herrljunga;1466;Kommunal;Herrljunga;2120001520;146;47;18;55;.;.;.;.;.;.;51;45;50;
Altorpskolan B D;38295531;Herrljunga;1466;Kommunal;Herrljunga;2120001520;147;51;18;39;.;.;.;.;.;.;50;52;45;
Eggvena skola;55603851;Herrljunga;1466;Kommunal;Herrljunga;2120001520;51;35;..;67;11;8;6;5;6;15;.;.;.;
Eriksbergs skola;44710845;Herrljunga;1466;Kommunal;Herrljunga;2120001520;52;60;10;27;14;8;8;3;9;10;.;.;.;
Horsbyskolan 4-6;50352031;Herrljunga;1466;Kommunal;Herrljunga;2120001520;146;53;23;54;.;.;.;57;37;52;.;.;.;
Horsbyskolan F-3;48603324;Herrljunga;1466;Kommunal;Herrljunga;2120001520;167;53;30;50;58;53;56;.;.;.;.;.;.;
Hudene skola;14576123;Herrljunga;1466;Kommunal;Herrljunga;2120001520;63;44;10;52;6;16;11;9;10;11;.;.;.;
Molla skola;38841825;Herrljunga;1466;Kommunal;Herrljunga;2120001520;28;39;..;57;4;4;6;4;5;5;.;.;.;
Mörlandaskolan;78630966;Herrljunga;1466;Kommunal;Herrljunga;2120001520;124;55;11;39;18;22;18;19;19;28;.;.;.;
Ods skola;31126240;Herrljunga;1466;Kommunal;Herrljunga;2120001520;40;50;..;53;4;11;4;5;5;11;.;.;.;
Fågelås skola;53080108;Hjo;1497;Kommunal;Hjo;2120001728;51;43;10;49;9;12;3;9;11;7;.;.;.;
Guldkroksskolan 7-9;81342093;Hjo;1497;Kommunal;Hjo;2120001728;279;46;11;54;.;.;.;.;.;.;91;83;105;
Guldkroksskolan F-6;44468615;Hjo;1497;Kommunal;Hjo;2120001728;375;49;11;58;67;64;75;63;55;51;.;.;.;
Hammarnskolan;85504910;Hjo;1497;Kommunal;Hjo;2120001728;148;43;13;59;25;24;22;25;27;25;.;.;.;
Korsberga skola;55078375;Hjo;1497;Kommunal;Hjo;2120001728;53;51;..;72;7;11;8;11;8;8;.;.;.;
Lillåskolan;80238090;Hofors;2104;Kommunal;Hofors;2120002296;159;43;7;35;30;24;27;28;24;26;.;.;.;
Petreskolan;17291574;Hofors;2104;Kommunal;Hofors;2120002296;439;49;26;36;.;.;24;25;55;44;108;80;103;
Solbergaskolan;74986765;Hofors;2104;Kommunal;Hofors;2120002296;137;54;..;40;20;26;25;22;22;22;.;.;.;
Värnaskolan;67071053;Hofors;2104;Kommunal;Hofors;2120002296;140;51;38;37;35;41;40;24;.;.;.;.;.;
Annerstaskolan;79012683;Huddinge;0126;Kommunal;Huddinge;2120000068;453;47;89;33;43;38;46;39;63;52;58;52;62;
Balingsnässkolan;13654969;Huddinge;0126;Kommunal;Huddinge;2120000068;534;45;16;64;62;61;59;62;59;57;58;62;54;
Edboskolan;98477278;Huddinge;0126;Kommunal;Huddinge;2120000068;582;48;40;62;137;133;134;58;67;53;.;.;.;
Glömstaskolan;15218794;Huddinge;0126;Kommunal;Huddinge;2120000068;652;46;42;63;83;77;82;75;69;46;72;81;67;
Grindstuskolan;81611939;Huddinge;0126;Kommunal;Huddinge;2120000068;109;53;85;42;41;31;37;.;.;.;.;.;.;
Hörningsnässkolan;82962565;Huddinge;0126;Kommunal;Huddinge;2120000068;271;48;11;78;90;91;90;.;.;.;.;.;.;
Internationella Engelska Skolan Huddinge;97942210;Huddinge;0126;Enskild;Internationella Engelska Skolan i Sverige AB;5564624368;618;48;51;71;.;.;.;.;.;157;157;153;151;
Internationella Engelska Skolan Länna;22127801;Huddinge;0126;Enskild;Internationella Engelska Skolan i Sverige AB;5564624368;508;44;25;67;.;.;.;96;96;96;95;96;29;
Juringe Skola;58994357;Huddinge;0126;Enskild;Pysslingen Förskolor och Skolor AB;5560354309;180;46;37;59;60;42;41;12;25;.;.;.;.;
Kräpplaskolan;96689751;Huddinge;0126;Kommunal;Huddinge;2120000068;82;45;12;85;27;28;27;.;.;.;.;.;.;
Kungsklippeskolan;89510449;Huddinge;0126;Kommunal;Huddinge;2120000068;418;51;10;78;27;27;29;54;56;56;57;56;56;
Kvarnbergsskolan;54516737;Huddinge;0126;Kommunal;Huddinge;2120000068;643;51;24;63;.;.;.;.;.;.;207;225;211;
Källbrinksskolan;41213404;Huddinge;0126;Kommunal;Huddinge;2120000068;402;45;12;65;.;.;.;.;.;.;151;129;122;
Kästaskolan;89701816;Huddinge;0126;Kommunal;Huddinge;2120000068;238;49;77;55;52;48;47;36;32;23;.;.;.;
Långsjöskolan;81903519;Huddinge;0126;Kommunal;Huddinge;2120000068;243;43;16;78;78;83;82;.;.;.;.;.;.;
Myrstugubergets Friskola;75565366;Huddinge;0126;Enskild;Mybe AB;5562177500;101;41;73;55;23;23;22;15;18;.;.;.;.;
Myrängsskolan;94301041;Huddinge;0126;Enskild;Pysslingen Förskolor och Skolor AB;5560354309;113;48;5;79;39;36;38;.;.;.;.;.;.;
Mörtviksskolan;32886383;Huddinge;0126;Kommunal;Huddinge;2120000068;329;50;30;56;55;54;56;52;59;53;.;.;.;
Segeltorpsskolan;15483394;Huddinge;0126;Kommunal;Huddinge;2120000068;661;49;23;64;.;.;.;105;115;89;119;121;112;
Sjötorpsskolan;66383692;Huddinge;0126;Kommunal;Huddinge;2120000068;292;46;56;46;57;52;56;50;47;30;.;.;.;
Skansbergsskolan;89847413;Huddinge;0126;Kommunal;Huddinge;2120000068;75;43;28;64;25;25;25;.;.;.;.;.;.;
Skapaskolan;10063280;Huddinge;0126;Enskild;The Learning Lab i Stockholm AB;5568097405;364;45;24;68;48;36;49;46;40;40;49;32;24;
Skogskällan;36689149;Huddinge;0126;Kommunal;Huddinge;2120000068;342;49;12;78;29;29;29;85;85;85;.;.;.;
Snättringeskolan;64081877;Huddinge;0126;Kommunal;Huddinge;2120000068;456;48;9;82;78;89;90;80;81;38;.;.;.;
Solfagraskolan;10225038;Huddinge;0126;Kommunal;Huddinge;2120000068;439;49;11;77;58;57;59;93;79;93;.;.;.;
Stenmoskolan;37472911;Huddinge;0126;Kommunal;Huddinge;2120000068;172;56;8;86;58;59;55;.;.;.;.;.;.;
Stensängsskolan;62004466;Huddinge;0126;Kommunal;Huddinge;2120000068;152;53;11;77;25;30;30;26;41;.;.;.;.;
Södertörns friskola;22019000;Huddinge;0126;Enskild;Södertörns Friskola Ekonomisk Förening;7696004238;465;52;11;86;.;.;.;.;.;95;106;130;134;
Tomtbergaskolan;28313791;Huddinge;0126;Kommunal;Huddinge;2120000068;382;52;42;53;52;57;84;71;67;51;.;.;.;
Trångsundsskolan;42601396;Huddinge;0126;Kommunal;Huddinge;2120000068;639;44;23;58;53;78;80;70;77;52;75;73;81;
Utsäljeskolan;90886859;Huddinge;0126;Kommunal;Huddinge;2120000068;496;47;16;77;84;88;80;85;76;83;.;.;.;
Vistaskolan;50783450;Huddinge;0126;Kommunal;Huddinge;2120000068;748;45;23;76;82;88;84;76;83;81;84;82;88;
Visättraskolan;14440920;Huddinge;0126;Kommunal;Huddinge;2120000068;356;52;77;53;61;58;60;69;60;48;.;.;.;
Vårbackaskolan;75387026;Huddinge;0126;Kommunal;Huddinge;2120000068;119;47;92;29;41;40;38;.;.;.;.;.;.;
Vårbyskolan;64949601;Huddinge;0126;Kommunal;Huddinge;2120000068;287;48;87;32;3;7;2;45;50;49;46;49;36;
Ängsnässkolan;72392930;Huddinge;0126;Kommunal;Huddinge;2120000068;228;54;17;71;.;.;.;84;83;61;.;.;.;
Östra grundskolan;39229061;Huddinge;0126;Kommunal;Huddinge;2120000068;337;51;49;44;.;.;.;.;.;.;115;102;120;
Björkbergs skola;60496759;Hudiksvall;2184;Kommunal;Hudiksvall;2120002379;190;50;29;61;30;34;32;35;30;29;.;.;.;
Bobygda skola;45889125;Hudiksvall;2184;Enskild;Bobygdens Framtid Ekonomisk Förening;7164586617;58;52;..;45;12;9;11;9;12;5;.;.;.;
Delsbo waldorfskola;22518275;Hudiksvall;2184;Enskild;Skolföreningen Delsbo Waldorfskola;8875007158;21;57;..;38;2;3;2;.;1;5;2;3;3;
Ede skola;83627088;Hudiksvall;2184;Kommunal;Hudiksvall;2120002379;416;50;9;48;34;29;38;41;45;44;81;47;57;
Edsta skola;95282218;Hudiksvall;2184;Kommunal;Hudiksvall;2120002379;65;51;..;65;16;16;6;9;7;11;.;.;.;
Enångers skola;69614208;Hudiksvall;2184;Kommunal;Hudiksvall;2120002379;100;44;..;60;13;16;16;20;16;19;.;.;.;
Friggesundsskolan;47215049;Hudiksvall;2184;Kommunal;Hudiksvall;2120002379;69;54;14;39;11;13;11;12;10;12;.;.;.;
Hudikskolan 7-9;77537602;Hudiksvall;2184;Enskild;Hudik Friskoleutbildning AB;5566174438;161;48;11;53;.;.;.;.;.;.;47;44;70;
Hudikskolan F-6;77894796;Hudiksvall;2184;Enskild;Hudik Friskoleutbildning AB;5566174438;141;43;8;57;22;14;34;23;24;24;.;.;.;
Håsta skola;43313472;Hudiksvall;2184;Kommunal;Hudiksvall;2120002379;166;55;26;61;27;27;28;31;19;34;.;.;.;
Idenors skola;73349792;Hudiksvall;2184;Kommunal;Hudiksvall;2120002379;175;41;4;66;25;25;44;32;24;25;.;.;.;
Iggesunds skola;80631297;Hudiksvall;2184;Kommunal;Hudiksvall;2120002379;418;47;19;45;35;32;23;39;39;42;70;68;70;
Lunds skola;13941593;Hudiksvall;2184;Kommunal;Hudiksvall;2120002379;173;57;6;62;30;29;31;24;28;31;.;.;.;
Läroverket;23786565;Hudiksvall;2184;Kommunal;Hudiksvall;2120002379;457;46;20;61;.;.;.;.;.;.;157;142;158;
Malsta skola;88802212;Hudiksvall;2184;Kommunal;Hudiksvall;2120002379;65;43;.;52;8;10;17;9;8;13;.;.;.;
MTH Utbildning;85080928;Hudiksvall;2184;Enskild;MTH utbildning AB;5590485644;85;42;..;46;.;.;.;4;3;10;19;28;21;
Njutångers skola;80775683;Hudiksvall;2184;Kommunal;Hudiksvall;2120002379;92;41;..;54;18;18;8;16;19;13;.;.;.;
Näsvikens skola;31635779;Hudiksvall;2184;Kommunal;Hudiksvall;2120002379;140;51;5;52;20;22;28;23;19;28;.;.;.;
Sandvalla skola;64709527;Hudiksvall;2184;Kommunal;Hudiksvall;2120002379;232;55;9;60;43;31;42;38;37;41;.;.;.;
Skolbyn;77138988;Hudiksvall;2184;Kommunal;Hudiksvall;2120002379;200;57;8;78;28;36;31;39;32;34;.;.;.;
Svågadalens skola;28743952;Hudiksvall;2184;Kommunal;Hudiksvall;2120002379;18;56;..;44;4;2;.;5;.;7;.;.;.;
Västra skolan;67629427;Hudiksvall;2184;Kommunal;Hudiksvall;2120002379;197;50;44;51;37;26;32;37;35;30;.;.;.;
Östra skolan;50190330;Hudiksvall;2184;Kommunal;Hudiksvall;2120002379;328;48;13;55;.;.;.;.;.;.;114;109;105;
Albäcksskolan 1;55252119;Hultsfred;0860;Kommunal;Hultsfred;2120000712;231;49;44;41;.;.;.;.;.;.;39;67;125;
Albäcksskolan 2;84230115;Hultsfred;0860;Kommunal;Hultsfred;2120000712;129;47;40;40;.;.;.;.;.;.;60;69;.;
Emådalskolan;74166555;Hultsfred;0860;Kommunal;Hultsfred;2120000712;131;45;48;49;18;19;23;17;25;29;.;.;.;
Järnforsens skola;81121604;Hultsfred;0860;Kommunal;Hultsfred;2120000712;30;53;60;37;4;2;4;4;8;8;.;.;.;
Lindblomskolan 1;31596589;Hultsfred;0860;Kommunal;Hultsfred;2120000712;145;41;54;46;.;.;.;37;38;70;.;.;.;
Lindblomskolan 2;82426094;Hultsfred;0860;Kommunal;Hultsfred;2120000712;210;44;43;45;35;39;39;37;41;19;.;.;.;
Lindblomskolan 3;44239903;Hultsfred;0860;Kommunal;Hultsfred;2120000712;116;48;42;43;36;40;40;.;.;.;.;.;.;
Prolympia Virserum;12289594;Hultsfred;0860;Enskild;Nya Centralskolan i Virserum AB;5568088743;271;50;47;32;22;32;36;21;22;23;39;37;39;
Silverdalens skola;18484321;Hultsfred;0860;Kommunal;Hultsfred;2120000712;65;55;37;48;18;6;13;10;10;8;.;.;.;
Vena skola;81646559;Hultsfred;0860;Kommunal;Hultsfred;2120000712;59;54;8;51;13;13;4;11;11;7;.;.;.;
Venhagskolan;41017199;Hultsfred;0860;Kommunal;Hultsfred;2120000712;103;41;22;42;17;11;17;17;23;18;.;.;.;
Elias Fries skola;55039327;Hylte;1315;Kommunal;Hylte;2120001207;229;53;48;44;37;34;30;33;48;47;.;.;.;
Kinnareds skola;32214820;Hylte;1315;Kommunal;Hylte;2120001207;66;53;39;41;12;10;16;7;5;16;.;.;.;
Kråkbergsskolan;74764978;Hylte;1315;Kommunal;Hylte;2120001207;181;48;59;34;33;29;27;27;29;36;.;.;.;
Labora Grundskola;48694604;Hylte;1315;Enskild;OneSchool Global Nyby Campus AB;5566657515;57;42;21;39;.;1;7;10;6;2;12;9;10;
Landeryds skola;46143897;Hylte;1315;Kommunal;Hylte;2120001207;92;39;23;24;18;15;11;12;16;20;.;.;.;
Rydöbruks skola;50709257;Hylte;1315;Kommunal;Hylte;2120001207;57;58;54;39;14;7;11;7;6;12;.;.;.;
Torups skola;26544203;Hylte;1315;Kommunal;Hylte;2120001207;144;47;45;45;17;20;25;32;20;30;.;.;.;
Unnaryds skola;28921911;Hylte;1315;Kommunal;Hylte;2120001207;95;49;40;41;16;21;14;18;13;13;.;.;.;
Örnaskolan 3;80477825;Hylte;1315;Kommunal;Hylte;2120001207;422;50;32;40;.;.;.;.;.;.;153;143;126;
Futurum;61956762;Håbo;0305;Kommunal;Håbo;2120000241;737;50;9;58;79;71;97;66;64;75;107;88;90;
Gransäterskolan;90826660;Håbo;0305;Kommunal;Håbo;2120000241;432;45;13;50;39;44;51;34;46;40;68;56;54;
Gröna dalen;49674763;Håbo;0305;Kommunal;Håbo;2120000241;450;51;34;43;35;49;41;46;47;51;56;61;64;
Läraskolan;28306495;Håbo;0305;Enskild;Läraskolan i Bålsta AB;5567275663;195;52;13;66;21;21;21;22;22;22;24;23;19;
Potentia Education;15081255;Håbo;0305;Enskild;Potentia education AB;5567521553;188;48;..;71;.;.;.;27;51;27;26;29;28;
Raoul Wallenbergskolan Skokloster;30416034;Håbo;0305;Enskild;Raoul Wallenbergskolorna AB;5566740113;82;55;20;54;16;13;17;19;4;13;.;.;.;
Slottsskolan;95396892;Håbo;0305;Kommunal;Håbo;2120000241;87;59;14;37;19;9;16;15;15;13;.;.;.;
Viby;15305025;Håbo;0305;Kommunal;Håbo;2120000241;142;44;6;58;24;24;24;24;24;22;.;.;.;
Västerängsskolan;29299366;Håbo;0305;Kommunal;Håbo;2120000241;440;51;16;50;39;47;47;52;42;47;54;55;57;
Grythyttans skola;17425971;Hällefors;1863;Kommunal;Hällefors;2120001942;95;51;19;39;14;18;16;15;17;15;.;.;.;
Klockarhagsskolan F-åk3;71650107;Hällefors;1863;Kommunal;Hällefors;2120001942;165;50;44;28;53;60;52;.;.;.;.;.;.;
Klockarhagsskolan åk 7-9;72295739;Hällefors;1863;Kommunal;Hällefors;2120001942;219;49;37;36;.;.;.;.;.;.;66;77;76;
Klockarhagsskolan åk4-6;72324248;Hällefors;1863;Kommunal;Hällefors;2120001942;200;54;48;24;.;.;.;67;63;70;.;.;.;
Bruksvallarnas skola;99936953;Härjedalen;2361;Kommunal;Härjedalen;2120002510;17;41;..;47;4;5;8;.;.;.;.;.;.;
Funäsdalens skola;72295998;Härjedalen;2361;Kommunal;Härjedalen;2120002510;207;41;10;56;22;19;14;15;27;21;22;29;38;
Furulundsskolan;81803928;Härjedalen;2361;Kommunal;Härjedalen;2120002510;38;47;..;18;5;6;9;4;5;9;.;.;.;
Lofsdalens skola;27126453;Härjedalen;2361;Kommunal;Härjedalen;2120002510;8;..;.;..;1;.;.;4;.;3;.;.;.;
Norra Skolan;68726322;Härjedalen;2361;Kommunal;Härjedalen;2120002510;238;46;20;42;47;44;42;39;31;35;.;.;.;
Sonfjällsskolan;85325551;Härjedalen;2361;Kommunal;Härjedalen;2120002510;144;45;22;42;13;7;15;10;10;10;24;26;29;
Södra Skolan;79022806;Härjedalen;2361;Kommunal;Härjedalen;2120002510;142;54;18;33;.;.;.;.;.;.;44;46;52;
Vemdalens skola;25042188;Härjedalen;2361;Kommunal;Härjedalen;2120002510;44;45;..;61;7;11;6;9;3;8;.;.;.;
Ytterhogdals Centralskola;92387607;Härjedalen;2361;Kommunal;Härjedalen;2120002510;30;33;27;43;4;4;4;4;8;6;.;.;.;
Bondsjöhöjdens skola;36869705;Härnösand;2280;Kommunal;Härnösand;2120002403;168;49;38;56;54;56;58;.;.;.;.;.;.;
Brunne skola;91634644;Härnösand;2280;Kommunal;Härnösand;2120002403;95;54;11;58;14;12;17;20;17;15;.;.;.;
Brännaskolan;67320845;Härnösand;2280;Kommunal;Härnösand;2120002403;283;49;35;58;40;46;48;50;56;43;.;.;.;
Gerestaskolan åk F-6;87856368;Härnösand;2280;Kommunal;Härnösand;2120002403;358;51;22;68;60;59;57;66;52;64;.;.;.;
Hedda Wisingskolan;16490220;Härnösand;2280;Kommunal;Härnösand;2120002403;348;49;24;65;.;.;.;.;.;.;117;108;123;
Häggdånger byskola;51537516;Härnösand;2280;Kommunal;Härnösand;2120002403;27;33;.;78;6;7;4;2;4;4;.;.;.;
Hälledals skola;78789883;Härnösand;2280;Kommunal;Härnösand;2120002403;88;53;11;22;12;13;16;14;16;17;.;.;.;
Kastellskolan;69454219;Härnösand;2280;Enskild;Kastellskolan;8880008365;204;48;21;74;22;22;20;23;23;19;25;24;26;
Murbergsskolan;93068004;Härnösand;2280;Kommunal;Härnösand;2120002403;187;56;34;58;.;.;.;62;53;72;.;.;.;
Solenskolan åk F-6;45142548;Härnösand;2280;Kommunal;Härnösand;2120002403;327;50;49;41;55;59;58;51;59;45;.;.;.;
Wendela Hellmanskolan;97940004;Härnösand;2280;Kommunal;Härnösand;2120002403;454;49;28;51;.;.;.;.;.;.;139;144;171;
Älandsbro skola;27395094;Härnösand;2280;Kommunal;Härnösand;2120002403;162;52;10;46;25;27;30;24;28;28;.;.;.;
Backaskolan;57200977;Härryda;1401;Kommunal;Härryda;2120001264;163;47;7;66;50;47;66;.;.;.;.;.;.;
Båtsmansskolan;37772170;Härryda;1401;Kommunal;Härryda;2120001264;245;41;7;84;.;.;.;.;.;62;61;62;60;
Djupedalskolan 4-6;31714663;Härryda;1401;Kommunal;Härryda;2120001264;237;48;13;79;.;.;.;75;79;83;.;.;.;
Djupedalskolan 7-9;91978548;Härryda;1401;Kommunal;Härryda;2120001264;214;45;10;72;.;.;.;.;.;.;71;70;73;
Ekdalaskolan 6+8;69723336;Härryda;1401;Kommunal;Härryda;2120001264;193;61;18;73;.;.;.;.;.;102;.;91;.;
Ekdalaskolan 7+9;17730768;Härryda;1401;Kommunal;Härryda;2120001264;206;47;18;82;.;.;.;.;.;.;123;.;83;
Eskilsbyskolan;62830537;Härryda;1401;Kommunal;Härryda;2120001264;7;..;.;71;5;2;.;.;.;.;.;.;.;
Fridaskolan, Härryda;27274628;Härryda;1401;Enskild;Fridaskolorna AB;5564515988;562;52;6;84;53;53;52;52;52;75;75;76;74;
Furuhällsskolan 3-5;56725127;Härryda;1401;Kommunal;Härryda;2120001264;175;42;10;83;.;.;53;52;70;.;.;.;.;
Furuhällsskolan F-2;39189591;Härryda;1401;Kommunal;Härryda;2120001264;117;52;13;89;65;52;.;.;.;.;.;.;.;
Hindåsskolan 3-5;16204543;Härryda;1401;Kommunal;Härryda;2120001264;182;47;8;66;.;1;74;47;60;.;.;.;.;
Hindåsskolan F-2;13949022;Härryda;1401;Kommunal;Härryda;2120001264;119;50;4;63;65;54;.;.;.;.;.;.;.;
Hällingsjöskolan;57795411;Härryda;1401;Kommunal;Härryda;2120001264;94;49;5;67;19;20;23;16;16;.;.;.;.;
Härrydaskolan;81048920;Härryda;1401;Kommunal;Härryda;2120001264;110;51;9;58;14;25;18;30;23;.;.;.;.;
Högadalsskolan;92600497;Härryda;1401;Kommunal;Härryda;2120001264;153;45;7;82;.;.;54;48;51;.;.;.;.;
Högadalsskolan 2;92313735;Härryda;1401;Kommunal;Härryda;2120001264;100;49;7;87;50;50;.;.;.;.;.;.;.;
Landvetterskolan 5;43199630;Härryda;1401;Kommunal;Härryda;2120001264;231;53;10;73;.;.;.;105;126;.;.;.;.;
Landvetterskolan 6+8;28836025;Härryda;1401;Kommunal;Härryda;2120001264;266;42;12;57;.;.;.;.;.;127;53;39;47;
Landvetterskolan 7+9;29069124;Härryda;1401;Kommunal;Härryda;2120001264;158;47;8;61;.;.;.;.;.;.;51;52;55;
Landvetterskolan F-4;86151469;Härryda;1401;Kommunal;Härryda;2120001264;91;48;11;74;19;24;48;.;.;.;.;.;.;
Lunnaskolan 2-3;82464071;Härryda;1401;Kommunal;Härryda;2120001264;199;47;4;86;.;100;99;.;.;.;.;.;.;
Lunnaskolan F-1;20152644;Härryda;1401;Kommunal;Härryda;2120001264;92;48;..;82;92;.;.;.;.;.;.;.;.;
Rävlandaskolan 6-9;34127854;Härryda;1401;Kommunal;Härryda;2120001264;294;46;9;57;.;.;.;.;.;92;66;69;67;
Rävlandaskolan F-5;33400568;Härryda;1401;Kommunal;Härryda;2120001264;151;49;6;52;36;22;35;22;36;.;.;.;.;
Skinnefjällsskolan 1+3;95834239;Härryda;1401;Kommunal;Härryda;2120001264;146;42;8;73;71;.;75;.;.;.;.;.;.;
Skinnefjällsskolan F+2;96053922;Härryda;1401;Kommunal;Härryda;2120001264;73;44;18;79;.;73;.;.;.;.;.;.;.;
Säteriskolan 1,3,5;30287886;Härryda;1401;Kommunal;Härryda;2120001264;135;46;35;67;40;.;57;.;38;.;.;.;.;
Säteriskolan F,2,4;30507569;Härryda;1401;Kommunal;Härryda;2120001264;85;40;31;62;.;41;.;44;.;.;.;.;.;
Vällsjöskolan;44612766;Härryda;1401;Kommunal;Härryda;2120001264;143;50;3;93;28;28;28;28;31;.;.;.;.;
Önnerödsskolan 4-6;79571281;Härryda;1401;Kommunal;Härryda;2120001264;227;50;4;84;.;.;.;75;75;76;.;1;.;
Önnerödsskolan 7-9;28698437;Härryda;1401;Kommunal;Härryda;2120001264;218;42;5;72;.;.;.;.;.;.;71;72;75;
Ballingslövs skola F-6;97094194;Hässleholm;1293;Kommunal;Hässleholm;2120000985;21;38;24;48;4;5;5;4;3;.;.;.;.;
Bjärnums skola F-9;65212509;Hässleholm;1293;Kommunal;Hässleholm;2120000985;443;44;32;40;39;52;50;43;36;31;73;63;56;
Farstorps skola F-6;16744637;Hässleholm;1293;Kommunal;Hässleholm;2120000985;41;61;..;49;9;7;6;7;8;4;.;.;.;
Finja skola F-6;67308549;Hässleholm;1293;Kommunal;Hässleholm;2120000985;51;49;16;47;12;8;9;9;5;8;.;.;.;
Furutorpskolan 4-6;55037934;Hässleholm;1293;Kommunal;Hässleholm;2120000985;184;49;9;50;.;.;.;63;60;61;.;.;.;
Furutorpskolan 7-9;78602001;Hässleholm;1293;Kommunal;Hässleholm;2120000985;186;47;8;52;.;.;.;.;.;.;68;55;63;
Grönängsskolan F-6;85679977;Hässleholm;1293;Kommunal;Hässleholm;2120000985;211;44;33;47;31;37;37;38;38;30;.;.;.;
Hästveda skola F-9;56398338;Hässleholm;1293;Kommunal;Hässleholm;2120000985;274;49;31;36;36;33;22;29;25;25;39;31;34;
Internationella Engelska Skolan Hässleholm;79716826;Hässleholm;1293;Enskild;Internationella Engelska Skolan i Sverige AB;5564624368;387;55;41;67;.;.;.;59;61;62;81;61;63;
Lejonskolan F-5;57945497;Hässleholm;1293;Kommunal;Hässleholm;2120000985;169;48;17;44;35;28;32;38;36;.;.;.;.;
Linnéskolan F-9;84432632;Hässleholm;1293;Kommunal;Hässleholm;2120000985;362;52;56;47;42;41;30;25;22;22;57;67;56;
Ljungdalaskolan F-6;37198266;Hässleholm;1293;Kommunal;Hässleholm;2120000985;200;41;66;47;34;32;37;30;37;30;.;.;.;
Läredaskolan 7-9;29689372;Hässleholm;1293;Kommunal;Hässleholm;2120000985;197;60;52;44;.;.;.;.;.;.;63;76;58;
Läredaskolan F-6;51624177;Hässleholm;1293;Kommunal;Hässleholm;2120000985;145;57;35;58;24;24;25;26;22;24;.;.;.;
Mala skola F-6;49702354;Hässleholm;1293;Kommunal;Hässleholm;2120000985;52;44;..;58;14;13;3;6;7;9;.;.;.;
Röinge skola F-6;69162574;Hässleholm;1293;Kommunal;Hässleholm;2120000985;153;46;11;65;24;22;30;26;29;22;.;.;.;
Röke skola F-6;24099280;Hässleholm;1293;Kommunal;Hässleholm;2120000985;62;53;..;63;18;6;8;9;16;5;.;.;.;
Silviaskolan F-9;65408331;Hässleholm;1293;Kommunal;Hässleholm;2120000985;66;52;35;48;6;5;10;11;12;4;5;7;6;
Stoby skola F-6;68970313;Hässleholm;1293;Kommunal;Hässleholm;2120000985;116;59;17;55;20;19;17;21;22;17;.;.;.;
Söderparkskolan F-3;55815171;Hässleholm;1293;Kommunal;Hässleholm;2120000985;195;51;9;48;67;57;71;.;.;.;.;.;.;
T4-skolan Montessori F-9;28804882;Hässleholm;1293;Kommunal;Hässleholm;2120000985;248;50;15;74;29;30;29;27;29;29;27;27;21;
Thoren Framtid i Hässleholm;79864142;Hässleholm;1293;Enskild;Thoren Framtid AB;5567497051;305;52;10;71;38;38;42;38;37;47;25;21;19;
Tormestorps skola F-5;87274697;Hässleholm;1293;Kommunal;Hässleholm;2120000985;78;55;..;71;17;19;17;13;12;.;.;.;.;
Tyringe skola F-9;98058756;Hässleholm;1293;Kommunal;Hässleholm;2120000985;585;47;21;49;58;58;63;57;65;76;74;73;61;
Vannarödsskolan 6-9;93845278;Hässleholm;1293;Kommunal;Hässleholm;2120000985;145;49;14;43;.;.;.;.;.;34;39;40;32;
Vittsjö skola F-6;16939144;Hässleholm;1293;Kommunal;Hässleholm;2120000985;158;42;25;48;23;26;25;32;27;25;.;.;.;
Västerskolan F-9;75318783;Hässleholm;1293;Kommunal;Hässleholm;2120000985;465;43;33;48;26;29;32;28;21;33;96;103;97;
Västra Torups skola F-3;83016261;Hässleholm;1293;Kommunal;Hässleholm;2120000985;42;55;..;62;11;12;19;.;.;.;.;.;.;
Bruksskolan 4-6;75681737;Höganäs;1284;Kommunal;Höganäs;2120001165;159;54;16;62;.;.;.;56;52;51;.;.;.;
Bruksskolan 7-9;58312480;Höganäs;1284;Kommunal;Höganäs;2120001165;145;46;20;47;.;.;.;.;.;.;49;48;48;
Bruksskolan F-3;58637812;Höganäs;1284;Kommunal;Höganäs;2120001165;132;54;13;62;47;50;35;.;.;.;.;.;.;
Brunnbyskolan;95113658;Höganäs;1284;Enskild;Brunnby Skola M-I Handelsbolag;9167744359;89;57;10;72;7;6;3;15;9;14;15;5;15;
Jonstorpsskolan 4-6;16400808;Höganäs;1284;Kommunal;Höganäs;2120001165;184;43;5;74;.;.;.;54;66;64;.;.;.;
Jonstorpsskolan 7-9;66888504;Höganäs;1284;Kommunal;Höganäs;2120001165;167;50;8;71;.;.;.;.;.;.;58;56;53;
Jonstorpsskolan F-3;67026015;Höganäs;1284;Kommunal;Höganäs;2120001165;184;48;11;69;58;56;70;.;.;.;.;.;.;
Lerbergsskolan 4-6;81853848;Höganäs;1284;Kommunal;Höganäs;2120001165;164;50;11;73;.;.;.;63;45;56;.;.;.;
Lerbergsskolan 7-9;11721378;Höganäs;1284;Kommunal;Höganäs;2120001165;143;50;12;74;.;.;.;.;.;.;48;51;44;
Lerbergsskolan F-3;24385083;Höganäs;1284;Kommunal;Höganäs;2120001165;160;46;6;71;47;59;54;.;.;.;.;.;.;
Montessoriskolan Tellus;69182531;Höganäs;1284;Enskild;Montessoriskolan i Höganäs AB;5567058846;114;50;29;57;25;14;14;16;8;10;16;4;7;
Nyhamnsskolan 4-6;18060402;Höganäs;1284;Kommunal;Höganäs;2120001165;124;44;9;76;.;.;.;36;48;40;.;.;.;
Nyhamnsskolan 7-9;18031893;Höganäs;1284;Kommunal;Höganäs;2120001165;142;55;13;73;.;.;.;.;.;.;54;39;49;
Nyhmansskolan F-3;95034203;Höganäs;1284;Kommunal;Höganäs;2120001165;116;53;15;74;34;47;35;.;.;.;.;.;.;
Tonlyckeskolan 7-9;36274763;Höganäs;1284;Kommunal;Höganäs;2120001165;109;51;49;42;.;.;.;.;.;.;39;45;25;
Tornlyckeskolan 4-6;25097584;Höganäs;1284;Kommunal;Höganäs;2120001165;134;52;42;51;.;.;.;43;47;44;.;.;.;
Tornlyckeskolan F-3;35488074;Höganäs;1284;Kommunal;Höganäs;2120001165;140;47;37;54;50;40;50;.;.;.;.;.;.;
Vikens Montessoriskola;17770513;Höganäs;1284;Enskild;Vikens Montessori Aktiebolag;5564977121;67;55;..;73;9;17;11;8;12;10;.;.;.;
Vikenskolan 4-6;18465318;Höganäs;1284;Kommunal;Höganäs;2120001165;170;52;8;75;.;.;.;56;61;53;.;.;.;
Vikenskolan 7-9;18383147;Höganäs;1284;Kommunal;Höganäs;2120001165;203;50;8;75;.;.;.;.;.;.;62;82;59;
Vikenskolan F-3;13274269;Höganäs;1284;Kommunal;Höganäs;2120001165;145;53;8;80;38;52;55;.;.;.;.;.;.;
Fagerhults skola 1-6;74040447;Högsby;0821;Kommunal;Högsby;2120000688;42;57;29;50;9;8;3;6;10;6;.;.;.;
Fröviskolan 1-6;47445952;Högsby;0821;Kommunal;Högsby;2120000688;230;50;43;41;37;36;35;40;49;33;.;.;.;
Fröviskolan 7-9;78308250;Högsby;0821;Kommunal;Högsby;2120000688;202;50;52;37;.;.;.;.;.;.;74;64;64;
Skyttefällaskolan 1-3;20587927;Högsby;0821;Kommunal;Högsby;2120000688;42;43;48;29;13;11;18;.;.;.;.;.;.;
Tallåsskolan 1-6;84104026;Högsby;0821;Kommunal;Högsby;2120000688;96;51;58;25;22;17;15;20;13;9;.;.;.;
Ugglemoskolan 1-6;69535124;Högsby;0821;Kommunal;Högsby;2120000688;54;46;65;26;13;14;9;5;9;4;.;.;.;
De la Gardie skola;47650187;Hörby;1266;Kommunal;Hörby;2120001108;51;49;..;53;17;20;14;.;.;.;.;.;.;
Frostaskolan 7-9;38299211;Hörby;1266;Kommunal;Hörby;2120001108;257;53;29;44;.;.;.;.;.;.;85;86;86;
Frostaskolan F-6;47853283;Hörby;1266;Kommunal;Hörby;2120001108;230;46;29;53;39;29;38;36;45;43;.;.;.;
Georgshillsskolan 7-9;90834434;Hörby;1266;Kommunal;Hörby;2120001108;197;49;15;49;.;.;.;.;.;.;66;64;67;
Georgshillsskolan F-6;71588741;Hörby;1266;Kommunal;Hörby;2120001108;258;52;16;46;46;41;44;35;52;40;.;.;.;
Killhult skola;77977024;Hörby;1266;Kommunal;Hörby;2120001108;48;54;..;54;11;5;16;3;9;4;.;.;.;
Ludvigsborgs friskola;52665905;Hörby;1266;Enskild;Ludvigsborgs Fristående Skola, Ek. Förening;7164396918;222;51;8;62;22;20;24;22;22;18;34;39;21;
Långaröd skola;35287613;Hörby;1266;Kommunal;Hörby;2120001108;80;46;15;64;8;20;15;16;16;5;.;.;.;
Älvdalsskolan;82471875;Hörby;1266;Kommunal;Hörby;2120001108;211;50;29;51;39;41;42;39;27;23;.;.;.;
Östraby skola;55629703;Hörby;1266;Kommunal;Hörby;2120001108;39;49;..;51;.;.;.;11;18;10;.;.;.;
Edens skola;56948895;Höör;1267;Enskild;Edens skola, ekonomisk förening;7696009039;109;53;7;73;18;18;20;19;19;15;.;.;.;
Emiliaskolan Höörs waldorfsk.;63846783;Höör;1267;Enskild;Föreningen Emiliaskolan;8420007984;165;46;16;78;16;15;19;24;21;19;15;15;21;
Enebackeskolan;63279573;Höör;1267;Kommunal;Höör;2120001116;523;44;21;56;88;75;106;95;88;71;.;.;.;
Gudmuntorps skola;63671158;Höör;1267;Kommunal;Höör;2120001116;96;51;5;68;11;19;20;16;17;13;.;.;.;
Kubelidens Montessoriskola;77120985;Höör;1267;Enskild;Kubelidens Montessoriförskola, Grundskola och Fr;7696008684;135;59;5;84;23;23;22;23;21;23;.;.;.;
Ringsjöskolan;82942801;Höör;1267;Kommunal;Höör;2120001116;381;47;22;60;.;.;.;.;.;.;132;120;129;
Segrande Liv Grundskola;95024923;Höör;1267;Enskild;Segrande Liv  Grundskola;8430017593;35;51;66;49;8;4;5;3;2;6;1;4;2;
Sätoftaskolan;35670754;Höör;1267;Kommunal;Höör;2120001116;399;52;6;62;46;41;49;37;46;42;42;41;55;
Tjörnarps skola;64327803;Höör;1267;Kommunal;Höör;2120001116;44;43;25;27;11;16;17;.;.;.;.;.;.;
Porjus skola;66600682;Jokkmokk;2510;Kommunal;Jokkmokk;2120002676;17;59;41;35;2;3;6;3;3;.;.;.;.;
Vuollerims Centralskola;89451025;Jokkmokk;2510;Kommunal;Jokkmokk;2120002676;27;44;..;41;3;4;9;6;5;.;.;.;.;
Vuollerims Friskola;33468088;Jokkmokk;2510;Enskild;Vuollerims Friskola AB;5567857262;22;55;27;41;.;.;.;.;.;3;3;6;10;
Västra skolan;19143733;Jokkmokk;2510;Kommunal;Jokkmokk;2120002676;126;50;24;40;22;30;20;26;28;.;.;.;.;
Östra skolan;86851817;Jokkmokk;2510;Kommunal;Jokkmokk;2120002676;150;49;27;53;.;.;1;.;1;31;36;39;42;
Aspnässkolan;88454421;Järfälla;0123;Kommunal;Järfälla;2120000043;205;55;83;35;32;61;48;30;34;.;.;.;.;
Barkarbyskolan;76033436;Järfälla;0123;Kommunal;Järfälla;2120000043;290;49;17;76;61;57;64;52;56;.;.;.;.;
Berghemskolan;39568857;Järfälla;0123;Kommunal;Järfälla;2120000043;230;42;24;71;43;48;52;46;41;.;.;.;.;
Björkebyskolan;40847752;Järfälla;0123;Kommunal;Järfälla;2120000043;639;42;26;66;.;.;.;.;.;168;168;152;151;
Fastebolskolan;89053805;Järfälla;0123;Kommunal;Järfälla;2120000043;312;42;25;66;49;54;55;83;71;.;.;.;.;
Fjällenskolan;15080815;Järfälla;0123;Kommunal;Järfälla;2120000043;686;47;32;64;50;42;54;42;73;86;105;115;119;
Herrestaskolan;81021363;Järfälla;0123;Kommunal;Järfälla;2120000043;279;49;43;60;73;52;53;52;49;.;.;.;.;
Högbyskolan;97184063;Järfälla;0123;Kommunal;Järfälla;2120000043;81;59;28;63;28;23;30;.;.;.;.;.;.;
Iljansbodaskolan;36628382;Järfälla;0123;Kommunal;Järfälla;2120000043;81;33;17;79;23;36;22;.;.;.;.;.;.;
Internationella Engelska Skolan  Järfälla;79093755;Järfälla;0123;Enskild;Internationella Engelska Skolan i Sverige AB;5564624368;559;45;31;80;.;.;.;.;63;123;125;124;124;
Kolarängskolan;46239244;Järfälla;0123;Kommunal;Järfälla;2120000043;381;51;23;70;71;50;71;98;91;.;.;.;.;
Kvarnskolan;77763178;Järfälla;0123;Kommunal;Järfälla;2120000043;431;50;57;55;.;.;.;.;.;109;105;107;110;
Källtorpskolan;17287315;Järfälla;0123;Kommunal;Järfälla;2120000043;463;43;36;51;.;.;.;.;.;114;111;115;123;
Lundskolan;82757734;Järfälla;0123;Kommunal;Järfälla;2120000043;319;48;25;63;58;69;52;70;70;.;.;.;.;
Montessoriskolan Växthuset;36021631;Järfälla;0123;Enskild;AHA Utbildning AB;5566146956;97;49;74;54;17;21;23;23;13;.;.;.;.;
Neptuniskolan;57755652;Järfälla;0123;Kommunal;Järfälla;2120000043;251;49;27;75;55;51;54;46;45;.;.;.;.;
Nybergskolan;99537996;Järfälla;0123;Kommunal;Järfälla;2120000043;66;45;83;32;22;19;25;.;.;.;.;.;.;
Olovslundskolan;58173761;Järfälla;0123;Kommunal;Järfälla;2120000043;432;46;33;72;99;89;91;79;73;1;.;.;.;
Sandvikskolan;33794207;Järfälla;0123;Kommunal;Järfälla;2120000043;186;42;23;66;27;44;44;33;38;.;.;.;.;
Skälbyskolan;62707060;Järfälla;0123;Kommunal;Järfälla;2120000043;403;48;22;75;73;81;104;70;75;.;.;.;.;
Tallbohovskolan;97777849;Järfälla;0123;Kommunal;Järfälla;2120000043;307;51;85;34;27;22;29;28;30;44;34;40;53;
Ulvsättraskolan;12801932;Järfälla;0123;Kommunal;Järfälla;2120000043;329;42;59;52;58;70;73;73;55;.;.;.;.;
Vattmyraskolan;86271166;Järfälla;0123;Kommunal;Järfälla;2120000043;252;42;46;65;60;53;53;50;36;.;.;.;.;
Viksjöskolan;98925408;Järfälla;0123;Kommunal;Järfälla;2120000043;752;49;26;61;.;.;.;.;.;186;192;184;190;
Vittra Jakobsberg;66634449;Järfälla;0123;Enskild;Vittraskolorna AB;5564586716;397;48;66;58;31;31;32;43;46;55;54;52;53;
Alfred Dalinskolan;85416841;Jönköping;0680;Kommunal;Jönköping;2120000530;520;48;29;55;.;.;.;.;.;.;184;166;170;
Attarpsskolan 7-9;40546319;Jönköping;0680;Kommunal;Jönköping;2120000530;428;52;11;79;.;.;.;.;.;.;149;139;140;
Attarpsskolan F-6;17538336;Jönköping;0680;Kommunal;Jönköping;2120000530;425;52;8;70;76;61;73;75;69;71;.;.;.;
Barnarpsskolan;20211452;Jönköping;0680;Kommunal;Jönköping;2120000530;329;53;26;53;47;65;60;67;50;40;.;.;.;
Bottnarydsskolan;27954842;Jönköping;0680;Kommunal;Jönköping;2120000530;134;52;17;51;.;34;26;21;27;26;.;.;.;
Brodalsskolan;64396519;Jönköping;0680;Kommunal;Jönköping;2120000530;133;50;29;50;22;33;26;29;23;.;.;.;.;
Dalviksskolan;94231816;Jönköping;0680;Kommunal;Jönköping;2120000530;309;44;16;72;44;51;54;52;47;61;.;.;.;
Egnahemsskolan;18631580;Jönköping;0680;Kommunal;Jönköping;2120000530;129;44;4;83;44;42;43;.;.;.;.;.;.;
Ekhagsskolan;88907604;Jönköping;0680;Kommunal;Jönköping;2120000530;353;48;40;56;61;65;56;63;55;53;.;.;.;
Flahultsskolan;28849109;Jönköping;0680;Kommunal;Jönköping;2120000530;548;49;13;55;.;.;.;.;.;141;137;130;140;
Gräshagsskolan;61784685;Jönköping;0680;Kommunal;Jönköping;2120000530;236;47;18;73;49;34;35;46;33;39;.;.;.;
Grästorpsskolan;16249429;Jönköping;0680;Kommunal;Jönköping;2120000530;76;50;12;74;29;23;24;.;.;.;.;.;.;
Hisingstorpsskolan;42372493;Jönköping;0680;Kommunal;Jönköping;2120000530;383;50;8;89;55;58;68;57;75;70;.;.;.;
Hovslättsskolan;81734064;Jönköping;0680;Kommunal;Jönköping;2120000530;278;50;17;64;46;51;47;47;50;37;.;.;.;
Internationella Engelska Skolan Jönköping;86499334;Jönköping;0680;Enskild;Internationella Engelska Skolan i Sverige AB;5564624368;855;47;57;64;51;48;49;121;120;119;116;115;116;
Junedalsskolan;20696736;Jönköping;0680;Kommunal;Jönköping;2120000530;786;51;17;74;.;.;.;.;.;.;276;253;257;
Kumlabyskolan;13609744;Jönköping;0680;Kommunal;Jönköping;2120000530;42;33;..;38;5;7;5;9;4;12;.;.;.;
Kunskapsskolan Jönköping;86562542;Jönköping;0680;Enskild;Kunskapsskolan i Sverige Aktiebolag;5565661815;341;53;35;52;.;.;.;21;29;40;74;100;77;
Kålgårdsskolan;72007217;Jönköping;0680;Kommunal;Jönköping;2120000530;216;45;40;48;48;44;33;34;20;37;.;.;.;
Landsjöskolan;13412549;Jönköping;0680;Kommunal;Jönköping;2120000530;257;47;5;76;36;35;41;42;59;44;.;.;.;
Lekerydsskolan;68620266;Jönköping;0680;Kommunal;Jönköping;2120000530;241;48;2;54;48;38;44;46;37;28;.;.;.;
Ljungarumsskolan 7-9;84917564;Jönköping;0680;Kommunal;Jönköping;2120000530;404;51;16;61;.;.;.;.;.;.;157;117;130;
Ljungarumsskolan F-6;85127185;Jönköping;0680;Kommunal;Jönköping;2120000530;242;49;7;78;19;31;25;49;57;61;.;.;.;
Magelungens grundskola Jönköping;79427132;Jönköping;0680;Enskild;Magelungen Utveckling AB;5564891447;11;55;.;..;.;.;.;.;.;.;2;3;6;
Magnus Ladulåsskolan;17890412;Jönköping;0680;Enskild;J-Son Pedagogikcentrum AB;5566126479;24;42;..;46;.;.;.;.;3;1;2;4;14;
Månsarpsskolan;77787682;Jönköping;0680;Kommunal;Jönköping;2120000530;117;53;..;60;23;28;24;21;21;.;.;.;.;
Nordskogens skola;99502676;Jönköping;0680;Kommunal;Jönköping;2120000530;66;48;8;52;19;24;23;.;.;.;.;.;.;
Norrängsskolan;44131379;Jönköping;0680;Kommunal;Jönköping;2120000530;269;46;30;70;47;46;48;35;49;44;.;.;.;
Nyarpsskolan;28605274;Jönköping;0680;Kommunal;Jönköping;2120000530;243;46;5;81;43;36;33;40;51;40;.;.;.;
Oxhagsskolan;73197151;Jönköping;0680;Kommunal;Jönköping;2120000530;65;46;85;28;65;.;.;.;.;.;.;.;.;
Prolympia, Jönköping;95673344;Jönköping;0680;Enskild;Prolympia AB;5567026454;564;41;16;64;49;47;49;49;47;49;108;86;80;
Ribbaskolan;83919671;Jönköping;0680;Kommunal;Jönköping;2120000530;482;46;9;56;41;31;32;22;19;40;92;98;107;
Rosenlundsskolan 7-9;96558008;Jönköping;0680;Kommunal;Jönköping;2120000530;466;53;39;50;.;.;.;.;.;.;174;148;144;
Rosenlundsskolan F-6;36538130;Jönköping;0680;Kommunal;Jönköping;2120000530;205;46;57;42;47;27;37;31;29;34;.;.;.;
Ryds skola;88057049;Jönköping;0680;Kommunal;Jönköping;2120000530;29;41;..;45;29;.;.;.;.;.;.;.;.;
Råslättsskolan;21464829;Jönköping;0680;Kommunal;Jönköping;2120000530;412;49;84;37;72;79;72;49;76;64;.;.;.;
Sanda idrottshögstadium;98088982;Jönköping;0680;Kommunal;Jönköping;2120000530;226;44;11;76;.;.;.;.;.;.;76;75;75;
Skärstad skola;91672762;Jönköping;0680;Kommunal;Jönköping;2120000530;53;57;..;77;13;18;22;.;.;.;.;.;.;
Slättenskolan;23434523;Jönköping;0680;Kommunal;Jönköping;2120000530;236;47;11;67;53;45;44;46;48;.;.;.;.;
Stadsgårdsskolan;12759583;Jönköping;0680;Kommunal;Jönköping;2120000530;303;55;65;41;.;.;.;.;.;.;95;98;110;
Stensholmsskolan;69408871;Jönköping;0680;Kommunal;Jönköping;2120000530;388;43;12;70;30;35;36;102;102;83;.;.;.;
Strandskolan;23250615;Jönköping;0680;Enskild;Jönköpings Kristna Skolförening;8260017648;139;51;18;82;6;8;12;4;17;19;24;22;27;
Strömsbergsskolan;11247661;Jönköping;0680;Kommunal;Jönköping;2120000530;81;52;7;67;23;30;28;.;.;.;.;.;.;
Södergårdsskolan;85224261;Jönköping;0680;Kommunal;Jönköping;2120000530;367;51;51;44;73;58;78;55;46;57;.;.;.;
Tabergsskolan;87181526;Jönköping;0680;Kommunal;Jönköping;2120000530;191;43;5;64;33;40;35;52;31;.;.;.;.;
Taheskolan;38245682;Jönköping;0680;Kommunal;Jönköping;2120000530;111;50;7;64;20;23;25;25;18;.;.;.;.;
Talavidskolan;61435499;Jönköping;0680;Kommunal;Jönköping;2120000530;351;43;25;75;49;45;52;71;75;59;.;.;.;
Tenhultsskolan;22496996;Jönköping;0680;Kommunal;Jönköping;2120000530;449;48;6;58;74;75;89;74;71;66;.;.;.;
Torpaskolan;10466501;Jönköping;0680;Kommunal;Jönköping;2120000530;387;52;16;66;71;67;59;61;66;63;.;.;.;
Torps skola;98171083;Jönköping;0680;Kommunal;Jönköping;2120000530;266;54;13;85;47;48;40;41;47;43;.;.;.;
Vittra Samset;49572930;Jönköping;0680;Enskild;Vittraskolorna AB;5564586716;215;45;14;75;35;35;35;42;18;19;8;11;12;
Vätterslundsskolan;15406277;Jönköping;0680;Kommunal;Jönköping;2120000530;88;56;16;84;28;30;30;.;.;.;.;.;.;
Ödestugu skola;96013047;Jönköping;0680;Kommunal;Jönköping;2120000530;48;52;..;67;8;10;9;6;9;6;.;.;.;
Ölmstadskolan;36211599;Jönköping;0680;Kommunal;Jönköping;2120000530;172;48;5;60;28;33;23;36;30;22;.;.;.;
Örserumsskolan;12057247;Jönköping;0680;Kommunal;Jönköping;2120000530;34;53;..;74;4;6;1;8;10;5;.;.;.;
Österängsskolan;98273223;Jönköping;0680;Kommunal;Jönköping;2120000530;198;54;92;38;38;41;44;31;25;19;.;.;.;
Öxnehagaskolan;47661909;Jönköping;0680;Kommunal;Jönköping;2120000530;230;49;83;40;.;55;68;30;33;44;.;.;.;
Centrumskolan;33183794;Kalix;2514;Kommunal;Kalix;2120002692;178;43;20;49;34;20;28;31;30;35;.;.;.;
Djuptjärnsskolan;45591937;Kalix;2514;Kommunal;Kalix;2120002692;158;53;4;47;25;27;34;19;33;20;.;.;.;
Innanbäckens skola;35503602;Kalix;2514;Kommunal;Kalix;2120002692;116;42;8;59;16;18;21;22;21;18;.;.;.;
Manhemsskolan;10617819;Kalix;2514;Kommunal;Kalix;2120002692;449;48;11;53;.;.;.;.;.;.;155;132;162;
Norrskenet Kalix;20525218;Kalix;2514;Enskild;Pysslingen Förskolor och Skolor AB;5560354309;156;50;6;53;21;19;20;12;13;12;17;28;14;
Näsbyskolan;41544515;Kalix;2514;Kommunal;Kalix;2120002692;176;47;17;48;20;22;29;32;34;39;.;.;.;
Sangis skola;43043051;Kalix;2514;Kommunal;Kalix;2120002692;47;60;13;47;10;6;11;7;8;5;.;.;.;
Töre skola;77268380;Kalix;2514;Kommunal;Kalix;2120002692;89;40;28;34;19;17;17;10;17;9;.;.;.;
Ytterbyns skola;94022488;Kalix;2514;Kommunal;Kalix;2120002692;72;57;..;72;7;12;16;8;14;15;.;.;.;
Barkestorpsskolan;58215076;Kalmar;0880;Kommunal;Kalmar;2120000746;202;54;24;51;.;.;.;.;.;.;59;75;68;
Djurängsskolan;15356393;Kalmar;0880;Kommunal;Kalmar;2120000746;142;44;25;65;29;14;25;24;15;35;.;.;.;
Dörbyskolan;36407051;Kalmar;0880;Kommunal;Kalmar;2120000746;336;49;32;56;66;66;49;54;51;50;.;.;.;
Falkenbergsskolan;99856371;Kalmar;0880;Kommunal;Kalmar;2120000746;516;49;18;73;40;24;46;30;50;43;105;86;92;
Funkaboskolan;21736926;Kalmar;0880;Kommunal;Kalmar;2120000746;681;49;34;64;77;60;62;62;43;56;121;98;102;
Hagbyskolan;27272633;Kalmar;0880;Kommunal;Kalmar;2120000746;162;56;7;68;28;34;30;23;25;22;.;.;.;
Halltorpsskolan;39111157;Kalmar;0880;Kommunal;Kalmar;2120000746;84;55;17;50;24;12;12;11;15;10;.;.;.;
Kalmar waldorfskola;16517618;Kalmar;0880;Enskild;Stiftelsen Kalmar Waldorfskola;8324012288;86;47;23;86;6;7;11;11;4;12;6;13;16;
Kalmarsundsskolan;24092221;Kalmar;0880;Kommunal;Kalmar;2120000746;783;48;50;53;105;87;85;113;84;67;90;74;78;
Lindsdalsskolorna;51848797;Kalmar;0880;Kommunal;Kalmar;2120000746;954;51;13;66;125;97;98;105;100;102;116;106;105;
Lindöskolan;63673299;Kalmar;0880;Kommunal;Kalmar;2120000746;260;53;14;73;41;43;38;46;40;52;.;.;.;
Ljungbyholmsskolan;83034316;Kalmar;0880;Kommunal;Kalmar;2120000746;250;51;7;65;34;40;39;42;49;46;.;.;.;
Montessoriskolan Regnbågen;16372076;Kalmar;0880;Enskild;Folkuniversitetets Skolor AB;5561645226;83;51;17;84;16;15;17;13;13;9;.;.;.;
Pårydsskolan;43442452;Kalmar;0880;Kommunal;Kalmar;2120000746;88;52;16;38;8;7;9;26;16;22;.;.;.;
Rinkabyholmsskolan;55238162;Kalmar;0880;Kommunal;Kalmar;2120000746;364;51;4;85;76;52;62;68;55;51;.;.;.;
Rocknebyskolan;74676128;Kalmar;0880;Kommunal;Kalmar;2120000746;219;42;7;66;38;37;35;54;24;31;.;.;.;
Solhagaskolan;87544967;Kalmar;0880;Enskild;Nytida Solängen AB;5566684345;22;23;.;68;.;.;.;.;.;2;6;6;8;
Södermöreskolan;79012102;Kalmar;0880;Kommunal;Kalmar;2120000746;243;49;11;57;.;.;.;.;.;.;89;69;85;
Södra skolan;13936858;Kalmar;0880;Enskild;Södra skolan i Kalmar AB;5566966031;342;55;8;81;14;10;20;25;23;25;75;75;75;
Thoren Framtid i Kalmar;30881651;Kalmar;0880;Enskild;Thoren Framtid AB;5567497051;127;42;77;22;12;13;22;6;17;15;13;14;15;
Trekantenskolan;61033733;Kalmar;0880;Kommunal;Kalmar;2120000746;212;46;7;62;36;36;34;33;36;37;.;.;.;
Tvärskogsskolan;76371416;Kalmar;0880;Kommunal;Kalmar;2120000746;30;50;..;63;13;6;11;.;.;.;.;.;.;
Vasaskolan;18784702;Kalmar;0880;Kommunal;Kalmar;2120000746;596;48;22;69;57;78;86;51;71;75;57;50;71;
Västra Skolan Kalmar;94235119;Kalmar;0880;Enskild;CIS Kalmar AB;5565896213;147;44;9;72;.;.;.;.;.;.;46;51;50;
Åbyskolan;58247022;Kalmar;0880;Kommunal;Kalmar;2120000746;186;53;5;66;31;33;38;27;26;31;.;.;.;
Carl Johanskolan;34231336;Karlsborg;1446;Kommunal;Karlsborg;2120001629;230;47;10;55;.;.;.;.;.;.;73;82;75;
Forsviks friskola;54962744;Karlsborg;1446;Enskild;Forsviks Friskola;8655010661;99;43;13;57;9;18;18;18;21;15;.;.;.;
Mölltorpskolan;72757148;Karlsborg;1446;Kommunal;Karlsborg;2120001629;110;45;17;58;15;21;13;19;20;22;.;.;.;
Strandskolan;22891571;Karlsborg;1446;Kommunal;Karlsborg;2120001629;206;57;19;58;39;34;33;34;39;27;.;.;.;
Bodestorpsskolan;83020943;Karlshamn;1082;Kommunal;Karlshamn;2120000845;352;51;35;67;53;65;55;63;59;57;.;.;.;
Hällaryds skola;75372005;Karlshamn;1082;Kommunal;Karlshamn;2120000845;62;50;..;55;11;12;9;7;9;14;.;.;.;
Karlshamns Montessoriskola;23032196;Karlshamn;1082;Enskild;Karlshamns Montessori-Skola- Ekonomisk Förening;7696004071;107;52;15;85;20;21;16;15;17;18;.;.;.;
Klockebacksskolan;64496478;Karlshamn;1082;Kommunal;Karlshamn;2120000845;293;51;23;54;45;65;45;47;44;47;.;.;.;
Korpadalsskolan;21244566;Karlshamn;1082;Kommunal;Karlshamn;2120000845;288;45;11;66;38;51;52;57;45;45;.;.;.;
Möllegårdens skola;47955009;Karlshamn;1082;Kommunal;Karlshamn;2120000845;205;50;32;40;27;28;37;35;41;37;.;.;.;
Mörrums skolor;37589444;Karlshamn;1082;Kommunal;Karlshamn;2120000845;326;46;15;56;62;68;70;67;59;.;.;.;.;
Norrevångskolan;89878714;Karlshamn;1082;Kommunal;Karlshamn;2120000845;262;46;18;49;.;.;.;.;.;64;75;77;46;
Prästslättsskolan;11703307;Karlshamn;1082;Kommunal;Karlshamn;2120000845;283;46;36;58;43;45;55;49;47;44;.;.;.;
Stenbackaskolan;16767324;Karlshamn;1082;Kommunal;Karlshamn;2120000845;316;50;23;52;.;.;.;.;.;.;104;115;97;
Sternöskolan;83380643;Karlshamn;1082;Kommunal;Karlshamn;2120000845;125;51;54;46;20;21;21;17;23;23;.;.;.;
Thoren Framtid i Karlshamn;16249641;Karlshamn;1082;Enskild;Thoren Framtid AB;5567497051;230;50;17;67;.;.;.;.;.;.;76;76;78;
Waldorfskolan i Karlshamn;22909101;Karlshamn;1082;Enskild;Daggkåpan Ekonomisk Förening;7164056082;99;48;9;65;11;13;9;12;9;15;10;14;6;
Åryds Friskola;45295878;Karlshamn;1082;Enskild;Åryds Friskola;8024419700;43;53;.;51;13;5;4;6;6;9;.;.;.;
Österslättsskolan;43859477;Karlshamn;1082;Kommunal;Karlshamn;2120000845;325;46;30;58;.;.;.;.;.;.;98;93;134;
Aggerudsskolan;37648907;Karlskoga;1883;Kommunal;Karlskoga;2120001991;365;50;25;55;56;53;55;67;77;57;.;.;.;
Bregårdsskolan 4-6;22049477;Karlskoga;1883;Kommunal;Karlskoga;2120001991;161;53;25;62;.;.;.;50;58;53;.;.;.;
Bregårdsskolan 7-9;71762216;Karlskoga;1883;Kommunal;Karlskoga;2120001991;370;42;26;50;.;.;.;.;.;.;142;110;118;
Bråtenskolan;23655127;Karlskoga;1883;Kommunal;Karlskoga;2120001991;249;47;8;53;35;46;45;39;42;42;.;.;.;
Granbergsdals skola;85486578;Karlskoga;1883;Enskild;Lonnhyttans Skola Ekonomisk Förening;7164532033;48;48;..;50;.;5;7;12;13;11;.;.;.;
Häsängsskolan;76977393;Karlskoga;1883;Kommunal;Karlskoga;2120001991;60;48;55;38;60;.;.;.;.;.;.;.;.;
Karlbergsskolan;44008528;Karlskoga;1883;Kommunal;Karlskoga;2120001991;355;50;29;35;50;55;58;62;61;69;.;.;.;
Lonnhyttans skola;45136198;Karlskoga;1883;Enskild;Lonnhyttans Skola Ekonomisk Förening;7164532033;18;78;.;44;18;.;.;.;.;.;.;.;.;
Rävåsskolan;16112812;Karlskoga;1883;Kommunal;Karlskoga;2120001991;159;46;26;54;52;51;56;.;.;.;.;.;.;
Sandviksskolan;84776762;Karlskoga;1883;Kommunal;Karlskoga;2120001991;298;50;21;51;43;45;50;51;57;52;.;.;.;
Skrantaskolan;65654358;Karlskoga;1883;Kommunal;Karlskoga;2120001991;354;48;31;47;.;.;.;.;.;.;130;107;117;
Stråningstorpsskolan;19425825;Karlskoga;1883;Kommunal;Karlskoga;2120001991;310;49;45;41;.;71;67;62;56;54;.;.;.;
Österledskolan;34767418;Karlskoga;1883;Kommunal;Karlskoga;2120001991;281;51;16;51;.;.;.;.;.;.;100;98;83;
Aspöskolan F-6;20767970;Karlskrona;1080;Kommunal;Karlskrona;2120000829;32;53;16;81;7;5;3;7;5;5;.;.;.;
Fridlevstadsskolan F-6;30142871;Karlskrona;1080;Kommunal;Karlskrona;2120000829;108;48;19;59;14;22;17;19;16;20;.;.;.;
Friskolan Svettpärlan;93964634;Karlskrona;1080;Enskild;Friskolan Svettpärlan AB;5565570446;236;48;8;86;27;26;26;25;27;26;27;26;26;
Fågelmaraskolan F-6;52201227;Karlskrona;1080;Kommunal;Karlskrona;2120000829;79;38;8;57;11;15;16;16;12;9;.;.;.;
Galären Rosenholm;10662754;Karlskrona;1080;Enskild;AcadeMedia fria grundskolor AB;5569320699;365;44;18;71;10;13;9;19;16;20;103;78;97;
Hasslöskolan F-6;57420772;Karlskrona;1080;Kommunal;Karlskrona;2120000829;110;53;6;69;18;19;18;26;16;13;.;.;.;
Holmsjöskolan F-6;55030330;Karlskrona;1080;Kommunal;Karlskrona;2120000829;71;35;14;51;16;10;11;11;15;8;.;.;.;
Hästöskolan F-6;88401011;Karlskrona;1080;Kommunal;Karlskrona;2120000829;156;47;19;92;23;18;28;30;32;25;.;.;.;
Jämjö kyrkskola F-3;17915277;Karlskrona;1080;Kommunal;Karlskrona;2120000829;158;54;3;66;50;48;60;.;.;.;.;.;.;
Jändelskolan 4-6;78789031;Karlskrona;1080;Kommunal;Karlskrona;2120000829;150;53;7;59;.;.;.;48;51;51;.;.;.;
Jändelskolan 7-9;20104552;Karlskrona;1080;Kommunal;Karlskrona;2120000829;293;53;3;53;.;.;.;.;.;.;89;100;104;
Karlskrona Internationella grundskola*;22763731;Karlskrona;1080;Kommunal;Karlskrona;2120000829;31;61;61;55;7;1;.;9;3;.;4;3;4;
Karlskrona Montessorifriskola;67509465;Karlskrona;1080;Enskild;Karlskrona Montessorifriskola AB;5565030599;218;48;17;86;23;25;24;24;24;23;26;24;25;
Karlskrona Språkfriskola;76776855;Karlskrona;1080;Enskild;Karlskrona Språkfriskola AB;5568076375;144;45;10;82;16;25;26;26;25;26;.;.;.;
Kättilsmålaskolan F-6;35751509;Karlskrona;1080;Kommunal;Karlskrona;2120000829;55;45;.;71;9;8;12;11;7;8;.;.;.;
Lyckeby kunskapscentrum F-9;55709634;Karlskrona;1080;Kommunal;Karlskrona;2120000829;547;52;29;67;21;21;38;41;35;49;111;123;108;
Musikugglan;93919365;Karlskrona;1080;Enskild;Tant Grön AB;5564127099;474;50;11;83;53;52;53;53;52;54;54;55;48;
Nättraby kunskapscentrum 7-9;26209081;Karlskrona;1080;Kommunal;Karlskrona;2120000829;339;53;4;81;.;.;.;.;.;.;116;112;111;
Nättraby kunskapscentrum F-6;33845802;Karlskrona;1080;Kommunal;Karlskrona;2120000829;441;51;5;84;63;70;71;75;89;73;.;.;.;
Piggelinen;99469094;Karlskrona;1080;Enskild;Friskolan PANEA AB;5567260954;205;42;35;57;16;26;25;20;27;22;24;27;18;
Ramdalaskolan F-6;51415031;Karlskrona;1080;Kommunal;Karlskrona;2120000829;160;44;..;68;28;31;32;17;27;25;.;.;.;
Rosenfeldtskolan F-6;12935859;Karlskrona;1080;Kommunal;Karlskrona;2120000829;236;51;36;55;42;36;40;42;44;32;.;.;.;
Rosenholmskolan Sport College 7-9;89523926;Karlskrona;1080;Kommunal;Karlskrona;2120000829;164;30;..;81;.;.;.;.;.;.;54;55;55;
Rödebyskolan F-9;32421136;Karlskrona;1080;Kommunal;Karlskrona;2120000829;654;49;6;58;68;55;63;48;56;75;101;94;94;
Saltöskolan F-6;37053461;Karlskrona;1080;Kommunal;Karlskrona;2120000829;121;47;24;75;21;22;23;14;20;21;.;.;.;
Spandelstorpskolan F-6;58982564;Karlskrona;1080;Kommunal;Karlskrona;2120000829;360;53;10;78;52;63;67;47;67;64;.;.;.;
Strömsbergs Friskola;58881130;Karlskrona;1080;Enskild;Friskolan i Strömsberg AB;5568823859;49;57;..;61;15;6;6;10;7;5;.;.;.;
Sturköskolan F-6;55592897;Karlskrona;1080;Kommunal;Karlskrona;2120000829;88;51;..;61;14;9;14;16;17;18;.;.;.;
Sunnadalskolan F-9;21608206;Karlskrona;1080;Kommunal;Karlskrona;2120000829;354;53;94;30;50;52;50;41;33;40;22;40;26;
Torhamnskolan F-6;22552676;Karlskrona;1080;Kommunal;Karlskrona;2120000829;43;44;12;56;7;5;9;4;7;11;.;.;.;
Tullskolan F-6;14388216;Karlskrona;1080;Kommunal;Karlskrona;2120000829;160;48;69;58;34;26;26;29;21;24;.;.;.;
Tvingskola F-6;62925600;Karlskrona;1080;Kommunal;Karlskrona;2120000829;35;43;..;54;8;11;.;.;12;4;.;.;.;
Verköskolan F-2;95695515;Karlskrona;1080;Kommunal;Karlskrona;2120000829;24;58;25;100;14;10;.;.;.;.;.;.;.;
Wämöskolan 7-9;63323984;Karlskrona;1080;Kommunal;Karlskrona;2120000829;287;46;40;65;.;.;.;.;.;.;111;84;92;
Östra Torpskolan F-6;28023411;Karlskrona;1080;Kommunal;Karlskrona;2120000829;236;44;14;69;34;42;40;42;33;45;.;.;.;
Backa Friskola;71069295;Karlstad;1780;Enskild;Nyed Friskola Ekonomisk förening;7696278477;.;.;.;.;.;.;.;.;.;.;.;.;.;
Fredricelundsskolan;15838696;Karlstad;1780;Kommunal;Karlstad;2120001850;246;50;55;40;46;52;50;34;31;33;.;.;.;
Frödingskolan;22049068;Karlstad;1780;Kommunal;Karlstad;2120001850;317;49;70;38;.;.;.;54;63;55;42;49;54;
Färjestadsskolan 4-6;41529488;Karlstad;1780;Kommunal;Karlstad;2120001850;184;49;40;51;.;.;.;68;60;56;.;.;.;
Färjestadsskolan F-3;44474627;Karlstad;1780;Kommunal;Karlstad;2120001850;229;47;41;54;83;76;70;.;.;.;.;.;.;
Hagaborgsskolan;55511360;Karlstad;1780;Kommunal;Karlstad;2120001850;152;44;13;75;46;54;52;.;.;.;.;.;.;
Herrhagsskolan 4-6;25558716;Karlstad;1780;Kommunal;Karlstad;2120001850;137;54;15;67;.;.;.;50;39;48;.;.;.;
Herrhagsskolan F-3;25587225;Karlstad;1780;Kommunal;Karlstad;2120001850;172;51;17;70;59;57;56;.;.;.;.;.;.;
Hultsbergsskolan 7-9;99406709;Karlstad;1780;Kommunal;Karlstad;2120001850;194;54;22;66;.;.;.;.;.;.;59;66;69;
Hultsbergsskolan F-6;80699670;Karlstad;1780;Kommunal;Karlstad;2120001850;283;48;7;79;60;55;47;45;25;51;.;.;.;
Ilandaskolan;27418903;Karlstad;1780;Kommunal;Karlstad;2120001850;459;44;5;82;.;.;.;.;.;.;150;175;134;
Internationella Engelska Skolan Karlstad;93730568;Karlstad;1780;Enskild;Internationella Engelska Skolan i Sverige AB;5564624368;842;52;31;77;.;.;.;119;120;128;158;158;159;
Kronoparksskolan;57384233;Karlstad;1780;Kommunal;Karlstad;2120001850;269;44;60;43;95;83;91;.;.;.;.;.;.;
Kroppkärrsskolan;16972478;Karlstad;1780;Kommunal;Karlstad;2120001850;349;49;5;85;53;56;66;49;75;50;.;.;.;
Kvarnbergsskolan;94659471;Karlstad;1780;Kommunal;Karlstad;2120001850;230;46;20;77;35;48;36;29;40;42;.;.;.;
Mariebergsskolan;81424988;Karlstad;1780;Kommunal;Karlstad;2120001850;327;48;23;62;.;.;.;.;.;.;134;101;92;
Montessorifriskolan Stellatus;37922640;Karlstad;1780;Enskild;Montessorifriskolan Stellatus Ekonomisk Förening;7696041107;80;45;15;94;19;17;18;10;9;7;.;.;.;
Nordic International School Karlstad;14290135;Karlstad;1780;Enskild;Kronoberg Skola Aktiebolag;5566102033;179;51;49;75;.;.;.;24;29;30;53;31;12;
Norrstrandsskolan 4-6;54409456;Karlstad;1780;Kommunal;Karlstad;2120001850;229;51;11;83;.;.;.;71;82;76;.;.;.;
Norrstrandsskolan Terra Ignis;83999935;Karlstad;1780;Kommunal;Karlstad;2120001850;277;44;17;63;.;.;.;.;.;.;87;84;106;
Norrstrandsskolan Ventus Aqua;57635312;Karlstad;1780;Kommunal;Karlstad;2120001850;222;62;13;75;.;.;.;.;.;.;74;85;63;
Nyeds skola;41081474;Karlstad;1780;Kommunal;Karlstad;2120001850;280;49;7;52;35;40;34;35;23;28;29;29;27;
Orrholmsskolan;67510587;Karlstad;1780;Kommunal;Karlstad;2120001850;131;44;41;47;20;23;27;18;23;20;.;.;.;
Rudsskolan;23345056;Karlstad;1780;Kommunal;Karlstad;2120001850;510;43;16;71;.;.;.;.;.;.;180;180;150;
Råtorpsskolan;48111694;Karlstad;1780;Kommunal;Karlstad;2120001850;222;45;4;86;37;22;28;50;35;50;.;.;.;
Skattkärrsskolan;48300153;Karlstad;1780;Kommunal;Karlstad;2120001850;376;47;6;76;67;66;63;73;44;63;.;.;.;
Skåreskolan;42264769;Karlstad;1780;Kommunal;Karlstad;2120001850;266;49;3;77;20;33;27;64;66;56;.;.;.;
Stockfallets skola;43889515;Karlstad;1780;Kommunal;Karlstad;2120001850;186;48;8;83;45;37;37;31;14;22;.;.;.;
Stodeneskolan;16944326;Karlstad;1780;Kommunal;Karlstad;2120001850;286;49;4;83;55;48;48;50;40;45;.;.;.;
Södra Råtorps skola;62565038;Karlstad;1780;Kommunal;Karlstad;2120001850;76;46;..;83;26;24;26;.;.;.;.;.;.;
Thoren Framtid Karlstad;85092070;Karlstad;1780;Enskild;Thorengruppen AB;5566139290;251;48;16;69;30;36;30;29;14;20;27;23;42;
Tuggeliteskolan;70178983;Karlstad;1780;Kommunal;Karlstad;2120001850;121;45;..;87;40;37;44;.;.;.;.;.;.;
Vallargärdets skola;87919224;Karlstad;1780;Kommunal;Karlstad;2120001850;147;45;6;78;21;24;23;21;28;30;.;.;.;
Vålbergsskolan 4-9;80659104;Karlstad;1780;Kommunal;Karlstad;2120001850;288;49;17;44;.;.;.;46;44;59;52;32;55;
Vålbergsskolan F-3;41284234;Karlstad;1780;Kommunal;Karlstad;2120001850;146;53;18;47;48;52;46;.;.;.;.;.;.;
Väse skola;60085423;Karlstad;1780;Kommunal;Karlstad;2120001850;103;48;..;60;22;16;17;11;19;18;.;.;.;
Västerstrandsskolan 4-6;20905208;Karlstad;1780;Kommunal;Karlstad;2120001850;141;50;18;74;.;.;.;59;38;44;.;.;.;
Västerstrandsskolan F-3;20640247;Karlstad;1780;Kommunal;Karlstad;2120001850;199;51;23;77;65;69;64;1;.;.;.;.;.;
Bie skola;12384005;Katrineholm;0483;Kommunal;Katrineholm;2120000340;55;40;..;49;13;11;15;7;3;6;.;.;.;
Björkviks skola;33139103;Katrineholm;0483;Kommunal;Katrineholm;2120000340;70;44;..;36;10;11;17;14;12;6;.;.;.;
Forssjö skola;37569310;Katrineholm;0483;Kommunal;Katrineholm;2120000340;95;46;6;53;11;20;12;15;17;20;.;.;.;
Julita skola;33912115;Katrineholm;0483;Kommunal;Katrineholm;2120000340;67;51;.;64;14;8;12;12;8;13;.;.;.;
Järvenskolan;89029385;Katrineholm;0483;Kommunal;Katrineholm;2120000340;998;46;39;43;.;.;.;.;.;.;311;358;329;
Järvenskolan City;49104656;Katrineholm;0483;Kommunal;Katrineholm;2120000340;54;28;20;33;.;.;.;.;.;.;22;17;15;
Kunskapsskolan Katrineholm;16603772;Katrineholm;0483;Enskild;Kunskapsskolan i Sverige Aktiebolag;5565661815;461;51;11;69;.;.;.;58;69;70;90;86;88;
Nyhemsskolan;37597661;Katrineholm;0483;Kommunal;Katrineholm;2120000340;402;44;51;39;72;60;74;66;66;64;.;.;.;
Sandbäcksskolan;53737995;Katrineholm;0483;Kommunal;Katrineholm;2120000340;473;49;34;44;88;71;79;74;81;80;.;.;.;
Skogsborgsskolan;93823142;Katrineholm;0483;Kommunal;Katrineholm;2120000340;455;47;41;53;87;74;79;61;79;75;.;.;.;
Sköldinge skola;84967178;Katrineholm;0483;Kommunal;Katrineholm;2120000340;66;39;9;33;9;13;14;6;12;12;.;.;.;
Strångsjö skola;85558176;Katrineholm;0483;Kommunal;Katrineholm;2120000340;43;51;..;37;8;6;9;7;5;8;.;.;.;
Valla skola;46617602;Katrineholm;0483;Kommunal;Katrineholm;2120000340;157;50;10;41;38;31;31;17;20;20;.;.;.;
Västra skolan;86780202;Katrineholm;0483;Kommunal;Katrineholm;2120000340;239;57;59;32;66;47;32;32;29;33;.;.;.;
Östra skolan;90281349;Katrineholm;0483;Kommunal;Katrineholm;2120000340;147;56;46;33;27;24;18;28;25;25;.;.;.;
Bodaskolan;34568098;Kil;1715;Kommunal;Kil;2120001751;60;47;..;53;9;14;12;7;9;9;.;.;.;
Dallidenskolan;71005223;Kil;1715;Kommunal;Kil;2120001751;118;43;..;62;27;21;16;16;17;21;.;.;.;
Fageråsskolan;22252335;Kil;1715;Kommunal;Kil;2120001751;60;48;..;45;15;13;4;15;4;9;.;.;.;
Sannerudsskolan 0-6;60285528;Kil;1715;Kommunal;Kil;2120001751;190;51;33;48;34;38;33;36;26;23;.;.;.;
Sannerudsskolan 7-9;83291761;Kil;1715;Kommunal;Kil;2120001751;386;52;7;51;.;.;.;.;.;.;118;132;136;
Stenåsenskolan;42597706;Kil;1715;Kommunal;Kil;2120001751;104;53;5;61;14;18;20;18;18;16;.;.;.;
Tolitaskolan;99742257;Kil;1715;Kommunal;Kil;2120001751;72;47;..;49;18;9;14;6;11;14;.;.;.;
Vikstaskolan;25656550;Kil;1715;Kommunal;Kil;2120001751;238;51;4;64;43;52;40;32;39;32;.;.;.;
Bäckskolan;87726834;Kinda;0513;Kommunal;Kinda;2120000399;139;43;19;38;49;41;49;.;.;.;.;.;.;
Horn skola;81739203;Kinda;0513;Kommunal;Kinda;2120000399;55;47;25;38;9;8;6;11;12;9;.;.;.;
Rimforsa skola 4-6;11270670;Kinda;0513;Kommunal;Kinda;2120000399;134;47;7;70;.;.;.;46;42;46;.;.;.;
Rimforsa skola F-3;10524420;Kinda;0513;Kommunal;Kinda;2120000399;146;51;..;72;46;43;57;.;.;.;.;.;.;
Värgårdsskolan 4-6;31941469;Kinda;0513;Kommunal;Kinda;2120000399;162;44;22;27;.;.;.;56;54;52;.;.;.;
Värgårdsskolan 7-9;75296593;Kinda;0513;Kommunal;Kinda;2120000399;361;54;16;43;.;.;.;.;.;.;127;108;126;
Abisko skola;76026322;Kiruna;2584;Kommunal;Kiruna;2120002783;12;58;..;75;3;.;2;1;1;2;2;1;.;
Bergaskolan;89218995;Kiruna;2584;Kommunal;Kiruna;2120002783;116;52;23;53;21;12;22;23;19;19;.;.;.;
Friluftsskolan Vargen;73281949;Kiruna;2584;Enskild;Vargen i Kiruna AB;5568215999;143;47;..;79;.;.;.;24;24;24;24;24;23;
Högalidskolan 7-9;80693905;Kiruna;2584;Kommunal;Kiruna;2120002783;304;50;13;49;.;.;.;.;.;.;110;99;95;
Högalidskolan F-6;72627616;Kiruna;2584;Kommunal;Kiruna;2120002783;144;45;22;56;21;23;24;29;23;24;.;.;.;
Jukkasjärvi skola;60427298;Kiruna;2584;Kommunal;Kiruna;2120002783;87;51;..;43;20;20;23;14;10;.;.;.;.;
Karesuando skola;79467784;Kiruna;2584;Kommunal;Kiruna;2120002783;57;39;18;37;1;2;3;.;3;.;22;9;17;
Luossavaaraskolan;21524917;Kiruna;2584;Kommunal;Kiruna;2120002783;137;50;11;53;23;25;23;25;20;21;.;.;.;
Nya Raketskolan 4-5;73233718;Kiruna;2584;Kommunal;Kiruna;2120002783;134;48;10;44;.;.;.;67;67;.;.;.;.;
Nya Raketskolan 6-9;43351950;Kiruna;2584;Kommunal;Kiruna;2120002783;302;47;10;51;.;.;.;.;.;70;79;76;77;
Nya Raketskolan F-3;12159934;Kiruna;2584;Kommunal;Kiruna;2120002783;211;53;11;42;71;71;69;.;.;.;.;.;.;
Svappavaara skola;21462543;Kiruna;2584;Kommunal;Kiruna;2120002783;25;48;36;28;2;6;5;4;5;3;.;.;.;
Triangelskolan;14938538;Kiruna;2584;Kommunal;Kiruna;2120002783;209;49;7;56;21;22;22;25;23;21;26;23;26;
Tulinkisuando Friskola;17979485;Kiruna;2584;Enskild;Tulinkisuando Friskoleförening;8024175567;22;36;..;32;4;.;6;2;2;8;.;.;.;
Tuolluvaara skola;84886020;Kiruna;2584;Kommunal;Kiruna;2120002783;93;54;..;45;16;14;20;14;15;14;.;.;.;
Vita Viddernas barnskola;58205262;Kiruna;2584;Enskild;Uterummet i Kiruna AB;5568239098;72;49;..;79;24;24;24;.;.;.;.;.;.;
Vittangi skola;76314428;Kiruna;2584;Kommunal;Kiruna;2120002783;82;60;20;32;10;11;10;11;10;8;9;7;6;
Övre Soppero skola;30318937;Kiruna;2584;Kommunal;Kiruna;2120002783;10;60;..;90;1;.;3;1;5;.;.;.;.;
Antilopenskolan;22186991;Klippan;1276;Kommunal;Klippan;2120000928;180;47;59;40;42;28;30;28;25;27;.;.;.;
Bofinkenskolan;16737229;Klippan;1276;Kommunal;Klippan;2120000928;206;46;12;55;38;43;50;25;25;25;.;.;.;
I Ur och Skur, Statarlängan;90113898;Klippan;1276;Enskild;Föräldra- och Personalkooperativet i Ur och Skur;7696026090;50;44;12;52;12;13;13;12;.;.;.;.;.;
Krika Bygdeskola;88988946;Klippan;1276;Enskild;Krika Skola Ideell Förening;8376008812;93;54;11;51;16;14;17;16;16;14;.;.;.;
Ljungbyhedsskolan;75091646;Klippan;1276;Kommunal;Klippan;2120000928;332;46;19;40;21;17;30;29;27;39;54;67;48;
Pilagårdsskolan;45890320;Klippan;1276;Kommunal;Klippan;2120000928;189;52;21;44;32;40;37;31;21;28;.;.;.;
Snyggatorpsskolan 1;10822811;Klippan;1276;Kommunal;Klippan;2120000928;554;49;40;38;27;22;28;31;28;27;146;121;124;
Vedby skola;91920964;Klippan;1276;Kommunal;Klippan;2120000928;135;56;11;49;16;25;26;23;19;26;.;.;.;
Adolfsbergsskolan;22335099;Knivsta;0330;Kommunal;Knivsta;2120003013;491;51;9;75;.;.;.;1;61;79;108;134;108;
Alsike skola;49742321;Knivsta;0330;Kommunal;Knivsta;2120003013;289;44;15;74;65;46;49;45;42;42;.;.;.;
Brännkärrsskolan;59464350;Knivsta;0330;Kommunal;Knivsta;2120003013;205;43;8;81;53;49;56;47;.;.;.;.;.;
Högåsskolan;75149624;Knivsta;0330;Kommunal;Knivsta;2120003013;324;50;10;80;60;53;60;58;45;48;.;.;.;
Lagga skola;30064502;Knivsta;0330;Kommunal;Knivsta;2120003013;74;43;..;65;21;17;5;11;10;10;.;.;.;
Långhundra skola;72061363;Knivsta;0330;Kommunal;Knivsta;2120003013;86;35;7;44;13;16;9;16;18;14;.;.;.;
Margarethaskolan;51867275;Knivsta;0330;Enskild;Knivsta Friskola Ekonomisk Förening;7696042618;161;44;5;88;21;26;22;14;21;17;17;9;14;
Segerstaskolan;69174303;Knivsta;0330;Kommunal;Knivsta;2120003013;212;49;27;56;36;23;39;28;56;30;.;.;.;
S:ta Maria Skola, Alsike;27371086;Knivsta;0330;Enskild;Knivsta Pastorat;2520032059;73;53;14;84;23;13;18;19;.;.;.;.;.;
Thunmanskolan;92364234;Knivsta;0330;Kommunal;Knivsta;2120003013;360;47;17;61;.;.;.;.;.;.;118;117;125;
Ängbyskolan;24774687;Knivsta;0330;Kommunal;Knivsta;2120003013;262;45;7;77;52;45;56;29;38;42;.;.;.;
Bollstaskolan;68749277;Kramfors;2282;Kommunal;Kramfors;2120002429;163;49;27;34;31;34;22;27;25;24;.;.;.;
Docksta Friskola;63175758;Kramfors;2282;Enskild;DOCKSTA FRISKOLA Ekonomisk förening;7696227094;51;49;..;47;5;11;7;10;8;10;.;.;.;
Grämestaskolan;76249351;Kramfors;2282;Kommunal;Kramfors;2120002429;83;42;34;39;15;13;9;19;14;13;.;.;.;
Gudmundråskolan;11159060;Kramfors;2282;Kommunal;Kramfors;2120002429;311;48;30;33;.;.;.;.;.;.;97;106;108;
Högakustenskolan;75515918;Kramfors;2282;Kommunal;Kramfors;2120002429;262;52;16;42;15;13;11;13;17;23;67;44;59;
Kramforsskolan;63885390;Kramfors;2282;Kommunal;Kramfors;2120002429;225;47;26;42;.;.;.;70;75;80;.;.;.;
Nordingråskolan;63916639;Kramfors;2282;Kommunal;Kramfors;2120002429;55;53;15;49;8;6;12;13;6;10;.;.;.;
Nylandsskolan;43334647;Kramfors;2282;Kommunal;Kramfors;2120002429;116;59;14;46;16;17;23;19;19;22;.;.;.;
Skarpåkersskolan;80372390;Kramfors;2282;Kommunal;Kramfors;2120002429;213;52;32;44;72;70;71;.;.;.;.;.;.;
Ullångersskolan;13336657;Kramfors;2282;Kommunal;Kramfors;2120002429;68;47;18;53;8;11;8;14;15;12;.;.;.;
Ytterlännässkolan;30403490;Kramfors;2282;Kommunal;Kramfors;2120002429;104;46;21;42;.;.;.;.;.;.;30;19;55;
Antonskolan Blekedamm;14555807;Kristianstad;1290;Enskild;Anton Utbildning AB;5566024906;212;47;14;76;16;19;19;22;23;22;24;23;44;
Antonskolan Österäng;57538739;Kristianstad;1290;Enskild;Anton Utbildning AB;5566024906;201;48;67;53;22;22;21;22;22;22;20;30;20;
Axonaskolan i Tollarp;81452013;Kristianstad;1290;Enskild;Axona Dendron AB;5565937868;164;47;8;71;21;16;20;21;21;16;17;17;15;
Centralskolan L;39054632;Kristianstad;1290;Kommunal;Kristianstad;2120000951;34;47;79;21;34;.;.;.;.;.;.;.;.;
Centralskolan LM;40305649;Kristianstad;1290;Kommunal;Kristianstad;2120000951;200;46;86;31;.;45;29;50;38;38;.;.;.;
Degebergaskolan L;58968208;Kristianstad;1290;Kommunal;Kristianstad;2120000951;62;44;..;55;24;22;16;.;.;.;.;.;.;
Degebergaskolan MH;58419840;Kristianstad;1290;Kommunal;Kristianstad;2120000951;233;40;7;49;.;.;.;44;25;40;37;46;41;
Everöds skola;27858536;Kristianstad;1290;Kommunal;Kristianstad;2120000951;71;55;7;41;11;13;14;20;13;.;.;.;.;
Fjälkestads skola;54270070;Kristianstad;1290;Kommunal;Kristianstad;2120000951;85;59;16;72;.;.;.;27;38;20;.;.;.;
Fjälkinge skola L;12725451;Kristianstad;1290;Kommunal;Kristianstad;2120000951;98;60;14;55;35;31;32;.;.;.;.;.;.;
Fjälkinge skola MH;13867770;Kristianstad;1290;Kommunal;Kristianstad;2120000951;285;38;12;54;.;.;.;29;27;29;70;76;54;
Fröknegårdskolan H1;80871896;Kristianstad;1290;Kommunal;Kristianstad;2120000951;186;50;70;45;.;.;.;.;.;.;53;133;.;
Fröknegårdskolan H2;97438636;Kristianstad;1290;Kommunal;Kristianstad;2120000951;203;59;71;43;.;.;.;.;.;.;77;.;126;
Fröknegårdskolan LM;51988106;Kristianstad;1290;Kommunal;Kristianstad;2120000951;213;60;59;58;21;24;39;44;40;44;1;.;.;
Färlövs skola;69629367;Kristianstad;1290;Kommunal;Kristianstad;2120000951;176;37;19;62;35;30;31;26;26;28;.;.;.;
Hammars skola;45467287;Kristianstad;1290;Kommunal;Kristianstad;2120000951;298;52;34;62;51;39;51;47;63;47;.;.;.;
Helgedalskolan L;28258073;Kristianstad;1290;Kommunal;Kristianstad;2120000951;104;44;56;46;35;37;32;.;.;.;.;.;.;
Helgedalskolan M;14748216;Kristianstad;1290;Kommunal;Kristianstad;2120000951;114;49;59;41;.;.;.;32;39;43;.;.;.;
Huaröds skola;14119849;Kristianstad;1290;Kommunal;Kristianstad;2120000951;8;75;.;..;1;3;4;.;.;.;.;.;.;
Kiaby skola;47456573;Kristianstad;1290;Kommunal;Kristianstad;2120000951;67;49;10;61;16;13;13;9;10;6;.;.;.;
Kristianstads Montessoriskola;72491525;Kristianstad;1290;Enskild;Pysslingen Förskolor och Skolor AB;5560354309;340;49;43;68;48;49;48;32;36;32;31;32;32;
Kulltorpskolan;26968116;Kristianstad;1290;Kommunal;Kristianstad;2120000951;268;50;38;72;46;41;48;50;43;40;.;.;.;
Köpinge skola;79166834;Kristianstad;1290;Kommunal;Kristianstad;2120000951;114;54;4;60;13;19;19;21;16;26;.;.;.;
Linderöds skola;82896913;Kristianstad;1290;Kommunal;Kristianstad;2120000951;17;47;..;35;7;5;5;.;.;.;.;.;.;
Lingenässkolan L1;59516376;Kristianstad;1290;Kommunal;Kristianstad;2120000951;74;41;89;34;74;.;.;.;.;.;.;.;.;
Lingenässkolan L2;84359849;Kristianstad;1290;Kommunal;Kristianstad;2120000951;172;51;92;33;.;89;83;.;.;.;.;.;.;
Lingenässkolan M1;94892893;Kristianstad;1290;Kommunal;Kristianstad;2120000951;82;55;94;24;.;.;.;82;.;.;.;.;.;
Lingenässkolan M2;93657965;Kristianstad;1290;Kommunal;Kristianstad;2120000951;150;51;93;27;.;.;.;.;80;70;.;.;.;
Norretullskolan;59782586;Kristianstad;1290;Kommunal;Kristianstad;2120000951;239;49;62;41;.;.;.;.;.;.;87;84;68;
Nosabyskolan Bild o form;97295152;Kristianstad;1290;Kommunal;Kristianstad;2120000951;155;79;17;80;.;.;.;26;25;26;26;27;25;
Nosabyskolan H;98284563;Kristianstad;1290;Kommunal;Kristianstad;2120000951;276;42;37;63;.;.;.;.;.;.;105;82;89;
Parkskolan;15325771;Kristianstad;1290;Kommunal;Kristianstad;2120000951;276;46;51;53;54;48;42;49;33;50;.;.;.;
Rickarums skola;22284806;Kristianstad;1290;Enskild;Rickarums Skolförening;8024612114;19;47;.;58;8;3;3;.;2;3;.;.;.;
Rinkaby skola;14799941;Kristianstad;1290;Kommunal;Kristianstad;2120000951;59;47;12;64;9;9;10;14;8;9;.;.;.;
Rönnowskolan L;51801312;Kristianstad;1290;Kommunal;Kristianstad;2120000951;148;57;7;82;52;44;52;.;.;.;.;.;.;
Rönnowskolan MH;13756290;Kristianstad;1290;Kommunal;Kristianstad;2120000951;364;47;5;80;.;.;.;57;58;59;58;65;67;
Slättängsskolan H;63356940;Kristianstad;1290;Kommunal;Kristianstad;2120000951;313;49;39;52;.;.;.;.;.;.;121;90;102;
Slättängsskolan LM;50316106;Kristianstad;1290;Kommunal;Kristianstad;2120000951;149;56;54;48;24;25;23;28;24;25;.;.;.;
Spängerskolan L;63640460;Kristianstad;1290;Kommunal;Kristianstad;2120000951;83;51;6;61;29;25;29;.;.;.;.;.;.;
Spängerskolan MH;63749463;Kristianstad;1290;Kommunal;Kristianstad;2120000951;161;48;19;52;.;.;.;28;28;29;21;21;34;
Sånnaskolan H;85853304;Kristianstad;1290;Kommunal;Kristianstad;2120000951;232;49;9;63;.;.;.;.;.;.;82;83;67;
Sånnaskolan LM;41261089;Kristianstad;1290;Kommunal;Kristianstad;2120000951;205;49;10;70;37;34;25;36;35;38;.;.;.;
Tollarps skola L;75994251;Kristianstad;1290;Kommunal;Kristianstad;2120000951;125;49;17;32;46;40;39;.;.;.;.;.;.;
Tollarps skola MH;45430802;Kristianstad;1290;Kommunal;Kristianstad;2120000951;297;45;22;42;.;.;.;50;48;48;56;48;47;
Trolle Ljungby skola;29669758;Kristianstad;1290;Enskild;Trollebygdens Byaskolor Ekonomisk förening;7164367604;69;48;..;62;11;18;17;10;7;6;.;.;.;
Viby skola;68950651;Kristianstad;1290;Kommunal;Kristianstad;2120000951;105;44;17;71;17;19;22;10;20;17;.;.;.;
Villaskolan L;89875292;Kristianstad;1290;Kommunal;Kristianstad;2120000951;122;40;4;76;31;28;63;.;.;.;.;.;.;
Villaskolan M;89769643;Kristianstad;1290;Kommunal;Kristianstad;2120000951;134;51;6;76;.;.;.;51;31;52;.;.;.;
Vittskövle skola;41240740;Kristianstad;1290;Kommunal;Kristianstad;2120000951;17;59;..;65;7;6;4;.;.;.;.;.;.;
Väskolan L;70339689;Kristianstad;1290;Kommunal;Kristianstad;2120000951;163;45;8;74;57;50;56;.;.;.;.;.;.;
Väskolan MH;75922665;Kristianstad;1290;Kommunal;Kristianstad;2120000951;302;48;11;63;.;.;.;46;53;56;52;50;45;
Yngsjö skola;88010789;Kristianstad;1290;Kommunal;Kristianstad;2120000951;48;65;10;46;7;5;11;8;8;9;.;.;.;
Öllsjöskolan L;88024354;Kristianstad;1290;Kommunal;Kristianstad;2120000951;162;52;19;68;56;53;53;.;.;.;.;.;.;
Öllsjöskolan MH;46211392;Kristianstad;1290;Kommunal;Kristianstad;2120000951;304;48;19;67;.;.;.;43;50;56;51;50;54;
Önnestads skola L;55252770;Kristianstad;1290;Kommunal;Kristianstad;2120000951;80;50;23;63;26;26;28;.;.;.;.;.;.;
Önnestads skola MH;18636287;Kristianstad;1290;Kommunal;Kristianstad;2120000951;249;46;15;56;.;.;.;40;25;36;52;55;41;
Österslövs skola;66367722;Kristianstad;1290;Kommunal;Kristianstad;2120000951;92;40;7;87;30;32;30;.;.;.;.;.;.;
Björneborgs skola F-6;77815401;Kristinehamn;1781;Kommunal;Kristinehamn;2120001868;89;35;30;22;11;17;20;15;12;14;.;.;.;
Djurgårdsskolan F-9;55509192;Kristinehamn;1781;Kommunal;Kristinehamn;2120001868;664;49;19;56;67;90;69;68;70;63;80;88;69;
Grunnebacka skola F-6;87549929;Kristinehamn;1781;Kommunal;Kristinehamn;2120001868;52;37;..;50;6;10;8;11;8;9;.;.;.;
Stenstalidskolan F-9;14885908;Kristinehamn;1781;Kommunal;Kristinehamn;2120001868;557;47;16;57;57;37;43;65;67;71;78;63;76;
Strandskolan;43348908;Kristinehamn;1781;Kommunal;Kristinehamn;2120001868;63;48;..;51;19;21;23;.;.;.;.;.;.;
Södermalmsskolan F-9;27777261;Kristinehamn;1781;Kommunal;Kristinehamn;2120001868;764;48;40;50;75;82;88;82;78;93;96;83;87;
Ölmeskolan;30592273;Kristinehamn;1781;Kommunal;Kristinehamn;2120001868;96;53;..;73;20;15;15;13;21;12;.;.;.;
Aspås skola;40830548;Krokom;2309;Kommunal;Krokom;2120002478;89;55;..;69;17;14;12;18;18;10;.;.;.;
Cederbergsskolan F-9;64778601;Krokom;2309;Kommunal;Krokom;2120002478;117;50;15;37;6;14;10;8;16;13;19;17;14;
Dvärsätts skola;11389751;Krokom;2309;Kommunal;Krokom;2120002478;112;47;..;77;11;28;17;17;25;14;.;.;.;
Hovs skola;35462975;Krokom;2309;Kommunal;Krokom;2120002478;17;53;..;65;3;5;9;.;.;.;.;.;.;
Kaxås skola;24892488;Krokom;2309;Kommunal;Krokom;2120002478;38;50;..;32;4;5;4;9;8;8;.;.;.;
Kvarnbackskolan Hissmoskolan;23796121;Krokom;2309;Kommunal;Krokom;2120002478;179;48;12;44;32;33;29;29;23;33;.;.;.;
Laxsjö skola;62442955;Krokom;2309;Kommunal;Krokom;2120002478;20;60;..;60;4;3;4;3;4;2;.;.;.;
Nyhedens skola;40025257;Krokom;2309;Kommunal;Krokom;2120002478;242;47;11;56;.;.;.;.;.;.;98;64;80;
Näldens skola;46085051;Krokom;2309;Kommunal;Krokom;2120002478;157;49;13;53;25;20;29;20;31;32;.;.;.;
Rödöns skola;45736013;Krokom;2309;Kommunal;Krokom;2120002478;69;41;..;71;15;11;12;12;11;8;.;.;.;
Sånghusvallens skola;28860521;Krokom;2309;Kommunal;Krokom;2120002478;191;47;4;77;23;31;45;35;32;25;.;.;.;
Trångsvikens skola;86332806;Krokom;2309;Kommunal;Krokom;2120002478;40;53;..;53;3;9;8;20;.;.;.;.;.;
Valsjöbyns skola;29417777;Krokom;2309;Kommunal;Krokom;2120002478;14;64;.;79;1;4;1;4;2;2;.;.;.;
Ås skola   F-3;25036442;Krokom;2309;Kommunal;Krokom;2120002478;93;42;6;81;25;32;36;.;.;.;.;.;.;
Ås skola 4-9;54952732;Krokom;2309;Kommunal;Krokom;2120002478;338;49;7;77;.;.;1;35;44;47;70;67;74;
Änge F-3;76684659;Krokom;2309;Kommunal;Krokom;2120002478;54;52;11;52;16;7;31;.;.;.;.;.;.;
Änge skola 4-9;25036714;Krokom;2309;Kommunal;Krokom;2120002478;189;50;9;55;.;.;.;10;25;24;37;58;35;
Ekeby skola;48016240;Kumla;1881;Kommunal;Kumla;2120001975;89;51;.;60;21;16;22;12;18;.;.;.;.;
Fylsta skola;73848710;Kumla;1881;Kommunal;Kumla;2120001975;298;53;32;41;48;52;42;52;53;51;.;.;.;
Hagaskolan;89533473;Kumla;1881;Kommunal;Kumla;2120001975;201;48;6;64;27;28;43;28;29;46;.;.;.;
Hardemo skola;59594715;Kumla;1881;Kommunal;Kumla;2120001975;37;54;..;51;5;10;13;9;.;.;.;.;.;
Kumlaby skola 7-9;75692870;Kumla;1881;Kommunal;Kumla;2120001975;209;47;27;42;.;.;.;.;.;.;58;68;83;
Kumlaby skola F-6;49957284;Kumla;1881;Kommunal;Kumla;2120001975;255;45;24;44;38;40;44;51;36;46;.;.;.;
Lillhedens skola;17387844;Kumla;1881;Kommunal;Kumla;2120001975;32;50;16;34;4;12;8;8;.;.;.;.;.;
Malmens skola;12251866;Kumla;1881;Kommunal;Kumla;2120001975;129;43;57;33;19;24;12;26;21;27;.;.;.;
Skogstorpsskolan 7-9;44243725;Kumla;1881;Kommunal;Kumla;2120001975;278;52;17;55;.;.;.;.;.;.;83;98;97;
Skogstorpsskolan F-6;26053163;Kumla;1881;Kommunal;Kumla;2120001975;394;43;7;70;68;66;75;75;56;54;.;.;.;
Stene skola;61336347;Kumla;1881;Kommunal;Kumla;2120001975;156;51;4;60;26;22;23;25;34;26;.;.;.;
Tallängens skola;22082291;Kumla;1881;Kommunal;Kumla;2120001975;197;51;3;41;33;34;36;33;29;32;.;.;.;
Vialundskolan;99992013;Kumla;1881;Kommunal;Kumla;2120001975;223;58;25;43;.;.;.;.;.;.;68;82;73;
Björkris skola F-6;65390344;Kungsbacka;1384;Kommunal;Kungsbacka;2120001256;148;45;12;69;30;32;29;22;19;16;.;.;.;
Fjordskolan Kungen;44247625;Kungsbacka;1384;Kommunal;Kungsbacka;2120001256;173;53;10;79;51;.;60;.;62;.;.;.;.;
Fjordskolan Nidingen;36470223;Kungsbacka;1384;Kommunal;Kungsbacka;2120001256;207;47;7;79;.;64;.;71;.;72;.;.;.;
Fjärås Bräckaskolan Blå;19922386;Kungsbacka;1384;Kommunal;Kungsbacka;2120001256;160;48;11;54;67;46;47;.;.;.;.;.;.;
Fjärås Bräckaskolan Gul;22938661;Kungsbacka;1384;Kommunal;Kungsbacka;2120001256;201;45;10;58;.;.;.;97;104;.;.;.;.;
Fjärås Bräckaskolan Röd;22251626;Kungsbacka;1384;Kommunal;Kungsbacka;2120001256;137;49;11;61;45;44;48;.;.;.;.;.;.;
Frillesåsskolan 4-9;10927868;Kungsbacka;1384;Kommunal;Kungsbacka;2120001256;329;46;6;63;.;.;.;54;54;68;49;57;47;
Frillesåsskolan F-3;99043601;Kungsbacka;1384;Kommunal;Kungsbacka;2120001256;167;50;3;63;59;51;57;.;.;.;.;.;.;
Fullriggaren Malevik 4-9;33170625;Kungsbacka;1384;Kommunal;Kungsbacka;2120001256;196;41;7;84;.;.;.;29;38;31;24;50;24;
Fullriggaren Malevik F-3;96836168;Kungsbacka;1384;Kommunal;Kungsbacka;2120001256;87;45;13;87;21;27;39;.;.;.;.;.;.;
Furulidsskolan;59624096;Kungsbacka;1384;Kommunal;Kungsbacka;2120001256;219;49;6;74;32;37;43;25;42;40;.;.;.;
Gullregnsskolan;70505032;Kungsbacka;1384;Kommunal;Kungsbacka;2120001256;139;42;27;63;53;51;35;.;.;.;.;.;.;
Gällingeskolan;44593023;Kungsbacka;1384;Kommunal;Kungsbacka;2120001256;92;54;5;50;24;13;21;15;19;.;.;.;.;
Hedeskolan F-3;29443968;Kungsbacka;1384;Kommunal;Kungsbacka;2120001256;179;41;15;75;60;66;53;.;.;.;.;.;.;
Hedeskolan Kattegatt;26372371;Kungsbacka;1384;Kommunal;Kungsbacka;2120001256;195;50;12;67;.;.;.;60;.;63;.;72;.;
Hedeskolan Skagerrak;27712268;Kungsbacka;1384;Kommunal;Kungsbacka;2120001256;193;48;11;63;.;.;.;.;58;.;75;.;60;
Hålabäcksskolan A;77323224;Kungsbacka;1384;Kommunal;Kungsbacka;2120001256;148;55;28;61;.;.;.;.;36;.;41;.;71;
Hålabäcksskolan B;77163912;Kungsbacka;1384;Kommunal;Kungsbacka;2120001256;176;49;19;66;.;.;.;44;.;71;.;61;.;
Iseråsskolan 4-6;62941799;Kungsbacka;1384;Kommunal;Kungsbacka;2120001256;168;48;8;69;.;.;.;65;43;60;.;.;.;
Iseråsskolan F-3;53535119;Kungsbacka;1384;Kommunal;Kungsbacka;2120001256;141;53;6;72;44;46;51;.;.;.;.;.;.;
Kapareskolan A-D;28803215;Kungsbacka;1384;Kommunal;Kungsbacka;2120001256;271;39;10;74;.;.;.;.;.;.;119;72;80;
Kapareskolan E-H;84111198;Kungsbacka;1384;Kommunal;Kungsbacka;2120001256;272;48;7;75;.;.;.;.;.;.;95;99;78;
KMS Kullaviks Montessoriskola;10902849;Kungsbacka;1384;Enskild;Kullaviks Montessoriskola Ekonomisk förening;7164422243;233;51;2;91;22;24;25;26;25;28;27;28;28;
Kollaskolan 4-6;55017747;Kungsbacka;1384;Kommunal;Kungsbacka;2120001256;232;58;15;62;.;.;.;78;74;80;.;.;.;
Kollaskolan 7-9;47579620;Kungsbacka;1384;Kommunal;Kungsbacka;2120001256;229;45;12;68;.;.;.;.;.;.;83;70;76;
Kollaskolan F-3;98037942;Kungsbacka;1384;Kommunal;Kungsbacka;2120001256;216;49;16;69;66;69;81;.;.;.;.;.;.;
Kullaviksskolan 4-6;40745095;Kungsbacka;1384;Kommunal;Kungsbacka;2120001256;206;48;10;86;.;.;.;67;81;58;.;.;.;
Kullaviksskolan 7-9;75835202;Kungsbacka;1384;Kommunal;Kungsbacka;2120001256;220;54;11;77;.;.;.;.;.;.;83;64;73;
Kullaviksskolan F-3;16481707;Kungsbacka;1384;Kommunal;Kungsbacka;2120001256;205;47;11;87;67;65;73;.;.;.;.;.;.;
Nova Montessoriskola;47832100;Kungsbacka;1384;Enskild;Montenova Montessoriskola Ekonomisk Förening;7696022248;148;52;7;84;29;29;31;29;30;.;.;.;.;
Nova Montessoriskola åk 6-9;56655808;Kungsbacka;1384;Enskild;Montenova Montessoriskola Ekonomisk Förening;7696022248;111;48;..;84;.;.;.;.;.;29;26;28;28;
Onsala Montessoriskola;90784555;Kungsbacka;1384;Enskild;Montessoriskolan i Onsala Ekonomisk Förening;7696013361;204;52;7;77;23;24;24;26;18;27;18;25;19;
Pontos Grundskola;70319074;Kungsbacka;1384;Enskild;PONTOS Grundskola väst AB;5568337363;50;44;..;66;11;11;11;11;6;.;.;.;.;
Presseskolan 4-6;67641022;Kungsbacka;1384;Kommunal;Kungsbacka;2120001256;194;47;9;81;.;.;.;69;63;62;.;.;.;
Presseskolan F-3;27211026;Kungsbacka;1384;Kommunal;Kungsbacka;2120001256;216;52;8;76;65;67;84;.;.;.;.;.;.;
Smedingeskolan 6-9;33752123;Kungsbacka;1384;Kommunal;Kungsbacka;2120001256;367;46;10;54;.;.;.;.;.;98;105;87;77;
Särö Montessoriskola;57869288;Kungsbacka;1384;Enskild;Föreningen Montessoriskolan Daggdroppen;8494004693;50;44;..;94;11;10;8;11;10;.;.;.;.;
Särö skola 4-9;72090315;Kungsbacka;1384;Kommunal;Kungsbacka;2120001256;401;46;7;78;.;.;.;50;57;76;74;72;72;
Särö skola F-3;32837182;Kungsbacka;1384;Kommunal;Kungsbacka;2120001256;137;50;8;77;35;55;47;.;.;.;.;.;.;
Tingbergsskolan A-C;69028103;Kungsbacka;1384;Kommunal;Kungsbacka;2120001256;170;55;17;58;19;22;48;40;41;.;.;.;.;
Tingbergsskolan B;50013979;Kungsbacka;1384;Kommunal;Kungsbacka;2120001256;194;53;14;60;34;42;24;24;18;52;.;.;.;
Toråsskolan 5-9;14101582;Kungsbacka;1384;Kommunal;Kungsbacka;2120001256;377;47;6;72;.;.;.;.;68;83;76;74;76;
Toråsskolan F-4;17237309;Kungsbacka;1384;Kommunal;Kungsbacka;2120001256;316;42;4;71;75;81;79;81;.;.;.;.;.;
Varlaskolan norra;37101902;Kungsbacka;1384;Kommunal;Kungsbacka;2120001256;249;51;9;65;.;.;.;.;.;.;74;74;101;
Varlaskolan södra;70143574;Kungsbacka;1384;Kommunal;Kungsbacka;2120001256;234;53;9;72;.;.;.;.;.;.;72;90;72;
Vittra Forsgläntan;42568760;Kungsbacka;1384;Enskild;Vittraskolorna AB;5564586716;439;49;4;79;46;46;45;52;47;52;51;51;49;
Åsa Gårdsskola 4-9;16824824;Kungsbacka;1384;Kommunal;Kungsbacka;2120001256;212;45;8;67;.;.;.;49;36;31;31;29;36;
Åsa Gårdsskola F-3;38085441;Kungsbacka;1384;Kommunal;Kungsbacka;2120001256;122;45;8;70;38;30;54;.;.;.;.;.;.;
Åsaskolan 3-5;24981372;Kungsbacka;1384;Kommunal;Kungsbacka;2120001256;215;57;9;68;.;.;61;85;69;.;.;.;.;
Åsaskolan 6-9;18035112;Kungsbacka;1384;Kommunal;Kungsbacka;2120001256;268;49;6;71;.;.;.;.;.;68;66;67;67;
Åsaskolan F-2;44974182;Kungsbacka;1384;Kommunal;Kungsbacka;2120001256;126;48;6;74;60;66;.;.;.;.;.;.;.;
Älvsåkersskolan 4-9;74587667;Kungsbacka;1384;Kommunal;Kungsbacka;2120001256;287;46;9;64;.;.;.;64;61;45;47;31;39;
Älvsåkersskolan F-3;16772632;Kungsbacka;1384;Kommunal;Kungsbacka;2120001256;172;44;15;65;64;58;50;.;.;.;.;.;.;
Björskogsskolan;73280362;Kungsör;1960;Kommunal;Kungsör;2120002056;86;45;6;48;14;12;19;15;10;16;.;.;.;
Hagaskolan;83880062;Kungsör;1960;Kommunal;Kungsör;2120002056;132;45;33;46;41;44;47;.;.;.;.;.;.;
Kung Karl 46;90376263;Kungsör;1960;Kommunal;Kungsör;2120002056;269;49;28;43;.;.;.;84;94;91;.;.;.;
Kung Karl 79;46834580;Kungsör;1960;Kommunal;Kungsör;2120002056;285;48;26;40;.;.;.;.;.;.;73;98;114;
Västerskolan;91901412;Kungsör;1960;Kommunal;Kungsör;2120002056;130;53;38;42;42;45;43;.;.;.;.;.;.;
Diseröds skola;62418563;Kungälv;1482;Kommunal;Kungälv;2120001371;320;48;12;60;44;70;50;60;44;52;.;.;.;
Fontinskolan;28511697;Kungälv;1482;Kommunal;Kungälv;2120001371;307;51;15;67;49;49;50;51;54;54;.;.;.;
Fredkullaskolan ,waldorfskola,;38353942;Kungälv;1482;Enskild;Föreningen För Waldorfpedagogik i Kungälv;8533007038;136;46;16;64;16;11;15;3;10;16;21;25;19;
Friskolan i Kärna;25790317;Kungälv;1482;Enskild;Mona Hurtig Skol AB;5565204129;200;56;9;66;6;11;15;10;23;30;36;29;40;
Hålta skola;80848296;Kungälv;1482;Kommunal;Kungälv;2120001371;139;52;5;61;21;26;24;27;20;21;.;.;.;
Kareby skola;54878605;Kungälv;1482;Kommunal;Kungälv;2120001371;206;50;4;58;37;28;40;41;26;34;.;.;.;
Kastellegårdsskolan 1;33588309;Kungälv;1482;Kommunal;Kungälv;2120001371;201;48;10;76;48;51;53;49;.;.;.;.;.;
Kastellegårdsskolan 2;68154456;Kungälv;1482;Kommunal;Kungälv;2120001371;260;43;12;71;.;.;1;52;115;92;.;.;.;
Klöverbackens skola;61511069;Kungälv;1482;Kommunal;Kungälv;2120001371;81;43;11;67;37;44;.;.;.;.;.;.;.;
Kode skola;43370798;Kungälv;1482;Kommunal;Kungälv;2120001371;128;47;5;52;64;64;.;.;.;.;.;.;.;
Kullens skola;52844016;Kungälv;1482;Kommunal;Kungälv;2120001371;289;52;9;64;50;48;47;47;51;46;.;.;.;
Kärna skola;77589196;Kungälv;1482;Kommunal;Kungälv;2120001371;343;48;7;64;60;47;60;75;56;45;.;.;.;
Marstrands skola;71394657;Kungälv;1482;Kommunal;Kungälv;2120001371;50;46;10;70;9;4;10;9;7;11;.;.;.;
Montessoriskolan Älvkullen;49323438;Kungälv;1482;Enskild;Stiftelsen Montessori För Alla Barn;8533010537;121;46;.;86;12;13;10;14;10;14;16;16;16;
Munkegärdeskolan;51596946;Kungälv;1482;Kommunal;Kungälv;2120001371;388;49;12;57;.;.;.;.;.;.;122;129;137;
Olserödsskolan;69807369;Kungälv;1482;Kommunal;Kungälv;2120001371;195;50;13;70;.;.;50;51;50;44;.;.;.;
Sandbackaskolan 1;68916732;Kungälv;1482;Kommunal;Kungälv;2120001371;176;54;44;44;56;64;56;.;.;.;.;.;.;
Sandbackaskolan 2;76266894;Kungälv;1482;Kommunal;Kungälv;2120001371;143;44;44;49;.;.;.;50;47;46;.;.;.;
Sparråsskolan;28596641;Kungälv;1482;Kommunal;Kungälv;2120001371;152;48;7;72;44;56;52;.;.;.;.;.;.;
Strandskolan;21917957;Kungälv;1482;Enskild;Strandskolan, Montessoriföreningen i Kungälv;8533007004;207;48;12;72;23;23;22;22;20;22;26;23;26;
Thorildskolan 1;73505986;Kungälv;1482;Kommunal;Kungälv;2120001371;473;48;22;57;.;.;.;.;.;.;164;155;154;
Tunge skola;33785990;Kungälv;1482;Kommunal;Kungälv;2120001371;258;52;7;57;.;.;63;72;59;64;.;.;.;
Ytterbyskolan 1;63621283;Kungälv;1482;Kommunal;Kungälv;2120001371;560;47;8;67;.;.;.;.;.;.;213;176;171;
Annelundsskolan;82593738;Kävlinge;1261;Kommunal;Kävlinge;2120001058;149;48;19;56;23;29;22;29;24;22;.;.;.;
Barsebäcks Montessoriskola;22957852;Kävlinge;1261;Enskild;Barsebäcks Montessori Ekonomisk Förening;7696006191;201;58;4;87;25;24;24;25;23;21;23;18;18;
Björkenässkolan;19504051;Kävlinge;1261;Enskild;AcadeMedia fria grundskolor AB;5569320699;372;52;4;80;24;25;25;25;50;25;75;74;49;
Dösjebroskolan;26281194;Kävlinge;1261;Kommunal;Kävlinge;2120001058;155;51;3;74;25;24;24;32;27;23;.;.;.;
Korsbackaskolan;46107605;Kävlinge;1261;Kommunal;Kävlinge;2120001058;574;47;15;61;.;.;.;.;.;.;193;185;196;
Lackalängaskolan;27951396;Kävlinge;1261;Kommunal;Kävlinge;2120001058;148;43;5;78;24;23;23;19;35;24;.;.;.;
Ljungenskolan;66829136;Kävlinge;1261;Kommunal;Kävlinge;2120001058;370;48;14;72;56;58;69;53;76;58;.;.;.;
Nyvångsskolan;23990749;Kävlinge;1261;Kommunal;Kävlinge;2120001058;424;51;8;71;66;83;78;65;60;72;.;.;.;
Olympiaskolan;54902755;Kävlinge;1261;Kommunal;Kävlinge;2120001058;285;48;24;59;41;45;62;48;41;48;.;.;.;
Pusselbiten Kävlinge;88912366;Kävlinge;1261;Enskild;Nytida PB AB;5568642234;9;..;..;89;1;5;2;1;.;.;.;.;.;
Rinnebäcksskolan;56540171;Kävlinge;1261;Kommunal;Kävlinge;2120001058;409;48;13;62;66;79;74;64;51;75;.;.;.;
Skönadalsskolan;26357566;Kävlinge;1261;Kommunal;Kävlinge;2120001058;384;49;8;74;58;65;64;58;70;69;.;.;.;
Söderparksskolan;48891355;Kävlinge;1261;Kommunal;Kävlinge;2120001058;170;49;11;63;26;31;22;18;28;45;.;.;.;
Tolvåkerskolan;13578112;Kävlinge;1261;Kommunal;Kävlinge;2120001058;466;48;7;71;.;.;.;.;.;.;158;154;154;
Elundskolan;29887798;Köping;1983;Kommunal;Köping;2120002114;220;53;6;68;30;35;40;27;44;44;.;.;.;
Himmeta skola;15212834;Köping;1983;Kommunal;Köping;2120002114;21;48;..;62;11;5;5;.;.;.;.;.;.;
Karlbergsskolan;31319179;Köping;1983;Kommunal;Köping;2120002114;403;45;22;49;.;.;.;.;.;.;141;128;134;
Malmaskolan 4-9;49665496;Köping;1983;Kommunal;Köping;2120002114;360;54;17;47;.;.;.;48;58;52;60;76;66;
Malmaskolan F-3;49794709;Köping;1983;Kommunal;Köping;2120002114;171;50;20;37;55;62;53;1;.;.;.;.;.;
Munktorpsskolan;36924587;Köping;1983;Kommunal;Köping;2120002114;137;50;6;39;23;27;25;21;21;20;.;.;.;
Nibbleskolan;57276913;Köping;1983;Kommunal;Köping;2120002114;328;51;50;41;.;66;62;63;74;63;.;.;.;
Nyckelbergsskolan;36175549;Köping;1983;Kommunal;Köping;2120002114;324;45;50;35;61;54;52;60;50;47;.;.;.;
Odensvi skola;99475738;Köping;1983;Kommunal;Köping;2120002114;51;33;..;59;11;9;8;6;11;6;.;.;.;
Scheeleskolan;24379201;Köping;1983;Kommunal;Köping;2120002114;320;53;51;33;.;.;.;.;.;.;110;114;96;
Skogsbrynskolan;79622038;Köping;1983;Kommunal;Köping;2120002114;60;47;53;50;60;.;.;.;.;.;.;.;.;
S:t Olovsskolan;82625785;Köping;1983;Kommunal;Köping;2120002114;405;46;39;41;63;65;59;73;62;83;.;.;.;
Ahlaskolan;37733735;Laholm;1381;Kommunal;Laholm;2120001223;62;47;29;45;17;25;20;.;.;.;.;.;.;
Genevadsskolan;91969425;Laholm;1381;Kommunal;Laholm;2120001223;28;32;29;46;9;12;7;.;.;.;.;.;.;
Glänningeskolan;21359430;Laholm;1381;Kommunal;Laholm;2120001223;273;47;35;53;56;23;43;48;24;79;.;.;.;
Hasslövs Bygdeskola;35596848;Laholm;1381;Enskild;Hasslöv Skola Ideell Förening;8492022150;24;46;.;29;4;5;3;4;4;4;.;.;.;
Hishultsskolan;59683214;Laholm;1381;Kommunal;Laholm;2120001223;54;48;11;26;9;8;10;8;10;9;.;.;.;
Knäredsskolan;87530959;Laholm;1381;Kommunal;Laholm;2120001223;107;47;44;42;22;22;16;20;13;14;.;.;.;
Lagaholmsskolan;50150550;Laholm;1381;Kommunal;Laholm;2120001223;374;48;29;51;.;.;.;.;.;.;134;125;115;
Mellbystrandsskolan;76368627;Laholm;1381;Kommunal;Laholm;2120001223;172;53;8;67;27;28;29;34;25;29;.;.;.;
Parkskolan;85345776;Laholm;1381;Kommunal;Laholm;2120001223;232;53;42;50;33;43;39;43;74;.;.;.;.;
Skottorpsskolan;46467884;Laholm;1381;Kommunal;Laholm;2120001223;181;50;13;61;26;34;42;28;27;24;.;.;.;
Vallbergaskolan;61290860;Laholm;1381;Kommunal;Laholm;2120001223;136;52;30;49;19;18;22;28;28;21;.;.;.;
Veingeskolan 7-9;95134514;Laholm;1381;Kommunal;Laholm;2120001223;242;48;30;37;.;.;.;.;.;.;73;81;88;
Veingeskolan F-6;73088689;Laholm;1381;Kommunal;Laholm;2120001223;283;52;24;38;41;24;31;57;56;74;.;.;.;
Våxtorpsskolan åk 7-9;50172802;Laholm;1381;Kommunal;Laholm;2120001223;233;47;18;45;.;.;.;.;.;.;91;65;77;
Våxtorpsskolan åk F-6;47498039;Laholm;1381;Kommunal;Laholm;2120001223;130;46;22;47;21;20;16;27;26;20;.;.;.;
Ysbyskolan;40523308;Laholm;1381;Enskild;Föräldrakooperativet Möllan;8492014298;17;59;..;41;9;3;5;.;.;.;.;.;.;
Öringe Skola;29824923;Laholm;1381;Enskild;Öringe Montessoriförening Ekonomisk Förening;7164422300;44;57;27;70;6;8;12;6;3;9;.;.;.;
Albanoskolan;37935182;Landskrona;1282;Kommunal;Landskrona;2120001140;207;44;55;33;32;42;37;33;35;28;.;.;.;
Alléskolan;74833346;Landskrona;1282;Kommunal;Landskrona;2120001140;274;48;73;36;57;50;53;41;36;37;.;.;.;
Asmundtorps skola;70803452;Landskrona;1282;Kommunal;Landskrona;2120001140;332;48;16;50;37;39;35;33;32;32;37;40;47;
Dammhagskolan;98154581;Landskrona;1282;Kommunal;Landskrona;2120001140;203;46;90;20;32;33;35;38;30;35;.;.;.;
Emiliaskolan;12040511;Landskrona;1282;Kommunal;Landskrona;2120001140;210;49;12;65;68;68;74;.;.;.;.;.;.;
Glumslövs skola;30917121;Landskrona;1282;Kommunal;Landskrona;2120001140;422;43;15;71;45;40;38;48;37;55;46;56;57;
Härslövs skola;50966696;Landskrona;1282;Kommunal;Landskrona;2120001140;84;50;13;52;11;10;16;16;12;19;.;.;.;
Internationella Engelska Skolan Landskrona;21085818;Landskrona;1282;Enskild;Internationella Engelska Skolan i Sverige AB;5564624368;546;49;34;67;56;55;57;65;64;63;61;62;63;
Kunskapsskolan Landskrona;60956248;Landskrona;1282;Enskild;Kunskapsskolan i Sverige Aktiebolag;5565661815;313;50;54;44;.;.;.;41;24;42;86;60;60;
Landskrona School of Sports AB;70072964;Landskrona;1282;Enskild;Landskrona School of Sports AB;5567206239;94;66;35;36;.;.;.;8;10;23;18;22;13;
M.A.R.I.A-skolan;81433742;Landskrona;1282;Enskild;Multicultural And Recognition In Aspiration in Landskrona AB;5569178550;27;48;96;30;19;4;4;.;.;.;.;.;.;
Möllebackskolan;29167021;Landskrona;1282;Enskild;Föreningen Fogdaröd omsorg, vård & utbildning utan personligt ansvar;7420002045;5;.;..;..;.;.;.;1;.;.;.;2;2;
PeterSvenskolan Landskrona;94830241;Landskrona;1282;Enskild;Pysslingen Förskolor och Skolor AB;5560354309;215;47;54;35;36;34;20;16;25;16;25;24;19;
Pilängskolan;52049139;Landskrona;1282;Kommunal;Landskrona;2120001140;163;50;93;31;43;29;30;23;18;20;.;.;.;
Sandåkerskolan;77747055;Landskrona;1282;Kommunal;Landskrona;2120001140;391;45;20;57;.;.;.;73;72;54;65;62;65;
Seminarieskolan;41641029;Landskrona;1282;Kommunal;Landskrona;2120001140;468;48;76;30;52;57;53;58;39;37;37;60;75;
Säbyholms Montessoriskola;42908219;Landskrona;1282;Enskild;Landskrona Montessoriförening Ek.Förening;7696002794;225;57;15;65;26;26;26;25;25;26;21;25;25;
Uranienborgs skola;16851764;Landskrona;1282;Kommunal;Landskrona;2120001140;10;70;..;60;3;2;3;2;.;.;.;.;.;
Västervångskolan;29541747;Landskrona;1282;Kommunal;Landskrona;2120001140;654;48;45;44;75;51;66;71;59;51;107;93;81;
Centralskolan;24748604;Laxå;1860;Kommunal;Laxå;2120001918;340;47;32;34;.;.;.;55;53;45;54;62;71;
Finnerödja skola;45111461;Laxå;1860;Kommunal;Laxå;2120001918;78;59;23;36;12;12;15;16;11;12;.;.;.;
Saltängsskolan;28511234;Laxå;1860;Kommunal;Laxå;2120001918;143;44;36;43;47;47;49;.;.;.;.;.;.;
Hidinge skola;11320436;Lekeberg;1814;Kommunal;Lekeberg;2120002981;245;41;4;72;38;56;47;41;38;25;.;.;.;
Lekebergsskolan 4-6;64749185;Lekeberg;1814;Kommunal;Lekeberg;2120002981;170;51;10;47;.;.;.;59;62;49;.;.;.;
Lekebergsskolan 7-9;97648883;Lekeberg;1814;Kommunal;Lekeberg;2120002981;235;50;10;50;.;.;.;.;.;.;86;76;73;
Mullhyttans skola;47490833;Lekeberg;1814;Kommunal;Lekeberg;2120002981;105;40;..;50;10;22;19;8;24;22;.;.;.;
Tulpanens skola;90458409;Lekeberg;1814;Kommunal;Lekeberg;2120002981;195;46;13;42;54;56;85;.;.;.;.;.;.;
Banérskolan;89749001;Leksand;2029;Enskild;Stiftelsen Segerbaneret;8832014776;66;47;..;58;6;2;7;7;10;10;9;6;9;
Gärde skola;37594297;Leksand;2029;Kommunal;Leksand;2120002163;69;48;.;72;12;11;14;10;11;11;.;.;.;
Insjöns skola;62927602;Leksand;2029;Kommunal;Leksand;2120002163;149;40;19;38;30;29;22;26;22;20;.;.;.;
Profilskolan Excel;38368827;Leksand;2029;Enskild;Profilfriskolan Excel AB (svb);5590306964;187;57;17;63;19;22;20;22;22;19;24;21;18;
Sammilsdalskolan F-9;61834375;Leksand;2029;Kommunal;Leksand;2120002163;457;42;21;55;24;23;22;28;33;36;87;92;112;
Siljansnäs skola;46265060;Leksand;2029;Kommunal;Leksand;2120002163;95;43;15;60;12;24;9;19;20;11;.;.;.;
Tällberg skola;95726294;Leksand;2029;Kommunal;Leksand;2120002163;58;50;..;67;6;13;14;11;6;8;.;.;.;
Ullvi skola;86131355;Leksand;2029;Kommunal;Leksand;2120002163;72;44;..;63;11;13;15;11;10;12;.;.;.;
Åkerö skola F-9;69345097;Leksand;2029;Kommunal;Leksand;2120002163;342;52;11;61;32;40;38;43;32;33;42;36;46;
Alléskolan skolenhet Ask;51403955;Lerum;1441;Kommunal;Lerum;2120001447;251;49;11;68;.;.;.;.;.;62;47;81;61;
Alléskolan skolenhet Bok;57470446;Lerum;1441;Kommunal;Lerum;2120001447;316;50;9;70;.;.;.;.;.;111;68;52;85;
Almekärrsskolan skolenhet 1;27282475;Lerum;1441;Kommunal;Lerum;2120001447;211;49;6;79;67;70;74;.;.;.;.;.;.;
Almekärrsskolan skolenhet 2;39721946;Lerum;1441;Kommunal;Lerum;2120001447;138;49;6;83;.;.;.;72;66;.;.;.;.;
Aspen Montessori;92895758;Lerum;1441;Enskild;Aspen Montessori;8635005500;93;43;..;86;20;18;18;19;18;.;.;.;.;
Aspenässkolan skolenhet 3-5;92868710;Lerum;1441;Kommunal;Lerum;2120001447;191;47;6;85;.;.;53;70;68;.;.;.;.;
Aspenässkolan skolenhet F-2;11632851;Lerum;1441;Kommunal;Lerum;2120001447;105;55;6;87;53;52;.;.;.;.;.;.;.;
Berghultskolan;45553977;Lerum;1441;Kommunal;Lerum;2120001447;221;48;9;63;48;39;35;48;51;.;.;.;.;
Centralskolan;88544643;Lerum;1441;Kommunal;Lerum;2120001447;141;50;10;70;24;38;25;26;28;.;.;.;.;
Hulanskolan;92658460;Lerum;1441;Kommunal;Lerum;2120001447;221;49;10;68;41;42;50;52;36;.;.;.;.;
Hästhagenskolan;36358939;Lerum;1441;Kommunal;Lerum;2120001447;237;53;8;77;39;51;52;45;50;.;.;.;.;
Knappekullaskolan skolenhet 1;11677656;Lerum;1441;Kommunal;Lerum;2120001447;172;48;11;84;72;100;.;.;.;.;.;.;.;
Knappekullaskolan skolenhet 2;67243580;Lerum;1441;Kommunal;Lerum;2120001447;246;52;11;78;.;.;85;80;81;.;.;.;.;
Lekstorpsskolan;10867785;Lerum;1441;Kommunal;Lerum;2120001447;298;49;13;60;28;36;36;28;35;26;41;35;33;
Ljungviksskolan skolenhet A;44095064;Lerum;1441;Kommunal;Lerum;2120001447;228;54;16;57;34;37;50;55;52;.;.;.;.;
Ljungviksskolan skolenhet B;31733366;Lerum;1441;Kommunal;Lerum;2120001447;202;47;15;59;.;.;.;.;.;45;55;52;50;
Montessoriskolan Floda säteri;82651095;Lerum;1441;Enskild;Montessoriskolan Floda Säteri;8635006680;223;48;3;86;22;23;23;22;23;28;27;27;28;
Rydsbergsskolan Norr;24103764;Lerum;1441;Kommunal;Lerum;2120001447;206;45;10;76;.;.;.;.;.;50;60;56;40;
Rydsbergsskolan Söder;53326735;Lerum;1441;Kommunal;Lerum;2120001447;208;45;7;75;.;.;.;.;.;50;59;55;44;
Röselidsskolan skolenhet A;60035054;Lerum;1441;Kommunal;Lerum;2120001447;242;54;17;55;49;44;52;50;47;.;.;.;.;
Röselidsskolan skolenhet B;38539206;Lerum;1441;Kommunal;Lerum;2120001447;197;46;23;51;.;.;.;.;.;50;45;51;51;
Stenkulan 4-9;49419497;Lerum;1441;Kommunal;Lerum;2120001447;334;41;10;58;.;.;.;56;54;56;58;59;51;
Stenkulan F-3;67114690;Lerum;1441;Kommunal;Lerum;2120001447;127;38;13;59;40;51;36;.;.;.;.;.;.;
Tolleredsskolan;72684276;Lerum;1441;Kommunal;Lerum;2120001447;75;49;11;81;9;15;15;22;14;.;.;.;.;
Torpskolan skolenhet 1;21176313;Lerum;1441;Kommunal;Lerum;2120001447;305;50;6;78;.;.;.;.;.;51;85;53;116;
Torpskolan skolenhet 2;20361674;Lerum;1441;Kommunal;Lerum;2120001447;335;52;7;77;.;.;.;.;.;106;57;118;54;
Uddaredsskolan;69057737;Lerum;1441;Kommunal;Lerum;2120001447;136;56;..;81;28;33;25;17;33;.;.;.;.;
Östad skola;97540573;Lerum;1441;Kommunal;Lerum;2120001447;106;43;21;52;24;21;24;22;15;.;.;.;.;
Bikupan;74218950;Lessebo;0761;Kommunal;Lessebo;2120000613;317;47;44;37;.;.;.;.;.;.;100;89;128;
Björkskolan;82150561;Lessebo;0761;Kommunal;Lessebo;2120000613;61;49;48;41;12;8;15;10;8;8;.;.;.;
Hackebackeskolan;36519886;Lessebo;0761;Kommunal;Lessebo;2120000613;245;51;68;36;38;37;46;39;49;36;.;.;.;
Kvarndammskolan;32381603;Lessebo;0761;Kommunal;Lessebo;2120000613;308;50;27;60;60;45;57;49;48;49;.;.;.;
Lustigkulla skola;66379524;Lessebo;0761;Kommunal;Lessebo;2120000613;93;49;55;45;16;10;19;15;16;17;.;.;.;
Albatross Montessoriskola;25253749;Lidingö;0186;Enskild;Albatross Montessoriskola;8136004168;176;57;15;83;31;32;32;30;25;26;.;.;.;
Bo skola;52423184;Lidingö;0186;Kommunal;Lidingö;2120000191;123;54;11;89;30;38;55;.;.;.;.;.;.;
Bodals skola;98780182;Lidingö;0186;Kommunal;Lidingö;2120000191;293;48;51;54;24;28;40;27;41;31;27;36;39;
Christinaskolan;46097781;Lidingö;0186;Enskild;Lidingö Skola AB;5568681810;475;50;9;88;48;49;48;56;56;56;56;53;53;
Futuraskolan International Gåshaga;36513280;Lidingö;0186;Enskild;Futuraskolan AB;5566095047;220;56;24;81;46;26;26;45;25;52;.;.;.;
Futuraskolan International Kottla;36276828;Lidingö;0186;Enskild;Futuraskolan AB;5566095047;290;51;12;88;.;.;.;.;.;.;76;104;110;
Högsätra skola;49631077;Lidingö;0186;Kommunal;Lidingö;2120000191;520;44;26;69;42;45;39;39;41;49;85;90;90;
I Ur och Skur Utsikten skola;36185466;Lidingö;0186;Enskild;I Ur och Skur Utsikten Ekonomisk Förening;7696000855;95;47;6;91;19;14;21;13;13;15;.;.;.;
Klockargårdens skola;91213471;Lidingö;0186;Kommunal;Lidingö;2120000191;157;38;13;86;51;51;55;.;.;.;.;.;.;
Källängens skola;69329486;Lidingö;0186;Kommunal;Lidingö;2120000191;713;45;9;85;.;.;.;77;78;103;153;139;163;
Käppala skola;20137688;Lidingö;0186;Kommunal;Lidingö;2120000191;576;43;15;87;29;49;45;48;87;83;83;72;80;
Ljungbackens skola;27830075;Lidingö;0186;Kommunal;Lidingö;2120000191;171;46;14;87;50;38;50;33;.;.;.;.;.;
Rudboda skola;35933721;Lidingö;0186;Kommunal;Lidingö;2120000191;315;48;6;85;46;54;48;68;57;42;.;.;.;
Skärsätra skola;81857869;Lidingö;0186;Kommunal;Lidingö;2120000191;307;52;13;87;54;47;58;55;45;48;.;.;.;
Sticklinge skola;60131588;Lidingö;0186;Kommunal;Lidingö;2120000191;394;43;10;92;71;63;74;62;58;66;.;.;.;
Torsviks skola;45104329;Lidingö;0186;Kommunal;Lidingö;2120000191;806;48;13;89;70;71;72;74;73;75;117;134;120;
Vittra Lidingö;46585145;Lidingö;0186;Enskild;Vittraskolorna AB;5564586716;132;52;33;79;12;15;16;10;21;8;25;16;9;
Broholmskolan;98083121;Lidköping;1494;Enskild;Broholmskolans ekonomiska förening;7696081319;324;48;3;77;36;36;36;35;36;37;36;36;36;
Dalängskolan;37707717;Lidköping;1494;Kommunal;Lidköping;2120001694;436;51;10;63;.;.;.;.;.;.;144;156;136;
Fredriksdalskolan;25486432;Lidköping;1494;Kommunal;Lidköping;2120001694;407;45;32;50;.;.;.;.;.;.;153;107;147;
Järpås skola;31366755;Lidköping;1494;Kommunal;Lidköping;2120001694;83;34;7;46;14;12;13;8;12;24;.;.;.;
Lidåkerskolan;66892094;Lidköping;1494;Kommunal;Lidköping;2120001694;202;51;18;49;34;25;28;26;23;66;.;.;.;
Lilleskogs skola;10100155;Lidköping;1494;Kommunal;Lidköping;2120001694;166;54;12;75;24;25;33;26;29;29;.;.;.;
Majåkerskolan;61093956;Lidköping;1494;Kommunal;Lidköping;2120001694;182;49;9;76;35;39;31;47;30;.;.;.;.;
Månesköldskolan;47317570;Lidköping;1494;Kommunal;Lidköping;2120001694;274;50;20;68;48;42;55;46;40;43;.;.;.;
Otterstad skola;39219577;Lidköping;1494;Kommunal;Lidköping;2120001694;93;48;..;63;12;16;12;21;12;20;.;.;.;
Rudenschöldskolan;52152242;Lidköping;1494;Kommunal;Lidköping;2120001694;445;50;12;62;.;.;.;.;.;.;165;143;137;
Råda skola;75230575;Lidköping;1494;Kommunal;Lidköping;2120001694;212;42;..;66;31;28;43;36;37;37;.;.;.;
Salebyskolan;59324900;Lidköping;1494;Kommunal;Lidköping;2120001694;69;39;..;61;8;11;16;6;12;16;.;.;.;
Sjölunda skola;19737840;Lidköping;1494;Kommunal;Lidköping;2120001694;192;53;4;80;47;39;29;37;20;20;.;.;.;
Stenhammarskolan;65318157;Lidköping;1494;Kommunal;Lidköping;2120001694;211;53;5;71;30;28;36;28;39;50;.;.;.;
Stenportskolan;38545211;Lidköping;1494;Kommunal;Lidköping;2120001694;201;40;33;48;24;25;42;38;34;38;.;.;.;
Tuns skola;53155784;Lidköping;1494;Kommunal;Lidköping;2120001694;67;42;..;54;9;9;9;17;14;9;.;.;.;
Vinningaskolan;95001615;Lidköping;1494;Kommunal;Lidköping;2120001694;224;43;6;59;33;32;29;51;38;41;.;.;.;
Wennerbergskolan;12640633;Lidköping;1494;Kommunal;Lidköping;2120001694;185;49;67;35;33;33;23;30;39;27;.;.;.;
Örslösa skola;94298280;Lidköping;1494;Kommunal;Lidköping;2120001694;111;49;5;52;15;17;15;26;16;22;.;.;.;
Östbyskolan;12159058;Lidköping;1494;Kommunal;Lidköping;2120001694;118;52;64;22;16;18;27;17;15;25;.;.;.;
Fuxernaskolan 7-9;22512947;Lilla Edet;1462;Kommunal;Lilla Edet;2120001496;298;44;23;38;.;.;.;.;.;.;96;91;111;
Fuxernaskolan F-6;77417759;Lilla Edet;1462;Kommunal;Lilla Edet;2120001496;249;42;36;35;41;37;38;44;47;42;.;.;.;
Nya Skolan, Lilla Edet;74771085;Lilla Edet;1462;Enskild;Nya Skolan Trollhättan Aktiebolag;5566127600;103;62;46;44;9;12;15;10;8;11;12;16;10;
Ryrsjöskolan;19260226;Lilla Edet;1462;Kommunal;Lilla Edet;2120001496;93;52;25;45;18;22;17;16;8;12;.;.;.;
Strömsskolan;60978397;Lilla Edet;1462;Kommunal;Lilla Edet;2120001496;254;48;10;43;40;50;38;44;41;41;.;.;.;
Tingbergsskolan;89394884;Lilla Edet;1462;Kommunal;Lilla Edet;2120001496;278;49;15;46;49;42;45;54;51;37;.;.;.;
Björkhagaskolan;47885092;Lindesberg;1885;Kommunal;Lindesberg;2120002015;445;51;43;40;68;67;68;78;80;84;.;.;.;
Brotorpsskolan Norra;33285674;Lindesberg;1885;Kommunal;Lindesberg;2120002015;203;51;29;44;66;68;.;.;.;69;.;.;.;
Brotorpsskolan Södra;29794394;Lindesberg;1885;Kommunal;Lindesberg;2120002015;197;46;30;49;.;.;62;67;68;.;.;.;.;
Ekbackens skola;24053777;Lindesberg;1885;Kommunal;Lindesberg;2120002015;182;50;41;30;38;30;28;35;23;28;.;.;.;
Fröviskolan;58663719;Lindesberg;1885;Kommunal;Lindesberg;2120002015;512;49;22;45;51;52;50;43;44;57;70;75;70;
Hagabackens skola;33243201;Lindesberg;1885;Kommunal;Lindesberg;2120002015;105;54;12;31;28;49;28;.;.;.;.;.;.;
Löa skola;15245953;Lindesberg;1885;Enskild;Löa Skola Ek.För.;7164532025;83;51;..;42;7;15;19;16;16;10;.;.;.;
Pilkrogs friskola;56594923;Lindesberg;1885;Enskild;Pilkrogs Friskola Ek. För.;7696101893;35;60;17;57;9;8;10;7;1;.;.;.;.;
Stadsskogsskolan;16882306;Lindesberg;1885;Kommunal;Lindesberg;2120002015;414;49;36;43;.;.;.;.;.;.;142;130;142;
Storåskolan;88486410;Lindesberg;1885;Kommunal;Lindesberg;2120002015;208;48;12;37;.;.;.;32;26;35;39;32;44;
Vedevågs skola;98044413;Lindesberg;1885;Kommunal;Lindesberg;2120002015;61;43;44;36;9;15;16;9;12;.;.;.;.;
Arenaskolan;46165416;Linköping;0580;Kommunal;Linköping;2120000449;551;38;13;65;.;.;.;.;.;.;178;187;186;
Askeby skola;19631342;Linköping;0580;Kommunal;Linköping;2120000449;160;53;9;75;16;19;21;34;36;34;.;.;.;
Atlasskolan F-6;84408578;Linköping;0580;Kommunal;Linköping;2120000449;280;49;54;76;54;52;41;45;45;43;.;.;.;
Bankekinds skola;78579312;Linköping;0580;Kommunal;Linköping;2120000449;54;48;..;76;18;14;22;.;.;.;.;.;.;
Berzeliusskolan 4;59327275;Linköping;0580;Kommunal;Linköping;2120000449;478;44;25;72;.;.;.;.;.;.;256;222;.;
Berzeliusskolan 5;20474564;Linköping;0580;Kommunal;Linköping;2120000449;224;40;25;77;.;.;.;.;.;.;.;3;221;
Berzeliusskolan 6;39169577;Linköping;0580;Kommunal;Linköping;2120000449;22;..;..;64;.;.;.;.;.;.;7;7;8;
Björkö friskola;78992223;Linköping;0580;Enskild;Stiftelsen Waldorfpedagogik i Vreta Kloster;8220027596;209;47;7;82;24;27;27;26;21;23;24;21;16;
Björnkärrskolan;63906328;Linköping;0580;Kommunal;Linköping;2120000449;153;44;54;56;38;25;29;19;19;23;.;.;.;
Blästadsskolan;30147517;Linköping;0580;Kommunal;Linköping;2120000449;276;49;12;59;45;44;43;55;42;47;.;.;.;
Brokinds skola;72710465;Linköping;0580;Kommunal;Linköping;2120000449;104;55;..;79;17;18;18;17;13;21;.;.;.;
Brunnbyskolan;84834006;Linköping;0580;Kommunal;Linköping;2120000449;204;43;5;75;30;35;33;43;37;26;.;.;.;
Bäckskolan;53873070;Linköping;0580;Kommunal;Linköping;2120000449;111;50;89;19;31;18;14;13;17;18;.;.;.;
Daggkåpeskolan;25265720;Linköping;0580;Kommunal;Linköping;2120000449;8;..;..;..;.;.;.;2;2;4;.;.;.;
Dar Al Uloum skola;80769468;Linköping;0580;Enskild;Stiftelsen Dar Al Uloum i Linköping;8220031978;60;45;100;38;14;5;8;7;7;6;5;5;3;
Ekholmsskolan;96360048;Linköping;0580;Kommunal;Linköping;2120000449;351;46;13;74;.;.;.;.;.;.;116;126;109;
Ekkälleskolan;85886913;Linköping;0580;Kommunal;Linköping;2120000449;188;49;63;42;27;48;36;40;20;17;.;.;.;
Ekängsskolan;10671588;Linköping;0580;Kommunal;Linköping;2120000449;456;46;10;85;74;84;80;84;68;66;.;.;.;
Elsa Brändströms skola;95720059;Linköping;0580;Kommunal;Linköping;2120000449;410;59;34;61;.;.;.;.;.;.;134;138;138;
Eraskolan;19327040;Linköping;0580;Enskild;Småskolan Pedagogik i Sverige AB;5590345178;72;56;..;90;.;.;19;19;20;14;.;.;.;
Folkungaskolan grundskola 4-6;98069986;Linköping;0580;Kommunal;Linköping;2120000449;156;69;4;93;.;.;.;52;52;52;.;.;.;
Folkungaskolan grundskola 7-9;65857121;Linköping;0580;Kommunal;Linköping;2120000449;576;63;23;78;.;.;.;.;.;.;195;194;187;
Fredriksbergsskolan;69259821;Linköping;0580;Kommunal;Linköping;2120000449;154;45;29;58;28;18;21;25;23;39;.;.;.;
Hagbyskolan;64407340;Linköping;0580;Kommunal;Linköping;2120000449;288;47;22;67;37;43;57;62;48;41;.;.;.;
Harvestadsskolorna;12265429;Linköping;0580;Kommunal;Linköping;2120000449;392;44;13;81;86;81;74;75;49;27;.;.;.;
Himnaskolan;88643893;Linköping;0580;Kommunal;Linköping;2120000449;503;50;4;75;82;75;90;88;87;81;.;.;.;
Hjulsbroskolan;56122739;Linköping;0580;Kommunal;Linköping;2120000449;287;47;5;86;47;41;56;43;48;52;.;.;.;
Internationella Engelska Skolan Linköping;82086591;Linköping;0580;Enskild;Internationella Engelska Skolan i Sverige AB;5564624368;754;47;55;72;.;.;.;123;127;145;118;120;121;
JENSEN grundskola Linköping;40898556;Linköping;0580;Enskild;Jensen Education College AB;5566358759;52;56;27;73;.;.;.;.;.;13;27;12;.;
Järdalaskolan;94242496;Linköping;0580;Kommunal;Linköping;2120000449;7;.;..;..;.;.;7;.;.;.;.;.;.;
Kungsbergsskolan;12146922;Linköping;0580;Kommunal;Linköping;2120000449;187;47;56;53;37;39;36;26;23;26;.;.;.;
Kunskapsskolan Linköping;67505597;Linköping;0580;Enskild;Kunskapsskolan i Sverige Aktiebolag;5565661815;195;46;54;45;.;.;.;11;14;30;52;49;39;
Kvinnebyskolan;66616050;Linköping;0580;Kommunal;Linköping;2120000449;273;52;11;87;52;34;52;47;35;53;.;.;.;
Kärnpunkten;24121348;Linköping;0580;Kommunal;Linköping;2120000449;5;.;..;..;.;.;.;1;1;3;.;.;.;
Lillgårdsskolan;29350859;Linköping;0580;Enskild;Stiftelsen Lillgårdsskolan i Linköping;8220028651;176;44;15;79;35;29;27;36;24;25;.;.;.;
Linghemsskolan;93274980;Linköping;0580;Kommunal;Linköping;2120000449;223;51;8;65;.;.;.;.;.;.;77;67;79;
Ljungs skola;87929781;Linköping;0580;Kommunal;Linköping;2120000449;37;35;14;65;37;.;.;.;.;.;.;.;.;
Ljungsbro skola 7-9;85992138;Linköping;0580;Kommunal;Linköping;2120000449;224;45;10;61;.;.;.;.;.;.;59;94;71;
Ljungsbro skola F-6;25226157;Linköping;0580;Kommunal;Linköping;2120000449;195;45;12;61;.;50;37;33;40;35;.;.;.;
Malmslättsskolan - Kärna F-6;11861311;Linköping;0580;Kommunal;Linköping;2120000449;545;48;10;71;81;77;97;88;102;100;.;.;.;
Malmslättsskolan - Tokarp;68326694;Linköping;0580;Kommunal;Linköping;2120000449;271;46;11;60;.;.;.;.;.;.;76;107;88;
Montessoriskolan Trilobiten;75288258;Linköping;0580;Enskild;Pysslingen Förskolor och Skolor AB;5560354309;108;58;37;78;20;12;19;21;15;21;.;.;.;
Norrbergaskolan;39665955;Linköping;0580;Kommunal;Linköping;2120000449;16;56;..;75;16;.;.;.;.;.;.;.;.;
Nya Munken;76521863;Linköping;0580;Enskild;Nya Munken Aktiebolag;5563475028;556;53;21;71;.;.;.;.;.;.;191;176;189;
Nya Rydsskolan F-6;51947069;Linköping;0580;Kommunal;Linköping;2120000449;229;50;82;27;43;49;50;36;25;26;.;.;.;
Nygårdsskolan;62444453;Linköping;0580;Kommunal;Linköping;2120000449;185;50;86;26;63;72;49;1;.;.;.;.;.;
Nykils skola;24526873;Linköping;0580;Kommunal;Linköping;2120000449;120;48;..;71;24;24;20;20;19;13;.;.;.;
Pandionskolan;16928929;Linköping;0580;Enskild;Frösunda Omsorg i Stockholm AB;5565972352;34;38;..;41;.;.;.;.;2;5;4;5;18;
Rappestad skola;73905927;Linköping;0580;Kommunal;Linköping;2120000449;61;57;..;69;24;22;15;.;.;.;.;.;.;
Rosendalsskolan;37626171;Linköping;0580;Kommunal;Linköping;2120000449;345;48;91;23;81;80;72;63;49;.;.;.;.;
Skeda skola;36426004;Linköping;0580;Kommunal;Linköping;2120000449;123;43;..;76;23;26;18;36;.;20;.;.;.;
Skäggetorpskolan 7-9;46577157;Linköping;0580;Kommunal;Linköping;2120000449;210;43;94;16;.;.;.;.;1;3;70;69;67;
Skäggetorpsskolan 4-6;71502521;Linköping;0580;Kommunal;Linköping;2120000449;135;56;94;19;.;.;.;30;42;63;.;.;.;
Slaka skola;47854168;Linköping;0580;Kommunal;Linköping;2120000449;144;51;3;78;20;25;23;21;33;22;.;.;.;
Slestadskolan;64444797;Linköping;0580;Kommunal;Linköping;2120000449;331;47;29;69;50;58;60;61;57;45;.;.;.;
Slussenskolan;77844194;Linköping;0580;Kommunal;Linköping;2120000449;6;.;.;..;.;.;.;.;.;.;2;2;2;
Småskolan;33615827;Linköping;0580;Enskild;Småskolan Pedagogik i Sverige AB;5590345178;39;41;..;87;19;20;.;.;.;.;.;.;.;
Stångåskolan;25519969;Linköping;0580;Kommunal;Linköping;2120000449;6;.;..;..;.;.;.;.;.;.;.;2;4;
Sätra skola;21336110;Linköping;0580;Kommunal;Linköping;2120000449;74;61;.;65;21;7;14;11;10;11;.;.;.;
T1-skolorna;34100694;Linköping;0580;Kommunal;Linköping;2120000449;407;46;25;81;81;60;65;53;76;72;.;.;.;
Tallbodaskolorna;27713533;Linköping;0580;Kommunal;Linköping;2120000449;368;50;12;72;64;64;71;69;54;46;.;.;.;
Tanneforsskolan;78438609;Linköping;0580;Kommunal;Linköping;2120000449;181;43;24;67;33;30;33;27;22;36;.;.;.;
Thea Privata Grundskola Linköping;31658010;Linköping;0580;Enskild;Theducation AB;5565697082;256;53;12;65;.;.;.;.;.;23;88;89;56;
Tinnerbäcksskolan;24877681;Linköping;0580;Kommunal;Linköping;2120000449;9;..;..;56;.;.;.;.;.;2;2;2;3;
Tornhagsskolan;24291925;Linköping;0580;Kommunal;Linköping;2120000449;708;47;42;59;72;81;88;78;79;77;76;77;80;
Ulrika skola;16096482;Linköping;0580;Kommunal;Linköping;2120000449;20;40;..;25;2;1;6;6;4;1;.;.;.;
Vallastadens skola F-6;79102473;Linköping;0580;Kommunal;Linköping;2120000449;102;40;27;77;31;24;13;8;17;9;.;.;.;
Vidingsjöskolan;82087469;Linköping;0580;Kommunal;Linköping;2120000449;283;51;11;71;44;46;47;49;45;52;.;.;.;
Vikingstads skola;84248539;Linköping;0580;Kommunal;Linköping;2120000449;338;49;5;69;59;50;64;55;54;56;.;.;.;
Vist skola;85043074;Linköping;0580;Kommunal;Linköping;2120000449;278;52;5;76;39;49;50;41;52;47;.;.;.;
Vittra Lambohov;26255239;Linköping;0580;Enskild;Vittraskolorna AB;5564586716;166;52;34;62;14;33;33;13;13;17;11;18;14;
Vreta Klosters skola;61381787;Linköping;0580;Kommunal;Linköping;2120000449;301;47;8;75;54;57;56;49;45;40;.;.;.;
Ånestadsskolan;59548402;Linköping;0580;Kommunal;Linköping;2120000449;491;47;42;60;48;41;52;29;49;49;78;70;75;
Änggårdsskolan;35599739;Linköping;0580;Kommunal;Linköping;2120000449;277;45;34;65;50;45;55;41;48;38;.;.;.;
Agunnarydskolan;87989137;Ljungby;0781;Kommunal;Ljungby;2120000670;35;37;14;63;7;5;5;5;3;10;.;.;.;
Angelstadskolan;87414531;Ljungby;0781;Kommunal;Ljungby;2120000670;71;49;8;52;10;11;13;8;13;16;.;.;.;
Astradskolan 1;83388272;Ljungby;0781;Kommunal;Ljungby;2120000670;116;48;23;64;32;35;49;.;.;.;.;.;.;
Astradskolan 2;90628474;Ljungby;0781;Kommunal;Ljungby;2120000670;137;55;45;53;.;.;.;.;.;.;52;20;65;
Astradskolan 3;21157015;Ljungby;0781;Kommunal;Ljungby;2120000670;274;46;26;55;.;.;.;40;57;49;41;40;47;
Bolmsöskolan;24113068;Ljungby;0781;Kommunal;Ljungby;2120000670;26;73;..;73;4;4;4;5;7;2;.;.;.;
Ekebackenskolan;20756773;Ljungby;0781;Kommunal;Ljungby;2120000670;169;53;15;60;20;39;21;30;24;35;.;.;.;
Hamnedaskolan;62324914;Ljungby;0781;Kommunal;Ljungby;2120000670;58;57;21;33;10;15;8;7;11;7;.;.;.;
Hjortsbergskolan;71032335;Ljungby;0781;Kommunal;Ljungby;2120000670;233;49;51;54;.;45;41;47;51;49;.;.;.;
Hjortsbergskolan 2;40459152;Ljungby;0781;Kommunal;Ljungby;2120000670;34;53;59;41;34;.;.;.;.;.;.;.;.;
Kungshögsskolan 1;94648037;Ljungby;0781;Kommunal;Ljungby;2120000670;75;45;40;48;25;25;25;.;.;.;.;.;.;
Kungshögsskolan 2;87262274;Ljungby;0781;Kommunal;Ljungby;2120000670;201;47;26;56;.;.;.;25;25;25;52;50;24;
Kungshögsskolan 3;96958960;Ljungby;0781;Kommunal;Ljungby;2120000670;251;51;33;48;.;.;.;.;.;.;75;74;102;
Lidhults skolan;32676873;Ljungby;0781;Kommunal;Ljungby;2120000670;130;45;38;40;22;20;27;27;19;15;.;.;.;
Lingbygdens Friskola;55606427;Ljungby;0781;Enskild;Lingbygdens Friskola ekonomisk förening;7696213292;37;54;..;54;9;10;6;2;4;6;.;.;.;
Ryssbyskolan;27091573;Ljungby;0781;Kommunal;Ljungby;2120000670;92;41;12;49;17;11;18;15;16;15;.;.;.;
Stensbergskolan;67644450;Ljungby;0781;Kommunal;Ljungby;2120000670;292;53;20;48;49;45;50;50;50;48;.;.;.;
Thoren Framtid i Ljungby;59021648;Ljungby;0781;Enskild;Thoren Framtid AB;5567497051;142;44;19;71;10;14;8;15;12;13;25;25;20;
Vittarydskolan;39704815;Ljungby;0781;Kommunal;Ljungby;2120000670;53;47;45;28;10;10;6;10;7;10;.;.;.;
Åbyskolan 1;68870324;Ljungby;0781;Kommunal;Ljungby;2120000670;99;49;24;46;36;33;30;.;.;.;.;.;.;
Åbyskolan 2;75853223;Ljungby;0781;Kommunal;Ljungby;2120000670;239;53;19;46;.;.;.;34;28;30;37;57;53;
Båtbacken;51658900;Ljusdal;2161;Enskild;Båtbackens Friskola ekonomisk förening;7696151641;54;41;..;46;6;9;14;8;7;10;.;.;.;
Emiliaskolan Hybo;28202331;Ljusdal;2161;Kommunal;Ljusdal;2120002320;40;48;..;35;3;6;7;7;6;11;.;.;.;
Friskolan Vintergatan;62270371;Ljusdal;2161;Enskild;Friskolan Vintergatan Ekonomisk Förening;7696065718;109;49;8;44;.;.;.;.;.;.;40;31;38;
Färila skola;36425969;Ljusdal;2161;Kommunal;Ljusdal;2120002320;323;48;8;39;38;42;33;38;30;40;38;27;37;
Gärdeåsskolan;51846686;Ljusdal;2161;Kommunal;Ljusdal;2120002320;180;53;28;39;31;30;30;31;27;31;.;.;.;
Järvsö skola;47378558;Ljusdal;2161;Kommunal;Ljusdal;2120002320;221;52;5;43;.;.;.;34;26;39;34;41;47;
Los skola;87366152;Ljusdal;2161;Kommunal;Ljusdal;2120002320;40;53;15;45;.;4;4;5;5;5;8;6;3;
Nybo skola;12566479;Ljusdal;2161;Kommunal;Ljusdal;2120002320;102;44;..;49;39;33;30;.;.;.;.;.;.;
Stenhamreskolan 7-9;97659691;Ljusdal;2161;Kommunal;Ljusdal;2120002320;316;44;21;39;.;.;.;.;.;.;97;124;95;
Stenhamreskolan F-6;98347247;Ljusdal;2161;Kommunal;Ljusdal;2120002320;266;55;27;37;40;32;46;43;39;66;.;.;.;
Tallbacken;84673347;Ljusdal;2161;Enskild;Freinetskolan Tallbacken AB;5566403407;159;58;11;48;30;28;29;19;27;26;.;.;.;
Tallåsens skola;45136856;Ljusdal;2161;Kommunal;Ljusdal;2120002320;101;50;..;29;17;10;16;20;20;18;.;.;.;
Kyrkbacksskolan 6-9;81333857;Ljusnarsberg;1864;Kommunal;Ljusnarsberg;2120001959;164;45;27;40;.;.;.;.;.;43;34;45;42;
Kyrkbacksskolan F-5;82447364;Ljusnarsberg;1864;Kommunal;Ljusnarsberg;2120001959;180;56;39;39;34;37;38;36;35;.;.;.;.;
Alfredshällskolan;20557692;Lomma;1262;Kommunal;Lomma;2120001066;265;49;5;89;47;43;48;51;45;31;.;.;.;
Alléskolan;96916151;Lomma;1262;Kommunal;Lomma;2120001066;188;45;9;87;64;55;69;.;.;.;.;.;.;
Bjärehovskolan;41254600;Lomma;1262;Kommunal;Lomma;2120001066;615;51;14;85;48;51;53;56;58;64;89;98;98;
Fladängskolan;96905508;Lomma;1262;Kommunal;Lomma;2120001066;383;46;9;85;44;48;48;88;78;77;.;.;.;
Karstorpskolan Norra;83616080;Lomma;1262;Kommunal;Lomma;2120001066;386;49;11;81;78;71;80;79;78;.;.;.;.;
Karstorpskolan Södra;92463760;Lomma;1262;Kommunal;Lomma;2120001066;254;50;19;73;.;.;.;.;.;72;80;44;58;
Löddesnässkolan;58076252;Lomma;1262;Kommunal;Lomma;2120001066;279;45;6;89;50;48;50;44;51;36;.;.;.;
Montessori Bjerred;52025747;Lomma;1262;Enskild;Montessori-Bjerred Ekonomisk Förening;7696026983;165;58;9;89;16;18;17;15;22;15;20;25;17;
Pilängskolan;15610637;Lomma;1262;Kommunal;Lomma;2120001066;632;48;9;81;.;.;.;69;69;42;161;134;157;
Rutsborgskolan;19570704;Lomma;1262;Kommunal;Lomma;2120001066;424;42;8;87;24;25;26;36;38;36;84;79;76;
Strandskolan;26824650;Lomma;1262;Kommunal;Lomma;2120001066;125;54;18;90;46;42;37;.;.;.;.;.;.;
Blötbergets skola;13775470;Ludvika;2085;Kommunal;Ludvika;2120002270;128;50;14;48;23;24;20;14;22;25;.;.;.;
Fredriksbergs skola;88233361;Ludvika;2085;Kommunal;Ludvika;2120002270;50;56;20;32;10;7;4;3;4;12;.;4;6;
Håksberg;73236556;Ludvika;2085;Enskild;Olympica AB;5565938700;84;52;7;42;22;10;11;10;14;17;.;.;.;
Junibackens skola;17188467;Ludvika;2085;Kommunal;Ludvika;2120002270;142;46;18;60;26;26;25;21;26;18;.;.;.;
Knutsbo skola;90820665;Ludvika;2085;Kommunal;Ludvika;2120002270;96;52;19;82;26;25;25;20;.;.;.;.;.;
Kyrkskolan 4-6;46103134;Ludvika;2085;Kommunal;Ludvika;2120002270;143;47;41;43;.;.;.;44;45;54;.;.;.;
Kyrkskolan 7-9;28230949;Ludvika;2085;Kommunal;Ludvika;2120002270;471;49;35;43;.;.;.;.;.;.;153;166;152;
Lorensbergaskolan 4-6;32395048;Ludvika;2085;Kommunal;Ludvika;2120002270;192;48;30;52;.;.;.;51;63;78;.;.;.;
Lorensbergaskolan 7-9;47736072;Ludvika;2085;Kommunal;Ludvika;2120002270;392;50;22;48;.;.;.;.;.;.;134;141;117;
Lorensbergaskolan F-3;37379128;Ludvika;2085;Kommunal;Ludvika;2120002270;165;52;38;54;64;49;52;.;.;.;.;.;.;
Nyhammars skola;39306277;Ludvika;2085;Kommunal;Ludvika;2120002270;104;40;20;44;19;18;16;19;17;15;.;.;.;
Parkskolan;61260328;Ludvika;2085;Kommunal;Ludvika;2120002270;223;49;14;26;41;44;27;38;38;35;.;.;.;
Solviksskolan;67844568;Ludvika;2085;Kommunal;Ludvika;2120002270;296;52;68;41;51;61;60;47;32;45;.;.;.;
Sunnansjö skola;73277774;Ludvika;2085;Kommunal;Ludvika;2120002270;64;55;13;44;10;10;10;13;13;8;.;.;.;
Sörviks skola;83237712;Ludvika;2085;Kommunal;Ludvika;2120002270;109;50;6;59;20;22;17;11;21;18;.;.;.;
Vasaskolan;22818109;Ludvika;2085;Kommunal;Ludvika;2120002270;134;57;53;40;54;45;35;.;.;.;.;.;.;
Alviksskolan;41443442;Luleå;2580;Kommunal;Luleå;2120002742;94;44;..;72;17;23;16;13;15;10;.;.;.;
Antnässkolan;66927569;Luleå;2580;Kommunal;Luleå;2120002742;122;52;..;72;17;23;21;20;21;20;.;.;.;
Avanskolan;90467643;Luleå;2580;Kommunal;Luleå;2120002742;35;57;.;51;5;8;7;8;3;4;.;.;.;
Benzeliusskolan;87101377;Luleå;2580;Kommunal;Luleå;2120002742;132;48;4;69;35;24;14;24;35;.;.;.;.;
Bergskolan;72942852;Luleå;2580;Kommunal;Luleå;2120002742;297;44;9;61;.;.;.;.;.;.;103;95;99;
Björkskataskolan;89477984;Luleå;2580;Kommunal;Luleå;2120002742;337;52;11;72;.;.;.;.;.;.;132;102;103;
Borgmästarskolan;71219716;Luleå;2580;Kommunal;Luleå;2120002742;104;46;36;44;31;39;34;.;.;.;.;.;.;
Boskataskolan;89780532;Luleå;2580;Kommunal;Luleå;2120002742;226;41;8;81;38;42;42;38;29;37;.;.;.;
Ersnässkolan;77545704;Luleå;2580;Kommunal;Luleå;2120002742;65;55;..;66;6;15;9;17;12;6;.;.;.;
Furuparksskolan 0-3;11064551;Luleå;2580;Kommunal;Luleå;2120002742;119;44;8;73;25;47;47;.;.;.;.;.;.;
Furuparksskolan 4-6;56582777;Luleå;2580;Kommunal;Luleå;2120002742;127;39;6;76;.;.;.;37;40;50;.;.;.;
Hedskolan;87224520;Luleå;2580;Kommunal;Luleå;2120002742;145;39;21;52;21;28;23;27;19;27;.;.;.;
Hertsöskolan 4-6;43993011;Luleå;2580;Kommunal;Luleå;2120002742;152;48;20;61;.;.;.;47;50;55;.;.;.;
Hertsöskolan 7-9;15579589;Luleå;2580;Kommunal;Luleå;2120002742;227;52;20;52;.;.;.;.;.;.;85;66;76;
Klöverträskskolan;77641387;Luleå;2580;Kommunal;Luleå;2120002742;37;49;..;62;5;7;6;8;3;8;.;.;.;
Kråkbergsskolan;46323920;Luleå;2580;Kommunal;Luleå;2120002742;212;50;5;78;.;.;.;.;.;.;79;78;55;
Mandaskolan;27240899;Luleå;2580;Kommunal;Luleå;2120002742;154;47;14;72;25;20;27;25;28;29;.;.;.;
Mariebergsskolan;99392998;Luleå;2580;Kommunal;Luleå;2120002742;73;42;..;74;19;22;32;.;.;.;.;.;.;
Montessoriskolan;35085794;Luleå;2580;Kommunal;Luleå;2120002742;261;56;11;75;28;28;28;28;31;25;29;39;25;
Munkebergsskolan;86750566;Luleå;2580;Kommunal;Luleå;2120002742;97;47;7;66;32;24;41;.;.;.;.;.;.;
Måttsundsskolan;27071357;Luleå;2580;Kommunal;Luleå;2120002742;59;41;..;88;11;10;12;10;12;4;.;.;.;
Norrskenet Luleå;55520065;Luleå;2580;Enskild;Pysslingen Förskolor och Skolor AB;5560354309;117;56;15;71;11;10;17;10;13;17;7;15;17;
Nya Läroverket;82183259;Luleå;2580;Enskild;Nya läroverket Luleå AB;5566677927;388;50;4;84;40;40;40;41;39;40;59;43;46;
Nya Läroverket Bergnäset;52734580;Luleå;2580;Enskild;Nya läroverket Luleå AB;5566677927;270;51;5;75;20;21;21;18;34;38;38;41;39;
Ormbergsskolan;91656996;Luleå;2580;Kommunal;Luleå;2120002742;235;45;6;83;35;44;36;35;43;42;.;.;.;
Persöskolan;11872888;Luleå;2580;Kommunal;Luleå;2120002742;105;44;..;59;9;22;23;15;21;15;.;.;.;
Porsöskolan;44278936;Luleå;2580;Kommunal;Luleå;2120002742;204;56;34;68;30;32;34;36;35;37;.;.;.;
Residensskolan 7-9;73462793;Luleå;2580;Kommunal;Luleå;2120002742;231;48;14;72;.;.;.;.;.;.;71;80;80;
Rutviksskolan 0-6;89136155;Luleå;2580;Kommunal;Luleå;2120002742;163;52;..;81;26;20;27;29;31;30;.;.;.;
Råneskolan 0-3;21713769;Luleå;2580;Kommunal;Luleå;2120002742;118;48;14;46;34;41;43;.;.;.;.;.;.;
Råneskolan 4-9;67558379;Luleå;2580;Kommunal;Luleå;2120002742;213;51;15;50;.;.;.;32;21;31;44;39;46;
Stadsöskolan 4-6;92596010;Luleå;2580;Kommunal;Luleå;2120002742;203;48;3;72;.;.;.;67;65;71;.;.;.;
Stadsöskolan 7-9;95536453;Luleå;2580;Kommunal;Luleå;2120002742;224;54;5;74;.;.;.;.;.;.;78;84;62;
Sunderbyskolan 0-3;13938935;Luleå;2580;Kommunal;Luleå;2120002742;196;49;3;82;55;75;66;.;.;.;.;.;.;
Sunderbyskolan 4-6;59950814;Luleå;2580;Kommunal;Luleå;2120002742;195;44;4;88;.;.;.;75;55;65;.;.;.;
Svedjeskolan;35535722;Luleå;2580;Kommunal;Luleå;2120002742;137;50;23;58;46;51;40;.;.;.;.;.;.;
Tallkronanskolan 0-6;54468318;Luleå;2580;Kommunal;Luleå;2120002742;209;54;9;86;38;38;37;32;32;32;.;.;.;
Tunaskolan 4-6;84328205;Luleå;2580;Kommunal;Luleå;2120002742;175;47;26;59;.;.;.;60;63;52;.;.;.;
Tunaskolan 7-9;43539193;Luleå;2580;Kommunal;Luleå;2120002742;144;50;31;53;.;.;.;.;.;.;49;46;49;
Ängskolan;97585644;Luleå;2580;Kommunal;Luleå;2120002742;182;42;20;47;24;29;32;31;30;36;.;.;.;
Öhemsskolan;67615094;Luleå;2580;Kommunal;Luleå;2120002742;93;52;8;65;27;44;22;.;.;.;.;.;.;
Örnässkolan 0-6;25018983;Luleå;2580;Kommunal;Luleå;2120002742;130;43;36;48;16;16;18;24;28;28;.;.;.;
Örnässkolan 7-9;20104143;Luleå;2580;Kommunal;Luleå;2120002742;269;40;17;68;.;.;.;.;.;.;103;90;76;
Östra Skolan 0-3;58093790;Luleå;2580;Kommunal;Luleå;2120002742;95;45;39;54;33;32;30;.;.;.;.;.;.;
Östra skolan 4-6;25119379;Luleå;2580;Kommunal;Luleå;2120002742;121;51;19;67;.;.;.;48;38;35;.;.;.;
Apelskolan;95226024;Lund;1281;Kommunal;Lund;2120001132;55;58;38;76;10;15;8;9;13;.;.;.;.;
Backaskolan;43054997;Lund;1281;Kommunal;Lund;2120001132;281;42;37;87;89;96;96;.;.;.;.;.;.;
Byskolan 4-6;45699665;Lund;1281;Kommunal;Lund;2120001132;142;50;11;76;.;.;.;48;43;51;.;.;.;
Byskolan F-3;57355328;Lund;1281;Kommunal;Lund;2120001132;147;51;14;81;49;47;51;.;.;.;.;.;.;
Delfinskolan;86202475;Lund;1281;Kommunal;Lund;2120001132;84;52;57;51;21;38;25;.;.;.;.;.;.;
Flygelskolan;29396502;Lund;1281;Kommunal;Lund;2120001132;131;47;19;95;27;26;25;26;27;.;.;.;.;
Freinetskolan i Lund;60492534;Lund;1281;Enskild;Freinetskolan i Lund,Ideell Förening;8450030203;127;59;18;86;17;14;12;10;12;10;20;15;17;
Fågelskolan;64936034;Lund;1281;Kommunal;Lund;2120001132;442;44;50;65;63;47;49;45;59;39;42;47;51;
Fäladsgården;54391347;Lund;1281;Kommunal;Lund;2120001132;392;47;35;79;.;.;.;.;.;.;121;138;133;
Fäladsskolan;99578308;Lund;1281;Kommunal;Lund;2120001132;339;52;33;81;.;.;.;96;134;109;.;.;.;
Genarps skola;83803124;Lund;1281;Kommunal;Lund;2120001132;295;44;18;73;.;.;.;50;54;44;66;44;37;
Gunnesboskolan 7-9;85762828;Lund;1281;Kommunal;Lund;2120001132;225;52;32;76;.;.;.;.;.;.;103;74;48;
Gunnesboskolan F-6;85684011;Lund;1281;Kommunal;Lund;2120001132;294;49;31;76;49;54;55;48;40;48;.;.;.;
Hagalundskolan;63017061;Lund;1281;Kommunal;Lund;2120001132;157;42;10;84;26;28;26;23;27;27;.;.;.;
Hubertusgården;21703142;Lund;1281;Kommunal;Lund;2120001132;171;49;33;74;28;29;29;30;29;26;.;.;.;
Håstads skola;51938440;Lund;1281;Kommunal;Lund;2120001132;36;33;17;92;13;9;14;.;.;.;.;.;.;
Häckebergaskolan;33536595;Lund;1281;Kommunal;Lund;2120001132;176;47;17;70;67;54;55;.;.;.;.;.;.;
Idalaskolan;20140050;Lund;1281;Kommunal;Lund;2120001132;92;49;10;66;31;27;34;.;.;.;.;.;.;
Internationella Engelska Skolan Lund;63826797;Lund;1281;Enskild;Internationella Engelska Skolan i Sverige AB;5564624368;722;50;33;87;.;.;.;119;120;122;123;124;114;
ISLK/Int. School of Lund*;70615815;Lund;1281;Kommunal;Lund;2120001132;378;47;83;75;34;37;44;32;47;46;45;49;44;
Järnåkraskolan 4-9;39307298;Lund;1281;Kommunal;Lund;2120001132;552;51;23;80;.;.;.;82;57;57;120;114;122;
Killebäckskolan 4-6;84629961;Lund;1281;Kommunal;Lund;2120001132;95;54;9;83;.;.;.;26;27;42;.;.;.;
Killebäckskolan 7-9;42754004;Lund;1281;Kommunal;Lund;2120001132;321;49;9;80;.;.;.;.;.;.;111;114;96;
Klostergårdskolan;89516312;Lund;1281;Kommunal;Lund;2120001132;257;47;45;66;33;42;50;40;48;44;.;.;.;
Kulparkskolan;28403786;Lund;1281;Kommunal;Lund;2120001132;172;55;10;91;58;51;63;.;.;.;.;.;.;
Kunskapsskolan Lund;52037312;Lund;1281;Enskild;Kunskapsskolan i Sverige Aktiebolag;5565661815;457;53;17;83;.;.;.;39;41;42;115;114;106;
Lerbäckskolan 4-6;91303125;Lund;1281;Kommunal;Lund;2120001132;245;46;15;92;.;.;.;78;83;84;.;.;.;
Lerbäckskolan 7-9;90340546;Lund;1281;Kommunal;Lund;2120001132;296;45;15;89;.;.;.;.;.;.;88;91;117;
Lerbäckskolan F-3;90208066;Lund;1281;Kommunal;Lund;2120001132;166;45;17;87;60;54;52;.;.;.;.;.;.;
Lingua Montessoriskola;34409875;Lund;1281;Enskild;Skolhoppet AB;5568771793;86;35;51;76;30;24;18;3;8;3;.;.;.;
Lund International School*;35615086;Lund;1281;Enskild;Lund International School ek. för.;7696113914;161;53;92;55;28;23;31;17;29;14;8;6;5;
Lunds Montessorigrundskola;70044059;Lund;1281;Enskild;Föreningen Lunds Montessorigrundskola;8450021459;203;51;11;93;22;24;22;23;21;22;22;24;23;
Lunds Waldorfskola;96533068;Lund;1281;Enskild;Stiftelsen Lunds Waldorfskola;8450008415;210;52;17;89;39;15;19;38;18;20;19;23;19;
Maria Montessori-skolan;40248457;Lund;1281;Enskild;Pysslingen Förskolor och Skolor AB;5560354309;220;45;25;90;25;24;25;23;24;25;25;24;25;
Munspelets skola;30058363;Lund;1281;Kommunal;Lund;2120001132;149;57;18;89;50;51;48;.;.;.;.;.;.;
Mårtenskolan;26555956;Lund;1281;Kommunal;Lund;2120001132;220;43;24;86;45;42;55;26;25;27;.;.;.;
Nyvångskolan 4-6;20249498;Lund;1281;Kommunal;Lund;2120001132;280;51;17;79;.;.;.;99;92;89;.;.;.;
Nyvångskolan 7-9;70811599;Lund;1281;Kommunal;Lund;2120001132;315;48;12;75;.;.;.;.;.;.;116;95;104;
Nyvångskolan F-3;60797946;Lund;1281;Kommunal;Lund;2120001132;224;47;17;78;53;73;98;.;.;.;.;.;.;
Oskarskolan;85777148;Lund;1281;Kommunal;Lund;2120001132;54;52;17;93;20;16;18;.;.;.;.;.;.;
Palettskolan;54781241;Lund;1281;Kommunal;Lund;2120001132;185;50;23;86;29;27;31;40;27;31;.;.;.;
Prästängsskolan;46220627;Lund;1281;Kommunal;Lund;2120001132;200;50;9;91;.;.;.;57;50;50;35;8;.;
Pusselbitens skola Dalby;64971454;Lund;1281;Enskild;Nytida PB AB;5568642234;14;..;..;64;1;1;2;4;3;3;.;.;.;
Påskagängets skola;82239909;Lund;1281;Kommunal;Lund;2120001132;79;43;22;73;53;26;.;.;.;.;.;.;.;
Revinge skola;36401369;Lund;1281;Kommunal;Lund;2120001132;30;43;17;77;8;11;11;.;.;.;.;.;.;
Sankt Thomas Skola;28753548;Lund;1281;Enskild;Stiftelsen s:t Thomas Skola;8450030435;147;47;48;85;15;15;19;18;13;20;18;11;18;
Skrylleängs Montessoriskola;95785072;Lund;1281;Enskild;Dalby och Södra Sandby Montessoriförening Ek För;7696010151;76;47;..;86;15;14;15;12;8;12;.;.;.;
Stiftelsen BMSL;75154610;Lund;1281;Enskild;Stiftelsen Bmsl;8024781158;353;49;33;95;40;39;40;40;40;40;40;40;34;
Svaleboskolan 4-6;63278471;Lund;1281;Kommunal;Lund;2120001132;283;46;13;66;.;.;.;98;95;90;.;.;.;
Svaleboskolan 7-9;27508103;Lund;1281;Kommunal;Lund;2120001132;225;48;12;64;.;.;.;.;.;.;61;87;77;
Svaleboskolan F-3;96174004;Lund;1281;Kommunal;Lund;2120001132;200;46;15;62;62;66;72;.;.;.;.;.;.;
Svaneskolan;67020135;Lund;1281;Kommunal;Lund;2120001132;358;41;22;82;.;.;.;.;.;.;116;121;121;
Torna Hällestads skola;14485761;Lund;1281;Kommunal;Lund;2120001132;40;48;..;93;18;10;12;.;.;.;.;.;.;
Tunaskolan;76684064;Lund;1281;Kommunal;Lund;2120001132;669;47;25;91;76;53;61;63;64;59;94;94;105;
Uggleskolan 4-6;34508695;Lund;1281;Kommunal;Lund;2120001132;141;48;16;77;.;.;.;51;49;41;.;.;.;
Uggleskolan F-3;37970295;Lund;1281;Kommunal;Lund;2120001132;144;49;13;83;50;43;51;.;.;.;.;.;.;
Vallkärra skola;13504003;Lund;1281;Kommunal;Lund;2120001132;100;43;8;92;15;8;9;31;22;15;.;.;.;
Vegalyckan;12127586;Lund;1281;Kommunal;Lund;2120001132;173;57;20;88;74;50;49;.;.;.;.;.;.;
Vikingaskolan;68201054;Lund;1281;Kommunal;Lund;2120001132;453;49;54;57;64;62;68;57;46;45;34;29;48;
Vårfruskolan;83324871;Lund;1281;Kommunal;Lund;2120001132;316;48;21;90;49;50;50;51;55;61;.;.;.;
Österskolan;31398939;Lund;1281;Kommunal;Lund;2120001132;78;45;10;82;25;27;26;.;.;.;.;.;.;
Östratornskolan;58622330;Lund;1281;Kommunal;Lund;2120001132;517;49;21;88;.;.;.;72;79;105;93;87;81;
Finnbacksskolan;35637430;Lycksele;2481;Kommunal;Lycksele;2120002635;373;51;23;49;.;.;.;.;.;.;143;127;103;
Forsdalaskolan F-6;15825322;Lycksele;2481;Kommunal;Lycksele;2120002635;262;53;18;52;30;46;46;51;43;46;.;.;.;
Furuviks skola;76316166;Lycksele;2481;Kommunal;Lycksele;2120002635;126;47;7;57;16;19;25;25;22;19;.;.;.;
Hedlundaskolan;36036642;Lycksele;2481;Kommunal;Lycksele;2120002635;43;49;..;63;8;6;8;7;9;5;.;.;.;
Knaftens skola;19481421;Lycksele;2481;Kommunal;Lycksele;2120002635;14;57;.;50;8;5;1;.;.;.;.;.;.;
Kristinebergsskolan;65602740;Lycksele;2481;Kommunal;Lycksele;2120002635;8;..;..;..;3;3;2;.;.;.;.;.;.;
Norrängsskolan;73265454;Lycksele;2481;Kommunal;Lycksele;2120002635;265;46;26;50;34;51;36;47;46;51;.;.;.;
Rusksele skola;70212191;Lycksele;2481;Kommunal;Lycksele;2120002635;6;83;.;..;3;3;.;.;.;.;.;.;.;
Södermalmsskolan;21774215;Lycksele;2481;Kommunal;Lycksele;2120002635;123;50;24;56;22;15;14;23;21;28;.;.;.;
Umgransele skola;17245575;Lycksele;2481;Kommunal;Lycksele;2120002635;10;50;.;70;4;3;3;.;.;.;.;.;.;
Bergs skola;33574346;Lysekil;1484;Kommunal;Lysekil;2120001389;38;58;..;47;18;12;8;.;.;.;.;.;.;
Bro skola;21004427;Lysekil;1484;Kommunal;Lysekil;2120001389;35;34;..;63;11;13;11;.;.;.;.;.;.;
Gullmarsskolan 7-9;12247315;Lysekil;1484;Kommunal;Lysekil;2120001389;439;52;22;53;.;.;.;.;.;.;147;133;159;
Gullmarsskolan F-6;38925677;Lysekil;1484;Kommunal;Lysekil;2120001389;237;50;56;37;45;30;38;40;46;38;.;.;.;
Mariedalsskolan;15905789;Lysekil;1484;Kommunal;Lysekil;2120001389;329;50;15;60;53;45;45;56;66;64;.;.;.;
Skaftö skola;71589053;Lysekil;1484;Kommunal;Lysekil;2120001389;79;51;11;77;8;14;13;10;18;16;.;.;.;
Stångenässkolan;71907938;Lysekil;1484;Kommunal;Lysekil;2120001389;209;49;9;44;27;33;34;44;30;41;.;.;.;
Al-Salamahskolan;75399786;Malmö;1280;Enskild;Kulturella Föreningen F Välgörande Ändamål;8460052155;341;52;87;32;49;41;39;46;45;46;27;28;20;
Annebergsskolan;59926249;Malmö;1280;Kommunal;Malmö;2120001124;270;49;67;51;67;55;43;49;36;20;.;.;.;
Apelgårdsskolan 7-9;87527002;Malmö;1280;Kommunal;Malmö;2120001124;79;58;96;22;.;.;.;.;.;.;25;27;27;
Apelgårdsskolan F-6;56672773;Malmö;1280;Kommunal;Malmö;2120001124;209;44;92;20;30;41;46;32;33;27;.;.;.;
Augustenborgsskolan;89876778;Malmö;1280;Kommunal;Malmö;2120001124;539;49;83;34;49;50;48;59;54;60;67;80;72;
Backaskolan;55040455;Malmö;1280;Enskild;Föreningen Backaskolan;8465001777;246;47;20;79;26;26;26;28;28;28;28;28;28;
Bellevueskolan;69244685;Malmö;1280;Enskild;Bellevueskolan Aktiebolag;5565686135;106;58;92;38;15;13;13;18;14;12;5;10;6;
Bergaskolan;40035084;Malmö;1280;Kommunal;Malmö;2120001124;954;49;25;80;78;56;58;58;58;144;161;173;168;
Bladins grundskola;57534630;Malmö;1280;Enskild;Bladins Skola, Stiftelsen;8460010948;502;51;25;85;55;56;56;56;58;57;57;55;52;
Bladins International School of Malmö*;78986228;Malmö;1280;Enskild;Bladins Skola, Stiftelsen;8460010948;553;48;72;79;50;75;55;76;53;65;53;76;50;
Boukefs Privatskola;62868982;Malmö;1280;Enskild;Boukefs Privatskola AB;5567155527;128;57;79;45;.;.;.;20;25;18;22;22;21;
Boukefs Småskola;62126085;Malmö;1280;Enskild;Boukefs Privatskola AB;5567155527;57;49;81;46;17;17;20;1;.;1;1;.;.;
Bulltoftaskolan;54391363;Malmö;1280;Kommunal;Malmö;2120001124;283;43;43;65;26;25;24;75;72;61;.;.;.;
Bäckagårdsskolan;12636945;Malmö;1280;Kommunal;Malmö;2120001124;485;50;32;66;54;52;52;55;52;56;52;56;56;
Dammfriskolan;48874671;Malmö;1280;Kommunal;Malmö;2120001124;665;45;55;59;74;70;74;70;62;70;72;86;87;
Dibber Hindby Skola;16353434;Malmö;1280;Enskild;Palmlunds Malmö Aktiebolag;5564450665;113;50;40;73;19;21;23;17;16;17;.;.;.;
Djupadalsskolan;14379396;Malmö;1280;Kommunal;Malmö;2120001124;408;48;8;90;82;80;82;83;81;.;.;.;.;
Europaportens grundskola;24339301;Malmö;1280;Enskild;Europaportens Skolor AB;5568350572;215;53;28;85;24;23;24;24;24;24;24;24;24;
Fridhemsskolan;17159507;Malmö;1280;Kommunal;Malmö;2120001124;397;53;17;84;50;52;78;71;74;72;.;.;.;
Fågelbacksskolan;44459183;Malmö;1280;Kommunal;Malmö;2120001124;560;46;37;67;.;.;.;.;.;.;186;191;183;
Geijerskolan;26676746;Malmö;1280;Kommunal;Malmö;2120001124;494;46;18;86;81;84;84;83;84;78;.;.;.;
Glasbruksskolan;85051905;Malmö;1280;Kommunal;Malmö;2120001124;316;52;16;79;82;84;56;45;49;.;.;.;.;
Gottorpskolan;56363473;Malmö;1280;Kommunal;Malmö;2120001124;566;49;41;65;.;1;.;.;.;.;206;190;169;
Gullviksskolan;80189510;Malmö;1280;Kommunal;Malmö;2120001124;265;51;72;46;51;47;43;45;46;33;.;.;.;
Hermodsdalsskolan;56666435;Malmö;1280;Kommunal;Malmö;2120001124;459;47;87;29;51;57;49;58;47;47;50;48;52;
Holmaskolan;54845539;Malmö;1280;Kommunal;Malmö;2120001124;253;42;87;29;40;43;47;50;36;37;.;.;.;
Husieskolan;86384125;Malmö;1280;Kommunal;Malmö;2120001124;303;46;37;66;52;54;53;54;47;43;.;.;.;
Hyllie Park Grundskola;55549522;Malmö;1280;Enskild;Hyllie Park Aktiebolag;5564918356;138;43;35;76;25;25;25;23;25;15;.;.;.;
Hyllievångsskolan;53047724;Malmö;1280;Kommunal;Malmö;2120001124;156;51;61;59;83;73;.;.;.;.;.;.;.;
Högaholmsskolan;16037900;Malmö;1280;Kommunal;Malmö;2120001124;259;46;89;39;47;46;45;48;38;35;.;.;.;
Höjaskolan;99835038;Malmö;1280;Kommunal;Malmö;2120001124;456;47;74;41;47;42;48;48;44;49;58;60;60;
JENSEN grundskola Malmö 2;61994062;Malmö;1280;Enskild;Jensen Education College AB;5566358759;355;47;69;52;.;.;.;.;.;89;115;62;89;
Johannesskolan;82797662;Malmö;1280;Kommunal;Malmö;2120001124;473;52;77;43;80;61;49;48;45;27;39;74;50;
Karl Johansskolan;19435652;Malmö;1280;Kommunal;Malmö;2120001124;166;46;24;73;54;56;56;.;.;.;.;.;.;
Karlshögsskolan;56755694;Malmö;1280;Kommunal;Malmö;2120001124;75;47;23;75;25;26;24;.;.;.;.;.;.;
Kastanjeskolan;19024032;Malmö;1280;Enskild;Föreningen Kastanjeskolan;8465016791;203;46;27;85;22;22;22;22;21;24;22;23;25;
Kirsebergsskolan;25054799;Malmö;1280;Kommunal;Malmö;2120001124;501;50;64;39;97;84;96;96;77;51;.;.;.;
Klagshamnsskolan;21120076;Malmö;1280;Kommunal;Malmö;2120001124;77;52;17;77;77;.;.;.;.;.;.;.;.;
Kommunikationsskolan;51220608;Malmö;1280;Kommunal;Malmö;2120001124;75;24;79;31;9;8;9;9;9;7;8;9;7;
Kroksbäcksskolan;98745015;Malmö;1280;Kommunal;Malmö;2120001124;443;53;90;28;45;38;46;47;43;39;51;65;69;
Kryddgårdsskolan;66836744;Malmö;1280;Kommunal;Malmö;2120001124;297;48;94;32;47;48;45;47;48;47;.;8;7;
Kryddgårdsskolan Montessori;56648670;Malmö;1280;Kommunal;Malmö;2120001124;75;57;93;41;10;7;7;6;8;7;13;8;9;
Kulladalsskolan;17441553;Malmö;1280;Kommunal;Malmö;2120001124;457;48;52;60;78;77;76;79;73;74;.;.;.;
Kungshögsskolan;49165163;Malmö;1280;Kommunal;Malmö;2120001124;426;49;35;64;74;74;71;73;70;64;.;.;.;
Lindeborgsskolan;22509001;Malmö;1280;Kommunal;Malmö;2120001124;674;49;62;50;78;53;51;51;51;48;128;107;107;
Lindängeskolan;75875503;Malmö;1280;Kommunal;Malmö;2120001124;534;54;87;35;54;51;52;60;53;46;75;70;73;
Linnéskolan;63951601;Malmö;1280;Kommunal;Malmö;2120001124;490;44;31;69;.;.;.;54;59;57;116;115;89;
Lorensborgsskolan;16185651;Malmö;1280;Kommunal;Malmö;2120001124;347;51;79;35;70;57;73;57;48;42;.;.;.;
Malmö Friskola;75599504;Malmö;1280;Enskild;Malmö Friskola AB;5566616297;106;44;95;48;24;24;23;15;11;9;.;.;.;
Malmö Idrottsgrundskola;71454628;Malmö;1280;Kommunal;Malmö;2120001124;251;42;21;73;.;.;.;.;.;.;84;85;82;
Malmö International School*;56446897;Malmö;1280;Kommunal;Malmö;2120001124;440;54;81;66;71;48;49;48;50;47;45;40;42;
Malmö Montessoriskola;13299659;Malmö;1280;Enskild;Hemgårdar i Malmö, Föreningen;8460009460;291;50;18;89;33;32;33;33;32;32;32;32;32;
Mariaskolan;67272295;Malmö;1280;Enskild;Kristna Skolföreningen i Malmö;8460026654;213;53;54;76;22;25;24;24;24;24;24;24;22;
Mellanhedsskolan;29300350;Malmö;1280;Kommunal;Malmö;2120001124;446;48;20;81;80;74;76;75;76;65;.;.;.;
Mellersta Förstadsskolan;80830464;Malmö;1280;Kommunal;Malmö;2120001124;303;50;61;52;.;.;.;.;.;136;116;.;51;
Monbijouskolan;12536784;Malmö;1280;Kommunal;Malmö;2120001124;310;52;37;65;54;53;53;53;53;44;.;.;.;
Montessorigrundskolan Maria;45776214;Malmö;1280;Enskild;MontessoriGrundskolan Maria AB;5565418455;195;56;33;75;23;22;23;23;23;21;19;21;20;
Munkhätteskolan;74972690;Malmö;1280;Kommunal;Malmö;2120001124;536;48;88;32;58;63;66;57;54;46;53;68;71;
Mölletoftaskolan;64737940;Malmö;1280;Kommunal;Malmö;2120001124;70;49;21;81;24;24;22;.;.;.;.;.;.;
Möllevångsskolan;88590084;Malmö;1280;Kommunal;Malmö;2120001124;457;48;72;37;49;25;70;60;43;61;49;51;49;
Nydalaskolan;58250857;Malmö;1280;Kommunal;Malmö;2120001124;390;48;85;34;70;67;73;68;59;53;.;.;.;
Olympen;87991089;Malmö;1280;Kommunal;Malmö;2120001124;12;..;50;..;.;.;.;2;1;2;2;3;2;
Oxievångsskolan;64402572;Malmö;1280;Kommunal;Malmö;2120001124;746;48;52;49;48;39;39;46;46;39;166;168;155;
Pilbäckskolan;85007077;Malmö;1280;Kommunal;Malmö;2120001124;517;49;25;72;.;.;.;102;98;75;87;72;83;
Resursskolan UngArt;89498184;Malmö;1280;Enskild;Ungart AB;5566379623;16;..;50;31;.;.;.;.;.;2;2;5;7;
Ribersborgsskolan;54555485;Malmö;1280;Kommunal;Malmö;2120001124;458;49;17;74;74;75;76;76;77;80;.;.;.;
Risebergaskolan;69234477;Malmö;1280;Kommunal;Malmö;2120001124;318;51;22;79;53;54;53;53;55;50;.;.;.;
Rosengårdsskolan 7-9;39124119;Malmö;1280;Kommunal;Malmö;2120001124;22;36;95;..;.;.;.;.;.;.;22;.;.;
Rosengårdsskolan F-6;93270739;Malmö;1280;Kommunal;Malmö;2120001124;327;49;91;26;59;59;67;54;45;43;.;.;.;
Rosenholmsskolan;56989398;Malmö;1280;Kommunal;Malmö;2120001124;67;42;58;57;22;23;22;.;.;.;.;.;.;
Runstyckets skola;57386343;Malmö;1280;Enskild;Runstyckets Förskola Aktiebolag;5564518081;195;54;19;74;21;20;22;21;22;22;22;21;24;
Rådmansvångens skola;87197902;Malmö;1280;Kommunal;Malmö;2120001124;194;47;32;75;.;.;.;47;50;48;36;13;.;
Rönnenskolan;93599910;Malmö;1280;Kommunal;Malmö;2120001124;474;52;61;47;.;.;.;.;.;.;184;157;133;
Rörsjöskolan;97818558;Malmö;1280;Kommunal;Malmö;2120001124;417;51;64;54;94;97;81;88;57;.;.;.;.;
Sakura;89945429;Malmö;1280;Kommunal;Malmö;2120001124;21;29;33;29;2;1;3;.;.;3;2;6;4;
Skolan på Ön;62952638;Malmö;1280;Kommunal;Malmö;2120001124;129;58;34;78;27;26;24;27;25;.;.;.;.;
Sofielundsskolan;65836771;Malmö;1280;Kommunal;Malmö;2120001124;521;47;72;34;50;70;71;63;62;58;50;50;47;
Sorgenfriskolan;67130748;Malmö;1280;Kommunal;Malmö;2120001124;517;46;36;69;52;51;74;73;51;46;73;47;50;
Stapelbäddsskolan;39087850;Malmö;1280;Kommunal;Malmö;2120001124;355;52;32;81;117;129;109;.;.;.;.;.;.;
Stenkulaskolan;85082785;Malmö;1280;Kommunal;Malmö;2120001124;528;48;81;38;61;60;60;58;58;57;56;60;58;
Strandskolan;61199979;Malmö;1280;Kommunal;Malmö;2120001124;627;49;24;80;.;75;92;83;95;61;74;79;68;
Sundsbroskolan;15068136;Malmö;1280;Kommunal;Malmö;2120001124;709;50;30;77;127;117;132;118;119;96;.;.;.;
Sveaskolan;54725950;Malmö;1280;Enskild;Sveaskolan AB;5567282859;321;55;9;85;.;.;.;.;.;96;76;74;75;
Söderkullaskolan;66656783;Malmö;1280;Kommunal;Malmö;2120001124;793;50;77;46;78;74;84;72;75;74;112;115;109;
Tingdammsskolan;60366078;Malmö;1280;Kommunal;Malmö;2120001124;420;45;36;60;68;61;72;68;78;73;.;.;.;
Toftanässkolan;98713812;Malmö;1280;Kommunal;Malmö;2120001124;341;42;38;60;49;25;26;27;31;.;127;29;27;
Tygelsjöskolan;10509907;Malmö;1280;Kommunal;Malmö;2120001124;259;48;15;79;88;76;95;.;.;.;.;.;.;
Velanderskolan;71203301;Malmö;1280;Kommunal;Malmö;2120001124;11;55;..;45;.;.;.;.;.;.;1;4;6;
Videdals privatskolor;31996111;Malmö;1280;Enskild;Aktiebolaget Videdals Privatskolor;5564518750;163;47;23;75;18;18;19;18;18;18;18;18;18;
Videdalsskolan;37324136;Malmö;1280;Kommunal;Malmö;2120001124;629;48;61;59;53;50;52;54;49;49;106;112;104;
Vittra Västra hamnen;13495830;Malmö;1280;Enskild;Vittraskolorna AB;5564586716;240;49;74;53;19;21;23;39;21;21;39;22;35;
Värner Rydénskolan;65099615;Malmö;1280;Kommunal;Malmö;2120001124;439;53;92;25;47;45;50;46;50;47;51;51;52;
Västra Hamnens skola;28640213;Malmö;1280;Kommunal;Malmö;2120001124;557;53;28;76;.;.;.;98;97;75;98;100;89;
Västra skolan;84512892;Malmö;1280;Kommunal;Malmö;2120001124;199;50;23;78;74;51;74;.;.;.;.;.;.;
Ängsdals skola;34314029;Malmö;1280;Enskild;Ängsdals skolor AB;5564800836;234;52;15;90;25;25;25;25;26;26;27;27;28;
Ängslättskolan;33174525;Malmö;1280;Kommunal;Malmö;2120001124;450;51;30;72;81;74;74;80;74;67;.;.;.;
Ögårdsskolan;36880435;Malmö;1280;Enskild;Islamic Centers Församling;8460039251;217;52;92;36;39;42;42;39;32;23;.;.;.;
Örtagårdsskolan 7-9;43697331;Malmö;1280;Kommunal;Malmö;2120001124;26;54;88;..;.;.;.;.;.;.;26;.;.;
Örtagårdsskolan F-6;78498675;Malmö;1280;Kommunal;Malmö;2120001124;317;51;88;23;61;57;57;50;45;47;.;.;.;
Österportsskolan;86471786;Malmö;1280;Kommunal;Malmö;2120001124;407;55;38;71;75;99;78;79;76;.;.;.;.;
Östra Skolan;40470449;Malmö;1280;Enskild;Östra Skolan AB;5568250632;141;52;43;65;.;.;.;.;.;.;48;46;47;
Blomsterbäcksskolan;13118298;Malung-Sälen;2023;Kommunal;Malung-Sälen;2120002148;155;55;35;39;23;36;37;27;32;.;.;.;.;
Centralskolan;83084730;Malung-Sälen;2023;Kommunal;Malung-Sälen;2120002148;274;46;20;36;.;.;.;.;.;72;71;76;55;
Lillmons skola;62491694;Malung-Sälen;2023;Kommunal;Malung-Sälen;2120002148;118;53;16;54;25;22;22;25;24;.;.;.;.;
Malungsfors skola;23193760;Malung-Sälen;2023;Kommunal;Malung-Sälen;2120002148;48;46;10;44;10;11;12;7;8;.;.;.;.;
Rörbäcksnäs skola;60207912;Malung-Sälen;2023;Kommunal;Malung-Sälen;2120002148;9;..;.;..;.;3;2;3;1;.;.;.;.;
Sälens skola;13866289;Malung-Sälen;2023;Kommunal;Malung-Sälen;2120002148;125;50;5;40;23;25;31;17;29;.;.;.;.;
Ungärde skola;17208837;Malung-Sälen;2023;Kommunal;Malung-Sälen;2120002148;197;49;6;37;16;9;12;12;12;30;45;23;38;
Nilaskolan 4-6;70257940;Malå;2418;Kommunal;Malå;2120002866;108;52;16;42;.;.;.;35;40;32;.;.;1;
Nilaskolan 7-9;28454424;Malå;2418;Kommunal;Malå;2120002866;117;54;17;42;.;.;.;.;.;.;35;32;50;
Nilaskolan F-3;69141080;Malå;2418;Kommunal;Malå;2120002866;113;48;12;42;37;34;42;.;.;.;.;.;.;
Ekhamraskolan;29289355;Mariestad;1493;Enskild;Friskolan i Mariestad AB;5568020852;188;46;5;67;.;.;.;.;.;.;63;60;65;
Grangärdets skola;99243321;Mariestad;1493;Kommunal;Mariestad;2120001686;119;48;14;52;22;15;21;25;22;14;.;.;.;
Hasslerörs skola;55024806;Mariestad;1493;Kommunal;Mariestad;2120001686;56;55;..;34;10;10;11;8;8;9;.;.;.;
Högelidsskolan 7-9;62694008;Mariestad;1493;Kommunal;Mariestad;2120001686;301;47;16;49;.;.;.;.;.;.;101;88;112;
Högelidsskolan F-6;17581579;Mariestad;1493;Kommunal;Mariestad;2120001686;288;48;17;61;40;54;50;54;46;44;.;.;.;
Kvarnstenens skola;71484023;Mariestad;1493;Kommunal;Mariestad;2120001686;112;42;4;55;26;17;18;16;18;17;.;.;.;
Lillängsskolan;28646634;Mariestad;1493;Enskild;Friskolan i Mariestad AB;5568020852;130;44;6;75;22;23;21;19;23;22;.;.;.;
Lyrestads skola;57260659;Mariestad;1493;Kommunal;Mariestad;2120001686;95;48;8;40;16;17;19;16;10;17;.;.;.;
Prismaskolan;26296411;Mariestad;1493;Kommunal;Mariestad;2120001686;278;50;32;54;48;51;45;50;41;43;.;.;.;
Tidavads skola;12357670;Mariestad;1493;Kommunal;Mariestad;2120001686;78;44;..;51;13;15;13;15;8;14;.;.;.;
Torsö Skärgårdsskola;48056070;Mariestad;1493;Enskild;Torsö Skärgårdsskola Ekonomisk förening;7696198865;16;31;.;69;4;2;3;3;1;3;.;.;.;
Tunaholmsskolan;48016437;Mariestad;1493;Kommunal;Mariestad;2120001686;304;48;28;52;.;.;.;.;.;.;96;116;92;
Ullervads skola;69164983;Mariestad;1493;Kommunal;Mariestad;2120001686;124;46;..;59;22;24;28;14;19;17;.;.;.;
Unicaskolan;30467029;Mariestad;1493;Kommunal;Mariestad;2120001686;269;52;36;48;46;46;34;50;45;48;.;.;.;
Björketorpskolan;27924449;Mark;1463;Kommunal;Mark;2120001504;85;59;21;46;16;15;13;15;10;16;.;.;.;
Fotskälskolan;75172236;Mark;1463;Kommunal;Mark;2120001504;85;46;7;48;14;8;13;11;19;20;.;.;.;
Fritslaskolan;33369644;Mark;1463;Kommunal;Mark;2120001504;363;51;23;41;43;41;47;47;36;42;41;38;28;
Hyssnaskolan;84184524;Mark;1463;Kommunal;Mark;2120001504;134;47;..;62;25;20;24;21;26;18;.;.;.;
Leteboskolan;79844557;Mark;1463;Enskild;Letebo Utbildning AB;5569175663;140;54;7;59;21;8;13;12;14;16;19;18;19;
Lyckeskolan;10428442;Mark;1463;Kommunal;Mark;2120001504;255;47;18;49;.;.;.;.;.;.;100;82;73;
Montessoriskolan Pärlan;80072686;Mark;1463;Enskild;Montessoriskolan i Skene Aktiebolag;5565933503;80;34;20;53;7;5;11;11;10;11;7;8;10;
Parkskolan;19909922;Mark;1463;Kommunal;Mark;2120001504;121;57;33;42;68;53;.;.;.;.;.;.;.;
Sjöbyskolan;35972293;Mark;1463;Kommunal;Mark;2120001504;135;56;11;44;17;11;27;29;22;29;.;.;.;
Skogsbrynets resursskola;30894215;Mark;1463;Enskild;Caremore Vård och Behandling AB;5564997319;2;..;..;..;.;.;.;.;.;.;.;1;1;
Stommenskolan;87907494;Mark;1463;Kommunal;Mark;2120001504;274;49;26;51;46;36;44;43;59;46;.;.;.;
Strömskolan;73226579;Mark;1463;Kommunal;Mark;2120001504;315;47;16;58;49;48;62;48;51;57;.;.;.;
Sätilaskolan;90586918;Mark;1463;Kommunal;Mark;2120001504;484;46;4;58;31;43;29;52;49;58;77;73;72;
Tingvallaskolan;73187491;Mark;1463;Kommunal;Mark;2120001504;320;44;37;43;.;.;82;76;88;74;.;.;.;
Torestorpskolan;53345308;Mark;1463;Kommunal;Mark;2120001504;77;48;9;38;9;16;17;10;13;12;.;.;.;
Ubbhultskolan;12813506;Mark;1463;Kommunal;Mark;2120001504;38;63;..;50;13;14;11;.;.;.;.;.;.;
Ängskolan;13666864;Mark;1463;Kommunal;Mark;2120001504;414;50;25;47;.;.;.;.;.;.;129;140;145;
Örbyskolan;53091837;Mark;1463;Kommunal;Mark;2120001504;487;50;5;51;39;56;54;46;51;55;59;49;78;
Öxabäckskolan;30040859;Mark;1463;Kommunal;Mark;2120001504;60;50;12;37;5;9;11;12;8;15;.;.;.;
Markaryds skola 7-9;88784456;Markaryd;0767;Kommunal;Markaryd;2120000654;237;49;26;40;.;.;.;.;.;.;71;71;95;
Markaryds skola F-6;88885075;Markaryd;0767;Kommunal;Markaryd;2120000654;321;50;31;42;48;47;54;60;66;46;.;.;.;
Strömsnässkolan 7-9;59001324;Markaryd;0767;Kommunal;Markaryd;2120000654;133;41;41;38;.;.;.;.;.;.;49;40;44;
Strömsnässkolan F-6;51999929;Markaryd;0767;Kommunal;Markaryd;2120000654;218;52;54;36;37;31;39;37;35;39;.;.;.;
Timsfors skola;25157363;Markaryd;0767;Kommunal;Markaryd;2120000654;91;48;18;40;21;13;17;10;13;17;.;.;.;
Traryds skola;22058882;Markaryd;0767;Kommunal;Markaryd;2120000654;92;48;42;38;15;13;20;22;10;12;.;.;.;
Fagerlidsskolan;68467694;Mellerud;1461;Kommunal;Mellerud;2120001488;88;48;56;42;30;34;24;.;.;.;.;.;.;
Karolinerskolan;81025260;Mellerud;1461;Kommunal;Mellerud;2120001488;128;47;12;44;17;26;22;18;21;24;.;.;.;
Nordalsskolan;28301176;Mellerud;1461;Kommunal;Mellerud;2120001488;311;45;51;38;32;33;30;76;76;64;.;.;.;
Rådaskolan;53764779;Mellerud;1461;Kommunal;Mellerud;2120001488;271;49;37;34;.;.;.;.;.;.;93;85;93;
Åsebro skola;49291677;Mellerud;1461;Kommunal;Mellerud;2120001488;71;44;8;34;10;13;18;7;15;8;.;.;.;
Åsen skola;37842901;Mellerud;1461;Kommunal;Mellerud;2120001488;58;40;34;29;11;9;9;9;12;8;.;.;.;
Bjälbotullskolan LM;42116655;Mjölby;0586;Kommunal;Mjölby;2120000480;140;44;9;42;30;29;25;26;30;.;.;.;.;
Blåklintskolan;27259736;Mjölby;0586;Kommunal;Mjölby;2120000480;317;50;30;53;.;.;.;55;53;50;58;56;45;
Blåklintskolan F-3;92463571;Mjölby;0586;Kommunal;Mjölby;2120000480;154;45;38;51;46;57;51;.;.;.;.;.;.;
Egebyskolan L;28993546;Mjölby;0586;Kommunal;Mjölby;2120000480;119;50;49;41;40;37;42;.;.;.;.;.;.;
Klämmestorpsskolan LM;99557550;Mjölby;0586;Kommunal;Mjölby;2120000480;188;52;6;66;28;31;47;27;25;30;.;.;.;
Lagmansskolan Alfa MH;66224705;Mjölby;0586;Kommunal;Mjölby;2120000480;328;53;20;55;.;.;.;113;109;106;.;.;.;
Lagmansskolan Beta MH;10609045;Mjölby;0586;Kommunal;Mjölby;2120000480;311;50;25;53;.;.;.;.;.;.;116;94;101;
Lindbladsskolan LM;85620980;Mjölby;0586;Kommunal;Mjölby;2120000480;126;54;16;37;27;26;20;23;30;.;.;.;.;
Normlösa skola;37981902;Mjölby;0586;Kommunal;Mjölby;2120000480;49;55;.;53;9;10;6;10;14;.;.;.;.;
Trojenborgsskolan MH;37310404;Mjölby;0586;Kommunal;Mjölby;2120000480;234;53;13;37;.;.;.;.;.;55;64;62;53;
Vasaskolan L;34622909;Mjölby;0586;Kommunal;Mjölby;2120000480;200;51;15;62;61;74;65;.;.;.;.;.;.;
Veta skola LM;99363913;Mjölby;0586;Kommunal;Mjölby;2120000480;163;48;4;64;31;29;27;22;29;25;.;.;.;
Vifolkaskolan 7-9;16727370;Mjölby;0586;Kommunal;Mjölby;2120000480;314;51;4;61;.;.;.;.;.;.;107;109;98;
Vifolkaskolan F-6 LM;71079812;Mjölby;0586;Kommunal;Mjölby;2120000480;186;48;7;60;21;29;26;31;39;40;.;.;.;
Väderstad skola LM;45401314;Mjölby;0586;Kommunal;Mjölby;2120000480;78;49;6;50;19;10;18;16;15;.;.;.;.;
Västra Hargs skola LM;92579261;Mjölby;0586;Kommunal;Mjölby;2120000480;31;45;.;61;4;9;3;9;6;.;.;.;.;
Bjäkenbackens skola F-6;29561775;Mora;2062;Kommunal;Mora;2120002213;175;55;6;71;21;33;22;31;34;34;.;.;.;
Färnäs skola F-6;52366900;Mora;2062;Kommunal;Mora;2120002213;109;50;15;52;12;21;17;23;20;16;.;.;.;
Morkarlby skola F-6;20797156;Mora;2062;Kommunal;Mora;2120002213;321;51;11;60;45;47;42;55;69;63;.;.;.;
Morkarlbyhöjdens skola 7-9;95649680;Mora;2062;Kommunal;Mora;2120002213;344;48;14;58;.;.;.;.;.;.;118;113;113;
Noretsskolan 7-9;68663553;Mora;2062;Kommunal;Mora;2120002213;333;48;8;55;.;.;.;.;.;.;119;111;103;
Noretsskolan F-6;22251463;Mora;2062;Kommunal;Mora;2120002213;260;52;17;60;33;43;42;52;46;44;.;.;.;
Nusnäs skola F-6;69560728;Mora;2062;Kommunal;Mora;2120002213;33;45;..;42;13;9;11;.;.;.;.;.;.;
Selja-Långlets friskola;48225182;Mora;2062;Enskild;Selja-Långlets friskola ekonomiska förening;7696212625;66;55;9;56;12;14;5;16;6;13;.;.;.;
Sollerö skola F-6;76848295;Mora;2062;Kommunal;Mora;2120002213;118;48;8;65;18;22;18;23;20;17;.;.;.;
Utmelands skola F-6;87211552;Mora;2062;Kommunal;Mora;2120002213;147;46;19;50;34;20;32;18;24;19;.;.;.;
Venjans skola F-6;34032649;Mora;2062;Kommunal;Mora;2120002213;11;..;.;..;1;2;2;4;.;2;.;.;.;
Vika skola F-6;40674798;Mora;2062;Kommunal;Mora;2120002213;20;55;..;55;7;8;5;.;.;.;.;.;.;
Våmhus skola F-6;68493881;Mora;2062;Kommunal;Mora;2120002213;118;50;..;46;19;16;18;23;18;24;.;.;.;
Ängsskolan F-9;88046548;Mora;2062;Kommunal;Mora;2120002213;13;..;..;38;2;.;1;.;3;1;4;.;2;
Bergvallaskolan;30697328;Motala;0583;Kommunal;Motala;2120002817;141;40;4;72;27;21;28;18;27;20;.;.;.;
Bråstorpskolan;30701609;Motala;0583;Kommunal;Motala;2120002817;212;53;16;53;35;36;29;37;39;36;.;.;.;
Dansäterskolan;87345996;Motala;0583;Kommunal;Motala;2120002817;150;51;..;76;20;30;25;29;24;22;.;.;.;
Ekenässkolan;68973224;Motala;0583;Kommunal;Motala;2120002817;173;44;77;25;31;27;30;24;29;32;.;.;.;
Fornåsa skola;86335791;Motala;0583;Kommunal;Motala;2120002817;131;46;5;60;21;12;23;20;29;26;.;.;.;
Fågelsta skola;16363452;Motala;0583;Kommunal;Motala;2120002817;75;37;..;40;16;12;12;9;10;16;.;.;.;
Godegårds skola;84577998;Motala;0583;Kommunal;Motala;2120002817;30;27;..;57;5;5;2;6;7;5;.;.;.;
Hällaskolan;87963970;Motala;0583;Kommunal;Motala;2120002817;245;47;6;56;.;.;.;.;.;.;81;88;76;
Karin Boye-skolan;11664326;Motala;0583;Enskild;AcadeMedia fria grundskolor AB;5569320699;224;55;6;69;.;.;.;.;.;.;75;75;74;
Karlslunds skola;65569758;Motala;0583;Kommunal;Motala;2120002817;112;52;10;54;23;22;23;22;22;.;.;.;.;
Klockrike skola;89596219;Motala;0583;Kommunal;Motala;2120002817;56;41;..;80;10;9;10;9;8;10;.;.;.;
Lilla Karin Boye-skolan;40888014;Motala;0583;Enskild;AcadeMedia fria grundskolor AB;5569320699;131;47;..;66;23;21;21;22;22;22;.;.;.;
Marieberg 7-9;87531665;Motala;0583;Kommunal;Motala;2120002817;191;52;31;43;.;.;.;.;.;.;75;56;60;
Marieberg F-6;57326146;Motala;0583;Kommunal;Motala;2120002817;363;49;40;42;71;60;64;60;54;54;.;.;.;
Norra skolan 4-6;48173987;Motala;0583;Kommunal;Motala;2120002817;161;53;60;33;.;.;.;55;51;55;.;.;.;
Norra skolan F-3;48868251;Motala;0583;Kommunal;Motala;2120002817;140;49;64;31;46;40;54;.;.;.;.;.;.;
Nykyrka skola;96520696;Motala;0583;Kommunal;Motala;2120002817;73;55;12;51;9;8;12;14;14;16;.;.;.;
Skolgårda skola 7-9;82224915;Motala;0583;Kommunal;Motala;2120002817;306;49;12;50;.;.;.;.;.;.;99;100;107;
Skolgårda skola F-6;78731821;Motala;0583;Kommunal;Motala;2120002817;283;54;9;55;34;44;42;47;45;71;.;.;.;
Smedsby skola;36380064;Motala;0583;Kommunal;Motala;2120002817;100;41;24;68;21;14;21;18;9;17;.;.;.;
Södra skolan 7-9;69769596;Motala;0583;Kommunal;Motala;2120002817;237;44;37;36;.;.;.;.;.;.;87;73;77;
Södra skolan F-6;33011928;Motala;0583;Kommunal;Motala;2120002817;299;44;13;54;44;48;49;49;54;55;.;.;.;
Tjällmo skola;51733481;Motala;0583;Kommunal;Motala;2120002817;67;57;9;36;11;16;13;9;11;7;.;.;.;
Vätternskolan 4-6;94423675;Motala;0583;Kommunal;Motala;2120002817;164;42;25;61;.;.;.;54;54;56;.;.;.;
Vätternskolan F-3;56197506;Motala;0583;Kommunal;Motala;2120002817;165;50;36;47;55;56;54;.;.;.;.;.;.;
Zederslundsskolan;98031467;Motala;0583;Kommunal;Motala;2120002817;287;45;47;44;.;.;.;.;.;.;96;91;100;
Österstad skola;31501751;Motala;0583;Kommunal;Motala;2120002817;28;43;..;50;8;8;12;.;.;.;.;.;.;
Björksätersskolan lågstadie;45105492;Mullsjö;0642;Kommunal;Mullsjö;2120001603;57;56;9;49;57;.;.;.;.;.;.;.;.;
Gunnarsboskolan lågstadie;40364194;Mullsjö;0642;Kommunal;Mullsjö;2120001603;104;40;13;47;.;41;63;.;.;.;.;.;.;
Gunnarsboskolan mellanstadie;40152896;Mullsjö;0642;Kommunal;Mullsjö;2120001603;277;54;11;47;.;.;.;79;104;94;.;.;.;
Kronängsskolan lågstadie;40995060;Mullsjö;0642;Kommunal;Mullsjö;2120001603;135;48;10;46;35;55;45;.;.;.;.;.;.;
Sandhemsskolan lågstadie;40285376;Mullsjö;0642;Kommunal;Mullsjö;2120001603;21;43;..;52;6;8;7;.;.;.;.;.;.;
Trollehöjdskolan;28156767;Mullsjö;0642;Kommunal;Mullsjö;2120001603;259;51;10;52;.;.;.;.;.;.;86;104;69;
Bruksskolan;80093339;Munkedal;1430;Kommunal;Munkedal;2120001330;194;48;11;57;40;35;32;26;33;28;.;.;.;
Centrumskolan;65530250;Munkedal;1430;Kommunal;Munkedal;2120001330;95;57;14;43;.;.;.;26;38;31;.;.;.;
Hedekas skola;24798079;Munkedal;1430;Kommunal;Munkedal;2120001330;101;43;16;38;16;17;16;19;16;17;.;.;.;
Hällevadsholms skola;64957366;Munkedal;1430;Kommunal;Munkedal;2120001330;92;45;16;34;33;28;31;.;.;.;.;.;.;
Kungsmarksskolan;44650086;Munkedal;1430;Kommunal;Munkedal;2120001330;352;47;19;47;.;.;.;.;.;.;118;119;115;
Munkedalsskolan;11715340;Munkedal;1430;Kommunal;Munkedal;2120001330;270;47;30;46;63;41;34;45;42;45;.;.;.;
Forsnässkolan 4-9;73206377;Munkfors;1762;Kommunal;Munkfors;2120001801;260;56;23;37;.;.;.;54;40;42;37;44;43;
Munkerudsskolan;67623106;Munkfors;1762;Kommunal;Munkfors;2120001801;116;47;27;35;37;42;37;.;.;.;.;.;.;
Almåsskolan;40577779;Mölndal;1481;Kommunal;Mölndal;2120001363;453;48;17;62;.;.;.;47;45;53;97;103;108;
Balltorpsskolan;28119547;Mölndal;1481;Kommunal;Mölndal;2120001363;263;49;22;61;52;42;50;34;46;39;.;.;.;
Bosgårdsskolan;72857130;Mölndal;1481;Kommunal;Mölndal;2120001363;191;45;26;69;70;58;63;.;.;.;.;.;.;
Brattåsskolan;46412363;Mölndal;1481;Kommunal;Mölndal;2120001363;312;47;21;75;.;68;94;77;73;.;.;.;.;
Eklandaskolan;38620615;Mölndal;1481;Kommunal;Mölndal;2120001363;555;56;14;86;92;70;98;109;103;83;.;.;.;
Fässbergsskolan;72066259;Mölndal;1481;Kommunal;Mölndal;2120001363;588;46;35;65;.;.;.;64;52;68;140;141;123;
Glasbergsskolan;90966089;Mölndal;1481;Kommunal;Mölndal;2120001363;271;52;8;79;38;41;57;42;47;46;.;.;.;
Hallenskolan;32309720;Mölndal;1481;Kommunal;Mölndal;2120001363;414;47;12;73;63;40;45;53;34;50;37;50;42;
Hällesåkersskolan;99527239;Mölndal;1481;Kommunal;Mölndal;2120001363;41;41;..;51;17;16;8;.;.;.;.;.;.;
Katrinebergsskolan;13050305;Mölndal;1481;Kommunal;Mölndal;2120001363;134;46;49;51;30;24;31;9;21;19;.;.;.;
Krokslättsskolan;11203004;Mölndal;1481;Kommunal;Mölndal;2120001363;228;48;22;71;54;44;42;47;41;.;.;.;.;
Kvarnbyskolan;67822057;Mölndal;1481;Kommunal;Mölndal;2120001363;498;53;14;76;.;.;.;.;.;.;167;164;167;
Lackarebäcksskolan;13770039;Mölndal;1481;Kommunal;Mölndal;2120001363;463;44;11;86;75;75;83;69;76;85;.;.;.;
Montessoriskolan Kvarnhjulet;64490264;Mölndal;1481;Enskild;Montessoriskolan Kvarnhjulet, ekonomisk förening;7164452166;218;47;26;82;24;23;24;24;24;24;26;25;24;
Rävekärrsskolan;92647733;Mölndal;1481;Kommunal;Mölndal;2120001363;240;55;26;65;46;36;37;46;39;36;.;.;.;
Sinntorpsskolan 4-9;90949251;Mölndal;1481;Kommunal;Mölndal;2120001363;418;51;14;65;.;.;.;78;71;75;69;62;63;
Sinntorpsskolan F-3;36569773;Mölndal;1481;Kommunal;Mölndal;2120001363;202;49;10;64;66;70;66;.;.;.;.;.;.;
Skånhällaskolan F-6;55382532;Mölndal;1481;Kommunal;Mölndal;2120001363;442;50;8;75;76;71;68;85;73;69;.;.;.;
Streteredsskolan;54881559;Mölndal;1481;Kommunal;Mölndal;2120001363;274;43;28;66;.;.;.;.;.;79;68;71;56;
Sörgårdsskolan;53442807;Mölndal;1481;Kommunal;Mölndal;2120001363;374;49;16;85;.;.;.;.;.;100;98;98;78;
Toltorpsskolan;71288945;Mölndal;1481;Kommunal;Mölndal;2120001363;225;48;16;90;45;42;50;43;45;.;.;.;.;
Valåsskolan;31638941;Mölndal;1481;Kommunal;Mölndal;2120001363;123;43;20;67;30;49;44;.;.;.;.;.;.;
Västerbergsskolan;97689213;Mölndal;1481;Kommunal;Mölndal;2120001363;141;50;50;55;25;21;33;19;24;19;.;.;.;
Växthuset;42908622;Mölndal;1481;Enskild;AcadeMedia fria grundskolor AB;5569320699;293;45;18;71;24;24;25;23;24;24;53;43;53;
Östergårdsskolan;21475197;Mölndal;1481;Kommunal;Mölndal;2120001363;82;43;21;68;82;.;.;.;.;.;.;.;.;
Alsteråskolan;75183917;Mönsterås;0861;Kommunal;Mönsterås;2120000720;61;48;16;49;.;.;19;13;16;13;.;.;.;
Fliseryds skola;12445033;Mönsterås;0861;Kommunal;Mönsterås;2120000720;90;48;12;41;21;13;18;14;11;13;.;.;.;
Krungårdsskolan 7-9;40299433;Mönsterås;0861;Kommunal;Mönsterås;2120000720;180;55;19;46;.;.;.;.;.;.;58;56;66;
Krungårdsskolan F-6;40502346;Mönsterås;0861;Kommunal;Mönsterås;2120000720;179;49;44;31;34;25;34;38;21;27;.;.;.;
Ljungnässkolan;94503343;Mönsterås;0861;Kommunal;Mönsterås;2120000720;307;48;30;49;52;51;57;43;49;55;.;.;.;
Mölstadskolan;82087330;Mönsterås;0861;Kommunal;Mönsterås;2120000720;158;56;51;39;33;24;29;23;25;24;.;.;.;
Parkskolan;84285512;Mönsterås;0861;Kommunal;Mönsterås;2120000720;253;51;35;42;.;.;.;.;.;.;95;81;77;
Skytteanska skolan;75262735;Mönsterås;0861;Kommunal;Mönsterås;2120000720;39;62;15;51;21;18;.;.;.;.;.;.;.;
Tillingeskolan;72293580;Mönsterås;0861;Kommunal;Mönsterås;2120000720;96;54;8;60;16;21;19;13;17;10;.;.;.;
Alunskolan;36208582;Mörbylånga;0840;Kommunal;Mörbylånga;2120000704;45;56;44;38;7;8;6;11;1;12;.;.;.;
Färjestadens skola;79591370;Mörbylånga;0840;Kommunal;Mörbylånga;2120000704;309;50;7;73;67;88;77;77;.;.;.;.;.;
Glömmingeskolan;15553220;Mörbylånga;0840;Kommunal;Mörbylånga;2120000704;192;51;4;77;26;37;33;33;38;25;.;.;.;
Gårdbyskolan;12496321;Mörbylånga;0840;Kommunal;Mörbylånga;2120000704;157;47;4;66;28;27;25;30;25;22;.;.;.;
Skansenskolan;36651204;Mörbylånga;0840;Kommunal;Mörbylånga;2120000704;415;50;16;62;34;22;22;28;26;19;74;84;106;
Smaragdskolan;56589895;Mörbylånga;0840;Kommunal;Mörbylånga;2120000704;151;52;10;66;.;.;.;.;66;85;.;.;.;
Torslundaskolan;19041877;Mörbylånga;0840;Kommunal;Mörbylånga;2120000704;124;44;6;67;24;19;29;18;13;21;.;.;.;
Ölands Friskola;28562125;Mörbylånga;0840;Enskild;Friskolan Öland AB;5590250949;162;41;6;77;.;.;.;.;.;.;57;60;45;
Östra skolan, Mörbylånga;50029898;Mörbylånga;0840;Enskild;CIS Kalmar AB;5565896213;156;49;4;71;20;8;7;18;26;.;52;25;.;
Akademiska skolan i Nacka;41408780;Nacka;0182;Enskild;Frihab AB;5569171936;140;47;97;26;12;18;17;19;17;13;9;14;21;
Backeboskolan;96622957;Nacka;0182;Enskild;Backeboskolan ekonomisk förening;7164221470;148;50;6;89;27;27;21;27;23;23;.;.;.;
Björknässkolan;75834458;Nacka;0182;Kommunal;Nacka;2120000167;1 033;45;12;75;97;100;102;101;102;84;149;121;177;
Boo Gårds skola;44175786;Nacka;0182;Kommunal;Nacka;2120000167;457;46;4;83;70;76;90;73;79;69;.;.;.;
Castello Järla sjö;34135484;Nacka;0182;Enskild;Pysslingen Förskolor och Skolor AB;5560354309;296;49;18;79;21;23;25;26;22;49;55;48;27;
Centrumskolan;35986188;Nacka;0182;Kommunal;Nacka;2120000167;22;36;..;50;.;.;.;.;.;.;5;5;12;
Da Vinciskolan;24199792;Nacka;0182;Enskild;Davi Skolan Aktiebolag;5565315610;110;56;18;84;30;39;41;.;.;.;.;.;.;
Ebba Braheskolan;91067048;Nacka;0182;Enskild;Ebba Braheskolan AB;5590468624;329;47;13;84;45;22;25;41;54;26;43;45;28;
Eklidens skola;47243834;Nacka;0182;Kommunal;Nacka;2120000167;831;53;13;79;.;.;.;.;.;.;285;275;271;
Ektorps skola;52885189;Nacka;0182;Kommunal;Nacka;2120000167;318;45;11;81;60;82;65;44;39;28;.;.;.;
Idunskolan Östra Stockholms Waldorfskola;44373961;Nacka;0182;Enskild;Idunstiftelsen För Waldorfpedagogik;8024782230;199;49;12;88;21;25;20;25;21;22;28;19;18;
Igelboda skola;86831724;Nacka;0182;Kommunal;Nacka;2120000167;254;47;60;62;50;56;62;23;35;28;.;.;.;
Inspiras skola i Älta;79795608;Nacka;0182;Enskild;Inspira Förskolor & Skolor AB;5566096516;57;46;39;49;10;23;23;1;.;.;.;.;.;
Internationella Engelska Skolan  Nacka;74358019;Nacka;0182;Enskild;Internationella Engelska Skolan i Sverige AB;5564624368;895;49;18;82;.;.;.;148;150;150;150;150;147;
Jarlabergs skola;22472689;Nacka;0182;Kommunal;Nacka;2120000167;122;43;44;59;20;26;25;20;18;13;.;.;.;
Johannes Petri skola;32965692;Nacka;0182;Enskild;Pysslingen Förskolor och Skolor AB;5560354309;748;49;9;81;73;50;68;62;77;129;108;88;93;
Järla skola;21346638;Nacka;0182;Kommunal;Nacka;2120000167;614;56;14;84;77;77;74;129;129;128;.;.;.;
Kunskapsskolan Nacka;87425546;Nacka;0182;Enskild;Kunskapsskolan i Sverige Aktiebolag;5565661815;437;58;8;86;.;.;.;.;.;117;114;109;97;
Kunskapsskolan Saltsjöbaden;11496096;Nacka;0182;Enskild;Kunskapsskolan i Sverige Aktiebolag;5565661815;325;49;8;93;.;.;.;44;73;48;52;61;47;
Lilla Nacka Skola;35311563;Nacka;0182;Enskild;Lilla Nacka AB;5568963564;85;51;21;85;23;21;22;15;4;.;.;.;.;
Lännersta skola;87967939;Nacka;0182;Enskild;Pysslingen Förskolor och Skolor AB;5560354309;238;43;8;91;50;51;48;47;42;.;.;.;.;
Maestroskolan Nacka;64065898;Nacka;0182;Enskild;Maestro Svindersvik Aktiebolag;5566100136;91;56;55;53;3;3;5;9;16;7;23;9;16;
Myrsjöskolan;84884375;Nacka;0182;Kommunal;Nacka;2120000167;1 197;48;8;74;104;81;85;86;82;81;242;239;197;
Nacka Strands skola;41507895;Nacka;0182;Enskild;Pysslingen Förskolor och Skolor AB;5560354309;62;53;29;69;19;18;25;.;.;.;.;.;.;
Neglinge skola;27344011;Nacka;0182;Kommunal;Nacka;2120000167;319;53;8;89;55;55;56;64;44;45;.;.;.;
Orminge skola;53133366;Nacka;0182;Kommunal;Nacka;2120000167;325;45;43;50;42;44;51;58;66;54;3;7;.;
Saltsjöbadens samskola;11777750;Nacka;0182;Kommunal;Nacka;2120000167;748;48;28;68;67;69;57;82;48;76;136;133;80;
Saltsjö-Duvnäs Montessoriförskola;46826772;Nacka;0182;Enskild;Saltsjö-Duvnäs Montessoriförskola Ekonomisk förening;7696007835;.;.;.;.;.;.;.;.;.;.;.;.;.;
Saltsjö-Duvnäs skola;64285853;Nacka;0182;Kommunal;Nacka;2120000167;296;41;12;90;55;64;75;36;40;26;.;.;.;
Sickla skola;57368693;Nacka;0182;Kommunal;Nacka;2120000167;389;47;11;80;67;73;75;56;60;58;.;.;.;
Sigfridsborgs skola;44836298;Nacka;0182;Kommunal;Nacka;2120000167;604;48;7;87;107;106;108;95;115;73;.;.;.;
Skuru skola;85321366;Nacka;0182;Kommunal;Nacka;2120000167;536;47;29;69;24;33;36;41;53;67;59;90;133;
Stavsborgsskolan;14040970;Nacka;0182;Kommunal;Nacka;2120000167;589;41;24;68;26;26;33;38;25;26;126;143;146;
Sågtorpsskolan;86937935;Nacka;0182;Kommunal;Nacka;2120000167;452;47;7;80;65;81;80;80;79;67;.;.;.;
Vilans skola;22904289;Nacka;0182;Kommunal;Nacka;2120000167;206;47;26;77;37;36;47;35;19;32;.;.;.;
Älta skola;82047013;Nacka;0182;Kommunal;Nacka;2120000167;459;47;12;84;82;77;81;67;74;78;.;.;.;
Borns Friskola;18828813;Nora;1884;Enskild;Föräldrakooperativet Borns Skola Ek.Förening;7164531886;68;47;13;74;12;12;12;9;11;12;.;.;.;
Gyttorps skola;67661912;Nora;1884;Kommunal;Nora;2120002007;107;47;28;39;14;16;21;18;17;21;.;.;.;
Järnboås skola;43466167;Nora;1884;Kommunal;Nora;2120002007;30;60;..;50;8;6;5;3;5;3;.;.;.;
Järntorgsskolan;11691284;Nora;1884;Kommunal;Nora;2120002007;282;51;33;53;37;47;53;49;47;49;.;.;.;
Karlsängsskolan;40684137;Nora;1884;Kommunal;Nora;2120002007;365;52;21;51;.;.;.;1;.;.;130;117;117;
Lärkesskolan;33979629;Nora;1884;Kommunal;Nora;2120002007;155;50;17;51;29;24;29;29;21;23;.;.;.;
Ås skola;29963998;Nora;1884;Kommunal;Nora;2120002007;129;48;12;40;25;21;22;22;21;18;.;.;.;
Centralskolan;22347371;Norberg;1962;Kommunal;Norberg;2120002072;429;52;32;36;.;.;.;91;61;64;73;63;77;
Källskolan;22451343;Norberg;1962;Kommunal;Norberg;2120002072;187;44;32;35;59;68;60;.;.;.;.;.;.;
Arthur Engbergskolan;73758193;Nordanstig;2132;Kommunal;Nordanstig;2120002312;48;52;10;50;8;9;7;12;6;6;.;.;.;
Bergsjö skola;11892057;Nordanstig;2132;Kommunal;Nordanstig;2120002312;321;43;21;39;.;.;.;37;27;52;64;72;69;
Bringstaskolan;59944575;Nordanstig;2132;Kommunal;Nordanstig;2120002312;110;46;19;49;19;14;14;21;20;22;.;.;.;
Gnarps skola;32915290;Nordanstig;2132;Kommunal;Nordanstig;2120002312;128;50;4;51;21;29;28;20;19;11;.;.;.;
Hosiannaskolan;21342606;Nordanstig;2132;Enskild;Stiftelsen Nordanstigs Kristna Center;8875012570;57;47;14;37;4;2;8;4;4;13;4;12;6;
Ilsbo skola;95077890;Nordanstig;2132;Kommunal;Nordanstig;2120002312;63;49;8;32;16;10;15;15;7;.;.;.;.;
Lönnbergsskolan;99896722;Nordanstig;2132;Kommunal;Nordanstig;2120002312;123;53;16;41;43;38;42;.;.;.;.;.;.;
Stocka Friskola;50339286;Nordanstig;2132;Enskild;Stocka Skola Ekonomisk Förening;7696021240;24;67;25;58;3;7;4;2;3;5;.;.;.;
Artediskolan åk 6-9;58185455;Nordmaling;2401;Kommunal;Nordmaling;2120002536;268;52;16;36;.;.;.;.;.;53;71;64;80;
Gräsmyr skola;40145225;Nordmaling;2401;Kommunal;Nordmaling;2120002536;52;31;..;38;8;10;6;12;.;16;.;.;.;
Kyrkovallens skola;24210464;Nordmaling;2401;Kommunal;Nordmaling;2120002536;185;49;13;48;.;.;45;80;60;.;.;.;.;
Levarskolan;58954417;Nordmaling;2401;Kommunal;Nordmaling;2120002536;85;48;16;47;41;44;.;.;.;.;.;.;.;
Lögdeå skola;14365211;Nordmaling;2401;Kommunal;Nordmaling;2120002536;46;59;.;41;15;14;17;.;.;.;.;.;.;
Bjärbyskolan;22561631;Norrköping;0581;Kommunal;Norrköping;2120000456;158;49;9;70;54;51;53;.;.;.;.;.;.;
Borgsmoskolan 1;26387738;Norrköping;0581;Kommunal;Norrköping;2120000456;125;47;64;26;.;.;.;.;.;.;49;.;76;
Borgsmoskolan 2;42813460;Norrköping;0581;Kommunal;Norrköping;2120000456;94;46;61;34;.;.;.;.;.;.;23;71;.;
Bråviksskolan 1;78907666;Norrköping;0581;Kommunal;Norrköping;2120000456;335;53;12;73;45;52;51;78;71;38;.;.;.;
Dagsbergs skola;60154076;Norrköping;0581;Kommunal;Norrköping;2120000456;88;51;..;74;32;26;30;.;.;.;.;.;.;
Diamantens skola - världens skola;78105439;Norrköping;0581;Kommunal;Norrköping;2120000456;162;49;60;36;28;27;27;26;28;26;.;.;.;
Djäkneparksskolan 1;59526276;Norrköping;0581;Kommunal;Norrköping;2120000456;291;43;35;56;.;.;.;.;.;.;146;1;144;
Djäkneparksskolan 2;15063173;Norrköping;0581;Kommunal;Norrköping;2120000456;140;48;39;52;.;.;.;.;.;.;.;140;.;
Ektorpsringen 1;63614168;Norrköping;0581;Kommunal;Norrköping;2120000456;120;43;67;44;.;2;.;42;34;42;.;.;.;
Ektorpsringen 2;45594609;Norrköping;0581;Kommunal;Norrköping;2120000456;211;47;59;42;68;57;67;.;19;.;.;.;.;
Ektorpsskolan 1;12079022;Norrköping;0581;Kommunal;Norrköping;2120000456;98;49;55;36;.;.;.;.;.;.;96;1;1;
Ektorpsskolan 2;37133485;Norrköping;0581;Kommunal;Norrköping;2120000456;223;48;52;33;.;.;.;.;.;.;.;98;125;
Enebyskolan 1;24625357;Norrköping;0581;Kommunal;Norrköping;2120000456;221;54;19;57;.;.;.;.;.;.;52;116;53;
Enebyskolan 2;35609364;Norrköping;0581;Kommunal;Norrköping;2120000456;195;48;14;63;.;.;.;.;.;.;55;57;83;
Erlaskolan Norrköping Södra;72526185;Norrköping;0581;Enskild;Lärande i Sverige AB;5565715892;239;49;27;45;.;.;.;27;28;28;54;49;53;
Erlaskolan Norrköping Östra;90838156;Norrköping;0581;Enskild;Lärande i Sverige AB;5565715892;524;47;31;58;54;54;54;54;54;74;53;72;55;
Folkparksskolan;45256848;Norrköping;0581;Kommunal;Norrköping;2120000456;114;44;46;46;38;39;37;.;.;.;.;.;.;
Greby-skolan;55724712;Norrköping;0581;Kommunal;Norrköping;2120000456;128;49;6;68;50;44;34;.;.;.;.;.;.;
Gustaf Adolfsskolan 1;83804048;Norrköping;0581;Kommunal;Norrköping;2120000456;101;44;77;42;41;26;34;.;.;.;.;.;.;
Gustaf Adolfsskolan 2;61662805;Norrköping;0581;Kommunal;Norrköping;2120000456;87;38;75;32;.;.;.;36;23;28;.;.;.;
Hagaskolan 1;17315625;Norrköping;0581;Kommunal;Norrköping;2120000456;391;60;48;52;.;.;.;.;1;.;113;133;144;
Hagaskolan 2;76530329;Norrköping;0581;Kommunal;Norrköping;2120000456;193;68;27;64;.;.;.;63;73;57;.;.;.;
Hultdalsskolan;40393888;Norrköping;0581;Kommunal;Norrköping;2120000456;332;49;10;66;.;.;.;.;.;.;119;102;111;
I Ur och Skur sk Skattkammarön;50770926;Norrköping;0581;Enskild;I Ur och Skur Skolan Skattkammarön Ek. För.;7696108104;82;46;..;80;16;12;14;12;11;12;3;2;.;
Johannesskolan Norrkpg Kr Sk;57529996;Norrköping;0581;Enskild;Stiftelsen Agape Norrköping;8190009996;139;44;79;40;15;14;17;25;12;10;15;18;13;
Jurslaskolan 1;26191960;Norrköping;0581;Kommunal;Norrköping;2120000456;291;52;3;68;49;40;58;51;48;45;.;.;.;
Jönsbergska Idrottsskolan;61454000;Norrköping;0581;Enskild;Jönsbergska Idrottsskolan Norrköping AB;5566765920;313;37;4;69;.;.;.;52;52;52;52;53;52;
Karlshovsskolan;23461399;Norrköping;0581;Kommunal;Norrköping;2120000456;217;53;24;56;40;43;26;48;38;22;.;.;.;
Kimstadskolan;38306850;Norrköping;0581;Kommunal;Norrköping;2120000456;108;47;6;67;.;.;.;42;29;37;.;.;.;
Klingsborgsskolan 1;24979620;Norrköping;0581;Kommunal;Norrköping;2120000456;207;49;88;29;.;.;.;.;.;.;101;106;.;
Klingsborgsskolan 2;52875693;Norrköping;0581;Kommunal;Norrköping;2120000456;99;47;92;35;.;.;.;.;.;.;.;.;99;
Klockaretorpsskolan;66430782;Norrköping;0581;Kommunal;Norrköping;2120000456;163;43;48;39;23;22;39;21;35;23;.;.;.;
Kunskapsljuset, Norrköping;15213671;Norrköping;0581;Enskild;Föreningen Al-Noor Al-Islamia;8250032318;82;44;89;16;12;10;14;16;17;13;.;.;.;
Kunskapsskolan Norrköping;77437748;Norrköping;0581;Enskild;Kunskapsskolan i Sverige Aktiebolag;5565661815;491;54;13;84;.;.;.;.;.;137;113;112;129;
Kvarsebo skola;51966487;Norrköping;0581;Enskild;Kvarsebo Skola;8024144779;33;61;..;73;8;5;7;7;.;6;.;.;.;
Kyrkskolan 1;62823595;Norrköping;0581;Kommunal;Norrköping;2120000456;150;55;12;79;50;51;49;.;.;.;.;.;.;
Kyrkskolan 2;58663615;Norrköping;0581;Kommunal;Norrköping;2120000456;111;40;15;59;.;.;.;50;40;21;.;.;.;
Kättinge skola;81104648;Norrköping;0581;Kommunal;Norrköping;2120000456;39;72;.;51;9;16;14;.;.;.;.;.;.;
Lindöskolan;39026192;Norrköping;0581;Kommunal;Norrköping;2120000456;116;50;15;74;39;41;36;.;.;.;.;.;.;
Ljuraskolan 1;61866166;Norrköping;0581;Kommunal;Norrköping;2120000456;92;43;47;48;44;48;.;.;.;.;.;.;.;
Ljuraskolan 2;82754341;Norrköping;0581;Kommunal;Norrköping;2120000456;167;44;59;38;.;.;47;35;42;43;.;.;.;
Matteusskolan 1;57677600;Norrköping;0581;Kommunal;Norrköping;2120000456;120;57;84;30;.;.;.;42;42;36;.;.;.;
Matteusskolan 2;14994184;Norrköping;0581;Kommunal;Norrköping;2120000456;149;47;74;36;43;47;59;.;.;.;.;.;.;
Mosstorpsskolan 1;41484780;Norrköping;0581;Kommunal;Norrköping;2120000456;164;50;5;45;.;.;.;70;49;45;.;.;.;
Mosstorpsskolan 2;67224193;Norrköping;0581;Kommunal;Norrköping;2120000456;332;52;5;46;.;.;.;.;.;.;126;103;103;
Navestadsskolan 1;81182971;Norrköping;0581;Kommunal;Norrköping;2120000456;191;54;53;49;.;.;.;58;72;61;.;.;.;
Navestadsskolan 2;67887385;Norrköping;0581;Kommunal;Norrköping;2120000456;81;42;58;48;.;.;.;.;.;.;81;.;.;
Navestadsskolan 3;41960783;Norrköping;0581;Kommunal;Norrköping;2120000456;184;54;60;44;.;.;.;.;.;.;.;92;92;
Nordic International School Norrköping;67542970;Norrköping;0581;Enskild;Kronoberg Skola Aktiebolag;5566102033;274;53;59;60;.;.;.;55;28;28;85;51;27;
Norrköpings Montessoriskola 1;28313481;Norrköping;0581;Kommunal;Norrköping;2120000456;100;40;46;64;50;50;.;.;.;.;.;.;.;
Norrköpings Montessoriskola 2;17695834;Norrköping;0581;Kommunal;Norrköping;2120000456;176;47;45;56;.;1;65;33;58;19;.;.;.;
Oxelbergsskolan;46722664;Norrköping;0581;Kommunal;Norrköping;2120000456;163;41;23;51;29;29;29;29;27;20;.;.;.;
Parkskolan;91576770;Norrköping;0581;Kommunal;Norrköping;2120000456;167;56;10;48;67;35;65;.;.;.;.;.;.;
Prolympia, Norrköping;16013826;Norrköping;0581;Enskild;Prolympia AB;5567026454;451;38;18;47;.;.;.;40;31;79;101;92;108;
Rambodalsskolan;32962285;Norrköping;0581;Kommunal;Norrköping;2120000456;264;46;16;65;.;.;.;100;96;68;.;.;.;
Rudolf Steinerskolan, gr;33530590;Norrköping;0581;Enskild;Rudolf Steinerskolan;8250013037;173;45;9;66;16;19;24;15;17;16;24;24;18;
Råsslaskolan 1;80621158;Norrköping;0581;Kommunal;Norrköping;2120000456;248;52;5;62;.;.;.;.;.;.;80;90;78;
Råsslaskolan 2;61717116;Norrköping;0581;Kommunal;Norrköping;2120000456;280;51;4;65;.;.;.;95;95;90;.;.;.;
Sandbyhovsskolan;64558930;Norrköping;0581;Kommunal;Norrköping;2120000456;79;54;32;44;.;.;.;.;.;.;79;.;.;
Sandbyängsskolan 1;43215755;Norrköping;0581;Kommunal;Norrköping;2120000456;154;49;24;44;47;43;64;.;.;.;.;.;.;
Sandbyängsskolan 2;48631026;Norrköping;0581;Kommunal;Norrköping;2120000456;191;51;29;53;.;.;.;60;50;81;.;.;.;
Sandtorpsskolan 1;39684362;Norrköping;0581;Kommunal;Norrköping;2120000456;79;52;6;80;26;26;27;.;.;.;.;.;.;
Silverdansens skola;35742140;Norrköping;0581;Kommunal;Norrköping;2120000456;194;49;54;39;61;66;66;.;1;.;.;.;.;
Skarphagsskolan 1;56043103;Norrköping;0581;Kommunal;Norrköping;2120000456;119;47;12;68;.;.;.;46;48;25;.;.;.;
Skarphagsskolan 2;58040213;Norrköping;0581;Kommunal;Norrköping;2120000456;151;51;10;72;50;51;50;.;.;.;.;.;.;
Smedbyskolan;20288756;Norrköping;0581;Kommunal;Norrköping;2120000456;227;50;14;75;79;71;77;.;.;.;.;.;.;
Stegehus Waldorfskola;73656861;Norrköping;0581;Enskild;Stiftelsen Steget;8250007922;12;..;..;..;.;.;.;.;.;.;3;4;5;
Svärtingehus 1;65775074;Norrköping;0581;Kommunal;Norrköping;2120000456;212;50;7;75;.;.;.;72;75;65;.;.;.;
Svärtingehus 2;87452784;Norrköping;0581;Kommunal;Norrköping;2120000456;249;53;6;73;77;84;88;.;.;.;.;.;.;
Söderporten 1;44312769;Norrköping;0581;Kommunal;Norrköping;2120000456;284;51;85;26;95;96;93;.;.;.;.;.;.;
Söderporten 4;22929455;Norrköping;0581;Kommunal;Norrköping;2120000456;267;46;90;24;.;.;.;81;97;89;.;.;.;
Tamburinens skola;63512597;Norrköping;0581;Kommunal;Norrköping;2120000456;234;50;44;24;36;37;47;33;43;38;.;.;.;
Tåby skola;62569328;Norrköping;0581;Kommunal;Norrköping;2120000456;111;49;.;53;23;15;24;13;22;14;.;.;.;
Uttersbergsskolan;82294598;Norrköping;0581;Kommunal;Norrköping;2120000456;268;49;3;68;95;86;87;.;.;.;.;.;.;
Vikbolandsskolan 1;86323840;Norrköping;0581;Kommunal;Norrköping;2120000456;198;51;4;53;.;.;.;.;.;.;70;60;68;
Vikbolandsskolan 2;34784374;Norrköping;0581;Kommunal;Norrköping;2120000456;227;50;4;50;22;22;25;46;64;48;.;.;.;
Vilbergsskolan;72299802;Norrköping;0581;Kommunal;Norrköping;2120000456;294;49;22;48;80;48;56;36;32;42;.;.;.;
Villastadsskolan;59469604;Norrköping;0581;Kommunal;Norrköping;2120000456;158;46;4;66;43;26;27;27;23;12;.;.;.;
Vittra Röda stan;38936292;Norrköping;0581;Enskild;Vittraskolorna AB;5564586716;279;51;39;58;45;26;43;29;27;32;25;26;26;
Vrinneviskolan;61330534;Norrköping;0581;Kommunal;Norrköping;2120000456;65;45;75;38;36;.;18;11;.;.;.;.;.;
Vångaskolan;94530544;Norrköping;0581;Kommunal;Norrköping;2120000456;90;49;6;48;14;16;21;21;11;7;.;.;.;
Åbymoskolan 1;33190782;Norrköping;0581;Kommunal;Norrköping;2120000456;167;46;11;53;51;55;61;.;.;.;.;.;.;
Åbymoskolan 2;24370775;Norrköping;0581;Kommunal;Norrköping;2120000456;223;50;12;65;.;.;.;85;77;61;.;.;.;
Balderskolan;56662185;Norrtälje;0188;Enskild;Utvecklingspedagogik Sverige Aktiebolag;5564715729;.;.;.;.;.;.;.;.;.;.;.;.;.;
Drottningdal skola;70182130;Norrtälje;0188;Kommunal;Norrtälje;2120000217;98;51;11;48;13;11;23;15;17;19;.;.;.;
Edsbro skola;90719952;Norrtälje;0188;Kommunal;Norrtälje;2120000217;49;39;20;35;8;14;11;3;8;5;.;.;.;
Ekebyholmsskolan, gr;98239828;Norrtälje;0188;Enskild;Ekebyholmsskolan Aktiebolag;5562512425;194;56;24;65;21;20;20;17;23;20;26;27;20;
Elmsta skola;46518352;Norrtälje;0188;Kommunal;Norrtälje;2120000217;129;47;15;46;18;27;24;16;26;18;.;.;.;
Freinetskolan Hugin;89692072;Norrtälje;0188;Enskild;Freinetskolan Hugin Ekonomisk förening;7696188189;214;48;11;60;23;22;24;24;24;24;25;24;24;
Freinetskolan Mimer;45133950;Norrtälje;0188;Enskild;Freinetskolan Mimer ekonomisk förening;7696021117;208;50;6;63;21;22;22;22;25;22;25;25;24;
Frötuna skola;84584068;Norrtälje;0188;Kommunal;Norrtälje;2120000217;178;46;6;61;31;41;30;27;28;21;.;.;.;
Gottsta;97718207;Norrtälje;0188;Kommunal;Norrtälje;2120000217;146;42;3;32;24;26;26;20;23;27;.;.;.;
Grindskolan;29416145;Norrtälje;0188;Kommunal;Norrtälje;2120000217;451;43;10;49;50;49;42;51;54;53;57;42;53;
Grisslehamns skola;32585503;Norrtälje;0188;Kommunal;Norrtälje;2120000217;25;36;.;52;6;3;5;4;2;5;.;.;.;
Hallsta skola;24146389;Norrtälje;0188;Kommunal;Norrtälje;2120000217;374;50;43;29;31;45;21;34;27;29;67;62;58;
Jordens skola;67809355;Norrtälje;0188;Enskild;Pysslingen Förskolor och Skolor AB;5560354309;179;40;11;48;43;37;26;30;23;20;.;.;.;
Kvisthamraskolan;95869861;Norrtälje;0188;Kommunal;Norrtälje;2120000217;318;46;16;60;45;57;62;61;41;52;.;.;.;
Köpmanholms skola;86917350;Norrtälje;0188;Kommunal;Norrtälje;2120000217;38;37;..;58;9;5;5;9;5;5;.;.;.;
Lommarskolan;15312030;Norrtälje;0188;Kommunal;Norrtälje;2120000217;73;47;45;21;9;8;15;14;14;13;.;.;.;
Långsjöskolan;99749462;Norrtälje;0188;Kommunal;Norrtälje;2120000217;605;47;27;39;55;63;56;77;45;73;62;84;90;
Länna skola;72471883;Norrtälje;0188;Kommunal;Norrtälje;2120000217;209;52;11;47;19;15;22;21;25;21;25;45;16;
Montessoriskolan - Gustafslund;26281697;Norrtälje;0188;Enskild;Montessori i Norrtälje AB;5562855410;134;52;23;52;.;.;.;.;22;27;28;29;28;
Montessoriskolan - Vigelsjö;39130058;Norrtälje;0188;Enskild;Montessori i Norrtälje AB;5562855410;107;50;32;45;25;26;26;28;2;.;.;.;.;
Norrsundsskolan;39351914;Norrtälje;0188;Kommunal;Norrtälje;2120000217;93;46;13;35;.;.;.;.;.;.;33;29;31;
Parkskolan;34386033;Norrtälje;0188;Kommunal;Norrtälje;2120000217;163;45;21;45;21;21;34;38;25;24;.;.;.;
Riala skola;30490775;Norrtälje;0188;Kommunal;Norrtälje;2120000217;64;47;13;47;13;11;9;10;9;12;.;.;.;
Roslagsskolan;31851256;Norrtälje;0188;Kommunal;Norrtälje;2120000217;598;55;15;53;.;.;.;.;.;.;198;200;200;
Rådmansö skola;50905672;Norrtälje;0188;Kommunal;Norrtälje;2120000217;110;40;8;49;18;23;13;23;16;17;.;.;.;
Rånäs skola;98531789;Norrtälje;0188;Kommunal;Norrtälje;2120000217;45;38;..;31;5;10;10;11;5;4;.;.;.;
Skebo skola;77002828;Norrtälje;0188;Kommunal;Norrtälje;2120000217;26;50;..;35;5;3;6;4;2;6;.;.;.;
Skederids skola;52064811;Norrtälje;0188;Kommunal;Norrtälje;2120000217;110;41;14;46;19;18;22;19;12;20;.;.;.;
Skärsta Friskola;47727629;Norrtälje;0188;Enskild;Skärsta Friskola Ekonomisk förening;7696144539;65;58;15;25;13;9;15;7;11;10;.;.;.;
Svanbergaskolan;59975651;Norrtälje;0188;Kommunal;Norrtälje;2120000217;367;50;8;51;32;38;33;41;34;32;58;56;43;
Söderbykarl skola;86442938;Norrtälje;0188;Kommunal;Norrtälje;2120000217;46;48;..;46;5;3;13;12;9;4;.;.;.;
Viby friskola;54806839;Norrtälje;0188;Enskild;Ogenholts Friskola AB;5565533873;147;56;10;41;17;17;18;14;15;17;17;15;17;
Vätö skola;49669037;Norrtälje;0188;Kommunal;Norrtälje;2120000217;21;57;.;24;4;2;4;.;6;5;.;.;.;
Bastuträsk skola;81294589;Norsjö;2417;Kommunal;Norsjö;2120002858;24;38;63;..;4;3;5;8;4;.;.;.;.;
Norsjöskolan F-9;10421130;Norsjö;2417;Kommunal;Norsjö;2120002858;382;51;10;48;34;38;35;43;48;51;47;41;45;
Alsterbro skola;62698200;Nybro;0881;Kommunal;Nybro;2120000753;101;49;20;36;15;8;8;19;7;9;8;14;13;
Fagerslättsskolan Fa01;98689424;Nybro;0881;Kommunal;Nybro;2120000753;144;39;76;40;43;49;51;.;1;.;.;.;.;
Fagerslättsskolan Fa02;20610380;Nybro;0881;Kommunal;Nybro;2120000753;126;40;70;37;6;.;.;32;42;46;.;.;.;
Flerohopp skola;46177012;Nybro;0881;Kommunal;Nybro;2120000753;31;52;..;58;.;3;9;7;6;6;.;.;.;
Hanemålaskolan;59700047;Nybro;0881;Kommunal;Nybro;2120000753;304;47;17;65;60;50;58;42;49;45;.;.;.;
Kristvallabrunn skola;37839862;Nybro;0881;Kommunal;Nybro;2120000753;29;55;17;38;7;8;3;6;5;.;.;.;.;
Madesjöskolan Ma01;99461911;Nybro;0881;Kommunal;Nybro;2120000753;238;50;11;60;25;26;32;41;51;62;1;.;.;
Madesjöskolan Ma02;38198417;Nybro;0881;Kommunal;Nybro;2120000753;227;49;17;56;.;.;.;.;.;.;73;72;82;
Nybro Montessoriskola;12864383;Nybro;0881;Enskild;Nybro Intresseförening För Montessori;8324014086;81;54;31;62;17;18;5;12;14;15;.;.;.;
Orrefors skola;52416743;Nybro;0881;Kommunal;Nybro;2120000753;113;54;38;35;14;15;21;18;21;24;.;.;.;
Paradisskolan Pa01;89082067;Nybro;0881;Kommunal;Nybro;2120000753;144;44;33;47;24;23;25;25;25;22;.;.;.;
Paradisskolan Pa02;79650118;Nybro;0881;Kommunal;Nybro;2120000753;355;45;31;48;.;.;.;.;.;.;113;121;121;
Västerängsskolan;77085096;Nybro;0881;Kommunal;Nybro;2120000753;81;49;9;67;24;25;32;.;.;.;.;.;.;
Örsjö skola;26156663;Nybro;0881;Kommunal;Nybro;2120000753;44;52;..;36;11;6;6;5;8;8;.;.;.;
Björkestaskolan;68422076;Nykvarn;0140;Kommunal;Nykvarn;2120002999;444;50;9;59;43;71;94;74;71;91;.;.;.;
Furuborgskolan;34225123;Nykvarn;0140;Kommunal;Nykvarn;2120002999;108;51;16;61;45;42;21;.;.;.;.;.;.;
Lillhagaskolan;99640618;Nykvarn;0140;Kommunal;Nykvarn;2120002999;489;45;9;54;.;.;.;.;.;.;182;152;155;
Turingeskolan;93844270;Nykvarn;0140;Kommunal;Nykvarn;2120002999;423;48;12;63;47;53;69;91;85;78;.;.;.;
Arnö skola;20748461;Nyköping;0480;Kommunal;Nyköping;2120002940;515;48;22;61;89;85;91;84;104;62;.;.;.;
Blomenbergska skolan;74105812;Nyköping;0480;Enskild;Blomenbergska skolan AB;5568737091;29;48;..;66;7;4;9;7;2;.;.;.;.;
Bryngelstorpskolan;62817522;Nyköping;0480;Kommunal;Nyköping;2120002940;266;43;13;68;34;54;50;48;49;31;.;.;.;
Båktorp skolan;17393295;Nyköping;0480;Enskild;Båktorp AB;5564834363;6;.;..;.;.;.;.;.;.;1;1;1;3;
Dammlötskolan;62179318;Nyköping;0480;Kommunal;Nyköping;2120002940;96;43;6;67;14;20;18;16;14;14;.;.;.;
Fokusskolan;18915192;Nyköping;0480;Enskild;Nyfo AB;5567812291;179;51;32;54;22;18;20;23;16;14;23;24;19;
Gruvans skola;43811145;Nyköping;0480;Kommunal;Nyköping;2120002940;486;46;59;34;77;89;70;92;96;62;.;.;.;
Kiladalens södra skola;91419745;Nyköping;0480;Kommunal;Nyköping;2120002940;106;42;8;42;22;26;32;10;16;.;.;.;.;
Kildalens norra skola;25433795;Nyköping;0480;Kommunal;Nyköping;2120002940;279;45;8;56;42;49;48;51;42;47;.;.;.;
Kunskapsskolan Nyköping;88046003;Nyköping;0480;Enskild;Kunskapsskolan i Sverige Aktiebolag;5565661815;512;55;11;76;.;.;.;45;47;114;99;110;97;
Mikaeliskolan;75746018;Nyköping;0480;Enskild;Stiftelsen Mikaeliskolan i Nyköping;8190010572;149;46;13;74;23;12;20;23;17;9;17;12;16;
Nyköpings Enskilda Grundskola;91013126;Nyköping;0480;Enskild;Skolarum Sverige AB;5590689559;216;51;8;75;.;.;.;.;.;108;108;.;.;
Nyköpings Friskola Strindbergsgatan;91578294;Nyköping;0480;Enskild;Pysslingen Förskolor och Skolor AB;5560354309;127;52;4;87;25;25;25;26;26;.;.;.;.;
Nyköpings Friskola Östra Kyrkogatan;90949432;Nyköping;0480;Enskild;Pysslingen Förskolor och Skolor AB;5560354309;125;46;6;85;.;.;.;.;.;25;25;50;25;
Nyköpings högstadium;99757444;Nyköping;0480;Kommunal;Nyköping;2120002940;1 257;51;32;43;.;.;.;.;.;.;361;427;469;
Rosenkulla skola;42584474;Nyköping;0480;Kommunal;Nyköping;2120002940;249;47;41;54;47;42;41;43;47;29;.;.;.;
Sjösa skola;53953848;Nyköping;0480;Kommunal;Nyköping;2120002940;59;47;..;73;15;12;9;8;9;6;.;.;.;
Släbroskolan;23286483;Nyköping;0480;Kommunal;Nyköping;2120002940;357;45;16;44;75;53;62;55;65;47;.;.;.;
Stigtomta skola;79566399;Nyköping;0480;Kommunal;Nyköping;2120002940;228;54;6;57;50;37;44;30;33;34;.;.;.;
Studiero;98693413;Nyköping;0480;Enskild;HVB Lappetorp AB;5565250247;17;.;..;..;.;.;.;.;.;1;3;3;10;
Tunabergs skola;88884378;Nyköping;0480;Kommunal;Nyköping;2120002940;76;53;18;45;12;19;18;13;5;9;.;.;.;
Tystberga skola;68094768;Nyköping;0480;Kommunal;Nyköping;2120002940;70;47;14;50;17;16;11;12;7;7;.;.;.;
Vittra Kungshagen;50698424;Nyköping;0480;Enskild;Vittraskolorna AB;5564586716;332;47;11;62;26;25;26;26;25;25;64;60;55;
Vrena friskola;57861440;Nyköping;0480;Enskild;Vrena Friskoleförening;8024604285;76;42;7;61;16;13;16;8;10;13;.;.;.;
Västra skolan;81899882;Nyköping;0480;Kommunal;Nyköping;2120002940;82;45;21;71;24;22;36;.;.;.;.;.;.;
Östra skolan;87469558;Nyköping;0480;Kommunal;Nyköping;2120002940;256;45;45;48;50;38;42;46;43;37;.;.;.;
Gröndalsskolan F-9;65717061;Nynäshamn;0192;Kommunal;Nynäshamn;2120000233;363;47;38;42;28;26;26;59;54;60;109;.;1;
Humlegårdsskolan F-3;64078929;Nynäshamn;0192;Kommunal;Nynäshamn;2120000233;83;46;51;36;28;28;27;.;.;.;.;.;.;
Kyrkskolan F-3;52406620;Nynäshamn;0192;Kommunal;Nynäshamn;2120000233;152;47;9;38;50;55;47;.;.;.;.;.;.;
Montessoriskolan Binomen;55217164;Nynäshamn;0192;Enskild;Föreningen Barnens Bästa;8124012371;31;71;..;58;11;12;8;.;.;.;.;.;.;
Sunnerbyskolan 4-6;78703073;Nynäshamn;0192;Kommunal;Nynäshamn;2120000233;135;44;14;34;.;.;.;52;52;31;.;.;.;
Svandammsskolan F-6;18193338;Nynäshamn;0192;Kommunal;Nynäshamn;2120000233;349;51;20;58;53;54;55;75;57;55;.;.;.;
Tallbackaskolan F-3;12468259;Nynäshamn;0192;Kommunal;Nynäshamn;2120000233;147;50;7;61;61;35;51;.;.;.;.;.;.;
Vanstaskolan 4-9;73184416;Nynäshamn;0192;Kommunal;Nynäshamn;2120000233;546;47;24;46;.;.;.;78;71;73;105;108;111;
Vanstaskolan F-3;95790053;Nynäshamn;0192;Kommunal;Nynäshamn;2120000233;121;52;44;45;40;40;41;.;.;.;.;.;.;
Viaskolan 6-9;34814578;Nynäshamn;0192;Kommunal;Nynäshamn;2120000233;231;48;25;52;.;.;.;.;.;61;56;54;60;
Viaskolan F-5;14376467;Nynäshamn;0192;Kommunal;Nynäshamn;2120000233;282;42;26;49;58;56;58;60;50;.;.;.;.;
Annebergs skola;58161963;Nässjö;0682;Kommunal;Nässjö;2120000548;176;49;27;41;31;26;29;30;27;33;.;.;.;
Brinells högstadium;27489659;Nässjö;0682;Kommunal;Nässjö;2120000548;312;50;46;40;.;.;.;.;.;.;111;105;96;
Emåskolan;38682093;Nässjö;0682;Kommunal;Nässjö;2120000548;102;44;36;37;37;33;32;.;.;.;.;.;.;
Handskerydsskolan;10917843;Nässjö;0682;Kommunal;Nässjö;2120000548;297;49;22;59;46;49;47;52;50;53;.;.;.;
Malmbäck skola;17341861;Nässjö;0682;Kommunal;Nässjö;2120000548;118;50;24;49;22;17;23;21;16;19;.;.;.;
Norråsaskolan;19118399;Nässjö;0682;Kommunal;Nässjö;2120000548;466;46;31;51;.;.;.;.;.;.;130;159;177;
Nyhemsskolan;53807998;Nässjö;0682;Kommunal;Nässjö;2120000548;257;50;28;54;38;45;45;39;42;48;.;.;.;
Parkskolan 4-6;47364089;Nässjö;0682;Kommunal;Nässjö;2120000548;98;59;37;37;.;.;.;25;39;34;.;.;.;
Parkskolan 7-9;97882848;Nässjö;0682;Kommunal;Nässjö;2120000548;209;44;28;42;.;.;.;.;.;.;65;76;68;
Rosenholmsskolan;66394964;Nässjö;0682;Kommunal;Nässjö;2120000548;296;47;14;55;37;33;32;38;28;29;40;26;33;
Runnerydsskolan 1;20682278;Nässjö;0682;Kommunal;Nässjö;2120000548;108;58;66;37;.;108;.;.;.;.;.;.;.;
Runnerydsskolan 2;73647686;Nässjö;0682;Kommunal;Nässjö;2120000548;164;42;71;35;81;.;83;.;.;.;.;.;.;
Runnerydsskolan 3;27829033;Nässjö;0682;Kommunal;Nässjö;2120000548;230;48;71;33;.;.;.;70;84;76;.;.;.;
Sandsjöfors skola;20352322;Nässjö;0682;Kommunal;Nässjö;2120000548;83;47;..;59;16;11;12;16;15;13;.;.;.;
Åkerskolan 4-6;13366102;Nässjö;0682;Kommunal;Nässjö;2120000548;184;44;27;52;.;.;.;58;53;73;.;.;.;
Åkerskolan F-3;85030969;Nässjö;0682;Kommunal;Nässjö;2120000548;171;47;26;49;50;68;53;.;.;.;.;.;.;
Ängs skola;20527864;Nässjö;0682;Kommunal;Nässjö;2120000548;16;31;..;50;7;7;2;.;.;.;.;.;.;
Gäverängeskolan;54096978;Ockelbo;2101;Kommunal;Ockelbo;2120002288;97;37;43;37;40;29;28;.;.;.;.;.;.;
Perslundaskolan;40000547;Ockelbo;2101;Kommunal;Ockelbo;2120002288;327;54;23;41;.;.;.;53;66;45;57;49;57;
Åbyggeby skola;65270641;Ockelbo;2101;Kommunal;Ockelbo;2120002288;90;47;10;43;35;30;25;.;.;.;.;.;.;
Brännaregårdsskolan;37539722;Olofström;1060;Kommunal;Olofström;2120000811;315;52;44;49;54;49;60;51;53;48;.;.;.;
Gränums skola;83914063;Olofström;1060;Kommunal;Olofström;2120000811;25;60;..;52;10;7;8;.;.;.;.;.;.;
Högavångsskolan;53603984;Olofström;1060;Kommunal;Olofström;2120000811;448;47;29;47;.;.;.;.;.;.;142;158;148;
Jämshögs skola;81995218;Olofström;1060;Kommunal;Olofström;2120000811;147;48;22;49;23;23;17;31;29;24;.;.;.;
Kyrkhults skola;14765915;Olofström;1060;Kommunal;Olofström;2120000811;140;48;20;47;33;20;22;29;23;13;.;.;.;
Vilboksskolan;12015531;Olofström;1060;Kommunal;Olofström;2120000811;215;51;54;38;39;39;41;34;27;35;.;.;.;
Bergetskolan;44551665;Orsa;2034;Kommunal;Orsa;2120002189;142;39;20;35;21;27;19;24;24;25;2;.;.;
Digerbergets skola;89047020;Orsa;2034;Kommunal;Orsa;2120002189;123;50;14;49;16;22;21;20;22;22;.;.;.;
Kyrkbyns skola;26900910;Orsa;2034;Kommunal;Orsa;2120002189;126;44;40;40;19;22;24;19;19;23;.;.;.;
Orsaskolan;19694910;Orsa;2034;Kommunal;Orsa;2120002189;213;46;17;43;.;.;.;.;.;.;71;65;77;
Skattunge Friskola;94925126;Orsa;2034;Enskild;Skattunge Friskola ekonomisk förening;7696208698;19;37;.;63;2;3;3;3;3;5;.;.;.;
Ellös skola;44875711;Orust;1421;Kommunal;Orust;2120001314;127;54;9;48;21;13;27;24;16;26;.;.;.;
Henåns skola 4-6;64019788;Orust;1421;Kommunal;Orust;2120001314;135;50;17;46;.;.;.;48;41;46;.;.;.;
Henåns skola 7-9;76943513;Orust;1421;Kommunal;Orust;2120001314;256;57;13;53;.;.;.;1;1;1;91;81;81;
Henåns skola F-3;24399504;Orust;1421;Kommunal;Orust;2120001314;118;44;14;41;36;42;40;.;.;.;.;.;.;
Orust Montessoriskola;31200039;Orust;1421;Enskild;Orusts Montessoriskola Ekonomisk Förening;7164451614;46;46;13;61;7;10;8;10;7;4;.;.;.;
Orust Waldorfskola;57712538;Orust;1421;Enskild;Waldorfpedagogik på Orust ekonomisk förening;7696143085;96;49;15;78;11;7;14;14;15;10;7;13;5;
Stensbo skola;46609170;Orust;1421;Enskild;Stensbo Skola Ideell Förening;8690012110;52;46;..;67;9;9;9;8;14;3;.;.;.;
Varekils skola;89541556;Orust;1421;Kommunal;Orust;2120001314;114;47;6;53;23;11;18;17;26;19;.;.;.;
Ängås skola, 4-6;90426615;Orust;1421;Kommunal;Orust;2120001314;116;45;11;57;.;.;.;39;37;40;.;.;.;
Ängås skola 7-9;34557677;Orust;1421;Kommunal;Orust;2120001314;191;48;10;57;.;.;.;.;.;.;76;57;58;
Ängås skola F-3;90671452;Orust;1421;Kommunal;Orust;2120001314;120;58;19;58;52;40;28;.;.;.;.;.;.;
Hasslarödsskolan 7-9;13184976;Osby;1273;Kommunal;Osby;2120000902;210;52;30;50;.;.;.;.;.;.;72;76;62;
Hasslarödsskolan F-6;21621712;Osby;1273;Kommunal;Osby;2120000902;297;45;26;46;24;26;27;73;66;81;.;.;.;
Killebergskolan F-6;54518621;Osby;1273;Kommunal;Osby;2120000902;93;45;12;45;15;17;22;18;7;14;.;.;.;
Klockarskogsskolan F-3;67170282;Osby;1273;Kommunal;Osby;2120000902;139;44;27;47;38;56;45;.;.;.;.;.;.;
Parkskolan 7-9;61939706;Osby;1273;Kommunal;Osby;2120000902;105;53;20;39;.;.;.;.;.;.;33;35;37;
Parkskolan F-6;70332017;Osby;1273;Kommunal;Osby;2120000902;221;52;35;52;49;41;31;46;25;29;.;.;.;
Visslan;65486343;Osby;1273;Kommunal;Osby;2120000902;11;.;..;..;.;.;.;.;.;1;1;5;4;
Örkenedskolan F-9;21002578;Osby;1273;Kommunal;Osby;2120000902;291;50;27;40;35;32;31;25;33;38;27;35;35;
Bockaraskolan;63303871;Oskarshamn;0882;Kommunal;Oskarshamn;2120000761;39;56;23;36;7;7;9;5;3;8;.;.;.;
Figeholmsskolan;58067335;Oskarshamn;0882;Kommunal;Oskarshamn;2120000761;39;44;23;44;19;20;.;.;.;.;.;.;.;
Fårboskolan;61661790;Oskarshamn;0882;Kommunal;Oskarshamn;2120000761;85;52;15;52;.;.;24;13;20;28;.;.;.;
Kristdalaskolan;87104917;Oskarshamn;0882;Kommunal;Oskarshamn;2120000761;117;43;18;50;28;15;18;16;24;16;.;.;.;
Kristinebergskolan 0-3;46006027;Oskarshamn;0882;Kommunal;Oskarshamn;2120000761;233;47;38;40;70;79;84;.;.;.;.;.;.;
Kristinebergskolan 4-6;41696700;Oskarshamn;0882;Kommunal;Oskarshamn;2120000761;197;50;39;46;.;.;.;69;54;74;.;.;.;
Kristinebergskolan 7-9;73392316;Oskarshamn;0882;Kommunal;Oskarshamn;2120000761;280;46;33;51;.;.;.;.;.;1;104;98;77;
Misterhults friskola;90374935;Oskarshamn;0882;Enskild;Misterhult Skola Ek. För.;7696099956;22;55;55;27;3;1;6;1;7;4;.;.;.;
Norra skolan 1-6;98425840;Oskarshamn;0882;Kommunal;Oskarshamn;2120000761;314;55;17;63;43;50;63;50;66;42;.;.;.;
Påskallavikskolan;42558848;Oskarshamn;0882;Kommunal;Oskarshamn;2120000761;121;49;18;45;14;28;16;22;20;21;.;.;.;
Rödsleskolan 0-3;86907018;Oskarshamn;0882;Kommunal;Oskarshamn;2120000761;158;46;5;55;52;53;53;.;.;.;.;.;.;
Rödsleskolan 4-6;21320697;Oskarshamn;0882;Kommunal;Oskarshamn;2120000761;187;50;7;55;.;.;.;63;65;59;.;.;.;
Rödsleskolan 7-9;40041600;Oskarshamn;0882;Kommunal;Oskarshamn;2120000761;337;52;13;51;.;.;.;.;.;.;107;117;113;
Saltvikskolan;43214252;Oskarshamn;0882;Kommunal;Oskarshamn;2120000761;52;40;10;67;24;17;11;.;.;.;.;.;.;
Vallhallaskolan 0-6;89753887;Oskarshamn;0882;Kommunal;Oskarshamn;2120000761;263;45;41;52;49;44;27;45;49;49;.;.;.;
Vallhallaskolan 7-9;46592871;Oskarshamn;0882;Kommunal;Oskarshamn;2120000761;315;41;29;54;.;.;.;.;.;.;107;108;100;
Alftaskolan 7-9;92304123;Ovanåker;2121;Kommunal;Ovanåker;2120002304;138;55;27;39;.;.;.;.;.;.;50;46;42;
Alftaskolan F-6;54774286;Ovanåker;2121;Kommunal;Ovanåker;2120002304;164;47;26;42;35;29;16;33;25;26;.;.;.;
Celsiusskolan 7-9;43362307;Ovanåker;2121;Kommunal;Ovanåker;2120002304;243;42;14;39;.;.;.;.;.;.;76;96;71;
Celsiusskolan F-6;63488719;Ovanåker;2121;Kommunal;Ovanåker;2120002304;167;45;25;46;27;18;34;20;25;43;.;.;.;
Knåda skola;21674603;Ovanåker;2121;Kommunal;Ovanåker;2120002304;85;58;..;47;19;17;10;17;11;11;.;.;.;
Lillboskolan;85584111;Ovanåker;2121;Kommunal;Ovanåker;2120002304;128;55;7;44;20;18;25;19;21;25;.;.;.;
Rotebergs skola;39130316;Ovanåker;2121;Kommunal;Ovanåker;2120002304;119;34;11;50;16;25;20;19;26;13;.;.;.;
Runemo skola;24030299;Ovanåker;2121;Kommunal;Ovanåker;2120002304;70;39;..;47;15;10;9;13;11;12;.;.;.;
Viksjöfors skola;44977557;Ovanåker;2121;Kommunal;Ovanåker;2120002304;35;57;20;43;4;6;7;7;1;10;.;.;.;
Breviksskolan;34893654;Oxelösund;0481;Kommunal;Oxelösund;2120000324;342;45;29;40;.;.;.;.;.;.;126;112;104;
D-skolan;95213848;Oxelösund;0481;Kommunal;Oxelösund;2120000324;187;50;74;36;39;32;33;29;30;24;.;.;.;
Peterslundsskolan;46563141;Oxelösund;0481;Kommunal;Oxelösund;2120000324;248;51;6;51;40;41;50;39;42;36;.;.;.;
Ramdalsskolan;98215830;Oxelösund;0481;Kommunal;Oxelösund;2120000324;317;53;17;44;50;51;48;57;58;53;.;.;.;
Gårdbyskolan;55662841;Pajala;2521;Kommunal;Pajala;2120002718;80;53;21;31;8;11;10;5;8;10;10;7;11;
Kangos Kultur- o ekologiskola;35837794;Pajala;2521;Enskild;Kangos Kultur och Ekologiskola;8976008238;49;39;..;55;3;5;4;5;5;4;5;10;8;
Pajala Centralskola;12443258;Pajala;2521;Kommunal;Pajala;2120002718;234;47;22;41;.;.;.;33;40;28;47;42;44;
Sattajärvi skola;36111143;Pajala;2521;Kommunal;Pajala;2120002718;65;51;..;9;9;11;9;13;9;14;.;.;.;
Smedskolan;94203685;Pajala;2521;Kommunal;Pajala;2120002718;100;56;28;42;36;34;30;.;.;.;.;.;.;
Tärendö Centralskola;37347252;Pajala;2521;Kommunal;Pajala;2120002718;14;50;.;86;3;3;3;3;2;.;.;.;.;
Björndammens skola F-6;54361227;Partille;1402;Kommunal;Partille;2120001272;272;50;35;47;45;47;47;42;37;54;.;.;.;
Casa Montessori;68358072;Partille;1402;Enskild;Montessoristiftelsen i Partille;8572054610;166;49;10;86;17;17;18;19;16;21;19;19;20;
Furulunds skola F-6;69175568;Partille;1402;Kommunal;Partille;2120001272;316;46;12;70;51;52;54;55;52;52;.;.;.;
Jonsereds skola F-5;60280777;Partille;1402;Kommunal;Partille;2120001272;234;50;12;76;46;45;50;46;47;.;.;.;.;
Lexby skola 6-9;51610240;Partille;1402;Kommunal;Partille;2120001272;497;51;28;65;.;.;.;.;.;120;107;128;142;
Lillegårdsskolan F-5;10695761;Partille;1402;Kommunal;Partille;2120001272;277;48;24;66;71;52;49;51;54;.;.;.;.;
Oxledsskolan;88535398;Partille;1402;Kommunal;Partille;2120001272;305;43;13;76;52;68;59;58;68;.;.;.;.;
Skulltorps skola F-5;12767465;Partille;1402;Kommunal;Partille;2120001272;219;44;54;50;42;48;46;47;36;.;.;.;.;
Stadsparksskolan;57412559;Partille;1402;Kommunal;Partille;2120001272;350;46;29;55;.;.;.;.;.;.;109;116;125;
Ugglums skola 5-9;78100490;Partille;1402;Kommunal;Partille;2120001272;283;52;12;84;.;.;.;.;54;55;53;50;71;
Ugglums skola F-4;84718487;Partille;1402;Kommunal;Partille;2120001272;232;49;10;88;75;52;53;52;.;.;.;.;.;
Vallhamra skola 4-6;67190366;Partille;1402;Kommunal;Partille;2120001272;273;47;24;72;.;.;.;82;54;137;.;.;.;
Vallhamra skola 7-9;92848832;Partille;1402;Kommunal;Partille;2120001272;310;43;21;73;.;.;.;.;.;.;121;103;86;
Vallhamra skola F-3;65226712;Partille;1402;Kommunal;Partille;2120001272;251;48;17;71;76;75;100;.;.;.;.;.;.;
Öjersjö Brunn skola A F-4;67739660;Partille;1402;Kommunal;Partille;2120001272;209;45;9;84;47;51;66;45;.;.;.;.;.;
Öjersjö Brunn skola B F-4;85130794;Partille;1402;Kommunal;Partille;2120001272;261;48;8;85;73;50;69;69;.;.;.;.;.;
Öjersjö Storegård skola 5-9;19873115;Partille;1402;Kommunal;Partille;2120001272;406;49;12;80;.;.;.;.;104;79;78;74;71;
Centralskolan 4-6;97348759;Perstorp;1275;Kommunal;Perstorp;2120000910;302;42;43;35;.;.;.;96;102;104;.;.;.;
Centralskolan 7-9;45023939;Perstorp;1275;Kommunal;Perstorp;2120000910;268;45;41;31;.;.;.;.;.;1;101;87;79;
Norra Lyckan skola;32734414;Perstorp;1275;Kommunal;Perstorp;2120000910;161;56;47;36;.;84;77;.;.;.;.;.;.;
Oderljunga skola;60288966;Perstorp;1275;Kommunal;Perstorp;2120000910;33;48;24;42;1;12;8;3;9;.;.;.;.;
Parkskolan;54638535;Perstorp;1275;Kommunal;Perstorp;2120000910;95;43;37;34;95;.;.;.;.;.;.;.;.;
Backeskolan;54570457;Piteå;2581;Kommunal;Piteå;2120002759;76;45;8;62;16;34;26;.;.;.;.;.;.;
Backgårdsskolan;16816091;Piteå;2581;Kommunal;Piteå;2120002759;123;55;..;59;47;35;41;.;.;.;.;.;.;
Bergsviksskolan;55036987;Piteå;2581;Kommunal;Piteå;2120002759;202;46;3;67;25;28;29;34;43;43;.;.;.;
Björklundaskolan;10654481;Piteå;2581;Kommunal;Piteå;2120002759;95;47;23;37;29;28;38;.;.;.;.;.;.;
Böle skola;50775398;Piteå;2581;Kommunal;Piteå;2120002759;69;58;7;58;32;18;19;.;.;.;.;.;.;
Christinaskolan;94591900;Piteå;2581;Kommunal;Piteå;2120002759;295;56;12;65;.;.;.;.;.;.;117;80;98;
Dalbackens Friskola;12534565;Piteå;2581;Enskild;Dalbackens Friskola Ekonomisk förening;7696273411;47;51;..;49;8;7;6;15;3;8;.;.;.;
Hortlax skola;10185533;Piteå;2581;Kommunal;Piteå;2120002759;309;44;5;68;.;.;.;.;.;.;100;90;119;
I ur och skur - Forsen;48863212;Piteå;2581;Enskild;Fastighetsbolaget Sikforsbygden AB;5566138151;28;54;.;50;10;3;9;.;1;5;.;.;.;
Jävre skola;71768337;Piteå;2581;Kommunal;Piteå;2120002759;56;57;..;75;6;6;13;8;11;12;.;.;.;
Klubbgärdsskolan;52474877;Piteå;2581;Kommunal;Piteå;2120002759;56;55;13;46;19;23;14;.;.;.;.;.;.;
Kullenskolan;15031493;Piteå;2581;Kommunal;Piteå;2120002759;58;60;..;41;23;11;24;.;.;.;.;.;.;
Långskataskolan;27957195;Piteå;2581;Kommunal;Piteå;2120002759;86;49;8;73;29;31;26;.;.;.;.;.;.;
Munksunds skola;11749297;Piteå;2581;Kommunal;Piteå;2120002759;94;40;7;62;34;36;24;.;.;.;.;.;.;
Norrbyskolan;12947382;Piteå;2581;Kommunal;Piteå;2120002759;188;47;4;67;26;30;27;35;47;23;.;.;.;
Norrmalmskolan;52510171;Piteå;2581;Kommunal;Piteå;2120002759;400;45;17;60;37;41;28;86;105;103;.;.;.;
Pitholmsskolan 4-6;99362822;Piteå;2581;Kommunal;Piteå;2120002759;259;46;6;67;.;.;.;81;100;78;.;.;.;
Pitholmsskolan 7-9;18339846;Piteå;2581;Kommunal;Piteå;2120002759;232;42;9;62;.;.;.;.;.;.;78;82;72;
Porsnässkolan;18748381;Piteå;2581;Kommunal;Piteå;2120002759;304;48;4;56;.;.;.;36;32;33;60;66;77;
Rosviks skola;78813157;Piteå;2581;Kommunal;Piteå;2120002759;173;50;7;57;31;22;30;33;32;25;.;.;.;
Sjulnässkolan;42296356;Piteå;2581;Kommunal;Piteå;2120002759;292;46;5;59;.;.;.;52;42;37;57;52;52;
Sjulsmarks skola;48156668;Piteå;2581;Kommunal;Piteå;2120002759;54;50;..;52;9;8;4;11;11;11;.;.;.;
Solanderskolan;69993304;Piteå;2581;Kommunal;Piteå;2120002759;325;49;15;39;.;.;.;49;48;47;62;65;54;
Strömnäs skola;50133724;Piteå;2581;Kommunal;Piteå;2120002759;119;52;7;79;35;50;34;.;.;.;.;.;.;
Svensby skola;67036296;Piteå;2581;Kommunal;Piteå;2120002759;97;48;7;52;32;27;38;.;.;.;.;.;.;
Tolvmans Friskola;44290268;Piteå;2581;Enskild;Tolvmansskolans Ekonomiska Förening;7696098875;37;43;..;86;11;14;12;.;.;.;.;.;.;
Anders-Olofskolan;78545687;Ragunda;2303;Kommunal;Ragunda;2120002452;216;50;23;35;.;.;.;30;31;43;44;33;35;
Hansåkerskolan;22316816;Ragunda;2303;Kommunal;Ragunda;2120002452;160;51;4;51;24;24;18;20;18;18;10;13;15;
Järåskolan;26530842;Ragunda;2303;Kommunal;Ragunda;2120002452;39;41;28;18;11;11;9;4;4;.;.;.;.;
Kullstaskolan;40542956;Ragunda;2303;Kommunal;Ragunda;2120002452;84;54;25;36;26;22;36;.;.;.;.;.;.;
Bygdeå skola;96684788;Robertsfors;2409;Kommunal;Robertsfors;2120002551;105;50;6;59;15;14;12;22;21;21;.;.;.;
Djäkneboda skola;75624738;Robertsfors;2409;Kommunal;Robertsfors;2120002551;16;31;.;75;7;4;5;.;.;.;.;.;.;
Jenningsskolan åk F-3;37246669;Robertsfors;2409;Kommunal;Robertsfors;2120002551;110;55;19;41;35;34;40;.;1;.;.;.;.;
Nybyskolan;21641008;Robertsfors;2409;Kommunal;Robertsfors;2120002551;73;48;7;55;10;7;16;15;14;11;.;.;.;
Tundalsskolan åk 4-6;74237143;Robertsfors;2409;Kommunal;Robertsfors;2120002551;121;55;14;40;.;.;.;36;41;43;.;.;1;
Tundalsskolan åk 7-9;74131494;Robertsfors;2409;Kommunal;Robertsfors;2120002551;210;46;12;50;.;.;.;2;2;2;75;73;56;
Åkullsjöns skola;47410806;Robertsfors;2409;Kommunal;Robertsfors;2120002551;8;..;.;..;5;3;.;.;.;.;.;.;.;
Backarydsskolan;56938498;Ronneby;1081;Kommunal;Ronneby;2120000837;69;52;54;32;10;14;15;13;17;.;.;.;.;
Eringsbodaskolan;73174754;Ronneby;1081;Kommunal;Ronneby;2120000837;69;59;61;43;3;9;12;15;9;21;.;.;.;
Espedalsskolan;22033858;Ronneby;1081;Kommunal;Ronneby;2120000837;158;47;61;42;39;22;23;23;28;23;.;.;.;
Fredriksbergsskolan;79063974;Ronneby;1081;Kommunal;Ronneby;2120000837;360;51;28;60;59;60;60;58;63;60;.;.;.;
G-klavens fristående skola;71629249;Ronneby;1081;Enskild;G-Klaven AB;5566033592;121;55;8;65;20;21;20;20;21;19;.;.;.;
Hallabroskolan;11842600;Ronneby;1081;Kommunal;Ronneby;2120000837;96;55;41;39;12;14;19;18;14;19;.;.;.;
Hobyskolan;67089636;Ronneby;1081;Kommunal;Ronneby;2120000837;237;52;30;53;35;41;40;39;37;45;.;.;.;
Johannishusskolan;71423952;Ronneby;1081;Kommunal;Ronneby;2120000837;103;45;19;51;16;17;19;19;15;17;.;.;.;
Kallingeskolan 7-9;53155267;Ronneby;1081;Kommunal;Ronneby;2120000837;374;48;30;41;.;.;.;.;.;.;139;111;124;
Kallingeskolan F-6;71592444;Ronneby;1081;Kommunal;Ronneby;2120000837;194;45;30;34;27;34;36;31;32;34;.;.;.;
Listerbyskolan;89240233;Ronneby;1081;Kommunal;Ronneby;2120000837;169;48;6;73;35;19;29;31;26;29;.;.;.;
Saxemaraskolan;11927362;Ronneby;1081;Kommunal;Ronneby;2120000837;113;55;21;64;20;21;16;19;18;19;.;.;.;
Skogsgårdsskolan;60465743;Ronneby;1081;Kommunal;Ronneby;2120000837;127;54;80;29;18;24;20;24;20;21;.;.;.;
Slättagårdsskolan;67037141;Ronneby;1081;Kommunal;Ronneby;2120000837;169;46;37;45;33;27;29;30;26;24;.;.;.;
Snäckebacksskolan;73745566;Ronneby;1081;Kommunal;Ronneby;2120000837;470;48;32;58;.;.;.;.;.;.;184;140;146;
Thoren Framtid i Ronneby;38449858;Ronneby;1081;Enskild;Thoren Framtid AB;5567497051;380;48;36;54;38;34;45;44;25;47;48;49;50;
Boda skola;36630405;Rättvik;2031;Kommunal;Rättvik;2120002171;34;24;..;41;9;5;6;7;7;.;.;.;.;
Furudals centralskola;30917018;Rättvik;2031;Kommunal;Rättvik;2120002171;96;41;7;32;7;11;13;7;13;10;9;14;12;
Ingels skola;33822526;Rättvik;2031;Kommunal;Rättvik;2120002171;32;47;..;38;10;6;4;5;7;.;.;.;.;
Nyhedsskolan;60694017;Rättvik;2031;Kommunal;Rättvik;2120002171;167;54;14;54;21;33;34;37;42;.;.;.;.;
Rättviksskolan;73451967;Rättvik;2031;Kommunal;Rättvik;2120002171;397;50;10;51;.;.;.;.;.;88;97;100;112;
Sätra skola;23181842;Rättvik;2031;Kommunal;Rättvik;2120002171;41;51;.;54;4;12;9;7;9;.;.;.;.;
Söderås skola;52314089;Rättvik;2031;Kommunal;Rättvik;2120002171;62;58;..;65;13;15;11;14;9;.;.;.;.;
Vikarbyns skola;89732023;Rättvik;2031;Kommunal;Rättvik;2120002171;107;48;9;62;16;19;29;14;29;.;.;.;.;
Ekebyskolan;36193586;Sala;1981;Kommunal;Sala;2120002098;327;51;30;40;.;.;.;.;.;.;109;111;107;
Hedens skola;84214609;Sala;1981;Kommunal;Sala;2120002098;64;39;..;56;8;13;15;11;5;12;.;.;.;
Kila skola;46962800;Sala;1981;Kommunal;Sala;2120002098;117;45;9;67;19;18;19;20;21;20;.;.;.;
Kilbo skola;26414444;Sala;1981;Kommunal;Sala;2120002098;69;48;7;48;14;14;14;8;13;6;.;.;.;
Kyrkskolan;61846061;Sala;1981;Kommunal;Sala;2120002098;80;55;10;38;11;18;10;15;12;14;.;.;.;
Lärkbacksskolan;74567533;Sala;1981;Kommunal;Sala;2120002098;187;45;13;50;33;29;33;27;29;36;.;.;.;
Ransta skola;64471680;Sala;1981;Kommunal;Sala;2120002098;102;51;..;62;18;30;1;18;17;18;.;.;.;
Vallaskolan 7-9;64954528;Sala;1981;Kommunal;Sala;2120002098;365;52;22;54;.;.;.;.;.;.;142;113;110;
Vallaskolan f-6;40908531;Sala;1981;Kommunal;Sala;2120002098;332;52;37;50;63;56;62;40;58;53;.;.;.;
Varmsätra skola;26966214;Sala;1981;Kommunal;Sala;2120002098;95;48;..;64;18;13;2;26;17;19;.;.;.;
Västerfärnebo skola;52288457;Sala;1981;Kommunal;Sala;2120002098;92;48;8;39;14;13;12;19;13;21;.;.;.;
Åby skola;45723714;Sala;1981;Kommunal;Sala;2120002098;53;49;..;62;16;20;17;.;.;.;.;.;.;
Åkraskolan;91839062;Sala;1981;Kommunal;Sala;2120002098;272;46;62;36;36;45;48;51;48;44;.;.;.;
Ängshagenskolan;96344566;Sala;1981;Kommunal;Sala;2120002098;170;45;9;55;31;30;28;30;27;24;.;.;.;
Nytorpsskolan;36262199;Salem;0128;Kommunal;Salem;2120002874;260;51;10;83;30;28;29;30;27;28;28;30;30;
Parkskolan;76222592;Salem;0128;Enskild;Pysslingen Förskolor och Skolor AB;5560354309;187;51;22;61;39;38;37;38;35;.;.;.;.;
Rosenlundskolan;97927760;Salem;0128;Enskild;Pysslingen Förskolor och Skolor AB;5560354309;95;52;12;76;29;37;29;.;.;.;.;.;.;
Rönninge skola;71677992;Salem;0128;Kommunal;Salem;2120002874;490;50;9;83;30;30;30;57;79;60;79;57;68;
Salemskolan;51578532;Salem;0128;Kommunal;Salem;2120002874;33;..;21;39;4;2;2;2;4;6;5;3;5;
Skogsängsskolan;58385274;Salem;0128;Kommunal;Salem;2120002874;519;50;31;46;57;57;56;56;55;69;49;63;57;
Säbyskolan;92406445;Salem;0128;Kommunal;Salem;2120002874;420;46;55;45;37;40;47;42;47;57;37;58;55;
Söderby friskola;56858061;Salem;0128;Enskild;Söderby Friskola Ekonomisk Förening;7696016117;222;45;14;57;28;26;26;25;26;21;25;26;19;
Alsjöskolan;73972330;Sandviken;2181;Kommunal;Sandviken;2120002346;33;45;..;39;11;13;9;.;.;.;.;.;.;
Björksätraskolan F-9;53803818;Sandviken;2181;Kommunal;Sandviken;2120002346;574;47;48;38;53;44;46;37;49;47;99;100;99;
Gullhedskolan;82989546;Sandviken;2181;Kommunal;Sandviken;2120002346;162;48;10;52;31;22;30;30;17;32;.;.;.;
Hedängskolan 7-9;23876630;Sandviken;2181;Kommunal;Sandviken;2120002346;194;46;8;49;.;.;.;.;.;.;70;67;57;
Hedängskolan F-6;28178876;Sandviken;2181;Kommunal;Sandviken;2120002346;246;55;9;47;36;28;32;43;36;71;.;.;.;
Jernvallskolan F-9;38969377;Sandviken;2181;Kommunal;Sandviken;2120002346;431;48;15;65;43;43;48;47;50;49;51;50;50;
Jäderfors skola;89342887;Sandviken;2181;Kommunal;Sandviken;2120002346;36;58;..;64;5;4;5;7;7;8;.;.;.;
Kungsgårdens skola;88248777;Sandviken;2181;Kommunal;Sandviken;2120002346;106;58;6;40;19;24;20;17;26;.;.;.;.;
Murgårdsskolan;78907748;Sandviken;2181;Kommunal;Sandviken;2120002346;565;48;63;36;52;54;36;42;48;45;101;85;102;
Norrsätraskolan;80131736;Sandviken;2181;Kommunal;Sandviken;2120002346;460;52;53;37;25;22;21;23;23;29;120;94;103;
Sandvikens Internationella Montessoriskola;17233525;Sandviken;2181;Enskild;Sandvikens Friskola AB;5590474481;201;59;27;70;23;21;24;23;22;23;20;21;24;
Sätra skola;18586060;Sandviken;2181;Kommunal;Sandviken;2120002346;166;49;..;66;25;40;26;26;25;24;.;.;.;
Vallhovskolan;92306906;Sandviken;2181;Kommunal;Sandviken;2120002346;251;57;23;52;46;41;50;34;39;41;.;.;.;
Västanbynskolan;86139352;Sandviken;2181;Kommunal;Sandviken;2120002346;262;44;9;66;46;40;46;40;44;46;.;.;.;
Årsunda Kyrkskola;20666715;Sandviken;2181;Kommunal;Sandviken;2120002346;139;48;7;49;28;22;18;25;19;27;.;.;.;
Österfärnebo skola;73076578;Sandviken;2181;Kommunal;Sandviken;2120002346;56;50;14;43;10;11;7;9;11;8;.;.;.;
Centralskolan;61056172;Sigtuna;0191;Kommunal;Sigtuna;2120000225;404;50;69;46;52;50;41;48;51;53;57;52;.;
Eddaskolan;38526011;Sigtuna;0191;Kommunal;Sigtuna;2120000225;217;48;77;43;40;52;50;34;41;.;.;.;.;
Ekillaskolan;14261356;Sigtuna;0191;Kommunal;Sigtuna;2120000225;510;52;64;36;.;.;.;.;.;.;128;165;217;
Galaxskolan;15697742;Sigtuna;0191;Kommunal;Sigtuna;2120000225;319;40;45;55;51;55;54;52;55;52;.;.;.;
Josefinaskolan, grundskola;55508705;Sigtuna;0191;Enskild;Stiftelsen Josefinaskolan;8148007258;188;52;23;64;22;20;21;17;22;27;13;22;24;
Norrbackaskolan;58286716;Sigtuna;0191;Kommunal;Sigtuna;2120000225;289;50;48;48;48;54;47;47;44;49;.;.;.;
Odensala skola;20054868;Sigtuna;0191;Kommunal;Sigtuna;2120000225;140;51;9;49;24;19;19;25;24;29;.;.;.;
Råbergsskolan;10998117;Sigtuna;0191;Kommunal;Sigtuna;2120000225;226;43;26;50;40;27;29;40;45;45;.;.;.;
Sagaskolan;29998540;Sigtuna;0191;Kommunal;Sigtuna;2120000225;313;51;83;40;51;54;50;54;50;54;.;.;.;
Sigtunaskolan hum. läroverket, gr;70883860;Sigtuna;0191;Enskild;Sigtuna Skolstiftelse;8148002879;158;50;10;77;.;.;.;.;.;.;52;50;56;
Sigtunaskolan hum. läroverket, int gr*;47969716;Sigtuna;0191;Enskild;Sigtuna Skolstiftelse;8148002879;75;47;56;69;.;.;.;.;.;.;21;27;27;
Skepptuna skola;80274643;Sigtuna;0191;Kommunal;Sigtuna;2120000225;115;50;6;44;20;23;15;19;23;15;.;.;.;
Skolan Bergius;35008423;Sigtuna;0191;Enskild;Sigtuna Friskola AB;5567482707;199;50;16;49;.;.;.;.;.;.;66;66;67;
S:t Olofs skola;13579948;Sigtuna;0191;Kommunal;Sigtuna;2120000225;434;48;31;56;.;.;.;.;.;.;155;143;136;
S:t Pers skola;42215279;Sigtuna;0191;Kommunal;Sigtuna;2120000225;428;48;27;61;72;62;72;70;69;83;.;.;.;
S:ta Gertruds skola;93320132;Sigtuna;0191;Kommunal;Sigtuna;2120000225;342;46;20;68;53;45;63;65;54;62;.;.;.;
Steningehöjdens skola;38854084;Sigtuna;0191;Kommunal;Sigtuna;2120000225;327;51;45;54;46;40;29;30;27;24;55;76;.;
Sätunaskolan;63542436;Sigtuna;0191;Kommunal;Sigtuna;2120000225;299;44;44;48;50;51;47;45;55;51;.;.;.;
Tingvallaskolan;78491090;Sigtuna;0191;Kommunal;Sigtuna;2120000225;220;49;75;39;33;41;43;34;33;36;.;.;.;
Väringaskolan;87382179;Sigtuna;0191;Enskild;Väringaskolans Föräldraförening;8148010682;204;54;6;82;34;34;34;34;34;34;.;.;.;
Borrby skola;92471460;Simrishamn;1291;Kommunal;Simrishamn;2120000969;143;40;24;47;21;19;27;23;27;26;.;.;.;
Famn;68370166;Simrishamn;1291;Enskild;Famn AB;5566207113;10;..;..;60;.;.;.;1;1;.;2;5;1;
Fredsdalsskolan;59936176;Simrishamn;1291;Kommunal;Simrishamn;2120000969;179;46;28;46;.;.;.;53;70;56;.;.;.;
Gärsnäs skola;93223643;Simrishamn;1291;Kommunal;Simrishamn;2120000969;117;51;11;48;18;21;17;22;20;19;.;.;.;
Hammenhögs Friskola;36559452;Simrishamn;1291;Enskild;Hammenhögs Friskola ek. för.;7696257885;87;55;7;44;13;13;19;19;11;12;.;.;.;
Korsavadsskolan;66350640;Simrishamn;1291;Kommunal;Simrishamn;2120000969;424;47;24;44;.;.;.;.;1;.;133;140;150;
Nils Holgerssonskolan;24445412;Simrishamn;1291;Enskild;Föräldrakooperativet Nils Holgerssonskolan Ek Fö;7696014666;195;50;8;71;16;16;16;19;26;26;25;25;26;
Piratenskolan;42158538;Simrishamn;1291;Kommunal;Simrishamn;2120000969;64;47;8;59;13;4;10;7;14;16;.;.;.;
Sankt Olofs skola;88731583;Simrishamn;1291;Kommunal;Simrishamn;2120000969;44;59;25;64;14;13;8;9;.;.;.;.;.;
Simrislundsskolan;53416468;Simrishamn;1291;Kommunal;Simrishamn;2120000969;173;49;38;52;63;55;55;.;.;.;.;.;.;
Sophiaskolan;59958745;Simrishamn;1291;Enskild;Stift Sophiaskolan, Österlens Waldorfskola;8388005517;197;54;20;86;22;17;24;25;19;22;22;22;24;
Emanuelskolan;37998000;Sjöbo;1265;Kommunal;Sjöbo;2120001090;380;47;11;42;50;59;54;44;61;54;1;30;27;
Friskolan Boken;75930521;Sjöbo;1265;Enskild;Ciconias Ekonomisk förening;7696141428;91;45;..;77;20;20;23;17;11;.;.;.;.;
Färsingaskolan, åk 5-9;17176734;Sjöbo;1265;Kommunal;Sjöbo;2120001090;362;48;20;36;.;.;.;.;.;53;123;75;111;
Lövestads skola;12191224;Sjöbo;1265;Kommunal;Sjöbo;2120001090;123;41;8;27;25;16;26;25;9;22;.;.;.;
Montessoriskolan Fyrkappan;34081848;Sjöbo;1265;Enskild;Montessoriskolan Fyrkappan Ekonomisk Förening;7696097760;61;46;..;79;16;10;11;14;5;5;.;.;.;
Nils Månssons Friskola;33857264;Sjöbo;1265;Enskild;Nils Månssons Friskola AB;5567815872;60;57;..;60;10;14;8;9;9;10;.;.;.;
Resursskolan;97537055;Sjöbo;1265;Kommunal;Sjöbo;2120001090;8;..;100;.;.;.;1;1;.;.;3;2;1;
Sandbäcksskolan;47897364;Sjöbo;1265;Kommunal;Sjöbo;2120001090;213;45;16;42;49;46;43;33;42;.;.;.;.;
Storkskolan;55675413;Sjöbo;1265;Kommunal;Sjöbo;2120001090;248;50;9;59;27;29;22;12;38;37;27;18;38;
Vollsjö Friskola;78396564;Sjöbo;1265;Enskild;Almaröd Friskola AB;5566096227;18;.;..;44;.;.;.;.;.;.;6;1;11;
Vollsjö skola;98635885;Sjöbo;1265;Kommunal;Sjöbo;2120001090;167;44;20;28;31;31;31;25;22;27;.;.;.;
Ardalaskolan;38048590;Skara;1495;Kommunal;Skara;2120001702;134;46;8;46;24;20;30;20;20;20;.;.;.;
Friskolan Metis;46013569;Skara;1495;Enskild;Lärocentrum i Skara Ekonomisk Förening;7696068381;206;48;9;69;17;17;15;16;17;18;34;36;36;
Gällkvistskolan;60102425;Skara;1495;Kommunal;Skara;2120001702;256;50;30;43;46;36;46;41;51;36;.;.;.;
Källeskolan 1;45880570;Skara;1495;Kommunal;Skara;2120001702;130;46;57;33;46;37;47;.;.;.;.;.;.;
Källeskolan 2;49280218;Skara;1495;Kommunal;Skara;2120001702;141;43;51;40;.;.;.;45;48;48;.;.;.;
Mariebergsskolan 1;27983086;Skara;1495;Kommunal;Skara;2120001702;182;45;34;46;48;38;48;47;.;1;.;.;.;
Mariebergsskolan 2;27632599;Skara;1495;Kommunal;Skara;2120001702;86;51;38;42;.;.;.;.;45;41;.;.;.;
Valleskolan;51508215;Skara;1495;Kommunal;Skara;2120001702;127;48;18;46;24;23;21;17;21;21;.;.;.;
Varnhemsskolan;90909242;Skara;1495;Kommunal;Skara;2120001702;126;51;..;74;21;17;24;24;20;20;.;.;.;
Viktoriaskolan 1;14808086;Skara;1495;Kommunal;Skara;2120001702;286;51;37;44;.;.;.;.;.;.;93;121;72;
Viktoriaskolan 2;15007645;Skara;1495;Kommunal;Skara;2120001702;280;50;30;39;.;.;.;.;.;.;87;72;121;
Auraskolan;32952944;Skellefteå;2482;Kommunal;Skellefteå;2120002643;79;41;22;39;41;38;.;.;.;.;.;.;.;
Bergsbyskolan;66002503;Skellefteå;2482;Kommunal;Skellefteå;2120002643;155;53;..;68;29;23;30;38;35;.;.;.;.;
Björkskolan;65417636;Skellefteå;2482;Enskild;Skolföreningen Växa;8947021443;89;40;12;61;.;.;.;.;.;19;21;26;23;
Björnåkersskolan;15720147;Skellefteå;2482;Kommunal;Skellefteå;2120002643;306;51;17;49;29;24;32;35;23;33;43;52;35;
Bodbysunds miljöskola;58219202;Skellefteå;2482;Enskild;Bodbysunds Miljöskolas Ekonomiska Förening;7696017685;31;58;..;61;4;7;5;7;8;.;.;.;.;
Bolidenskolan 7-9;69217837;Skellefteå;2482;Kommunal;Skellefteå;2120002643;138;52;47;26;.;.;.;.;.;.;52;33;53;
Bolidenskolan F-6;68464878;Skellefteå;2482;Kommunal;Skellefteå;2120002643;200;55;50;34;21;41;36;32;30;40;.;.;.;
Bruksskolan;90056405;Skellefteå;2482;Enskild;Skolföreningen Växa;8947021443;43;35;19;65;3;13;7;12;8;.;.;.;.;
Bureskolan 4-9;62125265;Skellefteå;2482;Kommunal;Skellefteå;2120002643;303;50;18;46;.;.;.;52;43;55;62;43;48;
Bureskolan F-3;72817986;Skellefteå;2482;Kommunal;Skellefteå;2120002643;149;52;14;47;51;49;49;.;.;.;.;.;.;
Bygdsiljumsskolan;97072671;Skellefteå;2482;Kommunal;Skellefteå;2120002643;31;58;..;35;7;3;7;5;9;.;.;.;.;
Byskeskolan 6-9;97534677;Skellefteå;2482;Kommunal;Skellefteå;2120002643;188;52;11;41;.;.;.;.;.;47;45;45;51;
Byskeskolan F-5;93983400;Skellefteå;2482;Kommunal;Skellefteå;2120002643;153;52;24;46;28;39;26;31;29;.;.;.;.;
Drängsmarksskolan;33502848;Skellefteå;2482;Kommunal;Skellefteå;2120002643;66;52;.;65;16;12;15;13;10;.;.;.;.;
Ersmarksskolan;75972486;Skellefteå;2482;Kommunal;Skellefteå;2120002643;52;44;..;62;10;10;11;9;12;.;.;.;.;
Furuskolan;62717625;Skellefteå;2482;Kommunal;Skellefteå;2120002643;83;58;65;17;12;20;18;12;14;7;.;.;.;
Gummarksskolan;29124242;Skellefteå;2482;Kommunal;Skellefteå;2120002643;56;57;..;57;6;9;9;11;13;8;.;.;.;
Hjoggböleskolan;81715530;Skellefteå;2482;Kommunal;Skellefteå;2120002643;35;43;.;51;6;7;10;8;4;.;.;.;.;
Internationella Engelska Skolan Skellefteå;92621428;Skellefteå;2482;Enskild;Internationella Engelska Skolan i Sverige AB;5564624368;230;55;32;70;22;23;23;27;29;30;49;25;2;
Kanalskolan;94485755;Skellefteå;2482;Kommunal;Skellefteå;2120002643;301;49;4;74;.;.;.;.;.;68;74;83;76;
Kusmarksskolan;58425006;Skellefteå;2482;Kommunal;Skellefteå;2120002643;74;41;7;39;15;15;17;14;13;.;.;.;.;
Kågeskolan 6-9;66412077;Skellefteå;2482;Kommunal;Skellefteå;2120002643;249;51;6;63;.;.;.;.;.;69;61;57;62;
Kågeskolan F-5;35231238;Skellefteå;2482;Kommunal;Skellefteå;2120002643;187;51;9;68;32;41;45;37;32;.;.;.;.;
Lejonströmsskolan 4-6;37100487;Skellefteå;2482;Kommunal;Skellefteå;2120002643;202;50;7;78;.;.;.;64;73;65;.;.;.;
Lejonströmsskolan 7-9;56208924;Skellefteå;2482;Kommunal;Skellefteå;2120002643;303;49;12;72;.;.;.;.;.;.;93;104;106;
Lejonströmsskolan F-3;65630354;Skellefteå;2482;Kommunal;Skellefteå;2120002643;125;51;6;86;35;47;43;.;.;.;.;.;.;
Lövångersskolan;87194036;Skellefteå;2482;Kommunal;Skellefteå;2120002643;201;41;29;49;21;23;20;24;26;22;20;23;22;
Medleskolan;13331693;Skellefteå;2482;Kommunal;Skellefteå;2120002643;118;49;5;69;18;16;19;26;22;17;.;.;.;
Morö backe skola 7-9;59483112;Skellefteå;2482;Kommunal;Skellefteå;2120002643;183;51;17;61;.;.;.;.;.;.;70;48;65;
Morö backe skola F-6;78211873;Skellefteå;2482;Kommunal;Skellefteå;2120002643;430;44;18;63;71;74;77;73;72;63;.;.;.;
Moröskolan;44948833;Skellefteå;2482;Kommunal;Skellefteå;2120002643;221;49;5;72;37;41;50;38;55;.;.;.;.;
Norrhammarskolan 7-9;40166272;Skellefteå;2482;Kommunal;Skellefteå;2120002643;216;36;11;68;.;.;.;.;.;.;57;85;74;
Norrhammarskolan F-6;16902723;Skellefteå;2482;Kommunal;Skellefteå;2120002643;210;50;10;78;32;26;38;36;38;40;.;.;.;
Ostviksskolan;30772723;Skellefteå;2482;Kommunal;Skellefteå;2120002643;48;42;.;46;14;10;11;13;.;.;.;.;.;
Sjungande Dalens skola;46982235;Skellefteå;2482;Kommunal;Skellefteå;2120002643;107;41;8;68;31;36;40;.;.;.;.;.;.;
Skråmträskskolan;27115850;Skellefteå;2482;Kommunal;Skellefteå;2120002643;23;57;.;57;9;3;4;2;5;.;.;.;.;
Stackgrönnanskolan;30012770;Skellefteå;2482;Kommunal;Skellefteå;2120002643;64;55;..;64;12;17;12;15;8;.;.;.;.;
Sunnanåskolan;12558459;Skellefteå;2482;Kommunal;Skellefteå;2120002643;335;47;6;79;57;49;55;55;58;61;.;.;.;
Sörböleskolan 7-9;21889785;Skellefteå;2482;Kommunal;Skellefteå;2120002643;323;48;15;61;.;.;.;.;.;.;99;119;105;
Sörböleskolan F-6;58863996;Skellefteå;2482;Kommunal;Skellefteå;2120002643;131;48;10;79;21;23;18;22;25;22;.;.;.;
Tuböleskolan;45749845;Skellefteå;2482;Kommunal;Skellefteå;2120002643;201;49;26;49;46;31;31;39;27;27;.;.;.;
Ursviksskolan 6-9;37579892;Skellefteå;2482;Kommunal;Skellefteå;2120002643;223;39;7;65;.;.;.;.;.;57;52;47;67;
Ursviksskolan F-5;47968706;Skellefteå;2482;Kommunal;Skellefteå;2120002643;174;44;6;57;35;32;32;33;42;.;.;.;.;
Vebomarks Byaskola;81215860;Skellefteå;2482;Enskild;Vebomarks Friskoleförening;8947019397;27;48;..;67;4;6;2;7;4;4;.;.;.;
Yttre Ursviksskolan;71675943;Skellefteå;2482;Kommunal;Skellefteå;2120002643;96;53;..;64;18;21;24;18;15;.;.;.;.;
Örjansskolan 3-5;83762887;Skellefteå;2482;Kommunal;Skellefteå;2120002643;132;48;17;50;.;.;37;47;48;.;.;.;.;
Örjansskolan 6-9;99512173;Skellefteå;2482;Kommunal;Skellefteå;2120002643;179;49;13;47;.;.;.;.;.;47;37;50;45;
Klockarbergsskolan;62958817;Skinnskatteberg;1904;Kommunal;Skinnskatteberg;2120002023;361;51;30;32;50;29;36;37;46;31;46;50;36;
Alléskolan;60217642;Skurup;1264;Kommunal;Skurup;2120001082;196;54;18;53;22;19;23;23;20;23;13;27;26;
Almaröd Friskola;31237949;Skurup;1264;Enskild;Almaröd Friskola AB;5566096227;13;.;..;..;.;.;.;1;1;10;1;.;.;
Hallenborgskolan;49036576;Skurup;1264;Kommunal;Skurup;2120001082;160;45;11;51;32;26;25;20;26;31;.;.;.;
Mariaskolan;51173156;Skurup;1264;Kommunal;Skurup;2120001082;169;51;18;51;61;53;55;.;.;.;.;.;.;
Mölleskolan;19459738;Skurup;1264;Kommunal;Skurup;2120001082;170;48;21;41;34;36;31;20;28;21;.;.;.;
Prästamosseskolan;31975018;Skurup;1264;Kommunal;Skurup;2120001082;616;50;17;45;.;.;.;51;78;71;159;128;129;
Slimmingeby skola;93204806;Skurup;1264;Kommunal;Skurup;2120001082;68;50;13;60;14;12;12;9;12;9;.;.;.;
Östergårdsskolan;93838287;Skurup;1264;Kommunal;Skurup;2120001082;251;62;20;46;43;43;41;41;43;40;.;.;.;
Billingsdalsskolan;27195961;Skövde;1496;Kommunal;Skövde;2120001710;248;53;13;62;44;35;39;49;49;32;.;.;.;
Billingskolan 848;68603832;Skövde;1496;Kommunal;Skövde;2120001710;151;42;18;74;56;45;50;.;.;.;.;.;.;
Billingskolan 849;99701547;Skövde;1496;Kommunal;Skövde;2120001710;161;53;17;75;.;.;.;54;57;50;.;.;.;
Eriksdalskolan 862;36233215;Skövde;1496;Kommunal;Skövde;2120001710;169;46;27;53;36;34;19;36;23;21;.;.;.;
Eriksdalskolan 863;97361837;Skövde;1496;Kommunal;Skövde;2120001710;168;49;31;43;.;.;.;.;.;.;51;54;63;
Frösve skola;48659655;Skövde;1496;Kommunal;Skövde;2120001710;247;46;4;65;32;41;49;44;40;41;.;.;.;
Helenaskolan 858;18790096;Skövde;1496;Kommunal;Skövde;2120001710;423;51;32;61;.;.;.;.;.;.;157;120;146;
Heneskolan;69034506;Skövde;1496;Kommunal;Skövde;2120001710;291;40;7;75;49;49;47;57;43;46;.;.;.;
Käpplundaskolan 851;33331230;Skövde;1496;Kommunal;Skövde;2120001710;426;49;29;68;65;70;75;71;72;73;.;.;.;
Lerdala skola;13030046;Skövde;1496;Kommunal;Skövde;2120001710;84;46;10;76;14;6;18;19;8;19;.;.;.;
Lundenskolan 850;44078397;Skövde;1496;Kommunal;Skövde;2120001710;126;54;36;52;42;42;42;.;.;.;.;.;.;
Lundenskolan 866;68565474;Skövde;1496;Kommunal;Skövde;2120001710;129;50;28;45;.;.;.;43;47;39;.;.;.;
Montessoriskolan i Skövde;52602666;Skövde;1496;Enskild;Skövde Montessoriförening Ekonomisk Förening;7696006068;81;38;11;86;11;13;14;14;14;15;.;.;.;
Norrmalmskolan;74495166;Skövde;1496;Kommunal;Skövde;2120001710;214;50;27;56;36;32;37;30;41;38;.;.;.;
Raoul Wallenbergskolan Skövde;90728703;Skövde;1496;Enskild;Raoul Wallenbergskolorna Skaraborg AB;5591438618;664;52;16;70;49;51;71;54;28;55;168;142;46;
Rydskolan 847;88083330;Skövde;1496;Kommunal;Skövde;2120001710;330;51;68;30;51;56;54;50;40;79;.;.;.;
Rydskolan 861;94141144;Skövde;1496;Kommunal;Skövde;2120001710;61;43;74;26;.;.;.;.;.;.;.;11;50;
Stöpenskolan;89477299;Skövde;1496;Kommunal;Skövde;2120001710;322;46;9;54;.;.;.;.;.;.;108;97;117;
Sventorps skola;50902077;Skövde;1496;Kommunal;Skövde;2120001710;109;50;7;59;25;10;17;18;21;18;.;.;.;
Svärtagårdsskolan;16046753;Skövde;1496;Kommunal;Skövde;2120001710;145;50;10;66;15;33;32;22;25;18;.;.;.;
Tidanskolan;81505508;Skövde;1496;Kommunal;Skövde;2120001710;112;48;29;39;15;22;19;20;21;15;.;.;.;
Timmersdala skola;90449443;Skövde;1496;Kommunal;Skövde;2120001710;92;54;..;50;15;19;12;20;17;9;.;.;.;
Trädgårdsstadens skola;94852779;Skövde;1496;Kommunal;Skövde;2120001710;103;36;10;80;40;19;44;.;.;.;.;.;.;
Vasaskolan 859;16057411;Skövde;1496;Kommunal;Skövde;2120001710;257;45;16;65;.;.;.;.;.;.;77;78;102;
Vasaskolan 869;83894630;Skövde;1496;Kommunal;Skövde;2120001710;259;44;21;58;.;.;.;.;.;.;103;77;79;
Värings skola;32903180;Skövde;1496;Kommunal;Skövde;2120001710;97;55;..;48;14;11;16;23;17;16;.;.;.;
Värsås skola;88335935;Skövde;1496;Kommunal;Skövde;2120001710;87;56;8;49;18;14;19;12;15;9;.;.;.;
Bergaskolan;81136807;Smedjebacken;2061;Kommunal;Smedjebacken;2120002205;226;46;15;42;.;.;.;.;.;.;68;78;80;
Hagge skola;48623893;Smedjebacken;2061;Kommunal;Smedjebacken;2120002205;104;44;5;64;10;13;19;22;25;15;.;.;.;
Kyrkskolan;68814096;Smedjebacken;2061;Kommunal;Smedjebacken;2120002205;161;47;4;43;.;.;.;24;20;29;26;34;28;
Röda Berga;44337763;Smedjebacken;2061;Kommunal;Smedjebacken;2120002205;246;44;29;33;49;49;39;34;37;38;.;.;.;
Vad skola;87981276;Smedjebacken;2061;Kommunal;Smedjebacken;2120002205;79;42;11;43;29;26;24;.;.;.;.;.;.;
Vinsboskolan;25233410;Smedjebacken;2061;Kommunal;Smedjebacken;2120002205;175;48;7;44;33;31;26;29;31;25;.;.;.;
Edsele skola;44570787;Sollefteå;2283;Enskild;Medborgarkooperativet Edsele Friskola, Ekonomisk förening;7696031058;21;38;24;38;4;6;4;3;.;4;.;.;.;
Helgums skola;10179930;Sollefteå;2283;Kommunal;Sollefteå;2120002437;69;39;7;38;14;10;13;10;11;11;.;.;.;
Junsele skola;49748045;Sollefteå;2283;Kommunal;Sollefteå;2120002437;144;51;35;18;9;11;17;14;14;18;23;20;18;
Kalknäs skola;73692894;Sollefteå;2283;Kommunal;Sollefteå;2120002437;32;56;16;34;3;8;6;5;7;3;.;.;.;
Lillängets skola;12641882;Sollefteå;2283;Kommunal;Sollefteå;2120002437;107;46;50;36;26;37;44;.;.;.;.;.;.;
Långsele skola;63021972;Sollefteå;2283;Kommunal;Sollefteå;2120002437;155;51;28;33;29;28;21;27;27;23;.;.;.;
Nipanskolan 4-9;41857119;Sollefteå;2283;Kommunal;Sollefteå;2120002437;333;45;13;53;.;.;.;53;47;44;77;65;47;
Nipanskolan F-3;43056151;Sollefteå;2283;Kommunal;Sollefteå;2120002437;84;51;6;70;23;32;29;.;.;.;.;.;.;
Näsåkers skola;96402885;Sollefteå;2283;Kommunal;Sollefteå;2120002437;67;46;10;48;14;9;15;10;8;11;.;.;.;
Prästbordets skola;60755872;Sollefteå;2283;Kommunal;Sollefteå;2120002437;70;46;..;63;22;23;25;.;.;.;.;.;.;
Ramsele skola;20197159;Sollefteå;2283;Kommunal;Sollefteå;2120002437;121;56;4;52;14;15;11;10;16;10;12;14;19;
Resele skola;25054871;Sollefteå;2283;Kommunal;Sollefteå;2120002437;33;48;24;52;10;6;8;2;5;2;.;.;.;
Rödsta skola;83493883;Sollefteå;2283;Kommunal;Sollefteå;2120002437;72;56;39;56;21;23;28;.;.;.;.;.;.;
Vallaskolan 4-6;70374629;Sollefteå;2283;Kommunal;Sollefteå;2120002437;185;52;38;46;.;.;.;56;68;61;.;.;.;
Vallaskolan 7-9;70478601;Sollefteå;2283;Kommunal;Sollefteå;2120002437;299;49;27;44;.;.;.;.;.;.;98;95;106;
Öns skola;79793912;Sollefteå;2283;Kommunal;Sollefteå;2120002437;55;51;.;44;11;7;9;7;10;11;.;.;.;
Brage- skola och språkförskola;12092203;Sollentuna;0163;Kommunal;Sollentuna;2120000134;71;24;51;55;7;.;9;9;12;12;8;4;10;
Edsbergsskolan;18595907;Sollentuna;0163;Kommunal;Sollentuna;2120000134;447;49;30;68;.;.;.;.;.;.;158;162;127;
Eriksbergsskolan;52615785;Sollentuna;0163;Kommunal;Sollentuna;2120000134;140;45;39;64;22;26;24;30;17;21;.;.;.;
Futuraskolan International Hertig Karl;40467992;Sollentuna;0163;Enskild;Futuraskolan AB;5566095047;212;46;49;70;20;24;24;21;25;23;25;25;25;
Futuraskolan International Rådan;47986219;Sollentuna;0163;Enskild;Futuraskolan AB;5566095047;271;53;30;88;25;49;25;24;20;38;47;19;24;
Gillbo-Gröndalsskolan;73629371;Sollentuna;0163;Kommunal;Sollentuna;2120000134;531;51;19;74;59;62;60;55;60;59;60;60;56;
Gärdesskolan;70201551;Sollentuna;0163;Kommunal;Sollentuna;2120000134;562;46;23;78;59;60;62;59;64;64;64;64;66;
Helenelundsskolan;62862066;Sollentuna;0163;Kommunal;Sollentuna;2120000134;878;49;18;86;82;79;82;84;82;88;128;127;126;
Häggvik- Skälbyskolan;85440729;Sollentuna;0163;Kommunal;Sollentuna;2120000134;511;45;27;71;58;52;56;51;78;51;41;72;52;
Kokaliteskolan;34742706;Sollentuna;0163;Enskild;Kokalite Aktiebolag;5564470978;35;49;37;63;14;9;12;.;.;.;.;.;.;
Kärrdalsskolan;28799594;Sollentuna;0163;Kommunal;Sollentuna;2120000134;252;48;27;71;30;46;54;50;28;44;.;.;.;
Mikaelskolan;85777315;Sollentuna;0163;Enskild;Föreningen Mikaelskolan;8148008330;173;45;61;58;14;16;19;19;21;16;25;26;17;
Norra Strandskolan;21997077;Sollentuna;0163;Enskild;Rotsunda Utbildning AB;5568884240;220;49;43;51;20;24;22;38;23;24;23;17;29;
Norrvikens skola;47462120;Sollentuna;0163;Enskild;Norrviken Utbildning AB;5567289391;277;51;33;66;8;13;17;30;22;24;53;30;80;
Runbacka skolor;15339442;Sollentuna;0163;Kommunal;Sollentuna;2120000134;523;41;13;78;51;55;59;58;58;58;63;60;61;
Rälsen AB i Norrviken;51041954;Sollentuna;0163;Enskild;Rälsen Aktiebolag;5564524220;68;46;10;87;23;23;22;.;.;.;.;.;.;
Rälsen AB i Viby;47290443;Sollentuna;0163;Enskild;Rälsen Aktiebolag;5564524220;66;53;14;89;13;12;15;14;12;.;.;.;.;
Rälsen AB åk 4-9;43375546;Sollentuna;0163;Enskild;Rälsen Aktiebolag;5564524220;161;43;7;92;.;.;.;28;30;27;26;25;25;
Rösjöskolan;58294981;Sollentuna;0163;Kommunal;Sollentuna;2120000134;275;48;59;44;43;52;54;49;36;41;.;.;.;
Silverbäckens skola;56867397;Sollentuna;0163;Enskild;Inspira Förskolor & Skolor AB;5566096516;389;45;18;86;47;44;46;48;48;51;29;44;32;
Silverdalsskolan;69195602;Sollentuna;0163;Kommunal;Sollentuna;2120000134;502;44;28;80;48;48;56;50;57;59;55;60;69;
Sofielundsskolan;39907811;Sollentuna;0163;Kommunal;Sollentuna;2120000134;565;48;38;73;63;62;63;60;60;55;60;81;61;
Sollentuna International School;52404061;Sollentuna;0163;Kommunal;Sollentuna;2120000134;249;51;83;48;22;28;37;39;33;21;28;21;20;
Sollentuna musikklasser;21871265;Sollentuna;0163;Kommunal;Sollentuna;2120000134;400;64;12;93;.;.;.;62;61;63;64;59;91;
Stallets Skola;26878879;Sollentuna;0163;Enskild;AB Nyfiket lärande, Sollentuna;5567590251;74;51;9;77;22;.;52;.;.;.;.;.;.;
Stockholm International Academy Häggvik;83735665;Sollentuna;0163;Enskild;Mubarak Utbildning AB;5568571748;230;54;94;14;19;25;37;29;35;26;24;20;15;
Tegelhagens skola;20253736;Sollentuna;0163;Kommunal;Sollentuna;2120000134;604;48;9;89;63;55;64;60;63;93;61;54;91;
Töjnaskolan;45882318;Sollentuna;0163;Kommunal;Sollentuna;2120000134;464;44;29;73;73;76;85;80;51;57;42;.;.;
Vaxmoraskolan;32479095;Sollentuna;0163;Kommunal;Sollentuna;2120000134;311;49;15;79;46;46;57;58;51;53;.;.;.;
Vibyskolan;15547680;Sollentuna;0163;Enskild;Vibyskolan Ekonomisk Förening;7696034201;299;49;13;84;28;28;28;28;29;42;29;57;30;
Vittra Rösjötorp;59266692;Sollentuna;0163;Enskild;Vittraskolorna AB;5564586716;148;43;53;80;34;24;43;17;16;14;.;.;.;
Vittra Sollentuna;58102266;Sollentuna;0163;Enskild;Vittraskolorna AB;5564586716;237;52;73;44;27;32;29;16;27;21;37;25;23;
Alfaskolan;27323097;Solna;0184;Enskild;Pysslingen Förskolor och Skolor AB;5560354309;419;54;26;83;28;28;29;56;57;55;55;56;55;
Bergshamraskolan;43133926;Solna;0184;Kommunal;Solna;2120000183;344;44;36;74;49;41;54;45;43;33;24;30;25;
Ekensbergsskolan;61043089;Solna;0184;Kommunal;Solna;2120000183;335;44;17;74;55;58;59;45;63;55;.;.;.;
Granbackaskolan;17737193;Solna;0184;Kommunal;Solna;2120000183;249;50;24;81;54;51;65;36;43;.;.;.;.;
Hagaskolan;84585645;Solna;0184;Enskild;Djurgårdens Waldorfskoleförening;8024222641;134;57;20;76;11;16;12;21;5;18;19;19;13;
Ingridskolan, grundskola;53259263;Solna;0184;Enskild;Ingridskolan AB;5566222013;70;31;14;70;.;.;.;3;4;6;11;18;28;
Magelungens grundskola Solna;48791751;Solna;0184;Enskild;Magelungen Utveckling AB;5564891447;24;38;25;67;.;.;.;.;.;.;3;4;17;
Parkskolan;26808959;Solna;0184;Kommunal;Solna;2120000183;123;53;50;59;47;45;31;.;.;.;.;.;.;
Raoul Wallenbergskolan Järvastaden;90879048;Solna;0184;Enskild;Raoul Wallenbergskolorna AB;5566740113;508;51;21;86;139;112;112;104;41;.;.;.;.;
Råsunda Centralskola;33951941;Solna;0184;Kommunal;Solna;2120000183;332;52;28;63;.;.;.;.;.;.;110;119;103;
Råsundaskolan;12768012;Solna;0184;Kommunal;Solna;2120000183;515;47;25;72;91;97;90;84;87;66;.;.;.;
Skytteholmsskolan;75017455;Solna;0184;Kommunal;Solna;2120000183;590;46;43;55;47;72;67;65;67;82;75;44;71;
Solna Enskilda Montessoriskola;26742346;Solna;0184;Enskild;Barnens Montessoriakademi Östermalm AB;5565075586;38;34;34;84;9;8;19;2;.;.;.;.;.;
Spanska skolan;34105152;Solna;0184;Enskild;Rälsen Aktiebolag;5564524220;49;55;37;69;17;18;14;.;.;.;.;.;.;
Svedenskolan Bergshamra;89893224;Solna;0184;Enskild;Utvecklingspedagogik Sverige Aktiebolag;5564715729;54;13;28;74;.;1;4;8;11;12;7;7;4;
Tallbackaskolan;73581523;Solna;0184;Kommunal;Solna;2120000183;434;48;43;61;51;41;44;47;30;73;53;45;50;
Ulriksdalsskolan;46706680;Solna;0184;Kommunal;Solna;2120000183;797;44;36;70;77;82;102;77;108;122;99;71;59;
Vittra Frösunda;48760074;Solna;0184;Enskild;Vittraskolorna AB;5564586716;329;43;30;72;41;43;38;32;34;39;28;37;37;
Ängkärrskolan i Solna;98515782;Solna;0184;Enskild;Stiftelsen Nya Ängkärrsskolan;8020174069;109;43;18;61;.;.;.;.;7;15;27;28;32;
Ammarnäs skola;85060217;Sorsele;2422;Kommunal;Sorsele;2120002585;6;83;.;..;1;3;.;.;.;2;.;.;.;
Blattnicksele skola;23923676;Sorsele;2422;Kommunal;Sorsele;2120002585;36;56;..;50;6;7;7;4;5;7;.;.;.;
Vindelälvsskolan 7-9;94589976;Sorsele;2422;Kommunal;Sorsele;2120002585;61;52;23;34;.;.;.;.;.;.;20;20;21;
Vindelälvsskolan F-6;69943442;Sorsele;2422;Kommunal;Sorsele;2120002585;101;50;13;49;20;10;21;21;15;14;.;.;.;
Bovallstrands skola;79203245;Sotenäs;1427;Kommunal;Sotenäs;2120001322;52;48;12;58;8;11;12;11;10;.;.;.;.;
Hunnebostrands skola;93176070;Sotenäs;1427;Kommunal;Sotenäs;2120001322;136;46;21;41;25;19;25;21;20;26;.;.;.;
Kungshamns skola;28173971;Sotenäs;1427;Kommunal;Sotenäs;2120001322;159;48;11;55;.;.;.;50;49;60;.;.;.;
Smögens skola;72249764;Sotenäs;1427;Kommunal;Sotenäs;2120001322;33;64;..;70;12;12;9;.;.;.;.;.;.;
Sotenässkolan;78294346;Sotenäs;1427;Kommunal;Sotenäs;2120001322;210;53;14;46;.;.;.;.;.;.;60;74;76;
Åsenskolan;15307329;Sotenäs;1427;Kommunal;Sotenäs;2120001322;96;46;16;48;33;25;38;.;.;.;.;.;.;
Anneroskolan;31469697;Staffanstorp;1230;Kommunal;Staffanstorp;2120001017;353;48;19;58;.;67;84;72;66;64;.;.;.;
Baldersskolan 7-9;86546038;Staffanstorp;1230;Kommunal;Staffanstorp;2120001017;168;51;27;49;.;.;.;.;.;.;54;50;64;
Baldersskolan F-6;49039496;Staffanstorp;1230;Kommunal;Staffanstorp;2120001017;248;51;29;52;37;28;53;43;40;47;.;.;.;
Borggårdsskolan;12256914;Staffanstorp;1230;Kommunal;Staffanstorp;2120001017;73;42;25;62;73;.;.;.;.;.;.;.;.;
Hagalidskolan;28784410;Staffanstorp;1230;Kommunal;Staffanstorp;2120001017;437;44;11;68;.;.;.;.;.;.;151;148;138;
Hjärups skola;27411228;Staffanstorp;1230;Kommunal;Staffanstorp;2120001017;359;52;9;88;68;59;53;69;51;59;.;.;.;
Hjärupslundsskolan;46191968;Staffanstorp;1230;Kommunal;Staffanstorp;2120001017;336;52;12;79;.;.;.;.;.;.;111;115;110;
Kyrkheddinge skola;82149276;Staffanstorp;1230;Kommunal;Staffanstorp;2120001017;70;51;10;70;15;11;15;5;9;15;.;.;.;
Mellanvångsskolan;81566694;Staffanstorp;1230;Kommunal;Staffanstorp;2120001017;304;47;13;69;51;51;51;51;50;50;.;.;.;
Staffanstorps Montessoriskola;49038465;Staffanstorp;1230;Enskild;Staffanstorps Montessoriförening;8450008647;91;51;19;87;16;16;17;12;18;12;.;.;.;
Stanstorpsskolan;63526897;Staffanstorp;1230;Kommunal;Staffanstorp;2120001017;303;51;11;76;50;50;51;50;52;50;.;.;.;
Tottarps skola;79472428;Staffanstorp;1230;Kommunal;Staffanstorp;2120001017;82;54;22;62;13;8;13;13;15;20;.;.;.;
Uppåkraskolan;20722895;Staffanstorp;1230;Kommunal;Staffanstorp;2120001017;342;52;13;89;73;57;67;53;42;50;.;.;.;
Ekenässkolan;81521477;Stenungsund;1415;Kommunal;Stenungsund;2120001298;254;40;11;56;43;26;53;33;43;56;.;.;.;
Hallernaskolan;67573705;Stenungsund;1415;Kommunal;Stenungsund;2120001298;121;50;7;72;40;36;45;.;.;.;.;.;.;
Jörlandaskolan;68179041;Stenungsund;1415;Kommunal;Stenungsund;2120001298;220;47;6;63;34;35;33;44;41;33;.;.;.;
Kopperskolan;38508908;Stenungsund;1415;Kommunal;Stenungsund;2120001298;251;45;16;55;39;37;42;43;51;39;.;.;.;
Kristinedalskolan 7-9;18275028;Stenungsund;1415;Kommunal;Stenungsund;2120001298;248;49;33;48;.;.;.;.;.;.;76;103;69;
Kristinedalskolan F-6;92548657;Stenungsund;1415;Kommunal;Stenungsund;2120001298;213;53;55;34;33;39;36;28;38;39;.;.;.;
Kyrkenorumskolan;57205367;Stenungsund;1415;Kommunal;Stenungsund;2120001298;345;46;8;70;42;35;41;87;73;67;.;.;.;
Spekerödskolan;96922755;Stenungsund;1415;Kommunal;Stenungsund;2120001298;242;50;6;58;41;41;44;46;34;36;.;.;.;
Stenungskolan;30707344;Stenungsund;1415;Kommunal;Stenungsund;2120001298;424;47;11;61;.;.;.;.;.;.;136;132;156;
Stenungsunds Montessoriskola;38786895;Stenungsund;1415;Enskild;Stenungsunds Montessori Ekonomiska Förening;7696038103;187;56;14;79;22;19;21;22;21;20;22;23;17;
Stora Högaskolan;59097955;Stenungsund;1415;Kommunal;Stenungsund;2120001298;332;46;5;82;47;40;57;57;57;74;.;.;.;
Stora Högaskolan 7-9;21617136;Stenungsund;1415;Kommunal;Stenungsund;2120001298;382;47;4;74;.;.;.;.;.;.;127;130;125;
Ucklumskolan;44666664;Stenungsund;1415;Kommunal;Stenungsund;2120001298;29;28;..;52;11;11;7;.;.;.;.;.;.;
Abrahamsbergsskolan;44673074;Stockholm;0180;Kommunal;Stockholm;2120000142;632;50;18;78;55;53;48;50;54;56;111;91;114;
Adolf Fredriks musikklasser;99648792;Stockholm;0180;Kommunal;Stockholm;2120000142;1 116;64;10;94;.;.;.;179;180;180;191;189;197;
Adolfsbergsskolan;41285467;Stockholm;0180;Kommunal;Stockholm;2120000142;72;44;24;88;72;.;.;.;.;.;.;.;.;
Akademiska Skolan i Kista;17526606;Stockholm;0180;Enskild;Frihab AB;5569171936;62;48;94;34;17;9;6;18;8;4;.;.;.;
Akalla grundskola F-9;37796564;Stockholm;0180;Kommunal;Stockholm;2120000142;452;51;83;37;52;57;56;49;46;48;54;46;44;
Al-Azharskolan;90711097;Stockholm;0180;Enskild;Al-Azhar Stiftelsen;8024044888;625;53;88;40;69;72;81;77;73;68;52;68;65;
Alla Nationers Fria Skola;82838118;Stockholm;0180;Enskild;Ideella Föreningen För Alla Nationers Fria Skola;8024093869;93;38;94;35;15;19;20;7;6;4;8;10;4;
Almaskolan;14945659;Stockholm;0180;Enskild;Almaskolan AB;5569224610;173;40;13;67;.;.;.;.;.;.;45;71;57;
Alviksskolan;72627865;Stockholm;0180;Kommunal;Stockholm;2120000142;836;47;25;71;83;78;81;88;98;90;100;86;132;
Askebyskolan;68812584;Stockholm;0180;Kommunal;Stockholm;2120000142;254;53;85;29;45;43;50;38;34;44;.;.;.;
Aspdammskolan;93301103;Stockholm;0180;Enskild;Aspdammskolan AB;5565838066;33;30;..;64;.;.;.;.;.;4;14;6;9;
Aspuddens skola;72672270;Stockholm;0180;Kommunal;Stockholm;2120000142;1 012;47;22;77;107;95;101;93;104;100;133;133;146;
Backluraskolan;47979659;Stockholm;0180;Kommunal;Stockholm;2120000142;327;46;32;56;68;62;70;42;49;36;.;.;.;
Bagarmossens skola;13679897;Stockholm;0180;Kommunal;Stockholm;2120000142;684;45;35;66;102;72;77;67;69;62;78;80;77;
Bandhagens skola;45364437;Stockholm;0180;Kommunal;Stockholm;2120000142;393;48;50;51;70;76;75;64;68;40;.;.;.;
Banérportsskolan;81396509;Stockholm;0180;Enskild;Banérportsskolan AB;5566064001;329;44;5;91;54;54;54;55;56;56;.;.;.;
Beckombergaskolan;46616391;Stockholm;0180;Kommunal;Stockholm;2120000142;485;47;16;81;80;84;83;82;77;79;.;.;.;
Bergsundsskolan;29096335;Stockholm;0180;Enskild;Axedinskolan Aktiebolag;5564666609;79;49;8;90;27;27;25;.;.;.;.;.;.;
Beta School;16061350;Stockholm;0180;Enskild;Betaschool Handelsbolag;9697195593;86;57;98;33;13;7;12;15;5;12;11;6;5;
Björkhagens skola;43088454;Stockholm;0180;Kommunal;Stockholm;2120000142;879;47;15;80;93;94;97;101;86;101;104;100;103;
Björnbodaskolan;22174435;Stockholm;0180;Kommunal;Stockholm;2120000142;302;49;34;73;80;95;127;.;.;.;.;.;.;
Björngårdsskolan;55382103;Stockholm;0180;Kommunal;Stockholm;2120000142;409;48;7;83;76;75;54;72;62;70;.;.;.;
Blackebergsskolan;56949296;Stockholm;0180;Kommunal;Stockholm;2120000142;392;49;45;61;75;69;67;67;62;52;.;.;.;
Blommensbergsskolan;82140090;Stockholm;0180;Kommunal;Stockholm;2120000142;596;47;13;75;.;.;.;.;.;59;173;179;185;
Bobergsskolan;62533129;Stockholm;0180;Kommunal;Stockholm;2120000142;309;42;13;85;84;59;58;50;36;22;.;.;.;
Bredängsskolan;14121892;Stockholm;0180;Kommunal;Stockholm;2120000142;467;48;88;35;46;52;52;56;41;52;46;62;60;
Bromma Enskilda Skola ek.fören.;36232577;Stockholm;0180;Enskild;Bromma Enskilda Skola ekonomisk förening;7696001366;128;44;9;89;28;30;24;22;24;.;.;.;.;
Bromma kyrkskola;40383398;Stockholm;0180;Kommunal;Stockholm;2120000142;51;55;12;92;27;24;.;.;.;.;.;.;.;
Bromstensskolan;92347699;Stockholm;0180;Kommunal;Stockholm;2120000142;413;45;39;64;80;80;79;64;47;63;.;.;.;
Brotorpsskolan;17165481;Stockholm;0180;Kommunal;Stockholm;2120000142;305;47;7;92;53;52;51;51;49;49;.;.;.;
Bäckahagens skola;20683111;Stockholm;0180;Kommunal;Stockholm;2120000142;623;47;46;49;78;73;73;51;58;53;85;64;88;
Campus Manilla;29371242;Stockholm;0180;Enskild;Campus Manilla Utbildning AB;5568834765;475;52;8;88;48;48;48;55;54;56;55;55;56;
Carlssons skola;35547286;Stockholm;0180;Enskild;Föreningen För Carlssons Skola;8020058270;604;50;4;89;67;68;68;68;67;67;68;67;64;
Cordoba International School;43134105;Stockholm;0180;Enskild;ALM Education AB;5566344270;383;52;84;62;50;53;65;41;44;31;37;33;29;
Distra IRS;35784391;Stockholm;0180;Enskild;Distans Strateg Sweden AB;5565833562;23;35;..;39;.;.;.;.;.;.;8;8;7;
Djurgårdsskolan;71363923;Stockholm;0180;Enskild;Stiftelsen Djurgårdsskolan;8020175769;69;52;10;87;24;23;22;.;.;.;.;.;.;
Eiraskolan;25555358;Stockholm;0180;Kommunal;Stockholm;2120000142;473;52;13;85;85;82;86;70;74;76;.;.;.;
Ekens skola;13301127;Stockholm;0180;Kommunal;Stockholm;2120000142;269;53;10;82;.;.;.;.;.;.;149;120;.;
Ekensbergsskolan;64841247;Stockholm;0180;Kommunal;Stockholm;2120000142;133;43;11;80;27;25;41;23;17;.;.;.;.;
Ekholmsskolan;41303400;Stockholm;0180;Kommunal;Stockholm;2120000142;63;52;84;46;21;23;19;.;.;.;.;.;.;
Elinsborgsskolan;83810698;Stockholm;0180;Kommunal;Stockholm;2120000142;285;48;91;27;57;52;48;38;47;43;.;.;.;
Enbacksskolan;43632318;Stockholm;0180;Kommunal;Stockholm;2120000142;357;50;89;35;43;42;43;37;39;41;43;34;35;
Engelbrektsskolan;87521048;Stockholm;0180;Kommunal;Stockholm;2120000142;925;44;15;83;70;81;74;87;88;116;145;116;148;
Engelska Skolan Norr;29725531;Stockholm;0180;Enskild;Engelska Skolan Norr AB;5565699302;474;48;53;80;59;55;54;51;52;56;53;48;46;
Enskede byskola;29585072;Stockholm;0180;Enskild;Swedish Education Group AB;5565042255;115;62;26;71;25;39;28;12;11;.;.;.;.;
Enskede skola;72248694;Stockholm;0180;Kommunal;Stockholm;2120000142;856;46;12;83;77;80;84;79;79;97;120;120;120;
Enskedefältets skola;74631147;Stockholm;0180;Kommunal;Stockholm;2120000142;467;47;22;71;89;89;90;71;72;56;.;.;.;
Enskilda gymnasiet, gr;92750123;Stockholm;0180;Enskild;Enskilda Gymnasiet;8020126531;240;48;13;87;.;.;.;.;.;.;90;90;60;
Entréskolan Stockholm;54847211;Stockholm;0180;Enskild;AmiSgo AB;5568148117;219;72;21;67;.;.;.;13;35;40;53;47;31;
Eriksdalsskolan;59249600;Stockholm;0180;Kommunal;Stockholm;2120000142;1 013;51;21;72;75;77;77;107;109;115;148;150;155;
Essingeskolan;56501561;Stockholm;0180;Kommunal;Stockholm;2120000142;236;51;16;81;39;35;42;53;44;23;.;.;.;
Estniska Skolan i Stockholm;34540901;Stockholm;0180;Enskild;Estniska Skolan i Stockholm;8020058908;182;48;51;82;19;22;21;22;20;21;22;19;16;
Europaskolan;79969356;Stockholm;0180;Enskild;AB Parts & Paomees;5567025696;395;52;34;85;33;39;45;43;48;48;45;48;46;
Fagersjöskolan;49862579;Stockholm;0180;Kommunal;Stockholm;2120000142;184;57;60;46;33;33;39;29;28;22;.;.;.;
Farsta grundskola;38758770;Stockholm;0180;Kommunal;Stockholm;2120000142;977;54;39;62;56;54;103;129;139;146;137;111;102;
Farsta Strandsskolan;42179975;Stockholm;0180;Enskild;Förskolan MA Vätterosen AB;5564868155;87;55;25;75;40;29;18;.;.;.;.;.;.;
Farstaängsskolan;24046791;Stockholm;0180;Enskild;Pysslingen Förskolor och Skolor AB;5560354309;206;50;39;64;47;49;45;34;31;.;.;.;.;
Filosofiska;60308449;Stockholm;0180;Enskild;Filosofiska i Sverige AB (svb);5568674252;152;40;22;82;21;22;21;32;6;15;15;9;11;
Franska Skolan/Ecole francaise;42328518;Stockholm;0180;Enskild;Stiftelsen Franska Skolan;8020061530;645;55;13;89;52;53;52;84;57;60;96;95;96;
Fredrikshovs slotts skola;64065082;Stockholm;0180;Enskild;Stiftelsen Carpe Diem;8020178060;266;48;4;89;24;24;25;27;29;32;31;33;41;
Fria Maria Barnskola;62544265;Stockholm;0180;Enskild;Friskolan Fria Maria Barnskola Ek. För.;7696057079;209;47;7;89;39;39;40;32;34;25;.;.;.;
Friskolan Hästens;14115670;Stockholm;0180;Enskild;Fritidshemmet Hästens AB;5565858536;108;56;19;65;24;26;23;9;26;.;.;.;.;
Fruängens skola;19353396;Stockholm;0180;Kommunal;Stockholm;2120000142;554;53;28;56;69;70;74;69;50;47;69;56;50;
Fryshuset Grundskola Västra;69004747;Stockholm;0180;Enskild;Stiftelsen Fryshuset;8020111582;41;39;83;32;.;.;.;.;.;.;10;14;17;
Fryshusets grundskola, Sthlm;19657993;Stockholm;0180;Enskild;Stiftelsen Fryshuset;8020111582;315;50;21;70;.;.;.;.;.;.;106;108;101;
Futuraskolan International School of Stockholm*;40978257;Stockholm;0180;Enskild;Futuraskolan AB;5566095047;399;50;83;58;47;50;49;39;47;50;48;44;25;
Futuraskolan International Stockholm;65487837;Stockholm;0180;Enskild;Futuraskolan AB;5566095047;230;56;37;80;23;24;25;22;25;41;25;21;24;
Förskola Skola Via Emilia;59551033;Stockholm;0180;Enskild;Förskola Skola Via Emilia Ek. För.;7696074421;23;39;.;87;13;10;.;.;.;.;.;.;.;
Grimstaskolan;51341279;Stockholm;0180;Kommunal;Stockholm;2120000142;546;46;74;41;66;57;52;63;58;64;64;67;55;
Grundskolan Metapontum;90850620;Stockholm;0180;Enskild;Metapontum AB;5566641691;348;49;34;83;39;47;45;47;39;26;47;22;36;
Gröndalsskolan;44185751;Stockholm;0180;Kommunal;Stockholm;2120000142;288;48;8;88;58;64;69;48;49;.;.;.;.;
Gubbängsskolan;93412255;Stockholm;0180;Kommunal;Stockholm;2120000142;650;46;22;66;78;74;79;58;58;43;82;86;92;
Gullingeskolan;74723082;Stockholm;0180;Kommunal;Stockholm;2120000142;230;47;91;27;33;38;41;46;33;39;.;.;.;
Gustav Vasa skola;71754599;Stockholm;0180;Kommunal;Stockholm;2120000142;356;52;10;86;56;84;112;104;.;.;.;.;.;
Gärdesskolan;41176931;Stockholm;0180;Kommunal;Stockholm;2120000142;646;46;13;80;21;19;27;46;59;48;146;143;137;
Hagsätraskolan;82110758;Stockholm;0180;Kommunal;Stockholm;2120000142;562;50;72;34;78;61;70;54;44;53;80;74;48;
Hammarbyskolan Norra;66283082;Stockholm;0180;Kommunal;Stockholm;2120000142;319;50;8;83;56;53;56;51;47;56;.;.;.;
Hammarbyskolan Södra;68602166;Stockholm;0180;Kommunal;Stockholm;2120000142;724;52;31;63;98;96;137;85;88;49;65;50;56;
Hamnskolan;51772207;Stockholm;0180;Enskild;Pysslingen Förskolor och Skolor AB;5560354309;142;44;32;68;33;25;26;19;16;23;.;.;.;
Hedvig Eleonora skola;90561266;Stockholm;0180;Kommunal;Stockholm;2120000142;346;44;12;82;63;58;66;68;44;47;.;.;.;
Herrängens skola;20561651;Stockholm;0180;Kommunal;Stockholm;2120000142;583;46;4;86;88;104;113;92;95;91;.;.;.;
Hillelskolan;68939834;Stockholm;0180;Enskild;Föreningen Hillel;8020058411;238;43;18;93;44;46;38;46;25;39;.;.;.;
Hjulsta grundskola F-9;69266159;Stockholm;0180;Kommunal;Stockholm;2120000142;362;51;93;27;42;34;48;22;28;27;57;39;65;
Husbygårdsskolan F-9;42149666;Stockholm;0180;Kommunal;Stockholm;2120000142;415;44;90;27;50;51;52;47;44;38;44;48;41;
Hägerstenshamnens skola;98070480;Stockholm;0180;Kommunal;Stockholm;2120000142;431;40;11;85;83;99;80;67;55;47;.;.;.;
Hägerstensåsens skola;70329261;Stockholm;0180;Kommunal;Stockholm;2120000142;414;53;14;72;79;74;77;66;55;63;.;.;.;
Hässelby Villastads skola;86597125;Stockholm;0180;Kommunal;Stockholm;2120000142;852;46;20;73;77;80;85;86;84;82;120;122;116;
Hässelbygårdsskolan;87838841;Stockholm;0180;Kommunal;Stockholm;2120000142;464;52;83;34;41;39;49;47;43;41;79;56;69;
Högalidsskolan;24716970;Stockholm;0180;Kommunal;Stockholm;2120000142;885;47;19;81;83;80;108;90;92;89;115;124;104;
Höglandsskolan;36281817;Stockholm;0180;Kommunal;Stockholm;2120000142;428;50;7;93;29;28;29;59;59;42;59;62;61;
Hökarängsskolan;57184925;Stockholm;0180;Kommunal;Stockholm;2120000142;429;51;39;48;34;42;56;25;41;43;78;54;56;
I Ur och Skur Mullekojan;61980418;Stockholm;0180;Enskild;Personalkooperativet i Ur och Skur Mullekojans E;7696002984;22;32;.;100;15;6;1;.;.;.;.;.;.;
International School of the Stockholm Region*;26172429;Stockholm;0180;Kommunal;Stockholm;2120000142;387;56;86;60;20;22;40;45;50;53;49;51;57;
Internationella Engelska Skolan Bromma;90732940;Stockholm;0180;Enskild;Internationella Engelska Skolan i Sverige AB;5564624368;947;54;19;85;.;.;.;150;150;150;186;155;156;
Internationella Engelska Skolan Enskede;38935587;Stockholm;0180;Enskild;Internationella Engelska Skolan i Sverige AB;5564624368;894;50;40;74;.;.;.;138;138;159;161;151;147;
Internationella Engelska skolan Hässelby;74482611;Stockholm;0180;Enskild;Internationella Engelska Skolan i Sverige AB;5564624368;559;48;35;75;.;.;.;96;96;92;92;92;91;
Internationella Engelska Skolan Kista;82982309;Stockholm;0180;Enskild;Internationella Engelska Skolan i Sverige AB;5564624368;926;48;77;58;.;.;.;161;158;161;161;141;144;
Internationella Engelska Skolan Liljeholmen;72624886;Stockholm;0180;Enskild;Internationella Engelska Skolan i Sverige AB;5564624368;931;50;43;78;.;.;.;150;160;159;158;159;145;
Internationella Engelska Skolan Skärholmen;72066571;Stockholm;0180;Enskild;Internationella Engelska Skolan i Sverige AB;5564624368;686;55;83;54;.;.;.;116;111;112;115;122;110;
Internationella Engelska Skolan Årsta;35129114;Stockholm;0180;Enskild;Internationella Engelska Skolan i Sverige AB;5564624368;721;51;39;79;.;.;.;128;127;127;125;124;90;
Internationella Engelska Skolan Älvsjö;83584296;Stockholm;0180;Enskild;Internationella Engelska Skolan i Sverige AB;5564624368;751;53;38;77;.;.;.;128;129;129;119;123;123;
JENSEN grundskola Långholmen;57317316;Stockholm;0180;Enskild;Jensen Education College AB;5566358759;136;43;25;65;.;.;.;.;.;15;41;50;30;
Johan Skytteskolan;97683561;Stockholm;0180;Kommunal;Stockholm;2120000142;1 035;46;9;81;82;74;82;78;82;57;216;182;182;
Johannes skola;22777703;Stockholm;0180;Kommunal;Stockholm;2120000142;434;51;19;86;84;82;79;64;66;59;.;.;.;
Jorielskolan;46646143;Stockholm;0180;Enskild;Pysslingen Förskolor och Skolor AB;5560354309;5;.;..;..;1;.;.;.;1;.;1;2;.;
Järvaskolan;13582062;Stockholm;0180;Enskild;Järvaskolan AB;5569572315;221;51;89;26;.;.;.;.;.;.;81;86;54;
Karlbergs skola;19377571;Stockholm;0180;Kommunal;Stockholm;2120000142;206;44;17;83;53;70;66;17;.;.;.;.;.;
Katarina Norra skola;23617768;Stockholm;0180;Kommunal;Stockholm;2120000142;633;48;13;77;64;66;70;73;73;73;73;70;71;
Katarina Södra skola;12187987;Stockholm;0180;Kommunal;Stockholm;2120000142;488;43;14;77;86;82;100;67;75;78;.;.;.;
Kista grundskola;22513261;Stockholm;0180;Kommunal;Stockholm;2120000142;595;56;76;46;75;66;62;43;38;50;77;89;95;
Kista International School;37556682;Stockholm;0180;Enskild;Al-Kowneyn Utbildning Centrum;8024097555;376;49;94;17;52;51;45;47;54;31;27;32;37;
Kista Montessoriskola;82408375;Stockholm;0180;Enskild;Pysslingen Förskolor och Skolor AB;5560354309;86;58;58;77;24;19;20;14;9;.;.;.;.;
Klastorpsskolan;47273038;Stockholm;0180;Kommunal;Stockholm;2120000142;198;42;13;86;85;51;62;.;.;.;.;.;.;
Knutbyskolan;24754913;Stockholm;0180;Kommunal;Stockholm;2120000142;269;49;87;25;48;45;69;37;34;36;.;.;.;
Konradsbergsskolan;57329777;Stockholm;0180;Kommunal;Stockholm;2120000142;318;45;22;69;3;2;2;55;53;93;64;46;.;
Kristinebergsskolan;80612612;Stockholm;0180;Kommunal;Stockholm;2120000142;520;46;10;84;85;84;105;80;99;67;.;.;.;
Kristna skolan;14472068;Stockholm;0180;Enskild;Södermalmskyrkan;8020033687;244;56;62;64;26;26;27;27;25;25;28;30;30;
Kristofferskolan, gr;98760751;Stockholm;0180;Enskild;Stiftelsen Kristofferskolan;8020018720;594;46;11;88;51;55;73;54;74;72;82;81;52;
Kulturama gr. Hammarby Sjöstad;23066257;Stockholm;0180;Enskild;Medborgarskolan Stockholmsregionen;8020060524;477;78;6;82;.;.;.;.;.;120;120;120;117;
Kulturskolan Raketen;24172067;Stockholm;0180;Enskild;Kulturskolan Raketen AB;5565484796;217;47;6;93;24;24;24;24;24;25;23;24;25;
Kungliga Svenska Balettskolan;63321041;Stockholm;0180;Kommunal;Stockholm;2120000142;92;78;23;90;.;.;.;15;14;15;13;17;18;
Kungsholmens friskola;42202683;Stockholm;0180;Enskild;Kungsholmens Friskola Ekonomisk Förening;7164221421;111;57;6;93;22;18;19;20;16;15;1;.;.;
Kungsholmens grundskola;29410344;Stockholm;0180;Kommunal;Stockholm;2120000142;1 004;49;24;77;129;158;137;132;121;96;80;54;97;
Kunskapsskolan Enskede;16426165;Stockholm;0180;Enskild;Kunskapsskolan i Sverige Aktiebolag;5565661815;530;54;12;78;.;.;.;.;.;140;136;132;122;
Kunskapsskolan Fruängen;63954028;Stockholm;0180;Enskild;Kunskapsskolan i Sverige Aktiebolag;5565661815;416;55;25;78;.;.;.;.;.;85;124;104;103;
Kunskapsskolan Spånga;46796995;Stockholm;0180;Enskild;Kunskapsskolan i Sverige Aktiebolag;5565661815;617;55;21;72;.;.;.;46;47;141;132;125;126;
Kunskapsskolan Tyresö;81266343;Stockholm;0180;Enskild;Kunskapsskolan i Sverige Aktiebolag;5565661815;564;56;7;74;.;.;.;.;.;143;144;139;138;
Kunskapsskolans Resursskola;24671487;Stockholm;0180;Enskild;Kunskapsskolan i Sverige Aktiebolag;5565661815;29;34;28;41;.;.;.;.;.;.;8;8;13;
Kvarnbackaskolan;74396596;Stockholm;0180;Kommunal;Stockholm;2120000142;250;52;84;36;44;48;52;34;34;38;.;.;.;
Kvarnbyskolan;72345466;Stockholm;0180;Kommunal;Stockholm;2120000142;309;48;87;21;61;63;53;52;33;47;.;.;.;
Kvickenstorpsskolan;88195519;Stockholm;0180;Kommunal;Stockholm;2120000142;69;43;49;52;34;35;.;.;.;.;.;.;.;
Kämpetorpsskolan;70398560;Stockholm;0180;Kommunal;Stockholm;2120000142;326;50;15;70;46;55;57;49;46;42;31;.;.;
Lilla Adolf Fredriks skola;72009890;Stockholm;0180;Kommunal;Stockholm;2120000142;321;49;11;86;56;54;56;58;48;49;.;.;.;
Lilla Kulturama;10311303;Stockholm;0180;Enskild;Medborgarskolan Stockholmsregionen;8020060524;229;86;7;83;.;.;.;113;116;.;.;.;.;
Lilla Martinskolan;13954336;Stockholm;0180;Enskild;Stiftelsen Martinskolan Söders Waldorfskola;8020072644;30;47;20;87;4;1;5;1;8;3;3;2;3;
Lillholmsskolan;46581319;Stockholm;0180;Kommunal;Stockholm;2120000142;512;51;87;39;58;63;64;42;57;55;66;54;53;
Loviselundsskolan;70089804;Stockholm;0180;Kommunal;Stockholm;2120000142;364;47;73;39;67;73;72;60;54;38;.;.;.;
Lugnets skola;49741755;Stockholm;0180;Kommunal;Stockholm;2120000142;753;49;11;83;119;117;122;104;178;113;.;.;.;
Lunaskolan Bromma;72509254;Stockholm;0180;Enskild;Utvecklingspedagogik Sverige Aktiebolag;5564715729;118;18;17;68;.;.;.;3;8;23;29;24;31;
Lunaskolan Södra;67731691;Stockholm;0180;Enskild;Utvecklingspedagogik Sverige Aktiebolag;5564715729;94;22;10;68;.;.;.;14;12;21;21;15;11;
Lundaskolan;28184857;Stockholm;0180;Enskild;Söder Triaden Skolor Aktiebolag;5564840238;62;53;10;81;20;20;22;.;.;.;.;.;.;
Lycée Francais Saint Louis, gr*;40610606;Stockholm;0180;Enskild;Lycée Francais Saint-Louis;9020041852;573;50;58;80;62;68;64;71;70;73;52;63;50;
Långbrodalsskolan;41764666;Stockholm;0180;Kommunal;Stockholm;2120000142;512;47;5;89;90;88;92;82;83;77;.;.;.;
Lögarebergets Montessoriskola;92689250;Stockholm;0180;Enskild;Pysslingen Förskolor och Skolor AB;5560354309;130;45;15;90;31;30;31;19;19;.;.;.;.;
Magelungens Grundskola Långbropark;85200474;Stockholm;0180;Enskild;Magelungen Utveckling AB;5564891447;13;..;..;69;.;1;2;5;4;1;.;.;.;
Magelungens grundskola Södermalm;57034070;Stockholm;0180;Enskild;Magelungen Utveckling AB;5564891447;29;41;24;72;.;.;.;.;.;.;2;12;15;
Magelungens grundskola Älvsjö;38096510;Stockholm;0180;Enskild;Magelungen Utveckling AB;5564891447;34;41;35;38;.;.;.;.;.;.;3;7;24;
Magelungsskolan;31903219;Stockholm;0180;Kommunal;Stockholm;2120000142;238;47;48;51;42;49;45;39;33;30;.;.;.;
Magitaskolan;10682125;Stockholm;0180;Enskild;Magitaskolan AB;5567342919;41;27;29;68;9;10;3;12;5;2;.;.;.;
Maltesholmsskolan;86337537;Stockholm;0180;Kommunal;Stockholm;2120000142;344;49;58;56;75;75;75;45;41;33;.;.;.;
Maria Elementarskola;73893187;Stockholm;0180;Enskild;Stiftelsen Maria Elementarskola;8020060458;242;55;24;74;17;39;25;22;47;25;18;26;23;
Mariaskolan;69895255;Stockholm;0180;Kommunal;Stockholm;2120000142;768;48;13;82;75;82;105;68;83;83;92;87;93;
Mariehällsskolan;74920766;Stockholm;0180;Kommunal;Stockholm;2120000142;519;52;18;70;81;103;123;83;69;60;.;.;.;
Martinskolan Söders waldorfsk;82854505;Stockholm;0180;Enskild;Stiftelsen Martinskolan Söders Waldorfskola;8020072644;297;50;12;82;40;45;39;23;45;36;15;17;37;
Matteusskolan;16348406;Stockholm;0180;Kommunal;Stockholm;2120000142;596;46;23;78;76;55;70;66;75;75;73;53;53;
Midsommarkransens grundskola;54730646;Stockholm;0180;Kommunal;Stockholm;2120000142;287;49;9;84;68;69;68;82;.;.;.;.;.;
Musikskolan Lilla Akademien;36066067;Stockholm;0180;Enskild;Musikskolan Lilla Akademien AB;5565510756;249;51;35;91;23;27;28;27;29;31;29;28;27;
Mälarhöjdens skola;46165232;Stockholm;0180;Kommunal;Stockholm;2120000142;1 089;46;7;87;110;106;110;129;106;128;131;130;139;
Nockebyhovsskolan;52479822;Stockholm;0180;Kommunal;Stockholm;2120000142;78;53;6;86;25;25;28;.;.;.;.;.;.;
Norra Ängby skola;77314942;Stockholm;0180;Kommunal;Stockholm;2120000142;604;46;5;90;107;110;107;101;84;95;.;.;.;
Norrbyskolan;92127007;Stockholm;0180;Enskild;Stockholm Lära Aktiebolag;5567240659;99;49;84;36;14;5;13;13;9;9;11;15;10;
Novia Engelska skolan;66455663;Stockholm;0180;Enskild;Global Bridge i Sverige AB;5568125040;296;46;46;63;64;36;42;25;40;37;15;22;15;
Nya Elementar;83828066;Stockholm;0180;Kommunal;Stockholm;2120000142;985;50;10;85;56;55;106;82;84;84;173;174;171;
Nybohovsskolan;36520624;Stockholm;0180;Kommunal;Stockholm;2120000142;140;44;38;53;29;28;23;16;24;20;.;.;.;
Nälstaskolan;43166282;Stockholm;0180;Kommunal;Stockholm;2120000142;544;47;21;82;94;112;106;84;89;59;.;.;.;
Observatorielundens skola;29158808;Stockholm;0180;Kommunal;Stockholm;2120000142;475;58;21;78;83;56;53;56;82;56;29;60;.;
Olaus Petriskolan;15968847;Stockholm;0180;Kommunal;Stockholm;2120000142;141;50;9;91;50;37;54;.;.;.;.;.;.;
Olovslundsskolan;66851849;Stockholm;0180;Kommunal;Stockholm;2120000142;428;47;12;86;69;74;76;77;63;69;.;.;.;
Olympen Telefonplan;33483759;Stockholm;0180;Enskild;Förskolan Olympen Aktiebolag;5564187309;165;50;63;66;39;36;41;17;19;13;.;.;.;
Ormkärrsskolan;97966458;Stockholm;0180;Kommunal;Stockholm;2120000142;127;48;48;65;29;26;24;20;16;12;.;.;.;
Oxhagsskolan;27357778;Stockholm;0180;Kommunal;Stockholm;2120000142;277;51;82;35;48;55;51;47;39;37;.;.;.;
Pilgrimsskolan;75255864;Stockholm;0180;Enskild;Pilgrimsskolan AB;5565233797;66;56;..;89;22;23;21;.;.;.;.;.;.;
Pops Academy;11018018;Stockholm;0180;Enskild;Johan Sjölin Education AB;5569583197;329;69;13;80;.;.;.;56;56;58;56;49;54;
Primaskolan Farsta;26568390;Stockholm;0180;Enskild;Primaskolan i Sverige AB;5565570958;135;63;25;48;.;.;.;.;.;16;36;27;56;
Profilskolan;10360193;Stockholm;0180;Enskild;Profilskolan AB;5569247264;93;27;12;62;.;.;.;.;.;15;25;28;25;
Raoul Wallenbergskolan Bromma;50848996;Stockholm;0180;Enskild;Raoul Wallenbergskolorna AB;5566740113;283;45;53;59;18;28;30;30;18;26;53;35;45;
Rinkebyskolan;37416253;Stockholm;0180;Kommunal;Stockholm;2120000142;140;48;93;25;.;.;.;.;.;.;47;46;47;
Rosholmen Education Academy AB;77656740;Stockholm;0180;Enskild;Rosholmen Education Academy AB;5565536678;183;63;96;38;22;26;21;17;18;24;15;17;23;
Roslagstullsskolan;35779467;Stockholm;0180;Kommunal;Stockholm;2120000142;.;.;.;.;.;.;.;.;.;.;.;.;.;
Rågsveds grundskola;60382920;Stockholm;0180;Kommunal;Stockholm;2120000142;214;52;90;28;38;44;28;32;45;27;.;.;.;
Rålambshovsskolan;61686233;Stockholm;0180;Kommunal;Stockholm;2120000142;603;49;20;73;.;.;.;.;.;.;181;181;241;
Rödabergsskolan;97686250;Stockholm;0180;Kommunal;Stockholm;2120000142;653;49;49;77;79;55;76;77;54;54;79;98;81;
Sandåkraskolan;19942197;Stockholm;0180;Kommunal;Stockholm;2120000142;456;44;23;73;99;105;80;66;58;48;.;.;.;
Sjöstadsskolan;15331669;Stockholm;0180;Kommunal;Stockholm;2120000142;859;48;14;79;103;140;129;110;50;76;50;70;131;
Sjöviksskolan;70592143;Stockholm;0180;Kommunal;Stockholm;2120000142;318;49;18;83;64;82;53;67;52;.;.;.;.;
Sjöängsskolan;13124830;Stockholm;0180;Kommunal;Stockholm;2120000142;725;47;36;62;85;79;84;78;76;67;91;68;97;
Skanskvarnsskolan;76952966;Stockholm;0180;Kommunal;Stockholm;2120000142;385;49;21;72;77;74;103;65;40;26;.;.;.;
Skarpatorpsskolan;82075850;Stockholm;0180;Kommunal;Stockholm;2120000142;462;48;51;57;74;64;60;56;57;43;39;42;27;
Skarpnäcks skola;53075005;Stockholm;0180;Kommunal;Stockholm;2120000142;812;47;10;83;99;87;98;74;84;97;86;97;90;
Skolgrunden;23414344;Stockholm;0180;Enskild;Skolgrunden Aktiebolag;5565588166;58;43;14;64;.;.;.;.;.;5;16;19;18;
Sköndalsskolan;99022046;Stockholm;0180;Kommunal;Stockholm;2120000142;409;45;21;72;77;81;76;71;50;54;.;.;.;
Skönstaholmsskolan;87920455;Stockholm;0180;Kommunal;Stockholm;2120000142;243;50;28;62;48;45;48;49;32;21;.;.;.;
Slättgårdsskolan;59468219;Stockholm;0180;Kommunal;Stockholm;2120000142;510;50;67;51;71;58;68;52;54;44;55;57;51;
Smedshagsskolan;50060022;Stockholm;0180;Kommunal;Stockholm;2120000142;307;52;75;42;33;31;38;32;36;33;40;35;29;
Smedslättsskolan;33922950;Stockholm;0180;Kommunal;Stockholm;2120000142;276;55;10;90;56;57;57;57;49;.;.;.;.;
Snitz Grundskola Odenplan;57510246;Stockholm;0180;Enskild;Swedish Education Group AB;5565042255;92;38;14;65;.;.;.;.;.;.;22;35;35;
Snösätraskolan;29705473;Stockholm;0180;Kommunal;Stockholm;2120000142;263;48;81;36;53;51;47;35;46;31;.;.;.;
Sofia skola;45436515;Stockholm;0180;Kommunal;Stockholm;2120000142;786;44;12;80;79;84;81;64;82;82;115;86;113;
Sofiaängens skola;86086213;Stockholm;0180;Enskild;Sofiaängen AB;5565980942;12;75;.;100;.;.;.;.;.;.;5;2;5;
Solbergaskolan;34671128;Stockholm;0180;Kommunal;Stockholm;2120000142;253;55;40;49;42;51;55;45;34;26;.;.;.;
Solhemsskolan;26852132;Stockholm;0180;Kommunal;Stockholm;2120000142;616;48;14;79;84;116;110;102;101;103;.;.;.;
Spånga grundskola;17640364;Stockholm;0180;Kommunal;Stockholm;2120000142;484;46;20;79;.;.;.;.;.;.;154;178;152;
S:t Eriks Katolska Skola;94943347;Stockholm;0180;Enskild;Stiftelsen s:t Eriks Katolska Skola;8572015595;208;51;77;70;23;24;24;24;24;24;24;18;23;
Stefanskolan;53147557;Stockholm;0180;Enskild;Föreningen Stefanskolan;8020094994;68;44;71;44;10;8;10;9;1;7;10;1;12;
Sthlms Int. Montessoriskola;45553352;Stockholm;0180;Enskild;International Montessori School Sweden AB;5567640205;518;54;16;90;59;59;59;57;57;61;60;52;54;
Stift. Sthlm Intern. School gr*;85670099;Stockholm;0180;Enskild;Stiftelsen Stockholm International School;8024264775;462;47;76;50;41;40;41;60;45;54;45;64;72;
Stockholm International Academy Hägersten;11442396;Stockholm;0180;Enskild;Mubarak Utbildning AB;5568571748;173;57;92;35;17;27;18;17;19;20;15;21;19;
Stockholms Montessoriskola Anne Frank;23498302;Stockholm;0180;Enskild;Stockholms Montessoriskola Aktiebolag;5564609666;70;46;..;86;16;16;16;9;13;.;.;.;.;
Storkyrkoskolan;41405700;Stockholm;0180;Kommunal;Stockholm;2120000142;138;53;17;82;36;23;25;19;18;17;.;.;.;
Studemaskolan;91352227;Stockholm;0180;Enskild;Föreningen Aktiva Studier /Fas/;8020096403;160;47;69;50;18;20;20;20;17;17;19;14;15;
Sturebyskolan;91816093;Stockholm;0180;Kommunal;Stockholm;2120000142;1 048;46;12;82;112;111;112;114;119;122;118;115;125;
Sundbyskolan;44046131;Stockholm;0180;Kommunal;Stockholm;2120000142;685;47;20;70;82;74;83;59;68;68;81;81;89;
Sverigefinska skolan i Kista;39923451;Stockholm;0180;Enskild;Stiftelsen Sverigefinska Skolan i Järva;8024007380;24;58;33;46;8;4;6;4;2;.;.;.;.;
Sverigefinska skolan Sthlm;78508835;Stockholm;0180;Enskild;Sverigefinska skolan i Stockholm AB;5564823937;349;56;35;78;48;48;43;45;40;37;30;29;29;
Sätraskolan;21724208;Stockholm;0180;Kommunal;Stockholm;2120000142;622;49;72;46;73;95;84;62;63;58;67;68;52;
Söderholmsskolan;18064456;Stockholm;0180;Kommunal;Stockholm;2120000142;303;49;69;40;53;55;62;44;48;41;.;.;.;
Södermalmsskolan;75614609;Stockholm;0180;Kommunal;Stockholm;2120000142;732;46;8;87;78;76;80;79;76;86;85;84;88;
Södra Ängby skola;88795871;Stockholm;0180;Kommunal;Stockholm;2120000142;718;48;23;81;69;66;68;55;53;54;122;117;114;
Sörgårdsskolan;63329692;Stockholm;0180;Kommunal;Stockholm;2120000142;197;47;20;75;53;28;27;40;37;12;.;.;.;
Tallkrogens skola;14479858;Stockholm;0180;Kommunal;Stockholm;2120000142;443;43;14;77;77;85;83;73;69;56;.;.;.;
Tasava skola;82448624;Stockholm;0180;Enskild;Nytida Tasava AB;5565586871;8;..;.;..;.;.;.;.;.;.;.;4;4;
The Tanto International School*;64732323;Stockholm;0180;Enskild;The Tanto School AB;5566018205;114;55;76;85;19;20;20;18;16;13;8;.;.;
Thea Privata Grundskola Bromma;87999453;Stockholm;0180;Enskild;Theducation AB;5565697082;223;56;31;65;.;.;.;.;.;16;57;71;79;
Tornadoskolan AB;29796042;Stockholm;0180;Enskild;Tornadoskolan AB;5567620223;173;42;43;55;20;20;19;20;21;20;21;20;12;
Trollbodaskolan;89605548;Stockholm;0180;Kommunal;Stockholm;2120000142;676;50;33;63;72;75;86;57;65;67;79;90;85;
Tullgårdsskolan;94677983;Stockholm;0180;Kommunal;Stockholm;2120000142;355;49;11;84;57;74;59;59;50;56;.;.;.;
Tyska skolan*;53175499;Stockholm;0180;Enskild;Tyska Skolföreningen;8020056530;426;52;46;92;50;50;47;49;48;47;42;49;44;
Ulvsundaskolan;68893390;Stockholm;0180;Kommunal;Stockholm;2120000142;52;46;15;63;21;16;15;.;.;.;.;.;.;
Vanadisskolan;29270748;Stockholm;0180;Enskild;Individ och familjeinsatser (IOFI) AB;5569990160;36;33;28;89;3;.;.;.;10;2;7;8;6;
Vasa International School of Stockholm;52965560;Stockholm;0180;Enskild;AB Parts & Paomees;5567025696;211;54;28;92;24;23;25;23;24;23;20;24;25;
Vasa International School of Stockholm/International section*;33733966;Stockholm;0180;Enskild;AB Parts & Paomees;5567025696;201;51;78;77;24;24;24;17;22;22;24;23;21;
Vasa Real;52863414;Stockholm;0180;Kommunal;Stockholm;2120000142;800;50;15;78;.;.;.;.;111;86;206;166;231;
Vasastans Montessoriskola;75656508;Stockholm;0180;Enskild;Vasastans Montessoriförskola;8020120971;122;50;11;87;14;12;14;12;12;14;16;16;12;
Viktor Rydbergs skola Vasastan;86758230;Stockholm;0180;Enskild;Stiftelsen Viktor Rydbergs Skolor;8120005650;384;53;7;90;.;.;.;.;.;.;120;143;121;
Vinsta grundskola västra;97400863;Stockholm;0180;Kommunal;Stockholm;2120000142;611;47;31;62;.;.;.;75;73;104;121;119;119;
Vinsta grundskola östra;42912378;Stockholm;0180;Kommunal;Stockholm;2120000142;308;45;27;80;62;68;71;51;56;.;.;.;.;
Vintertullsskolan i Stockholm;28138418;Stockholm;0180;Enskild;Vintertullsskolan i Stockholm Aktiebolag;5565541215;37;32;22;49;.;.;.;.;.;.;8;15;14;
Vittra Luma Park;71669600;Stockholm;0180;Enskild;Vittraskolorna AB;5564586716;54;52;56;87;18;14;22;.;.;.;.;.;.;
Vittra Södermalm;59900714;Stockholm;0180;Enskild;Vittraskolorna AB;5564586716;289;43;34;72;.;7;11;11;26;30;81;64;59;
Vittra Telefonplan;67662754;Stockholm;0180;Enskild;Vittraskolorna AB;5564586716;199;47;45;66;19;29;22;16;22;21;18;27;25;
Vällingby Park;10230535;Stockholm;0180;Enskild;Pysslingen Förskolor och Skolor AB;5560354309;155;41;56;56;39;31;38;28;19;.;.;.;.;
Vällingbyskolan;36031993;Stockholm;0180;Kommunal;Stockholm;2120000142;718;48;39;60;71;88;74;74;75;74;91;87;84;
Västbergaskolan;64736967;Stockholm;0180;Enskild;Västbergaskolan AB;5565977609;651;49;10;85;75;75;75;75;73;72;73;67;66;
Västerholms friskola;35890890;Stockholm;0180;Enskild;Västerholms Friskola AB;5565672812;775;48;82;40;83;110;87;84;87;82;86;76;80;
Västertorpsskolan;92007673;Stockholm;0180;Kommunal;Stockholm;2120000142;455;45;28;69;75;78;83;69;91;59;.;.;.;
Ålstensskolan;87719096;Stockholm;0180;Kommunal;Stockholm;2120000142;460;53;10;93;78;97;93;109;83;.;.;.;.;
Årstadalsskolan;27273328;Stockholm;0180;Kommunal;Stockholm;2120000142;332;54;11;86;73;50;72;41;33;63;.;.;.;
Årstaskolan;48328583;Stockholm;0180;Kommunal;Stockholm;2120000142;916;48;18;74;137;132;86;82;94;101;114;84;86;
Åsö grundskola;94864296;Stockholm;0180;Kommunal;Stockholm;2120000142;518;44;13;76;.;.;.;.;.;.;159;178;181;
Äppelviksskolan;15594566;Stockholm;0180;Kommunal;Stockholm;2120000142;665;51;6;90;.;.;.;.;.;165;164;174;162;
Örbyskolan;39171821;Stockholm;0180;Kommunal;Stockholm;2120000142;652;48;24;69;85;88;87;77;81;48;77;52;57;
Östbergaskolan;22030561;Stockholm;0180;Kommunal;Stockholm;2120000142;162;54;72;47;28;30;30;27;21;26;.;.;.;
Östermalmsskolan;96984023;Stockholm;0180;Kommunal;Stockholm;2120000142;456;52;13;84;72;81;83;68;76;76;.;.;.;
Bjurtjärns skola;58468387;Storfors;1760;Kommunal;Storfors;2120001785;53;47;..;43;11;5;7;12;9;9;.;.;.;
Kroppaskolan;90407262;Storfors;1760;Kommunal;Storfors;2120001785;77;55;14;31;22;21;34;.;.;.;.;.;.;
Lundsbergs grundskola;26377128;Storfors;1760;Enskild;Stiftelsen Lundsbergs Skola;8740019362;25;44;..;72;.;.;.;.;.;.;.;.;25;
Vargbroskolan;24306424;Storfors;1760;Kommunal;Storfors;2120001785;237;43;24;32;.;.;.;28;33;36;41;49;50;
Centralskolan;55979828;Storuman;2421;Kommunal;Storuman;2120002577;91;45;9;62;.;.;.;32;27;32;.;.;.;
Gunnarns skola;71588344;Storuman;2421;Kommunal;Storuman;2120002577;34;38;..;53;10;3;4;3;4;10;.;.;.;
Parkskolan;46194530;Storuman;2421;Kommunal;Storuman;2120002577;85;58;14;51;30;35;20;.;.;.;.;.;.;
Röbroskolan;87510386;Storuman;2421;Kommunal;Storuman;2120002577;105;49;13;45;.;.;.;.;.;.;38;35;32;
Skytteanska skolan;52561988;Storuman;2421;Kommunal;Storuman;2120002577;119;64;9;49;3;13;18;12;19;11;16;13;14;
Slussfors skola;96944864;Storuman;2421;Kommunal;Storuman;2120002577;14;50;.;71;1;.;5;2;6;.;.;.;.;
Stensele skola;57644285;Storuman;2421;Kommunal;Storuman;2120002577;76;49;21;45;11;11;12;15;13;14;.;.;.;
Europaskolan Rogge;31980822;Strängnäs;0486;Enskild;Europaskolan Grundskola AB;5567480511;432;44;14;68;.;.;.;77;78;78;80;61;58;
Finningeskolan;69136482;Strängnäs;0486;Kommunal;Strängnäs;2120000365;275;48;20;53;89;92;94;.;.;.;.;.;.;
Friskolan Asken;63423770;Strängnäs;0486;Enskild;Friskolan Asken Aktiebolag;5567481071;324;49;7;74;.;.;.;53;52;53;56;57;53;
Friskolan Karlavagnen;65529876;Strängnäs;0486;Enskild;Friskolan K-V Ekonomisk Förening;7696096416;122;49;5;70;42;39;41;.;.;.;.;.;.;
Gripsholmsskolan;65507647;Strängnäs;0486;Enskild;Gripsholmsskolan AB;5567335616;428;47;4;80;51;45;48;48;47;49;50;46;44;
Karinslundsskolan;14184478;Strängnäs;0486;Kommunal;Strängnäs;2120000365;121;45;51;32;22;15;23;22;19;20;.;.;.;
Mariefreds skola;64620570;Strängnäs;0486;Kommunal;Strängnäs;2120000365;642;49;10;57;62;48;70;63;54;55;97;95;98;
Paulinska skolan;21086074;Strängnäs;0486;Kommunal;Strängnäs;2120000365;570;52;33;46;.;.;.;75;73;80;134;108;100;
Stallarholmsskolan;42957784;Strängnäs;0486;Kommunal;Strängnäs;2120000365;193;44;5;51;22;32;42;28;43;26;.;.;.;
Strängnäs Montessoriskola;30181143;Strängnäs;0486;Enskild;Strängnäs Montessoriskola Ekonomisk Förening;7696027619;406;51;16;70;44;44;46;47;45;47;46;48;39;
Tosterö Resursskola;49008533;Strängnäs;0486;Kommunal;Strängnäs;2120000365;9;56;.;..;.;.;.;.;.;1;.;1;7;
Vasaskolan;91400222;Strängnäs;0486;Kommunal;Strängnäs;2120000365;188;48;34;55;68;46;74;.;.;.;.;.;.;
Vårfruberga friskola;30548381;Strängnäs;0486;Enskild;Vårfruberga Utbildning AB (svb);5591438840;35;60;..;46;9;12;14;.;.;.;.;.;.;
Åkerskolan;74265915;Strängnäs;0486;Kommunal;Strängnäs;2120000365;430;47;21;41;46;39;47;46;47;50;50;64;41;
Bojarskolan F-6;93814108;Strömstad;1486;Kommunal;Strömstad;2120001405;223;49;29;56;45;36;45;39;26;32;.;.;.;
Koster skola F-3;80203669;Strömstad;1486;Kommunal;Strömstad;2120001405;5;.;.;..;3;1;1;.;.;.;.;.;.;
Mellegården skola F-6;78828269;Strömstad;1486;Kommunal;Strömstad;2120001405;89;55;35;30;16;18;14;14;15;12;.;.;.;
Odelsbergsskolan F-6;30355941;Strömstad;1486;Kommunal;Strömstad;2120001405;294;44;29;49;47;51;56;50;47;43;.;.;.;
Rossö skola F-6;11065005;Strömstad;1486;Kommunal;Strömstad;2120001405;38;53;18;42;8;5;5;5;8;7;.;.;.;
Skee skola F-6;57063673;Strömstad;1486;Kommunal;Strömstad;2120001405;153;42;31;31;36;24;29;21;26;17;.;.;.;
Strömstiernaskolan;47464666;Strömstad;1486;Kommunal;Strömstad;2120001405;389;46;32;43;.;.;.;.;.;.;150;124;115;
Tjärnö skola F-3;14814740;Strömstad;1486;Kommunal;Strömstad;2120001405;7;..;..;86;4;3;.;.;.;.;.;.;.;
Valemyrskolan F-6;32311635;Strömstad;1486;Kommunal;Strömstad;2120001405;133;51;56;42;22;23;20;20;22;26;.;.;.;
Bredgårds skola;75646732;Strömsund;2313;Kommunal;Strömsund;2120002486;157;55;24;32;20;34;30;33;19;21;.;.;.;
Centralskolan Hoting;20930818;Strömsund;2313;Kommunal;Strömsund;2120002486;109;53;28;39;5;17;7;10;12;7;15;16;20;
Fjällsjöskolan;82584417;Strömsund;2313;Kommunal;Strömsund;2120002486;88;39;13;39;4;6;13;11;12;7;10;12;13;
Frostviksskolan;76970830;Strömsund;2313;Kommunal;Strömsund;2120002486;67;52;22;64;8;7;5;10;9;7;9;9;3;
Grevåkerskolan Hammerdal;54719506;Strömsund;2313;Kommunal;Strömsund;2120002486;202;45;20;53;33;28;22;16;18;16;19;26;24;
Hedenvindskolan;41005196;Strömsund;2313;Kommunal;Strömsund;2120002486;210;54;24;40;53;33;34;27;38;25;.;.;.;
Jormvattnets skola;80493898;Strömsund;2313;Kommunal;Strömsund;2120002486;3;..;..;..;2;1;.;.;.;.;.;.;.;
Kyrktåsjö skola;92795907;Strömsund;2313;Kommunal;Strömsund;2120002486;24;50;..;38;4;4;4;7;2;3;.;.;.;
Vattudalsskolan;71396086;Strömsund;2313;Kommunal;Strömsund;2120002486;176;44;31;44;.;.;.;.;.;.;54;57;65;
Duvboskolan;63300625;Sundbyberg;0183;Kommunal;Sundbyberg;2120000175;285;51;18;77;52;51;51;44;40;47;.;.;.;
Grönkullaskolan;93968806;Sundbyberg;0183;Kommunal;Sundbyberg;2120000175;608;47;75;40;86;89;68;48;58;58;56;69;76;
Internationella Engelska Skolan Sundbyberg;98753011;Sundbyberg;0183;Enskild;Internationella Engelska Skolan i Sverige AB;5564624368;507;48;43;73;.;.;.;127;128;96;156;.;.;
Kulturama Grundsk. Sundbyberg;37112288;Sundbyberg;0183;Enskild;Medborgarskolan Stockholmsregionen;8020060524;496;81;11;81;.;.;.;79;87;83;85;81;81;
Kymlingeskolan;51100048;Sundbyberg;0183;Kommunal;Sundbyberg;2120000175;322;48;43;73;77;56;82;44;40;23;.;.;.;
Lilla Alby skola;15049834;Sundbyberg;0183;Kommunal;Sundbyberg;2120000175;367;49;25;62;86;80;79;40;41;41;.;.;.;
Ursvikskolan;32993837;Sundbyberg;0183;Kommunal;Sundbyberg;2120000175;355;45;22;83;82;59;60;48;48;58;.;.;.;
Viktor Rydbergs skola Sundbyberg;79708334;Sundbyberg;0183;Enskild;Stiftelsen Viktor Rydbergs Skolor;8120005650;459;52;14;77;.;.;.;.;.;.;156;155;148;
Vittra Brotorp;43138370;Sundbyberg;0183;Enskild;Vittraskolorna AB;5564586716;245;46;31;69;38;28;40;14;28;28;26;20;23;
Älvkvarnsskolan;67788311;Sundbyberg;0183;Enskild;Pysslingen Förskolor och Skolor AB;5560354309;400;48;41;69;36;54;59;46;54;46;42;28;35;
Ängskolan   F-6;22847273;Sundbyberg;0183;Kommunal;Sundbyberg;2120000175;503;49;25;66;97;98;106;74;76;52;.;.;.;
Ängskolan 7-9;65775192;Sundbyberg;0183;Kommunal;Sundbyberg;2120000175;372;50;45;49;.;.;.;.;.;.;129;125;118;
Örskolan;92791803;Sundbyberg;0183;Kommunal;Sundbyberg;2120000175;165;42;85;35;33;43;20;20;27;22;.;.;.;
Allsta skola;71068841;Sundsvall;2281;Kommunal;Sundsvall;2120002411;48;52;.;79;16;14;18;.;.;.;.;.;.;
Ankarsviks skola;26779234;Sundsvall;2281;Kommunal;Sundsvall;2120002411;93;45;..;76;20;18;14;12;15;14;.;.;.;
Bergsåkers skola;90847895;Sundsvall;2281;Kommunal;Sundsvall;2120002411;671;50;11;59;.;.;62;57;58;55;141;151;147;
Bosvedjeskolan;80813364;Sundsvall;2281;Kommunal;Sundsvall;2120002411;280;50;14;61;51;54;47;39;44;45;.;.;.;
Bredsands skola;41837838;Sundsvall;2281;Kommunal;Sundsvall;2120002411;159;50;53;25;33;16;32;29;25;24;.;.;.;
Essviks skola;51134145;Sundsvall;2281;Kommunal;Sundsvall;2120002411;152;59;5;68;30;27;25;22;30;18;.;.;.;
Granbergsskolan;27027530;Sundsvall;2281;Kommunal;Sundsvall;2120002411;319;50;17;62;67;73;59;50;39;31;.;.;.;
Gångvikens skola;91880609;Sundsvall;2281;Kommunal;Sundsvall;2120002411;111;54;28;37;19;25;23;12;15;17;.;.;.;
Hagaskolan;55343483;Sundsvall;2281;Kommunal;Sundsvall;2120002411;500;49;29;63;35;67;33;24;26;27;102;79;107;
Heliås Svartvik;14161923;Sundsvall;2281;Enskild;Heliås Kunskapscentrum AB;5568154552;109;48;.;73;18;24;15;16;22;14;.;.;.;
Hellbergsskolan;94622728;Sundsvall;2281;Kommunal;Sundsvall;2120002411;203;46;62;35;41;37;38;25;40;22;.;.;.;
Höglundaskolan;51877656;Sundsvall;2281;Kommunal;Sundsvall;2120002411;558;51;31;52;.;.;.;.;67;57;143;139;152;
Högoms skola;17237299;Sundsvall;2281;Kommunal;Sundsvall;2120002411;140;46;9;69;26;31;11;28;19;25;.;.;.;
Internationella Engelska Skolan Sundsvall;54802332;Sundsvall;2281;Enskild;Internationella Engelska Skolan i Sverige AB;5564624368;1 123;53;15;81;.;.;160;160;162;161;160;161;159;
Kristna skolan Oasen;38897013;Sundsvall;2281;Enskild;Kristna Skolan Oasen Ideella Förening;8892015598;81;47;35;64;7;6;3;11;9;13;17;12;3;
Kunskapsakademin;57722644;Sundsvall;2281;Enskild;Utbildningsföretaget Scandiacus AB;5567834444;239;46;3;77;.;.;.;40;25;43;49;35;47;
Kyrkmons skola;76937737;Sundsvall;2281;Kommunal;Sundsvall;2120002411;246;47;4;48;32;49;43;55;30;37;.;.;.;
Kyrkskolan;75532388;Sundsvall;2281;Kommunal;Sundsvall;2120002411;67;42;..;84;26;16;25;.;.;.;.;.;.;
Lidens skola;64029211;Sundsvall;2281;Kommunal;Sundsvall;2120002411;130;49;12;42;7;12;4;12;5;11;26;30;23;
Ljustadalens skola;20027707;Sundsvall;2281;Kommunal;Sundsvall;2120002411;274;43;26;45;45;44;52;45;39;30;2;11;6;
Lucksta skola;92290909;Sundsvall;2281;Kommunal;Sundsvall;2120002411;122;57;..;52;28;21;19;16;23;15;.;.;.;
Matfors skola;37299127;Sundsvall;2281;Kommunal;Sundsvall;2120002411;500;47;4;54;41;57;52;40;43;42;82;72;71;
Mimerskolan;10023937;Sundsvall;2281;Enskild;Föreningen Mimers Brunn;8892027965;359;51;4;87;.;.;.;62;60;59;58;59;61;
Nivrenaskolan;55740795;Sundsvall;2281;Kommunal;Sundsvall;2120002411;399;48;15;45;.;.;.;.;.;.;120;129;150;
Njurunda Friskola;65125762;Sundsvall;2281;Enskild;Njurunda friskola AB;5568542210;190;48;..;70;21;22;22;23;22;22;22;19;17;
Prolympia, Sundsvall;18952472;Sundsvall;2281;Enskild;Ulno AB;5566577705;453;46;9;55;24;24;23;42;50;70;77;78;65;
Runsviks skola;61299583;Sundsvall;2281;Kommunal;Sundsvall;2120002411;109;46;..;50;19;13;21;16;20;20;.;.;.;
Sidsjö Fristående Grundskola;21250086;Sundsvall;2281;Enskild;Sundsvalls Förberedande Grundskola AB;5567314595;282;50;..;88;52;26;24;27;54;23;26;22;28;
Skönsmons skola;82372659;Sundsvall;2281;Kommunal;Sundsvall;2120002411;307;47;16;55;54;60;50;47;49;47;.;.;.;
Solede skola;51638146;Sundsvall;2281;Kommunal;Sundsvall;2120002411;130;46;23;42;22;23;21;21;21;22;.;.;.;
St Olofsskolan;69147256;Sundsvall;2281;Kommunal;Sundsvall;2120002411;328;49;56;43;70;59;48;61;43;47;.;.;.;
Stige skola;74902981;Sundsvall;2281;Kommunal;Sundsvall;2120002411;95;51;..;44;15;15;20;16;18;11;.;.;.;
Stöde skola;11181258;Sundsvall;2281;Kommunal;Sundsvall;2120002411;280;44;13;44;26;24;36;32;27;28;35;38;34;
Sundsvalls Montessoriskola;78495763;Sundsvall;2281;Kommunal;Sundsvall;2120002411;213;49;6;81;21;22;21;24;24;25;26;24;26;
Södermalms skola;32749846;Sundsvall;2281;Kommunal;Sundsvall;2120002411;244;50;26;66;50;78;68;48;.;.;.;.;.;
Uslands skola;30627944;Sundsvall;2281;Kommunal;Sundsvall;2120002411;256;50;3;68;50;41;51;36;43;35;.;.;.;
Vallens skola;44253135;Sundsvall;2281;Kommunal;Sundsvall;2120002411;161;52;..;53;28;32;25;30;23;23;.;.;.;
Vibackeskolan;10170655;Sundsvall;2281;Kommunal;Sundsvall;2120002411;608;49;11;62;31;36;40;35;46;36;121;146;117;
Österro skola;38360947;Sundsvall;2281;Kommunal;Sundsvall;2120002411;133;45;5;68;61;72;.;.;.;.;.;.;.;
Ekeby skola;12137105;Sunne;1766;Enskild;Sunne Friskoleförening;8740013381;56;64;14;52;10;10;10;6;11;9;.;.;.;
Fryxellska skolan;25636648;Sunne;1766;Kommunal;Sunne;2120001843;388;43;10;53;.;.;.;.;.;.;129;127;132;
Gräsmarks skola;19248047;Sunne;1766;Kommunal;Sunne;2120001843;49;43;10;41;7;8;10;5;6;13;.;.;.;
Klättenskolan;14125620;Sunne;1766;Kommunal;Sunne;2120001843;26;62;..;19;5;10;6;5;.;.;.;.;.;
Lysviks skola;50456203;Sunne;1766;Kommunal;Sunne;2120001843;72;49;..;60;14;5;13;13;12;15;.;.;.;
Prästbols skola;25927543;Sunne;1766;Kommunal;Sunne;2120001843;46;57;..;54;9;5;6;13;6;7;.;.;.;
Skäggebergsskolan;59141134;Sunne;1766;Kommunal;Sunne;2120001843;233;49;16;55;42;40;42;27;46;36;.;.;.;
Svensby skola;18644192;Sunne;1766;Kommunal;Sunne;2120001843;79;53;8;59;10;16;14;13;15;11;.;.;.;
Östra skolan;84959876;Sunne;1766;Kommunal;Sunne;2120001843;256;44;22;51;44;36;51;47;38;40;.;.;.;
Bäckhammarskolan;42583411;Surahammar;1907;Kommunal;Surahammar;2120002031;110;47;21;31;25;17;20;17;15;16;.;.;.;
Hammarskolan;74582871;Surahammar;1907;Kommunal;Surahammar;2120002031;312;47;16;43;.;.;.;.;.;.;112;113;87;
Nytorpsskolan;10017830;Surahammar;1907;Kommunal;Surahammar;2120002031;143;39;36;36;48;38;56;.;1;.;.;.;.;
Starbäcksskolan;39566281;Surahammar;1907;Kommunal;Surahammar;2120002031;146;51;12;48;46;59;41;.;.;.;.;.;.;
Tuppkärrsskolan;59858754;Surahammar;1907;Kommunal;Surahammar;2120002031;249;49;16;47;.;.;.;78;92;79;.;.;.;
Virsboskolan;36302522;Surahammar;1907;Kommunal;Surahammar;2120002031;64;45;19;28;8;8;17;8;12;11;.;.;.;
Billeshögsskolan;47848303;Svalöv;1214;Kommunal;Svalöv;2120000993;181;47;17;56;35;34;23;32;28;29;.;.;.;
Blichers friskola, Norrvidinge;81535814;Svalöv;1214;Enskild;Nytida Blichergruppen AB;5566930417;27;30;30;48;.;.;.;.;.;3;.;11;13;
Heleneborgsskolan;70133882;Svalöv;1214;Kommunal;Svalöv;2120000993;282;49;43;44;40;41;52;51;56;42;.;.;.;
Linåkerskolan;44263951;Svalöv;1214;Kommunal;Svalöv;2120000993;349;45;24;45;.;.;.;.;.;.;117;110;122;
Lunnaskolan;58166048;Svalöv;1214;Kommunal;Svalöv;2120000993;193;44;17;52;35;30;37;30;29;32;.;.;.;
Midgårds skola;58170493;Svalöv;1214;Kommunal;Svalöv;2120000993;141;56;18;61;24;22;35;15;26;19;.;.;.;
Parkskolan;77441364;Svalöv;1214;Kommunal;Svalöv;2120000993;187;52;22;50;29;39;33;33;32;21;.;.;.;
Svalövs Montessoriskola;58981647;Svalöv;1214;Enskild;Svalövs Montessori Ekonomisk förening;7696009328;215;48;19;57;24;24;23;25;20;27;32;25;15;
Aggarpsskolan 4-6;60641880;Svedala;1263;Kommunal;Svedala;2120001074;365;50;14;61;.;.;.;120;122;123;.;.;.;
Aggarpsskolan 7-9;15561397;Svedala;1263;Kommunal;Svedala;2120001074;282;48;16;56;.;.;.;.;.;.;108;96;78;
Baraskolan 1-3;95451533;Svedala;1263;Kommunal;Svedala;2120001074;236;53;15;75;92;73;71;.;.;.;.;.;.;
I Ur och Skur Skabersjöskolan;84580153;Svedala;1263;Enskild;Skabersjöbygdens Skola Ek. För.;7696021513;53;43;19;77;11;10;13;9;10;.;.;.;.;
Klågerupskolan 6-9;51392146;Svedala;1263;Kommunal;Svedala;2120001074;197;47;11;60;.;.;.;.;.;54;44;49;50;
Klågerupskolan F-5;99748375;Svedala;1263;Kommunal;Svedala;2120001074;240;53;11;71;44;49;58;45;44;.;.;.;.;
Kyrkskolan;36013016;Svedala;1263;Kommunal;Svedala;2120001074;241;45;12;60;93;68;80;.;.;.;.;.;.;
Marbäcksskolan;43569718;Svedala;1263;Kommunal;Svedala;2120001074;284;44;18;66;105;79;100;.;.;.;.;.;.;
Naverlönnskolan 4-6;40067679;Svedala;1263;Kommunal;Svedala;2120001074;239;49;13;53;.;.;.;91;74;74;.;.;.;
Naverlönnskolan 7-9;65569784;Svedala;1263;Kommunal;Svedala;2120001074;270;54;11;57;.;.;.;.;.;.;70;98;102;
Roslättsskolan;46967539;Svedala;1263;Kommunal;Svedala;2120001074;144;51;11;58;51;44;49;.;.;.;.;.;.;
Spångholmsskolan 4-9;83516023;Svedala;1263;Kommunal;Svedala;2120001074;403;48;15;65;.;.;.;73;75;81;58;48;68;
Hillareds skola;28714876;Svenljunga;1465;Kommunal;Svenljunga;2120001512;75;45;..;48;9;17;11;15;9;14;.;.;.;
Holsljunga skola;66575211;Svenljunga;1465;Kommunal;Svenljunga;2120001512;36;36;36;19;5;7;9;7;8;.;.;.;.;
Landboskolan;36851594;Svenljunga;1465;Kommunal;Svenljunga;2120001512;87;43;44;32;31;29;27;.;.;.;.;.;.;
Mjöbäcks skola;24017095;Svenljunga;1465;Kommunal;Svenljunga;2120001512;29;55;34;45;16;13;.;.;.;.;.;.;.;
Mogaskolan 7-9;71724902;Svenljunga;1465;Kommunal;Svenljunga;2120001512;321;51;26;34;.;.;.;.;.;.;111;106;104;
Mogaskolan F-6;71010514;Svenljunga;1465;Kommunal;Svenljunga;2120001512;305;48;29;32;41;31;31;77;62;63;.;.;.;
Mårdaklevs skola;45241148;Svenljunga;1465;Kommunal;Svenljunga;2120001512;35;40;34;34;2;6;10;3;6;8;.;.;.;
Sexdrega skola;45925310;Svenljunga;1465;Kommunal;Svenljunga;2120001512;88;44;10;32;14;11;17;17;13;16;.;.;.;
Östra Frölunda skola;95945189;Svenljunga;1465;Kommunal;Svenljunga;2120001512;54;57;17;31;7;13;16;4;4;10;.;.;.;
Överlida skola;60050590;Svenljunga;1465;Kommunal;Svenljunga;2120001512;44;32;18;32;.;.;12;9;13;10;.;.;.;
Botilsäter skola;88301687;Säffle;1785;Kommunal;Säffle;2120001900;40;43;..;38;4;5;10;11;6;4;.;.;.;
Höglundaskolan;56423824;Säffle;1785;Kommunal;Säffle;2120001900;319;55;48;30;56;42;50;51;63;57;.;.;.;
Långseruds Friskola;51545844;Säffle;1785;Enskild;Långseruds Friskola ekonomisk förening;7696212575;39;38;..;51;6;5;4;5;7;12;.;.;.;
Nysäters skola;47179243;Säffle;1785;Kommunal;Säffle;2120001900;65;49;..;43;11;9;9;7;14;15;.;.;.;
Svanskogs skola;96420586;Säffle;1785;Kommunal;Säffle;2120001900;50;48;10;32;7;8;5;10;12;8;.;.;.;
Tegnérskolan;40517936;Säffle;1785;Kommunal;Säffle;2120001900;510;49;23;45;.;.;.;.;.;.;140;205;165;
Tingvallaskolan;93957990;Säffle;1785;Kommunal;Säffle;2120001900;347;46;22;46;64;55;58;56;59;55;.;.;.;
Tveta friskola;21561939;Säffle;1785;Enskild;Tveta friskola ekonomisk förening;7696331367;55;45;18;49;8;13;14;6;4;10;.;.;.;
Värmlandsbro skola;61057459;Säffle;1785;Kommunal;Säffle;2120001900;77;44;8;42;9;10;17;15;12;14;.;.;.;
Enbacka skola;35024555;Säter;2082;Kommunal;Säter;2120002247;241;46;5;54;37;44;42;43;43;32;.;.;.;
Klockarskolan;60111640;Säter;2082;Kommunal;Säter;2120002247;322;46;9;50;.;.;.;.;.;.;110;96;116;
Kungsgårdsskolan;21640456;Säter;2082;Kommunal;Säter;2120002247;354;48;14;47;52;61;52;63;61;65;.;.;.;
Stora Skedvi skola;20612155;Säter;2082;Kommunal;Säter;2120002247;143;47;7;55;26;24;31;18;28;16;.;.;.;
Hofgårdsskolan;59983229;Sävsjö;0684;Kommunal;Sävsjö;2120000563;275;52;36;43;.;.;.;.;.;.;93;90;92;
Hägneskolan;13654995;Sävsjö;0684;Kommunal;Sävsjö;2120000563;169;41;53;44;26;38;26;27;27;25;.;.;.;
Rörviks skola;74170440;Sävsjö;0684;Kommunal;Sävsjö;2120000563;207;48;24;54;12;19;23;17;20;15;27;39;35;
Stockaryds skola;77440739;Sävsjö;0684;Kommunal;Sävsjö;2120000563;111;54;38;40;15;20;16;19;22;19;.;.;.;
Sävsjö kristna skola;28504550;Sävsjö;0684;Enskild;Stiftelsen Guds Kraft;8275007857;117;47;26;54;8;11;12;11;11;12;21;17;14;
Vallsjöskolan;53857703;Sävsjö;0684;Kommunal;Sävsjö;2120000563;293;44;37;45;42;49;47;57;50;48;.;.;.;
Vrigstad skola;60194444;Sävsjö;0684;Kommunal;Sävsjö;2120000563;167;50;27;46;27;24;36;28;20;32;.;.;.;
Bergviksskolan åk 4-9;32721673;Söderhamn;2182;Kommunal;Söderhamn;2120002353;265;48;12;45;.;.;.;18;26;53;65;54;49;
Bergviksskolan åk F-3;57610942;Söderhamn;2182;Kommunal;Söderhamn;2120002353;59;51;15;44;15;24;20;.;.;.;.;.;.;
HamnaSkolan;99882962;Söderhamn;2182;Enskild;Ellithan AB;5568042070;54;46;22;30;.;.;.;4;5;5;14;12;14;
Mo skola;63862480;Söderhamn;2182;Kommunal;Söderhamn;2120002353;51;47;..;57;12;9;11;13;6;.;.;.;.;
Norrtullskolan åk 7-9;35139330;Söderhamn;2182;Kommunal;Söderhamn;2120002353;317;50;41;46;.;.;.;.;.;.;102;99;116;
Norrtullskolan åk F-6;63302939;Söderhamn;2182;Kommunal;Söderhamn;2120002353;267;55;84;26;51;45;41;44;45;41;.;.;.;
Rosenvallskolan;84393014;Söderhamn;2182;Kommunal;Söderhamn;2120002353;123;53;9;51;28;28;25;23;19;.;.;.;.;
Sandarne skola;93261760;Söderhamn;2182;Kommunal;Söderhamn;2120002353;128;52;12;37;20;18;20;22;24;24;.;.;.;
Stenbergaskolan;26147333;Söderhamn;2182;Kommunal;Söderhamn;2120002353;285;44;35;24;20;36;23;22;28;19;47;46;44;
Stentägtskolan;57131254;Söderhamn;2182;Kommunal;Söderhamn;2120002353;241;42;16;59;49;34;33;38;44;43;.;.;.;
Stråtjära skola;33021207;Söderhamn;2182;Kommunal;Söderhamn;2120002353;37;57;22;41;10;4;8;6;4;5;.;.;.;
Stugsunds skola;93763694;Söderhamn;2182;Kommunal;Söderhamn;2120002353;139;48;9;49;24;20;28;27;25;15;.;.;.;
Söderhamns Friskola och Fritids;67899423;Söderhamn;2182;Enskild;Söderhamn Knowledge AB;5590692223;58;47;26;31;12;10;15;3;9;9;.;.;.;
Trönö skola;66358649;Söderhamn;2182;Kommunal;Söderhamn;2120002353;79;48;..;59;10;16;20;13;12;8;.;.;.;
Vågbroskolan åk 4-9;42162288;Söderhamn;2182;Kommunal;Söderhamn;2120002353;265;54;14;51;.;.;.;30;42;42;54;48;49;
Vågbroskolan åk F-3;71527628;Söderhamn;2182;Kommunal;Söderhamn;2120002353;93;56;19;60;30;31;32;.;.;.;.;.;.;
Björkhagaskolan;46785601;Söderköping;0582;Kommunal;Söderköping;2120000464;293;49;10;56;50;47;49;46;54;47;.;.;.;
Brobyskolan 1;27048108;Söderköping;0582;Kommunal;Söderköping;2120000464;113;50;10;70;35;38;40;.;.;.;.;.;.;
Brobyskolan 2;27120218;Söderköping;0582;Kommunal;Söderköping;2120000464;85;44;8;60;.;1;.;35;22;27;.;.;.;
Gårdeby friskola;64901558;Söderköping;0582;Enskild;Gårdeby Friskola Ekonomisk Förening;7696011993;33;42;.;33;7;9;9;3;.;5;.;.;.;
Mogata skola;22195087;Söderköping;0582;Kommunal;Söderköping;2120000464;84;50;.;58;14;7;21;16;13;13;.;.;.;
Ramunderskolan;99361107;Söderköping;0582;Kommunal;Söderköping;2120000464;442;49;7;51;.;.;.;.;.;.;150;150;142;
Sankt Anna skola;63176416;Söderköping;0582;Kommunal;Söderköping;2120000464;37;46;..;49;8;8;6;2;6;7;.;.;.;
Skönbergaskolan;68550751;Söderköping;0582;Kommunal;Söderköping;2120000464;153;48;9;48;23;27;25;22;24;32;.;.;.;
Söderköpings Waldorfskola;70789823;Söderköping;0582;Enskild;Stiftelsen Söderköpings Waldorfskola;8250017939;139;55;8;68;16;13;18;14;13;20;15;15;15;
Västra Husby skola;38948355;Söderköping;0582;Kommunal;Söderköping;2120000464;138;44;..;63;27;28;30;22;19;12;.;.;.;
Östra Ryds skola;59575795;Söderköping;0582;Kommunal;Söderköping;2120000464;78;44;..;49;12;14;7;11;14;20;.;.;.;
Blombackaskolan;34148887;Södertälje;0181;Kommunal;Södertälje;2120000159;561;50;80;40;56;59;71;56;58;53;62;65;81;
Brunnsängskolan;60570294;Södertälje;0181;Kommunal;Södertälje;2120000159;720;49;62;41;74;83;86;69;80;75;84;88;81;
Elafskolan;43802065;Södertälje;0181;Enskild;Aprendere Skolor AB;5564559523;28;61;86;50;3;8;9;2;4;2;.;.;.;
Eneskolan;97655739;Södertälje;0181;Kommunal;Södertälje;2120000159;496;50;14;51;21;18;19;17;27;99;91;105;99;
Fornbackaskolan;71992738;Södertälje;0181;Kommunal;Södertälje;2120000159;262;47;85;35;37;49;45;45;42;44;.;.;.;
Hovsjöskolan;82137009;Södertälje;0181;Kommunal;Södertälje;2120000159;466;49;94;33;64;53;51;51;53;45;54;45;50;
Hölöskolan;79466321;Södertälje;0181;Kommunal;Södertälje;2120000159;392;44;14;43;42;39;45;43;53;46;40;40;44;
Igelsta grundskola;75505688;Södertälje;0181;Kommunal;Södertälje;2120000159;402;53;71;48;49;39;55;36;31;28;51;59;54;
Internationella Engelska Skolan Södertälje;29497099;Södertälje;0181;Enskild;Internationella Engelska Skolan i Sverige AB;5564624368;555;58;100;.;.;.;.;89;88;94;94;95;95;
Järna friskola;41584790;Södertälje;0181;Enskild;Järna Friskola Aktiebolag;5565713210;244;44;4;77;27;28;27;27;26;26;27;28;28;
Kringlaskolan;74489639;Södertälje;0181;Enskild;Kringlaskolan AB;5567734065;489;50;67;44;54;55;52;54;54;54;56;56;54;
Lina grundskola;62288230;Södertälje;0181;Kommunal;Södertälje;2120000159;316;47;77;35;43;28;38;27;35;36;35;33;41;
Magelungens grundskola Södertälje;14872951;Södertälje;0181;Enskild;Magelungen Utveckling AB;5564891447;13;..;..;..;.;.;.;.;.;.;2;4;7;
Majtorpskolan;28845963;Södertälje;0181;Kommunal;Södertälje;2120000159;151;51;34;59;47;50;51;3;.;.;.;.;.;
Mariaskolan;31528772;Södertälje;0181;Enskild;Föreningen Maria Magdalena;8156008255;150;57;11;71;23;21;9;20;19;16;17;19;6;
Mariekällskolan;43403496;Södertälje;0181;Kommunal;Södertälje;2120000159;345;48;59;49;.;.;.;.;54;50;82;83;76;
Mikaelgården Läkeped. Institut;73075913;Södertälje;0181;Enskild;Föreningen Mikaelgårdens Läkepedagogiska Inst;8156002795;19;58;32;58;.;.;.;.;3;.;4;6;6;
Mora Park Hölö;44977491;Södertälje;0181;Enskild;Stiftelsen Mora Parks Läkepedagogiska Institut;8156003926;5;..;..;..;.;.;.;1;1;1;.;1;1;
Mora Parks skola;26804905;Södertälje;0181;Enskild;Stiftelsen Mora Parks Läkepedagogiska Institut;8156003926;24;21;29;33;1;1;3;3;6;1;3;4;2;
Mölnboskolan;47204443;Södertälje;0181;Kommunal;Södertälje;2120000159;114;49;11;61;15;24;24;13;15;23;.;.;.;
Nyckelskolan;16068461;Södertälje;0181;Enskild;Nyckelknippan Förskole Aktiebolag;5564787397;222;49;17;64;23;24;25;22;27;24;27;25;25;
Oxbacksskolan;99842607;Södertälje;0181;Kommunal;Södertälje;2120000159;245;51;56;47;82;56;55;52;.;.;.;.;.;
Pershagenskolan;38653015;Södertälje;0181;Kommunal;Södertälje;2120000159;451;51;28;61;55;50;51;47;64;54;43;44;43;
Ronnaskolan;51210001;Södertälje;0181;Kommunal;Södertälje;2120000159;619;49;94;38;84;62;84;44;60;49;75;73;88;
Rosenborgskolan;11914814;Södertälje;0181;Kommunal;Södertälje;2120000159;479;47;32;55;.;.;.;45;53;57;115;109;100;
Soldalaskolan;40175889;Södertälje;0181;Kommunal;Södertälje;2120000159;514;49;55;42;60;58;59;56;57;52;54;61;57;
Solvikskolan;45994471;Södertälje;0181;Enskild;Stödföreningen För Solvikskolan;8156005145;101;48;25;66;7;6;13;12;10;12;13;17;11;
Stålhamraskolan;72120589;Södertälje;0181;Kommunal;Södertälje;2120000159;278;46;68;42;47;49;48;51;43;40;.;.;.;
Södertälje friskola;38394561;Södertälje;0181;Enskild;Södertälje Friskola Aktiebolag;5565570149;365;50;55;52;40;42;41;44;40;40;41;39;38;
Tavestaskolan;16914123;Södertälje;0181;Kommunal;Södertälje;2120000159;337;50;20;50;68;75;65;56;73;.;.;.;.;
Vallaskolan;64836806;Södertälje;0181;Kommunal;Södertälje;2120000159;243;48;17;63;39;37;45;39;39;44;.;.;.;
Viksbergskolan;49762104;Södertälje;0181;Kommunal;Södertälje;2120000159;158;42;25;60;56;44;30;28;.;.;.;.;.;
Vittra Östertälje;12757193;Södertälje;0181;Enskild;Vittraskolorna AB;5564586716;357;52;41;68;50;35;47;34;31;39;56;30;35;
Wasaskolan;56568612;Södertälje;0181;Kommunal;Södertälje;2120000159;531;43;90;41;60;57;61;43;55;56;60;65;74;
Örjanskolan grund;10661388;Södertälje;0181;Enskild;Föreningen Örjanskolan;8156005103;184;49;20;78;21;16;20;23;18;20;20;26;20;
Bokelundsskolan H;94309839;Sölvesborg;1083;Kommunal;Sölvesborg;2120000852;351;43;19;52;.;.;.;.;.;.;112;130;109;
Bokelundsskolan M;94149578;Sölvesborg;1083;Kommunal;Sölvesborg;2120000852;104;53;15;50;.;.;.;.;.;103;1;.;.;
Falkviksskolan;18846309;Sölvesborg;1083;Kommunal;Sölvesborg;2120000852;108;51;23;53;36;37;35;.;.;.;.;.;.;
Havelidens skola;22379655;Sölvesborg;1083;Kommunal;Sölvesborg;2120000852;132;43;6;59;23;15;19;29;21;25;.;.;.;
Hjortakroksskolan;49771353;Sölvesborg;1083;Kommunal;Sölvesborg;2120000852;181;45;22;52;39;36;32;40;34;.;.;.;.;
Högtofta skola;22544999;Sölvesborg;1083;Kommunal;Sölvesborg;2120000852;70;47;7;49;14;19;12;12;13;.;.;.;.;
Hörviks skola;39598101;Sölvesborg;1083;Kommunal;Sölvesborg;2120000852;64;50;..;55;8;11;10;15;8;12;.;.;.;
Mjällby skola H;24822447;Sölvesborg;1083;Kommunal;Sölvesborg;2120000852;217;49;9;47;.;.;.;.;.;.;62;73;82;
Mjällby skola LM;93134050;Sölvesborg;1083;Kommunal;Sölvesborg;2120000852;143;48;19;34;25;21;35;19;20;23;.;.;.;
Möllebacksskolan;44972693;Sölvesborg;1083;Kommunal;Sölvesborg;2120000852;266;45;19;57;30;38;37;88;73;.;.;.;.;
Norje skola;80918950;Sölvesborg;1083;Kommunal;Sölvesborg;2120000852;70;56;11;50;9;17;13;13;8;10;.;.;.;
Backa skola;49130128;Tanum;1435;Kommunal;Tanum;2120001348;66;47;..;41;7;13;15;8;5;18;.;.;.;
Fjällbacka skola;22465670;Tanum;1435;Kommunal;Tanum;2120001348;72;42;26;44;14;15;18;11;14;.;.;.;.;
Grebbestadskolan;20334544;Tanum;1435;Kommunal;Tanum;2120001348;146;42;8;58;12;21;32;33;27;21;.;.;.;
Hamburgsundskolan F-9;81072495;Tanum;1435;Kommunal;Tanum;2120001348;298;46;13;55;18;16;27;27;20;43;50;51;46;
Lurs skola;21203914;Tanum;1435;Kommunal;Tanum;2120001348;51;57;14;57;10;8;10;10;7;6;.;.;.;
Rabbalshede skola;35591063;Tanum;1435;Kommunal;Tanum;2120001348;43;56;16;42;7;12;7;8;9;.;.;.;.;
Sjöstjärneskolan;51364488;Tanum;1435;Enskild;Föräldrakooperativet Resö, Ekonomisk Förening;7164448933;27;44;.;67;4;.;8;5;3;7;.;.;.;
Tanumskolan 7-9;74079446;Tanum;1435;Kommunal;Tanum;2120001348;247;51;19;47;.;.;.;.;.;.;78;79;90;
Tanumskolan F-6;10663043;Tanum;1435;Kommunal;Tanum;2120001348;239;48;38;36;44;45;41;50;34;25;.;.;.;
Häggetorpsskolan;92595260;Tibro;1472;Kommunal;Tibro;2120001660;282;51;28;47;46;48;63;57;68;.;.;.;.;
Nyboskolan - grundskola;97306690;Tibro;1472;Kommunal;Tibro;2120001660;513;50;27;43;.;.;.;.;.;122;141;113;137;
Ransbergs skola;16249041;Tibro;1472;Kommunal;Tibro;2120001660;115;38;27;63;17;21;26;18;33;.;.;.;.;
Smulebergsskolan;48800150;Tibro;1472;Kommunal;Tibro;2120001660;264;49;23;42;53;65;41;55;50;.;.;.;.;
Ekedalens skola F-6;79472588;Tidaholm;1498;Kommunal;Tidaholm;2120001736;93;42;11;66;19;15;10;20;18;11;.;.;.;
Forsens grundskola 4-6;30517837;Tidaholm;1498;Kommunal;Tidaholm;2120001736;162;48;22;42;.;.;.;48;67;47;.;.;.;
Forsens grundskola 7-9;40717964;Tidaholm;1498;Kommunal;Tidaholm;2120001736;179;47;28;39;.;.;.;.;.;.;63;67;49;
Forsens grundskola F-3;30754289;Tidaholm;1498;Kommunal;Tidaholm;2120001736;180;51;17;42;76;60;44;.;.;.;.;.;.;
Fröjereds grundskola;62137279;Tidaholm;1498;Kommunal;Tidaholm;2120001736;20;40;..;40;3;11;6;.;.;.;.;.;.;
Hökensås grundskola 4-6;28369439;Tidaholm;1498;Kommunal;Tidaholm;2120001736;168;45;26;50;.;.;.;65;50;53;.;.;.;
Hökensås grundskola 7-9;42899954;Tidaholm;1498;Kommunal;Tidaholm;2120001736;231;54;16;48;.;.;.;.;.;.;76;72;83;
Hökensås grundskola F-3;27906596;Tidaholm;1498;Kommunal;Tidaholm;2120001736;174;47;11;44;62;42;70;.;.;.;.;.;.;
Valstads grundskola;53815008;Tidaholm;1498;Kommunal;Tidaholm;2120001736;69;55;20;25;19;9;7;11;9;14;.;.;.;
Aspenskolan;15416514;Tierp;0360;Kommunal;Tierp;2120000266;457;48;28;37;35;31;37;47;52;48;71;57;79;
Björkängsskolan;19247682;Tierp;0360;Kommunal;Tierp;2120000266;90;51;19;34;24;10;22;17;12;5;.;.;.;
Bruksskolan;65760581;Tierp;0360;Kommunal;Tierp;2120000266;131;50;42;34;23;23;21;20;21;23;.;.;.;
Centralskolan;17240817;Tierp;0360;Kommunal;Tierp;2120000266;448;47;21;50;48;49;50;49;44;44;53;53;58;
Hållnäs skola;70628321;Tierp;0360;Kommunal;Tierp;2120000266;18;56;..;39;3;3;3;1;8;.;.;.;.;
Kyrkskolan;35386625;Tierp;0360;Kommunal;Tierp;2120000266;38;37;.;29;14;10;14;.;.;.;.;.;.;
Mehede skola;34577135;Tierp;0360;Kommunal;Tierp;2120000266;48;52;..;50;8;12;7;3;11;7;.;.;.;
Ol Andersskolan;65153737;Tierp;0360;Kommunal;Tierp;2120000266;239;45;13;44;19;24;18;19;19;18;39;39;44;
Tallbacksskolan;62440231;Tierp;0360;Kommunal;Tierp;2120000266;68;47;7;46;16;10;13;12;9;8;.;.;.;
Vendels skola;50014733;Tierp;0360;Kommunal;Tierp;2120000266;69;41;.;52;17;11;13;18;10;.;.;.;.;
Örbyhus skola 7-9;69241995;Tierp;0360;Kommunal;Tierp;2120000266;161;52;13;45;.;.;.;.;.;.;51;52;58;
Örbyhus skola F-6;15315609;Tierp;0360;Kommunal;Tierp;2120000266;259;46;13;47;40;44;47;32;52;44;.;.;.;
Ala skola;59092675;Timrå;2262;Kommunal;Timrå;2120002395;200;51;5;54;.;.;.;.;.;55;58;38;49;
Arenaskolan;81784662;Timrå;2262;Kommunal;Timrå;2120002395;445;46;15;46;.;.;.;.;.;.;156;129;160;
Bergeforsens skola;99588685;Timrå;2262;Kommunal;Timrå;2120002395;162;51;..;59;30;31;28;24;23;26;.;.;.;
Böle skola;25682466;Timrå;2262;Kommunal;Timrå;2120002395;282;45;29;43;41;50;43;51;54;43;.;.;.;
Fagerviks skola;16932433;Timrå;2262;Kommunal;Timrå;2120002395;120;48;..;65;22;21;23;17;16;21;.;.;.;
Laggarbergs skola;50430513;Timrå;2262;Kommunal;Timrå;2120002395;86;49;.;58;23;10;20;14;9;10;.;.;.;
Ljustorps skola;83487510;Timrå;2262;Kommunal;Timrå;2120002395;40;48;..;38;9;7;12;5;7;.;.;.;.;
Mariedalsskolan;28838540;Timrå;2262;Kommunal;Timrå;2120002395;208;50;26;33;46;29;31;35;40;27;.;.;.;
Söråkers skola;58834998;Timrå;2262;Kommunal;Timrå;2120002395;219;44;4;57;26;59;39;49;46;.;.;.;.;
Dackeskolan 7-9;56361478;Tingsryd;0763;Kommunal;Tingsryd;2120000621;348;47;24;36;.;.;.;.;.;.;138;104;106;
Dackeskolan F-6;79538647;Tingsryd;0763;Kommunal;Tingsryd;2120000621;298;49;26;36;42;42;51;43;61;59;.;.;.;
Idekulla skola;66342347;Tingsryd;0763;Enskild;Idekulla Skola Handelsbolag;9696416842;98;48;17;35;.;.;.;.;.;.;29;35;34;
Linnerydskolan;60865240;Tingsryd;0763;Kommunal;Tingsryd;2120000621;66;47;8;44;15;10;9;18;8;6;.;.;.;
Rävemåla Friskola;38920772;Tingsryd;0763;Enskild;Rävemåla Friskola AB;5590434766;41;56;..;32;6;6;11;9;7;2;.;.;.;
Trojaskolan;38721951;Tingsryd;0763;Kommunal;Tingsryd;2120000621;142;48;44;34;21;24;26;23;24;24;.;.;.;
Urshultsskolan;28944273;Tingsryd;0763;Kommunal;Tingsryd;2120000621;107;44;27;50;12;15;17;21;21;21;.;.;.;
Väckelsångskolan;23559837;Tingsryd;0763;Kommunal;Tingsryd;2120000621;114;43;11;46;24;22;18;18;17;15;.;.;.;
Örmoskolan;88544642;Tingsryd;0763;Kommunal;Tingsryd;2120000621;33;48;30;39;13;9;11;.;.;.;.;.;.;
Bleketskolan;16656370;Tjörn;1419;Kommunal;Tjörn;2120001306;199;47;14;61;.;.;.;.;.;.;69;75;55;
Fridas Hage;91601937;Tjörn;1419;Kommunal;Tjörn;2120001306;191;47;15;62;36;33;38;41;43;.;.;.;.;
Häggvallskolan;23228302;Tjörn;1419;Kommunal;Tjörn;2120001306;385;52;11;59;.;.;.;.;.;97;115;81;92;
Kållekärr skola;97207389;Tjörn;1419;Kommunal;Tjörn;2120001306;154;53;14;49;24;32;31;29;38;.;.;.;.;
Myggenäs skola;32497986;Tjörn;1419;Kommunal;Tjörn;2120001306;133;43;7;67;18;23;41;23;28;.;.;.;.;
Rönnäng skola;65647489;Tjörn;1419;Kommunal;Tjörn;2120001306;203;50;8;60;40;31;36;37;22;37;.;.;.;
Skärhamns skola;82162039;Tjörn;1419;Kommunal;Tjörn;2120001306;240;51;12;60;31;34;37;41;44;53;.;.;.;
Tjörns montessori skola och förskola;89065021;Tjörn;1419;Enskild;Långekärrskolan ekonomisk förening;7696317606;7;..;.;71;3;4;.;.;.;.;.;.;.;
Brösarps skola;29868932;Tomelilla;1270;Kommunal;Tomelilla;2120000886;73;47;11;67;10;16;11;10;12;14;.;.;.;
Byavångsskolan;48048407;Tomelilla;1270;Kommunal;Tomelilla;2120000886;215;42;41;38;35;32;43;41;37;27;.;.;.;
Kastanjeskolan;90360196;Tomelilla;1270;Kommunal;Tomelilla;2120000886;338;51;22;32;.;.;.;.;.;.;111;115;112;
Lindesborgsskolan;90664546;Tomelilla;1270;Kommunal;Tomelilla;2120000886;274;52;24;29;31;44;52;46;43;58;.;.;.;
Odenslundsskolan;13631556;Tomelilla;1270;Kommunal;Tomelilla;2120000886;106;42;17;38;19;19;18;16;13;21;.;.;.;
Smedstorps skola;20138309;Tomelilla;1270;Kommunal;Tomelilla;2120000886;104;55;11;35;19;19;15;15;17;19;.;.;.;
Tryde Friskola;15210966;Tomelilla;1270;Enskild;Tryde Friskola Ekonomisk Förening;7696096887;119;45;4;60;20;20;20;19;20;20;.;.;.;
Aspeds skola;49736127;Torsby;1737;Kommunal;Torsby;2120001777;18;39;33;28;4;5;3;3;3;.;.;.;.;
Frykenskolan;21568934;Torsby;1737;Kommunal;Torsby;2120001777;421;52;18;38;.;.;.;.;77;96;76;107;65;
Holmesskolan;61795051;Torsby;1737;Kommunal;Torsby;2120001777;303;48;23;41;81;74;74;74;.;.;.;.;.;
Kvistbergsskolan;83025413;Torsby;1737;Kommunal;Torsby;2120001777;91;53;14;33;3;9;5;5;14;8;21;17;9;
Oleby skola;76747040;Torsby;1737;Kommunal;Torsby;2120001777;56;43;..;59;22;18;16;.;.;.;.;.;.;
Stölletskolan;64856695;Torsby;1737;Kommunal;Torsby;2120001777;16;44;38;..;1;6;1;6;2;.;.;.;.;
Transtrands friskola;51961800;Torsby;1737;Enskild;Transtrands Friskola ekonomisk förening;7696168751;20;45;..;55;6;6;3;1;2;2;.;.;.;
Östmarks skola;79961788;Torsby;1737;Kommunal;Torsby;2120001777;51;53;..;35;14;10;11;9;7;.;.;.;.;
Bergkvara skola;57473410;Torsås;0834;Kommunal;Torsås;2120000696;105;50;17;62;15;15;16;16;18;25;.;.;.;
Gullabo skola;37774645;Torsås;0834;Kommunal;Torsås;2120000696;16;56;..;50;6;8;2;.;.;.;.;.;.;
Söderåkra skola;88771304;Torsås;0834;Kommunal;Torsås;2120000696;90;38;38;46;14;17;11;17;19;12;.;.;.;
Torskolan H;99636909;Torsås;0834;Kommunal;Torsås;2120000696;250;47;16;50;.;.;.;.;.;.;87;69;94;
Torskolan LM;36154153;Torsås;0834;Kommunal;Torsås;2120000696;211;47;15;44;28;27;42;39;32;43;.;.;.;
Dalstorpskolan;87422942;Tranemo;1452;Kommunal;Tranemo;2120001462;130;53;25;48;20;20;16;29;30;15;.;.;.;
Grimsåsskolan;82023614;Tranemo;1452;Kommunal;Tranemo;2120001462;64;53;27;38;14;6;11;10;13;10;.;.;.;
Limmaredskolan;88207548;Tranemo;1452;Kommunal;Tranemo;2120001462;162;49;34;26;29;28;28;22;27;28;.;.;.;
Länghemskolan;77589919;Tranemo;1452;Kommunal;Tranemo;2120001462;147;48;12;54;32;18;25;22;28;22;.;.;.;
Sjötoftaskolan;54767253;Tranemo;1452;Kommunal;Tranemo;2120001462;16;31;63;31;4;6;6;.;.;.;.;.;.;
Tranängskolan 7-9;33759766;Tranemo;1452;Kommunal;Tranemo;2120001462;412;43;25;42;.;.;.;.;.;.;151;125;136;
Tranängskolan F-6;54601339;Tranemo;1452;Kommunal;Tranemo;2120001462;373;49;33;52;68;56;69;65;54;61;.;.;.;
Adelövs friskola;93581868;Tranås;0687;Enskild;Adelövs Friskoleförening;8024189154;64;55;17;63;12;6;10;12;14;10;.;.;.;
Fröafallsskolan;43607066;Tranås;0687;Kommunal;Tranås;2120000597;255;47;17;54;46;42;44;38;47;38;.;.;.;
Gripenbergs skola;24238863;Tranås;0687;Kommunal;Tranås;2120000597;53;36;11;49;9;11;8;9;6;10;.;.;.;
Hubbarpsskolan;70432835;Tranås;0687;Kommunal;Tranås;2120000597;322;51;33;49;50;51;52;44;52;73;.;.;.;
Junkaremålsskolan 7-9;18476537;Tranås;0687;Kommunal;Tranås;2120000597;419;47;23;57;.;.;.;.;.;.;145;138;136;
Junkaremålsskolan F-6;69312919;Tranås;0687;Kommunal;Tranås;2120000597;321;45;26;60;64;45;40;51;38;83;.;.;.;
Linderås skola;33228563;Tranås;0687;Kommunal;Tranås;2120000597;64;56;19;50;9;9;12;11;13;10;.;.;.;
Norrskolan;94938162;Tranås;0687;Kommunal;Tranås;2120000597;239;43;40;39;50;47;45;48;49;.;.;.;.;
Sommens skola;81343555;Tranås;0687;Kommunal;Tranås;2120000597;100;43;17;28;17;15;17;23;13;15;.;.;.;
Ängarydsskolan;10155751;Tranås;0687;Kommunal;Tranås;2120000597;322;46;24;48;.;.;.;.;.;.;110;99;113;
Alstad F-6 skola;70747736;Trelleborg;1287;Kommunal;Trelleborg;2120001199;58;41;..;50;1;17;13;10;6;11;.;.;.;
Bäckaskolan F-6;61618439;Trelleborg;1287;Kommunal;Trelleborg;2120001199;286;52;20;60;47;47;52;49;50;41;.;.;.;
Fågelbäcksskolan 7-9;94965726;Trelleborg;1287;Kommunal;Trelleborg;2120001199;167;55;26;41;.;.;.;.;.;.;71;42;54;
Kattebäcksskolan F-6;74071562;Trelleborg;1287;Kommunal;Trelleborg;2120001199;185;45;35;46;26;26;37;47;28;21;.;.;.;
Klagstorps skola F-6;18414072;Trelleborg;1287;Kommunal;Trelleborg;2120001199;121;54;14;50;25;25;21;15;16;19;.;.;.;
Kunskapsskolan Trelleborg;65892623;Trelleborg;1287;Enskild;Kunskapsskolan i Sverige Aktiebolag;5565661815;291;55;24;68;.;.;.;41;45;45;57;54;49;
Liljeborgsskolan 4-9;42096980;Trelleborg;1287;Kommunal;Trelleborg;2120001199;694;44;28;55;.;.;.;58;60;69;169;173;165;
Ljunggrenska skolan F-3;82464364;Trelleborg;1287;Kommunal;Trelleborg;2120001199;261;48;31;42;74;91;96;.;.;.;.;.;.;
Pilens Montessoriskola;67369522;Trelleborg;1287;Enskild;Söderslätts Montessoriskola Ekonomisk Förening;7696018121;37;59;16;65;11;10;7;3;2;4;.;.;.;
Pilevallskolan F-9;24947938;Trelleborg;1287;Kommunal;Trelleborg;2120001199;309;48;71;29;24;36;39;36;38;28;36;38;34;
Serresjöskolan;98006060;Trelleborg;1287;Kommunal;Trelleborg;2120001199;320;42;7;74;54;50;54;58;59;45;.;.;.;
Skegrie skola F-6;17417951;Trelleborg;1287;Kommunal;Trelleborg;2120001199;251;46;11;69;51;46;41;42;37;34;.;.;.;
Smygehamns skola F-6;50958320;Trelleborg;1287;Kommunal;Trelleborg;2120001199;180;53;11;76;33;30;31;26;30;30;.;.;.;
Västervångskolan F-9;38375490;Trelleborg;1287;Kommunal;Trelleborg;2120001199;836;48;13;54;67;76;74;75;73;75;118;160;118;
Väståkraskolan F-9;16081769;Trelleborg;1287;Kommunal;Trelleborg;2120001199;477;49;10;48;59;42;45;42;43;47;61;57;81;
Östra skolan F-6;25807975;Trelleborg;1287;Kommunal;Trelleborg;2120001199;185;50;27;52;26;33;40;22;28;36;.;.;.;
Björndalsskolan F-3;10161117;Trollhättan;1488;Kommunal;Trollhättan;2120001546;73;48;14;89;23;24;26;.;.;.;.;.;.;
Dalkjusans skola;73710116;Trollhättan;1488;Kommunal;Trollhättan;2120001546;135;56;14;73;44;51;40;.;.;.;.;.;.;
Fridaskolan, Trollhättan;56884611;Trollhättan;1488;Enskild;Fridaskolorna AB;5564515988;519;47;8;80;52;52;32;51;32;75;73;76;76;
Frälsegårdsskolan F-6;26671138;Trollhättan;1488;Kommunal;Trollhättan;2120001546;134;48;87;13;28;18;32;16;27;13;.;.;.;
Hjortmosseskolan F-6;48630799;Trollhättan;1488;Kommunal;Trollhättan;2120001546;348;48;53;42;52;55;70;62;64;44;.;1;.;
Hälltorpskolan;57342282;Trollhättan;1488;Kommunal;Trollhättan;2120001546;38;58;..;74;18;20;.;.;.;.;.;.;.;
Kronan 7-9;63750711;Trollhättan;1488;Kommunal;Trollhättan;2120001546;106;63;97;13;.;.;.;.;.;.;30;29;47;
Kronan F-6;14423966;Trollhättan;1488;Kommunal;Trollhättan;2120001546;227;51;91;21;45;42;45;34;35;26;.;.;.;
Lextorpsskolan F-6;86568988;Trollhättan;1488;Kommunal;Trollhättan;2120001546;250;48;88;20;33;40;42;38;44;53;.;.;.;
Lyrfågelskolan 4-6;81003761;Trollhättan;1488;Kommunal;Trollhättan;2120001546;280;45;14;64;.;.;.;88;91;101;.;.;.;
Lyrfågelskolan 7-9;81052393;Trollhättan;1488;Kommunal;Trollhättan;2120001546;345;42;18;58;.;.;.;.;.;.;119;120;106;
Lyrfågelskolan F-3;25375483;Trollhättan;1488;Kommunal;Trollhättan;2120001546;260;51;11;62;73;97;90;.;.;.;.;.;.;
Montessoriskolan Trilobiten;49756946;Trollhättan;1488;Enskild;Trollhättans Montessoriskola Aktiebolag;5564696564;65;46;62;57;15;12;15;9;11;3;.;.;.;
Nordic International School Trollhättan;45769922;Trollhättan;1488;Enskild;Kronoberg Skola Aktiebolag;5566102033;144;56;62;56;.;.;.;25;28;35;28;28;.;
Nya Skolan, Trollhättan;11588924;Trollhättan;1488;Enskild;Nya Skolan Trollhättan Aktiebolag;5566127600;324;47;54;52;33;30;31;29;29;30;56;43;43;
Paradisskolan 7-9;38786603;Trollhättan;1488;Kommunal;Trollhättan;2120001546;226;50;32;78;.;.;.;.;.;.;74;81;71;
Paradisskolan F-6;24221144;Trollhättan;1488;Kommunal;Trollhättan;2120001546;248;52;32;78;26;27;39;48;54;54;.;.;.;
Sjuntorpskolan 4-9;39396701;Trollhättan;1488;Kommunal;Trollhättan;2120001546;249;46;8;52;.;.;.;46;40;41;34;45;43;
Sjuntorpskolan F-3;95817060;Trollhättan;1488;Kommunal;Trollhättan;2120001546;121;43;8;60;42;35;44;.;.;.;.;.;.;
Skoftebyskolan F-6;77189144;Trollhättan;1488;Kommunal;Trollhättan;2120001546;246;54;16;72;53;43;51;44;43;12;.;.;.;
Skogshöjdens skola 4-9;17106266;Trollhättan;1488;Kommunal;Trollhättan;2120001546;256;54;15;66;.;.;.;35;40;49;46;45;41;
Slättbergsskolan;84590859;Trollhättan;1488;Kommunal;Trollhättan;2120001546;204;51;56;41;.;.;.;.;.;.;73;59;72;
Stavreskolan 6-9;49525819;Trollhättan;1488;Kommunal;Trollhättan;2120001546;284;50;23;56;.;.;.;.;.;56;58;93;77;
Stavreskolan F-5;62124821;Trollhättan;1488;Kommunal;Trollhättan;2120001546;238;47;22;66;43;51;50;48;46;.;.;.;.;
Strömslundsskolan 7-9;96091081;Trollhättan;1488;Kommunal;Trollhättan;2120001546;395;45;8;72;.;.;.;60;68;66;61;68;72;
Strömslundsskolan F-6;21251931;Trollhättan;1488;Kommunal;Trollhättan;2120001546;147;48;7;70;39;47;61;.;.;.;.;.;.;
Sylteskolan 7-9;66414430;Trollhättan;1488;Kommunal;Trollhättan;2120001546;269;51;69;30;.;.;.;.;.;.;79;100;90;
Sylteskolan F-6;36250779;Trollhättan;1488;Kommunal;Trollhättan;2120001546;192;44;74;32;35;33;29;18;41;36;.;.;.;
Upphärads skola F-6;46989514;Trollhättan;1488;Kommunal;Trollhättan;2120001546;76;54;..;47;15;15;18;15;9;4;.;.;.;
Velanda skola F-6;30900579;Trollhättan;1488;Kommunal;Trollhättan;2120001546;115;46;5;49;21;23;20;13;20;18;.;.;.;
Åsaka skola F-6;24640784;Trollhättan;1488;Kommunal;Trollhättan;2120001546;132;48;6;58;20;27;22;16;28;19;.;.;.;
Fornbyskolan;78789903;Trosa;0488;Kommunal;Trosa;2120002957;314;44;31;43;38;59;58;48;56;55;.;.;.;
Hedebyskolan;45500152;Trosa;0488;Kommunal;Trosa;2120002957;186;49;24;37;.;.;.;.;.;.;66;54;66;
Kyrkskolan;58028919;Trosa;0488;Kommunal;Trosa;2120002957;111;47;9;43;19;.;23;19;25;25;.;.;.;
Skärlagskolan;56521006;Trosa;0488;Kommunal;Trosa;2120002957;230;51;16;59;42;40;47;26;37;38;.;.;.;
Tomtaklintskolan;51044218;Trosa;0488;Kommunal;Trosa;2120002957;283;48;12;63;.;.;.;.;.;.;90;94;99;
Vitalisskolan;95410474;Trosa;0488;Kommunal;Trosa;2120002957;343;52;9;69;49;63;53;63;62;53;.;.;.;
Bergfotens skola;58862351;Tyresö;0138;Kommunal;Tyresö;2120000092;254;46;19;44;44;49;42;45;41;33;.;.;.;
Brevik skola;95747197;Tyresö;0138;Enskild;Pysslingen Förskolor och Skolor AB;5560354309;226;51;4;66;41;42;38;34;32;39;.;.;.;
Dalskolan;56130729;Tyresö;0138;Kommunal;Tyresö;2120000092;312;45;25;51;.;.;.;.;.;.;102;104;106;
Fornuddens skola;71078874;Tyresö;0138;Kommunal;Tyresö;2120000092;392;46;7;79;57;66;60;80;74;55;.;.;.;
Fårdala skola;41888515;Tyresö;0138;Kommunal;Tyresö;2120000092;215;40;15;66;42;49;49;37;38;.;.;.;.;
Hanvikens skola;48312263;Tyresö;0138;Kommunal;Tyresö;2120000092;376;47;8;71;69;52;96;60;52;47;.;.;.;
Internationella Engelska Skolan Tyresö;60904587;Tyresö;0138;Enskild;Internationella Engelska Skolan i Sverige AB;5564624368;942;51;27;72;.;.;.;159;160;124;152;184;163;
Krusboda skola;84704913;Tyresö;0138;Kommunal;Tyresö;2120000092;315;42;10;58;59;53;62;44;42;55;.;.;.;
Kumla skola;37147254;Tyresö;0138;Kommunal;Tyresö;2120000092;767;45;7;70;56;46;45;65;64;69;138;140;144;
Njupkärrs skola;33455004;Tyresö;0138;Kommunal;Tyresö;2120000092;253;45;54;28;40;48;51;41;42;31;.;.;.;
Nyboda skola;31281674;Tyresö;0138;Kommunal;Tyresö;2120000092;448;51;26;44;.;.;.;23;23;63;120;92;127;
Sofiebergsskolan;39453214;Tyresö;0138;Kommunal;Tyresö;2120000092;148;49;10;83;49;49;50;.;.;.;.;.;.;
Stimmets skola;52531425;Tyresö;0138;Kommunal;Tyresö;2120000092;252;56;40;44;44;47;49;35;44;33;.;.;.;
Strandskolan;87665835;Tyresö;0138;Kommunal;Tyresö;2120000092;679;51;5;78;76;76;76;75;75;76;75;75;75;
Tyresö Montessoriskola;22202915;Tyresö;0138;Enskild;Tyresö Montessoriskola Aktiebolag;5566668413;83;43;28;59;14;20;18;17;10;4;.;.;.;
Tyresö skola;83020784;Tyresö;0138;Kommunal;Tyresö;2120000092;651;48;8;65;53;54;54;73;54;52;105;103;103;
Brinkskolan;13665610;Täby;0160;Kommunal;Täby;2120000118;319;49;8;87;56;82;56;51;54;20;.;.;.;
Byleskolan;69043808;Täby;0160;Kommunal;Täby;2120000118;434;48;6;88;62;66;82;80;77;67;.;.;.;
Byängsskolan;65839656;Täby;0160;Enskild;Byängsskolan AB;5567563316;709;48;21;73;74;75;78;78;54;83;101;83;83;
Capellaskolan;88700175;Täby;0160;Enskild;Roslagen Utbildning AB;5565190609;38;16;26;71;2;4;7;3;6;8;5;1;2;
Drakskeppsskolan;89751941;Täby;0160;Kommunal;Täby;2120000118;157;48;17;88;35;34;44;23;21;.;.;.;.;
Ellagårdsskolan;44002887;Täby;0160;Kommunal;Täby;2120000118;354;41;8;88;55;49;74;65;56;55;.;.;.;
Flottiljens Skola;60164702;Täby;0160;Enskild;Askrike Utbildning AB;5568884257;65;49;62;45;18;15;13;12;7;.;.;.;.;
Futuraskolan International Bergtorp;24142153;Täby;0160;Enskild;Futuraskolan AB;5566095047;564;53;9;82;.;.;.;.;.;122;117;160;165;
Helleborusskolan;45984740;Täby;0160;Enskild;Helleborusskolan Täby AB;5567508386;246;31;11;68;3;6;6;12;33;39;29;50;68;
Hägerneholmsskolan;41181908;Täby;0160;Kommunal;Täby;2120000118;120;43;18;80;29;26;27;19;19;.;.;.;.;
Internationella Engelska Skolan Täby;12332278;Täby;0160;Enskild;Internationella Engelska Skolan i Sverige AB;5564624368;1 270;51;23;88;.;.;.;209;207;223;223;221;187;
Kunskapsskolan Täby;25309669;Täby;0160;Enskild;Kunskapsskolan i Sverige Aktiebolag;5565661815;292;54;16;75;.;.;.;24;26;64;60;58;60;
Kyrkskolan;78918091;Täby;0160;Kommunal;Täby;2120000118;206;55;11;86;28;39;39;28;39;33;.;.;.;
Löttingelundsskolan;30911490;Täby;0160;Kommunal;Täby;2120000118;151;51;16;78;40;41;40;19;11;.;.;.;.;
Mellansjö skola;54332921;Täby;0160;Enskild;Nytida Enigma AB;5564870771;78;22;22;51;.;.;3;5;8;22;15;13;12;
Midgårdsskolan;96403088;Täby;0160;Kommunal;Täby;2120000118;241;49;15;76;26;44;39;42;46;44;.;.;.;
Milstensskolan;23312767;Täby;0160;Enskild;Pysslingen Förskolor och Skolor AB;5560354309;432;51;16;87;56;54;56;44;51;54;46;44;27;
Myrängsskolan;52866214;Täby;0160;Kommunal;Täby;2120000118;203;50;15;78;42;38;39;42;42;.;.;.;.;
Norskolan;71638763;Täby;0160;Kommunal;Täby;2120000118;142;46;20;82;49;47;46;.;.;.;.;.;.;
Nytorpsskolan;34125463;Täby;0160;Enskild;Nytida Enigma AB;5564870771;48;29;..;69;.;.;1;1;8;8;5;9;16;
Näsbydalskolan;22807677;Täby;0160;Kommunal;Täby;2120000118;500;54;17;82;.;.;.;.;.;104;114;164;118;
Näsbyparksskolan;96330648;Täby;0160;Kommunal;Täby;2120000118;699;49;19;81;21;24;28;90;114;116;101;105;100;
Runborg;73720954;Täby;0160;Enskild;Inspira Förskolor & Skolor AB;5566096516;74;53;11;84;21;14;19;11;9;.;.;.;.;
Rösjöskolan;83623446;Täby;0160;Kommunal;Täby;2120000118;426;47;8;92;71;73;76;68;71;67;.;.;.;
Skarpängsskolan;83454509;Täby;0160;Kommunal;Täby;2120000118;476;47;7;85;.;.;.;.;.;.;172;138;166;
Skolhagenskolan;69088221;Täby;0160;Kommunal;Täby;2120000118;437;46;9;81;.;.;.;.;.;.;137;157;143;
Slottsparksskolan;41554150;Täby;0160;Kommunal;Täby;2120000118;153;49;10;93;54;49;50;.;.;.;.;.;.;
Spirande lärande i Täby AB;89424201;Täby;0160;Enskild;Spirande lärande i Täby AB;5565917993;252;50;15;80;30;30;28;24;24;28;30;30;28;
Svalnäs skola;84230778;Täby;0160;Enskild;Svalnäs, ekonomisk förening;7696236806;14;50;..;50;.;.;.;.;.;1;3;5;5;
Täby Friskola-Enhagen;32231541;Täby;0160;Enskild;Täby Friskola Aktiebolag;5565998860;468;54;15;86;.;.;.;.;.;120;121;107;120;
Täby Friskola-Hägernäs;65545391;Täby;0160;Enskild;Täby Friskola Aktiebolag;5565998860;124;48;28;72;25;22;25;24;28;.;.;.;.;
Täby Friskola-Lilla Gribbylund/Gribbylund;55267088;Täby;0160;Enskild;Täby Friskola Aktiebolag;5565998860;102;55;30;80;26;18;20;18;20;.;.;.;.;
Täby Friskola-Ljungmyr;72769342;Täby;0160;Enskild;Täby Friskola Aktiebolag;5565998860;117;49;13;91;21;13;25;30;28;.;.;.;.;
Ullnaskolan;85431160;Täby;0160;Enskild;Lära i Norrort AB;5590385885;31;68;29;77;19;5;7;.;.;.;.;.;.;
Vallatorpsskolan;57206066;Täby;0160;Kommunal;Täby;2120000118;470;43;19;78;66;69;70;45;68;38;29;32;53;
Viggbyskolan;53352683;Täby;0160;Kommunal;Täby;2120000118;233;45;14;88;48;49;50;42;44;.;.;.;.;
Ytterbyskolan;77370320;Täby;0160;Kommunal;Täby;2120000118;243;49;20;75;36;39;41;76;51;.;.;.;.;
Björkängsskolan;46536338;Töreboda;1473;Kommunal;Töreboda;2120001678;196;45;28;47;.;.;.;73;49;74;.;.;.;
Fredsbergs Friskola;91055758;Töreboda;1473;Enskild;Fredsbergs Friskola ekonomisk förening;7696207443;71;48;..;61;10;14;13;11;11;12;.;.;.;
Kilenskolan;13492888;Töreboda;1473;Kommunal;Töreboda;2120001678;172;48;32;43;51;62;59;.;.;.;.;.;.;
Moholms skola;65599852;Töreboda;1473;Kommunal;Töreboda;2120001678;125;46;40;38;25;15;28;21;17;19;.;.;.;
Töreboda Centralskola;94707451;Töreboda;1473;Kommunal;Töreboda;2120001678;308;48;23;40;.;.;.;.;.;.;96;107;105;
Älgarås skola;55688408;Töreboda;1473;Kommunal;Töreboda;2120001678;61;38;49;11;8;11;13;8;10;11;.;.;.;
Bokenäs skola;20245835;Uddevalla;1485;Kommunal;Uddevalla;2120001397;173;50;5;62;19;30;34;26;30;34;.;.;.;
Dalabergsskolan;55030337;Uddevalla;1485;Kommunal;Uddevalla;2120001397;263;51;62;36;58;48;66;42;49;.;.;.;.;
Forshällaskolan;19612340;Uddevalla;1485;Kommunal;Uddevalla;2120001397;265;45;6;70;47;42;48;38;43;47;.;.;.;
Fridaskolan, Uddevalla;27489448;Uddevalla;1485;Enskild;Fridaskolorna AB;5564515988;523;47;16;69;51;50;51;53;52;52;72;72;70;
Herrestadsskolan 4 - 6;25620892;Uddevalla;1485;Kommunal;Uddevalla;2120001397;167;49;10;66;.;.;.;52;55;60;.;.;.;
Herrestadsskolan F - 3;25674555;Uddevalla;1485;Kommunal;Uddevalla;2120001397;224;49;13;62;70;62;92;.;.;.;.;.;.;
Hogstorp skola;31201216;Uddevalla;1485;Kommunal;Uddevalla;2120001397;126;45;13;60;25;20;24;16;16;25;.;.;.;
Hovhultsskolan;25121914;Uddevalla;1485;Kommunal;Uddevalla;2120001397;228;42;76;38;39;43;40;36;31;39;.;.;.;
Hällebergsskolan;52464734;Uddevalla;1485;Enskild;Hällebergsförsamlingen;8585000410;78;42;12;91;9;11;7;10;10;3;9;10;9;
Lane Ryrs skola;43476389;Uddevalla;1485;Kommunal;Uddevalla;2120001397;130;51;6;54;26;24;22;21;17;20;.;.;.;
Linnéaskolan;92086024;Uddevalla;1485;Kommunal;Uddevalla;2120001397;255;48;7;74;.;.;.;.;.;.;86;77;92;
Ljungskileskolan 4 - 6;88794685;Uddevalla;1485;Kommunal;Uddevalla;2120001397;226;46;13;74;.;.;.;86;74;66;.;.;.;
Ljungskileskolan F - 3;88846671;Uddevalla;1485;Kommunal;Uddevalla;2120001397;226;47;10;77;58;88;80;.;.;.;.;.;.;
Norgårdenskolan 7-9;10405686;Uddevalla;1485;Kommunal;Uddevalla;2120001397;450;42;11;60;.;.;.;.;.;.;149;140;161;
Norgårdenskolan F-6;37667577;Uddevalla;1485;Kommunal;Uddevalla;2120001397;247;50;15;74;41;43;25;45;45;48;.;.;.;
Norrskolan;94910948;Uddevalla;1485;Kommunal;Uddevalla;2120001397;298;52;22;64;49;54;51;50;48;46;.;.;.;
Ramneröd F-2;55668386;Uddevalla;1485;Kommunal;Uddevalla;2120001397;.;.;.;.;.;.;.;.;.;.;.;.;.;
Ramnerödsskolan;83416307;Uddevalla;1485;Kommunal;Uddevalla;2120001397;255;45;65;34;.;.;.;.;.;30;67;76;82;
Sandersdalskolan;35359339;Uddevalla;1485;Kommunal;Uddevalla;2120001397;236;49;17;60;49;45;50;45;47;.;.;.;.;
Sommarhemsskolan 7-9;45535775;Uddevalla;1485;Kommunal;Uddevalla;2120001397;343;54;33;51;.;.;.;.;.;.;119;109;115;
Sommarhemsskolan F-6;68954250;Uddevalla;1485;Kommunal;Uddevalla;2120001397;298;48;29;57;57;46;44;52;50;49;.;.;.;
Stenbackeskolan;77005811;Uddevalla;1485;Enskild;Stiftelsen Uddevalla Kristna Skola;8585011904;151;47;36;63;23;14;24;10;13;16;20;13;18;
Stråkets förskoleklass;27761276;Uddevalla;1485;Kommunal;Uddevalla;2120001397;.;.;.;.;.;.;.;.;.;.;.;.;.;
Unnerödsskolan;16834913;Uddevalla;1485;Kommunal;Uddevalla;2120001397;235;49;57;46;46;45;58;46;40;.;.;.;.;
Vassbo skola;29585776;Uddevalla;1485;Enskild;Vassbo Behandlingshem AB;5564491602;8;.;..;.;.;.;.;.;1;.;2;4;1;
Västerskolan 6-7;62222568;Uddevalla;1485;Kommunal;Uddevalla;2120001397;236;51;34;56;.;.;.;.;.;106;130;.;.;
Västerskolan 8-9;94258829;Uddevalla;1485;Kommunal;Uddevalla;2120001397;229;53;36;58;.;.;.;.;.;.;.;111;118;
Äsperödsskolan F-6;95427242;Uddevalla;1485;Kommunal;Uddevalla;2120001397;251;46;46;43;52;36;47;44;34;38;.;.;.;
Blidsbergs skola;72147290;Ulricehamn;1491;Kommunal;Ulricehamn;2120001579;97;44;33;28;15;19;16;20;13;14;.;.;.;
Bogesundsskolan;47154034;Ulricehamn;1491;Kommunal;Ulricehamn;2120001579;450;49;24;58;56;90;58;87;64;95;.;.;.;
Dalums skola;45023137;Ulricehamn;1491;Kommunal;Ulricehamn;2120001579;61;57;25;25;8;7;9;14;9;14;.;.;.;
Gällstads skola;47657033;Ulricehamn;1491;Kommunal;Ulricehamn;2120001579;141;51;15;44;23;25;25;18;19;31;.;.;.;
Hökerums skola;87650899;Ulricehamn;1491;Kommunal;Ulricehamn;2120001579;201;51;10;49;32;36;44;24;29;36;.;.;.;
Hössna skola;88344039;Ulricehamn;1491;Kommunal;Ulricehamn;2120001579;93;51;6;44;19;17;13;15;12;17;.;.;.;
Marbäcks skola;73076557;Ulricehamn;1491;Kommunal;Ulricehamn;2120001579;44;61;30;41;3;7;6;9;9;10;.;.;.;
Montessoriskolan Lindängen;70072450;Ulricehamn;1491;Enskild;Montessori Ekhagen Ulricehamn AB;5569003279;69;51;28;58;10;17;12;18;10;2;.;.;.;
Stenbocksskolan;39517088;Ulricehamn;1491;Kommunal;Ulricehamn;2120001579;564;49;19;53;.;.;.;.;.;.;174;208;182;
Timmele skola;97453154;Ulricehamn;1491;Kommunal;Ulricehamn;2120001579;120;44;14;48;13;19;24;22;18;24;.;.;.;
Tvärreds skola;22689061;Ulricehamn;1491;Kommunal;Ulricehamn;2120001579;51;49;..;55;11;10;9;11;5;5;.;.;.;
Ulrikaskolan;32255976;Ulricehamn;1491;Kommunal;Ulricehamn;2120001579;300;46;17;63;42;49;51;52;50;56;.;.;.;
Vegby skola;28791604;Ulricehamn;1491;Kommunal;Ulricehamn;2120001579;59;59;24;47;7;7;12;6;14;13;.;.;.;
Vistaholms skola;92595749;Ulricehamn;1491;Enskild;Föräldrakooperativet Vistaholm Ek. För.;7164477551;38;47;..;66;9;16;13;.;.;.;.;.;.;
Ätradalsskolan;28080863;Ulricehamn;1491;Kommunal;Ulricehamn;2120001579;251;45;12;47;.;.;.;.;.;.;90;76;85;
Backens skola;25521617;Umeå;2480;Kommunal;Umeå;2120002627;208;54;5;84;33;24;25;50;37;39;.;.;.;
Berghemsskolan;25207162;Umeå;2480;Kommunal;Umeå;2120002627;190;46;19;83;40;32;35;24;40;19;.;.;.;
Botsmarks skola;79923530;Umeå;2480;Kommunal;Umeå;2120002627;11;45;..;..;6;3;2;.;.;.;.;.;.;
Brännlands skola;37553014;Umeå;2480;Kommunal;Umeå;2120002627;77;44;..;71;13;14;15;18;17;.;.;.;.;
Bräntbergsskolan;44391304;Umeå;2480;Kommunal;Umeå;2120002627;230;43;24;64;.;.;.;.;.;.;57;90;83;
Bullmarks skola;28764965;Umeå;2480;Kommunal;Umeå;2120002627;80;48;..;73;16;10;15;15;16;8;.;.;.;
Böleängsskolan 1;45419793;Umeå;2480;Kommunal;Umeå;2120002627;308;51;13;69;60;76;48;49;39;36;.;.;.;
Carlshöjdsskolan;16095592;Umeå;2480;Kommunal;Umeå;2120002627;411;48;20;77;50;50;50;45;47;42;49;36;42;
Ersdungens skola;78472427;Umeå;2480;Kommunal;Umeå;2120002627;201;55;22;49;46;40;37;33;28;17;.;.;.;
Ersmarks skola;47009887;Umeå;2480;Kommunal;Umeå;2120002627;170;54;7;82;27;37;33;39;34;.;.;.;.;
Ersängsskolan 7-9;96783420;Umeå;2480;Kommunal;Umeå;2120002627;152;39;50;29;.;.;.;.;.;.;35;63;54;
Ersängsskolan F-6;69702464;Umeå;2480;Kommunal;Umeå;2120002627;142;52;39;49;24;23;23;17;21;34;.;.;.;
Flurkmarks skola;37063267;Umeå;2480;Kommunal;Umeå;2120002627;97;55;..;59;16;20;10;24;19;8;.;.;.;
Grisbacka skola 4-6;27867404;Umeå;2480;Kommunal;Umeå;2120002627;196;41;5;81;.;.;.;75;64;57;.;.;.;
Grisbacka skola F-3;45138571;Umeå;2480;Kommunal;Umeå;2120002627;152;53;..;81;54;50;48;.;.;.;.;.;.;
Grubbeskolan 1;21768043;Umeå;2480;Kommunal;Umeå;2120002627;196;58;8;81;.;.;.;.;.;.;54;60;82;
Grubbeskolan 2;89248713;Umeå;2480;Kommunal;Umeå;2120002627;161;43;12;66;.;.;.;.;.;.;60;46;55;
Hagaskolan F-9;84622889;Umeå;2480;Kommunal;Umeå;2120002627;540;49;7;78;23;21;23;64;46;47;118;118;80;
Hannaskolan;68950088;Umeå;2480;Enskild;Umeå Kristna Skolförening;8024231154;92;64;13;77;8;10;10;5;14;7;17;14;7;
Hedlundaskolan;69788677;Umeå;2480;Kommunal;Umeå;2120002627;118;47;25;70;25;21;17;18;16;21;.;.;.;
Hissjö skola;60423731;Umeå;2480;Kommunal;Umeå;2120002627;81;43;6;67;16;18;15;17;12;3;.;.;.;
Hörnefors Centralskola 7-9;85438284;Umeå;2480;Kommunal;Umeå;2120002627;96;34;..;52;.;.;.;.;.;.;26;27;43;
Hörnefors Centralskola F-6;60878225;Umeå;2480;Kommunal;Umeå;2120002627;248;48;4;64;39;48;45;46;35;35;.;.;.;
Innertavle skola;96264838;Umeå;2480;Kommunal;Umeå;2120002627;98;56;6;89;21;21;17;20;19;.;.;.;.;
Internationella Engelska Skolan Umeå;53993567;Umeå;2480;Enskild;Internationella Engelska Skolan i Sverige AB;5564624368;510;54;26;80;.;.;29;67;92;79;88;88;67;
Kasamarks skola;87810158;Umeå;2480;Kommunal;Umeå;2120002627;132;53;..;66;25;29;25;14;22;17;.;.;.;
Linblommans skola;45157993;Umeå;2480;Kommunal;Umeå;2120002627;112;55;9;61;4;22;20;19;19;28;.;.;.;
Linneaskolan;39117429;Umeå;2480;Kommunal;Umeå;2120002627;184;54;5;66;.;.;.;.;.;.;51;68;65;
Maja Beskowskolan;84461484;Umeå;2480;Kommunal;Umeå;2120002627;159;67;11;75;.;.;.;.;.;.;159;.;.;
Mariaskolan;23470743;Umeå;2480;Enskild;Umeå Kristna Friskoleförening;8940028478;42;45;21;81;2;3;5;9;2;7;2;10;2;
Mariebergsskolan 1;38619250;Umeå;2480;Kommunal;Umeå;2120002627;299;47;14;73;50;51;51;42;49;56;.;.;.;
Mariehemsskolan;50574364;Umeå;2480;Kommunal;Umeå;2120002627;192;47;32;70;46;31;39;41;35;.;.;.;.;
Minervaskolan;75713343;Umeå;2480;Enskild;Minervaskolan i Umeå AB;5565735049;609;50;23;87;43;44;44;56;70;72;75;89;116;
Obbola skola;96298476;Umeå;2480;Kommunal;Umeå;2120002627;324;46;5;74;36;33;44;43;51;27;40;26;24;
Primaskolan Umeå;41363340;Umeå;2480;Enskild;Primaskolan i Sverige AB;5565570958;95;75;..;74;.;.;.;.;.;15;24;27;29;
Prolympia, Umeå;28958120;Umeå;2480;Enskild;Ulno AB;5566577705;317;44;..;82;.;.;.;.;.;80;81;78;78;
Röbäcks skola;77368623;Umeå;2480;Kommunal;Umeå;2120002627;146;47;5;78;23;30;16;16;37;24;.;.;.;
Rödåsels skola;32965875;Umeå;2480;Kommunal;Umeå;2120002627;32;66;..;53;6;7;4;6;9;.;.;.;.;
Rödängsskolan;88958524;Umeå;2480;Kommunal;Umeå;2120002627;91;53;..;84;30;32;29;.;.;.;.;.;.;
Sandalidens skola;73411818;Umeå;2480;Kommunal;Umeå;2120002627;126;45;10;77;45;45;36;.;.;.;.;.;.;
Sjöfruskolan 2;76474572;Umeå;2480;Kommunal;Umeå;2120002627;446;46;11;88;53;49;50;103;102;89;.;.;.;
Sjöfruskolan 3;76392400;Umeå;2480;Kommunal;Umeå;2120002627;221;54;10;86;.;.;.;.;.;.;73;75;73;
Skärgårdsskolan;24030101;Umeå;2480;Kommunal;Umeå;2120002627;303;45;7;79;91;110;102;.;.;.;.;.;.;
Sofiehemsskolan;67694999;Umeå;2480;Kommunal;Umeå;2120002627;126;47;17;90;26;27;25;23;25;.;.;.;.;
Språkskolan;55815397;Umeå;2480;Enskild;Språkskolan i Umeå Ek. För.;7696004535;189;53;33;78;21;22;22;21;19;22;22;19;21;
Storsjöskolan 1;82985120;Umeå;2480;Kommunal;Umeå;2120002627;247;47;11;80;.;.;.;87;81;79;.;.;.;
Storsjöskolan 2;10954341;Umeå;2480;Kommunal;Umeå;2120002627;228;48;7;74;.;.;.;.;.;.;80;80;68;
Stöcke skola;62950059;Umeå;2480;Kommunal;Umeå;2120002627;142;46;..;74;24;23;24;31;21;19;.;.;.;
Stöcksjö skola;45314528;Umeå;2480;Kommunal;Umeå;2120002627;92;52;..;74;17;18;15;22;12;8;.;.;.;
Sävar skola;90639590;Umeå;2480;Kommunal;Umeå;2120002627;645;47;4;73;68;64;66;77;75;53;81;85;76;
Sörfors skola;19305941;Umeå;2480;Kommunal;Umeå;2120002627;84;44;..;67;16;20;15;20;13;.;.;.;.;
Sörmjöle skola;67083722;Umeå;2480;Kommunal;Umeå;2120002627;45;53;13;78;8;12;6;9;7;3;.;.;.;
Tavelsjö skola;18541909;Umeå;2480;Kommunal;Umeå;2120002627;102;47;..;71;21;15;26;16;10;14;.;.;.;
Tegs centralskola;49975985;Umeå;2480;Kommunal;Umeå;2120002627;310;42;11;68;.;.;.;.;.;.;88;111;111;
Tomtebogårds skola;77145359;Umeå;2480;Kommunal;Umeå;2120002627;192;51;12;83;75;67;50;.;.;.;.;.;.;
Täfteå skola;36053080;Umeå;2480;Kommunal;Umeå;2120002627;203;44;..;86;27;35;30;43;39;29;.;.;.;
Umeå Montessoriskola;10310119;Umeå;2480;Enskild;Umeå montessoriskola ek. för.;7696345839;57;40;11;81;13;12;9;9;6;8;.;.;.;
Umeå Waldorfskola, gr;16183719;Umeå;2480;Enskild;Stiftelsen Umeå Waldorfskola R Karlsson Mfl;8940012076;178;51;10;89;18;24;23;19;20;17;21;18;18;
Västangårds skola 6-9;36171517;Umeå;2480;Kommunal;Umeå;2120002627;242;49;12;64;.;.;.;.;.;62;74;51;55;
Västangårds skola F-5;61648125;Umeå;2480;Kommunal;Umeå;2120002627;251;47;17;69;35;55;62;45;54;.;.;.;.;
Ålidhemsskolan 6-9;42752416;Umeå;2480;Kommunal;Umeå;2120002627;268;47;38;65;.;.;.;.;.;85;60;59;64;
Ålidhemsskolan F-5;99722916;Umeå;2480;Kommunal;Umeå;2120002627;167;44;77;50;35;34;37;36;25;.;.;.;.;
Östermalmsskolan;48538034;Umeå;2480;Kommunal;Umeå;2120002627;212;52;31;74;48;33;44;32;28;27;.;.;.;
Östra Ersbodaskolan;72356204;Umeå;2480;Kommunal;Umeå;2120002627;135;45;64;23;35;24;24;28;24;.;.;.;.;
Östtegs skola;26177892;Umeå;2480;Kommunal;Umeå;2120002627;211;50;9;75;43;38;44;37;25;24;.;.;.;
Överboda skola;64493166;Umeå;2480;Kommunal;Umeå;2120002627;6;..;.;..;6;.;.;.;.;.;.;.;.;
Bollstanäs skola;74174879;Upplands Väsby;0114;Kommunal;Upplands Väsby;2120000019;417;48;11;78;85;84;82;85;81;.;.;.;.;
Breddenskolan;55512387;Upplands Väsby;0114;Kommunal;Upplands Väsby;2120000019;302;41;23;59;81;55;68;45;53;.;.;.;.;
Engelska skolan Upplands Väsby;80509560;Upplands Väsby;0114;Enskild;Stiftelsen Språkskolan i Upplands Väsby;8160005966;210;49;43;52;23;24;24;41;24;19;24;19;12;
Frestaskolan;62078083;Upplands Väsby;0114;Enskild;Magnetica Education AB;5567243547;227;54;20;61;40;51;33;50;53;.;.;.;.;
Grimsta skola;44227469;Upplands Väsby;0114;Kommunal;Upplands Väsby;2120000019;435;49;24;60;.;.;.;.;.;108;113;113;101;
Nordanskolan;26480342;Upplands Väsby;0114;Kommunal;Upplands Väsby;2120000019;19;32;32;..;.;.;.;.;.;2;3;5;9;
Odenskolan;19733028;Upplands Väsby;0114;Enskild;Magnetica Education AB;5567243547;168;50;26;57;40;34;37;29;28;.;.;.;.;
Resursskolan Magneten;81453817;Upplands Väsby;0114;Enskild;Magnetica Education AB;5567243547;16;..;..;56;3;1;4;3;5;.;.;.;.;
Runby skola;77624936;Upplands Väsby;0114;Kommunal;Upplands Väsby;2120000019;746;45;28;62;105;92;100;80;89;80;76;60;64;
Sandbergska Competens;97762139;Upplands Väsby;0114;Enskild;Sandbergska Competens AB;5567796387;281;51;19;60;26;24;25;26;26;50;27;26;51;
Sverigefinska sk, Uppl Väsby;68403656;Upplands Väsby;0114;Enskild;Stiftelsen Språkskolan i Upplands Väsby;8160005966;98;46;38;52;19;8;12;13;13;6;13;7;7;
Södervikskolan;49021135;Upplands Väsby;0114;Enskild;Södervikskolan AB;5567220347;467;49;12;58;.;.;.;.;.;120;118;117;112;
Vikskolan;60211862;Upplands Väsby;0114;Enskild;Magnetica Education AB;5567243547;281;46;38;49;50;47;37;43;38;15;15;19;17;
Vittra Väsby;24374886;Upplands Väsby;0114;Enskild;Vittraskolorna AB;5564586716;347;50;75;48;45;40;40;33;39;29;43;43;35;
Väsby skola;31018677;Upplands Väsby;0114;Kommunal;Upplands Väsby;2120000019;668;52;77;39;75;71;83;55;79;82;83;69;71;
Bergaskolan;56299553;Upplands-Bro;0139;Kommunal;Upplands-Bro;2120000100;281;40;41;60;55;45;46;47;49;39;.;.;.;
Broskolan;16983719;Upplands-Bro;0139;Kommunal;Upplands-Bro;2120000100;340;46;46;44;.;.;.;.;.;.;107;123;110;
Brunnaskolan;56315778;Upplands-Bro;0139;Kommunal;Upplands-Bro;2120000100;231;49;34;57;81;75;75;.;.;.;.;.;.;
Ekhammarskolan;92284588;Upplands-Bro;0139;Kommunal;Upplands-Bro;2120000100;527;50;24;65;.;.;.;78;77;75;107;85;105;
Finnstaskolan;61061763;Upplands-Bro;0139;Kommunal;Upplands-Bro;2120000100;326;44;42;52;56;55;52;56;53;54;.;.;.;
Hagnässkolan;16969143;Upplands-Bro;0139;Kommunal;Upplands-Bro;2120000100;460;48;32;53;.;.;.;66;72;77;82;84;79;
Härneviskolan;24606968;Upplands-Bro;0139;Kommunal;Upplands-Bro;2120000100;307;45;35;56;54;53;56;53;42;49;.;.;.;
Kungsskolan;45536049;Upplands-Bro;0139;Enskild;Församlingen Arken Bibelcenter;8132004337;18;44;44;72;3;3;4;2;3;3;.;.;.;
Källskolan Brunna;63111806;Upplands-Bro;0139;Enskild;Föreningen För Kristen Skola i Upplands-Bro;8132004659;103;55;18;57;16;22;24;19;22;.;.;.;.;
Källskolan Ekhammar;85796724;Upplands-Bro;0139;Enskild;Föreningen För Kristen Skola i Upplands-Bro;8132004659;93;61;23;67;.;.;.;.;.;21;24;25;23;
Lillsjöskolan;85759071;Upplands-Bro;0139;Kommunal;Upplands-Bro;2120000100;230;49;23;66;79;75;76;.;.;.;.;.;.;
Råbyskolan;21781901;Upplands-Bro;0139;Kommunal;Upplands-Bro;2120000100;253;46;70;40;54;45;48;46;37;23;.;.;.;
Tjustaskolan;76550010;Upplands-Bro;0139;Kommunal;Upplands-Bro;2120000100;102;54;14;47;24;18;21;19;16;4;.;.;.;
Urfjälls Montessoriskola;31608087;Upplands-Bro;0139;Enskild;Ubim;8132002497;47;40;23;72;19;16;12;.;.;.;.;.;.;
Almtunaskolan;13431400;Uppsala;0380;Kommunal;Uppsala;2120003005;450;51;29;74;85;69;84;72;84;55;.;1;.;
Almunge skola;99056007;Uppsala;0380;Kommunal;Uppsala;2120003005;418;50;9;53;25;22;30;60;54;50;70;54;53;
Ansgarskolorna                  Kyrkskolan 7-9;35561766;Uppsala;0380;Enskild;Ansgarskolorna AB;5565835146;216;51;31;68;.;.;.;.;.;.;80;62;74;
Ansgarskolorna     Fridhemsskolan F-6;81985750;Uppsala;0380;Enskild;Ansgarskolorna AB;5565835146;155;52;12;77;24;33;21;28;23;26;.;.;.;
Ansgarskolorna     Källskolan F-6;68552718;Uppsala;0380;Enskild;Ansgarskolorna AB;5565835146;107;51;43;58;35;34;38;.;.;.;.;.;.;
Ansgarskolorna Trädgårdsskolan F-6;62529077;Uppsala;0380;Enskild;Ansgarskolorna AB;5565835146;115;53;41;66;.;.;.;33;39;43;.;.;.;
Bergaskolan;70000757;Uppsala;0380;Kommunal;Uppsala;2120003005;251;45;12;88;28;29;28;57;59;50;.;.;.;
Björklinge skola;46263319;Uppsala;0380;Kommunal;Uppsala;2120003005;384;45;5;55;81;77;79;69;78;.;.;.;.;
Björkvallsskolan;89112467;Uppsala;0380;Kommunal;Uppsala;2120003005;376;48;9;47;.;.;.;.;.;104;86;99;87;
Bälinge skola;13951452;Uppsala;0380;Kommunal;Uppsala;2120003005;356;47;5;65;56;78;63;84;75;.;.;.;.;
Börje skola;60543153;Uppsala;0380;Kommunal;Uppsala;2120003005;111;46;6;73;17;21;15;25;11;22;.;.;.;
Danmarks skola;72888222;Uppsala;0380;Kommunal;Uppsala;2120003005;130;50;6;85;24;28;28;26;24;.;.;.;.;
Domarringens skola;57903436;Uppsala;0380;Kommunal;Uppsala;2120003005;487;50;13;80;85;110;90;87;115;.;.;.;.;
Ekuddenskolan;76304810;Uppsala;0380;Kommunal;Uppsala;2120003005;81;47;32;86;27;27;27;.;.;.;.;.;.;
Eriksbergsskolan;18733789;Uppsala;0380;Kommunal;Uppsala;2120003005;359;48;24;80;.;.;.;.;.;.;122;118;119;
Eriksskolan;25794770;Uppsala;0380;Kommunal;Uppsala;2120003005;242;50;12;91;82;77;83;.;.;.;.;.;.;
Flogstaskolan;30742062;Uppsala;0380;Kommunal;Uppsala;2120003005;146;48;21;85;50;46;50;.;.;.;.;.;.;
Fredrika Bremerskolan;65192477;Uppsala;0380;Kommunal;Uppsala;2120003005;256;40;31;60;54;45;53;53;51;.;.;.;.;
Funbo skola;19791387;Uppsala;0380;Kommunal;Uppsala;2120003005;114;48;8;70;40;38;36;.;.;.;.;.;.;
Gamla Uppsala skola;47022598;Uppsala;0380;Kommunal;Uppsala;2120003005;272;51;16;76;56;52;56;53;55;.;.;.;.;
Gluntens Montessoriskola;57484572;Uppsala;0380;Enskild;Gluntens Montessoriskola Ek För;7164225521;414;47;21;89;41;29;43;37;40;45;48;65;66;
Gottsundaskolan;93042073;Uppsala;0380;Kommunal;Uppsala;2120003005;489;45;54;54;.;.;.;.;.;95;109;140;145;
Gränbyskolan;60782519;Uppsala;0380;Kommunal;Uppsala;2120003005;466;48;62;43;.;.;.;.;.;67;126;127;146;
Gåvsta skola;12275851;Uppsala;0380;Kommunal;Uppsala;2120003005;380;47;5;48;51;39;39;43;52;35;39;50;32;
Hagmarkens skola;78556653;Uppsala;0380;Enskild;Hagmarkens Förskola/Skola AB;5566688361;55;31;..;73;16;22;17;.;.;.;.;.;.;
Hågadalsskolan;60438370;Uppsala;0380;Kommunal;Uppsala;2120003005;366;48;29;74;56;48;74;49;70;69;.;.;.;
Imanskolan;65459851;Uppsala;0380;Enskild;Stiftelsen Imanskolan;8176034323;149;58;89;42;30;42;26;17;17;17;.;.;.;
Internationella Engelska skolan Uppsala;83401016;Uppsala;0380;Enskild;Internationella Engelska Skolan i Sverige AB;5564624368;746;45;27;88;.;.;.;117;123;128;127;127;124;
JENSEN grundskola Uppsala;25730446;Uppsala;0380;Enskild;Jensen Education College AB;5566358759;236;50;44;63;25;21;20;23;18;21;30;30;48;
Johannesbäcksskolan;76127242;Uppsala;0380;Kommunal;Uppsala;2120003005;326;52;36;57;52;53;68;50;56;47;.;.;.;
Jumkils skola;73816603;Uppsala;0380;Kommunal;Uppsala;2120003005;56;45;..;38;14;8;10;13;11;.;.;.;.;
Järlåsa skola;58543554;Uppsala;0380;Kommunal;Uppsala;2120003005;107;51;8;68;22;21;14;21;14;15;.;.;.;
Kajan Friskola AB;82442662;Uppsala;0380;Enskild;Kajan Friskola AB;5566945795;21;..;..;62;3;1;3;5;3;5;1;.;.;
Katarinaskolan;71951060;Uppsala;0380;Enskild;Heliga Katarinas Skolstiftelse;8176030867;395;53;17;88;.;.;.;.;.;104;96;97;98;
Knutby skola;22200527;Uppsala;0380;Kommunal;Uppsala;2120003005;97;54;..;40;18;14;22;15;13;15;.;.;.;
Kunskapsskolan Uppsala;73947432;Uppsala;0380;Enskild;Kunskapsskolan i Sverige Aktiebolag;5565661815;605;55;14;80;.;.;.;44;44;130;124;133;130;
Kunskapsskolan Uppsala Norra;73806643;Uppsala;0380;Enskild;Kunskapsskolan i Sverige Aktiebolag;5565661815;272;55;6;77;.;.;.;.;.;.;90;94;88;
Kvarngärdesskolan;61003071;Uppsala;0380;Kommunal;Uppsala;2120003005;526;50;58;73;87;82;85;77;83;30;25;27;30;
Liljeforsskolan;51741765;Uppsala;0380;Kommunal;Uppsala;2120003005;255;47;84;44;57;52;57;42;47;.;.;.;.;
Lindbackens skola;59963808;Uppsala;0380;Kommunal;Uppsala;2120003005;219;45;16;84;73;58;60;28;.;.;.;.;.;
Länna skola;30158985;Uppsala;0380;Kommunal;Uppsala;2120003005;31;39;26;77;12;9;10;.;.;.;.;.;.;
Magelungens Grundskola Uppsala;39922552;Uppsala;0380;Enskild;Magelungen Utveckling AB;5564891447;20;60;..;65;.;.;.;.;.;.;4;10;6;
Malmaskolan;43235171;Uppsala;0380;Kommunal;Uppsala;2120003005;310;51;9;94;56;56;56;54;56;32;.;.;.;
Manar Al-Houda Sv-arab.skola;64800703;Uppsala;0380;Enskild;Integrationsförening F Invandrare och Flyktingar;8176031253;77;62;95;22;23;16;8;10;10;10;.;.;.;
Musiklådan;58103420;Uppsala;0380;Enskild;Föräldraföreningen Vid Musiklådan;8176032319;110;53;56;53;20;20;25;14;18;13;.;.;.;
Nannaskolan;29677535;Uppsala;0380;Kommunal;Uppsala;2120003005;445;62;28;71;.;.;.;.;.;87;121;119;118;
Nåntunaskolan;30054341;Uppsala;0380;Kommunal;Uppsala;2120003005;142;51;13;87;28;29;28;29;28;.;.;.;.;
Palmbladsskolan;40275917;Uppsala;0380;Kommunal;Uppsala;2120003005;515;46;23;57;.;.;.;.;.;116;150;151;98;
Pluggparadiset;74661728;Uppsala;0380;Kommunal;Uppsala;2120003005;305;46;9;80;55;56;56;57;81;.;.;.;.;
Ramsta skola;72049334;Uppsala;0380;Kommunal;Uppsala;2120003005;262;48;11;73;52;60;41;44;47;18;.;.;.;
Raoul Wallenbergskolan Uppsala;56867001;Uppsala;0380;Enskild;Raoul Wallenbergskolorna AB;5566740113;254;54;12;74;.;.;.;.;.;64;62;64;64;
Rosendalssskolan Polack;43933186;Uppsala;0380;Kommunal;Uppsala;2120003005;46;48;43;80;16;30;.;.;.;.;.;.;.;
Samsaskolan grundskola;49262000;Uppsala;0380;Enskild;Attendo Samsa AB;5565990545;20;70;35;30;.;.;.;.;.;.;.;5;15;
Skuttunge skola;28248660;Uppsala;0380;Kommunal;Uppsala;2120003005;108;51;8;47;23;21;19;23;22;.;.;.;.;
Skyttorps skola;54326087;Uppsala;0380;Kommunal;Uppsala;2120003005;71;46;..;48;17;13;11;13;17;.;.;.;.;
Stavby skola;72802066;Uppsala;0380;Kommunal;Uppsala;2120003005;127;50;..;61;13;15;10;8;16;10;20;18;17;
Stordammens skola;95132430;Uppsala;0380;Kommunal;Uppsala;2120003005;638;46;39;62;55;48;92;34;44;98;107;77;83;
Storvretaskolan;21818354;Uppsala;0380;Kommunal;Uppsala;2120003005;391;43;13;70;68;99;65;84;75;.;.;.;.;
Sunnerstaskolan;99536619;Uppsala;0380;Kommunal;Uppsala;2120003005;492;47;15;88;108;98;115;86;85;.;.;.;.;
Sverkerskolan;21969379;Uppsala;0380;Kommunal;Uppsala;2120003005;593;51;21;76;84;98;84;76;69;66;85;31;.;
Tiundaskolan;53847396;Uppsala;0380;Kommunal;Uppsala;2120003005;740;47;18;80;24;18;.;106;90;148;117;120;117;
Treklangens skola;30655993;Uppsala;0380;Kommunal;Uppsala;2120003005;242;56;79;32;49;39;44;58;52;.;.;.;.;
Tuna skola;26666728;Uppsala;0380;Kommunal;Uppsala;2120003005;115;55;7;61;16;13;12;18;16;8;6;16;10;
Tunabergsskolan;54742485;Uppsala;0380;Kommunal;Uppsala;2120003005;539;35;8;73;.;.;.;.;.;119;150;120;150;
Uppsala Enskilda Skola;43465597;Uppsala;0380;Enskild;Stiftelsen Liten Lär;8176052770;192;45;28;88;49;49;43;29;22;.;.;.;.;
Uppsala Montessoriskola;60186012;Uppsala;0380;Enskild;Uppsala Montessoriskola AB;5565527354;38;58;50;82;13;6;19;.;.;.;.;.;.;
Uppsala Musikklasser;89387408;Uppsala;0380;Enskild;Stiftelsen Uppsala Musikklasser;8176054917;516;58;11;96;.;.;51;58;60;90;88;90;79;
Uppsala waldorfskola;69405762;Uppsala;0380;Enskild;Stiftelsen Uppsala Waldorfskola;8176031154;134;53;16;87;15;16;11;10;11;18;21;12;20;
Uppsävjaskolan;92938213;Uppsala;0380;Kommunal;Uppsala;2120003005;295;51;14;83;56;56;56;57;70;.;.;.;.;
Vaksalaskolan;28006480;Uppsala;0380;Kommunal;Uppsala;2120003005;517;48;30;73;55;56;56;58;57;60;59;57;59;
Valsätraskolan;56446888;Uppsala;0380;Kommunal;Uppsala;2120003005;889;46;40;72;64;75;84;90;89;122;120;116;129;
Vattholmaskolan;50591943;Uppsala;0380;Kommunal;Uppsala;2120003005;165;56;4;80;31;34;31;35;34;.;.;.;.;
von Bahrs skola;17250578;Uppsala;0380;Kommunal;Uppsala;2120003005;583;49;64;47;59;67;77;58;65;53;58;58;88;
Vänge skola;61824203;Uppsala;0380;Kommunal;Uppsala;2120003005;270;53;9;75;52;49;43;38;44;44;.;.;.;
Västra Stenhagenskolan;48134074;Uppsala;0380;Kommunal;Uppsala;2120003005;387;50;46;53;24;27;27;26;27;26;59;89;82;
Växthusets skola;87542831;Uppsala;0380;Kommunal;Uppsala;2120003005;199;48;61;53;37;34;50;30;48;.;.;.;.;
Ångelstaskolan;64760168;Uppsala;0380;Kommunal;Uppsala;2120003005;279;53;8;74;56;56;56;52;59;.;.;.;.;
Årstaskolan;79320489;Uppsala;0380;Kommunal;Uppsala;2120003005;353;52;26;59;67;63;72;67;84;.;.;.;.;
Ärentunaskolan;64800741;Uppsala;0380;Kommunal;Uppsala;2120003005;615;47;14;61;.;.;.;.;.;165;168;129;153;
Östra Stenhagenskolan;18020988;Uppsala;0380;Kommunal;Uppsala;2120003005;343;50;49;58;52;61;58;55;72;45;.;.;.;
Alstermoskolan;51633869;Uppvidinge;0760;Kommunal;Uppvidinge;2120000605;112;46;53;33;12;15;22;20;21;22;.;.;.;
Lenhovdaskolan;55214368;Uppvidinge;0760;Kommunal;Uppvidinge;2120000605;152;44;34;38;22;27;24;29;23;27;.;.;.;
Nottebäckskolan;57675334;Uppvidinge;0760;Kommunal;Uppvidinge;2120000605;89;39;30;47;12;18;13;16;14;16;.;.;.;
Åsedaskolan 7-9;75658239;Uppvidinge;0760;Kommunal;Uppvidinge;2120000605;158;45;37;37;.;.;.;.;.;.;54;54;50;
Åsedaskolan F-6;69306171;Uppvidinge;0760;Kommunal;Uppvidinge;2120000605;276;52;38;38;44;54;48;43;42;45;.;.;.;
Älghults Friskola;52461444;Uppvidinge;0760;Enskild;Fria 48:an Ekonomisk förening;7696125579;51;55;41;45;9;11;11;4;6;10;.;.;.;
Älghultskolan;73077490;Uppvidinge;0760;Kommunal;Uppvidinge;2120000605;146;49;47;33;.;.;.;.;.;.;46;55;45;
Katarinaskolan;31782778;Vadstena;0584;Kommunal;Vadstena;2120002825;192;46;11;47;.;.;.;61;67;64;.;.;.;
Petrus Magni skola H;21550555;Vadstena;0584;Kommunal;Vadstena;2120002825;221;52;13;57;.;.;.;.;.;.;69;80;72;
S:t Persskolan;14324836;Vadstena;0584;Kommunal;Vadstena;2120002825;212;50;10;50;78;70;64;.;.;.;.;.;.;
Bondstorps skola;38030036;Vaggeryd;0665;Kommunal;Vaggeryd;2120000522;19;63;.;53;4;9;6;.;.;.;.;.;.;
Byarums skola;82420962;Vaggeryd;0665;Kommunal;Vaggeryd;2120000522;30;37;..;53;13;8;9;.;.;.;.;.;.;
Fågelforsskolan Hög;38944084;Vaggeryd;0665;Kommunal;Vaggeryd;2120000522;234;50;30;48;.;.;.;.;.;.;75;76;83;
Fågelforsskolan Låg och mellan;52839848;Vaggeryd;0665;Kommunal;Vaggeryd;2120000522;176;48;47;40;26;26;27;27;32;38;.;.;.;
Götafors skola;90591096;Vaggeryd;0665;Kommunal;Vaggeryd;2120000522;62;56;..;65;26;36;.;.;.;.;.;.;.;
Hjortsjöskolan Hög;95197505;Vaggeryd;0665;Kommunal;Vaggeryd;2120000522;289;49;26;53;.;.;.;.;.;.;91;91;107;
Hjortsjöskolan Låg och Mellan;48965568;Vaggeryd;0665;Kommunal;Vaggeryd;2120000522;368;49;17;51;37;25;26;80;89;111;.;.;.;
Hoks skola;95093042;Vaggeryd;0665;Kommunal;Vaggeryd;2120000522;88;51;13;47;20;18;17;18;15;.;.;.;.;
Klevshults skola;85555052;Vaggeryd;0665;Kommunal;Vaggeryd;2120000522;38;50;18;42;13;12;13;.;.;.;.;.;.;
Sörgårdsskolan;47307357;Vaggeryd;0665;Kommunal;Vaggeryd;2120000522;187;48;18;64;23;31;29;31;31;42;.;.;.;
Tofthagaskolan;58128691;Vaggeryd;0665;Enskild;Starkeborg-Tofthagaskolans ekonomiska förening;7164035912;72;49;..;68;9;15;9;17;10;12;.;.;.;
Åkers skola;39863942;Vaggeryd;0665;Kommunal;Vaggeryd;2120000522;16;56;..;50;.;.;.;6;10;.;.;.;.;
Östra skolan;60778543;Vaggeryd;0665;Kommunal;Vaggeryd;2120000522;89;58;25;45;17;23;49;.;.;.;.;.;.;
Gusum skola;27934323;Valdemarsvik;0563;Kommunal;Valdemarsvik;2120000431;98;47;52;26;11;19;20;16;16;16;.;.;.;
Ringarum skola;73537142;Valdemarsvik;0563;Kommunal;Valdemarsvik;2120000431;82;40;6;44;12;15;8;15;15;17;.;.;.;
Sörbyskolan;79192071;Valdemarsvik;0563;Kommunal;Valdemarsvik;2120000431;117;50;37;41;40;37;40;.;.;.;.;.;.;
Tryserums friskola;49944790;Valdemarsvik;0563;Enskild;Tryserums Friskola Aktiebolag;5564809712;55;45;..;51;12;8;6;9;12;8;.;.;.;
Vammarskolan 4-9;53620708;Valdemarsvik;0563;Kommunal;Valdemarsvik;2120000431;368;51;28;39;.;.;.;41;44;39;74;84;86;
Aktiviaskolan;48184058;Vallentuna;0115;Enskild;Aktivia AB;5567812069;39;64;.;51;.;.;.;.;.;6;8;13;12;
Aktiviaskolan Enhet Eken;28145722;Vallentuna;0115;Enskild;Aktivia AB;5567812069;28;29;..;..;.;.;.;.;.;4;6;10;8;
Bällstabergsskolan;52293921;Vallentuna;0115;Kommunal;Vallentuna;2120000027;413;47;8;79;56;48;65;58;61;26;42;27;30;
Gustav Vasaskolan;33565539;Vallentuna;0115;Kommunal;Vallentuna;2120000027;212;51;6;72;39;36;41;39;35;22;.;.;.;
Hagaskolan;84520303;Vallentuna;0115;Kommunal;Vallentuna;2120000027;651;47;19;63;86;83;86;59;73;72;88;79;25;
Hjälmstaskolan;16855764;Vallentuna;0115;Kommunal;Vallentuna;2120000027;271;45;19;60;27;22;26;25;26;2;27;55;61;
Karbyskolan;57370453;Vallentuna;0115;Kommunal;Vallentuna;2120000027;279;53;16;53;44;49;34;27;40;15;21;10;39;
Karlbergsskolan;34295441;Vallentuna;0115;Kommunal;Vallentuna;2120000027;210;43;14;69;27;46;51;37;29;20;.;.;.;
Kårsta skola;84103650;Vallentuna;0115;Kommunal;Vallentuna;2120000027;93;42;10;68;18;20;20;12;13;10;.;.;.;
Lovisedalsskolan;29278599;Vallentuna;0115;Kommunal;Vallentuna;2120000027;605;45;8;84;75;73;77;65;48;74;67;52;74;
Olympiaskolan;10299294;Vallentuna;0115;Kommunal;Vallentuna;2120000027;5;..;..;..;.;.;.;.;.;3;1;.;1;
Ormstaskolan;21336983;Vallentuna;0115;Kommunal;Vallentuna;2120000027;7;..;..;71;.;.;.;1;.;1;.;5;.;
Rosendalsskolan;63742407;Vallentuna;0115;Kommunal;Vallentuna;2120000027;714;46;21;55;96;89;101;84;81;70;58;61;74;
Vallentuna Friskola;72378947;Vallentuna;0115;Enskild;Vallentuna Friskola AB;5565736187;226;49;5;71;.;.;.;.;.;60;56;55;55;
Vallentuna internationella montessoriskola;71375812;Vallentuna;0115;Enskild;VIMS AB;5568591555;71;51;18;62;11;19;12;13;11;5;.;.;.;
Vittra Vallentuna;46206050;Vallentuna;0115;Enskild;Vittraskolorna AB;5564586716;323;53;14;70;43;26;26;26;40;44;47;39;32;
Berghedens skola;92323583;Vansbro;2021;Kommunal;Vansbro;2120002130;80;51;6;56;14;10;12;11;16;17;.;.;.;
Myrbacka skola;87125462;Vansbro;2021;Kommunal;Vansbro;2120002130;112;44;12;38;.;.;.;40;34;38;.;.;.;
Nederborgs skola;57886808;Vansbro;2021;Kommunal;Vansbro;2120002130;77;55;16;30;20;31;26;.;.;.;.;.;.;
Olympicaskolan i Skålö;21332837;Vansbro;2021;Enskild;Olympica AB;5565938700;52;40;..;37;13;14;6;7;9;3;.;.;.;
Parkskolan;95672225;Vansbro;2021;Kommunal;Vansbro;2120002130;75;45;27;33;29;24;22;.;.;.;.;.;.;
Smedbergsskolan 4-9;20545871;Vansbro;2021;Kommunal;Vansbro;2120002130;321;49;19;33;.;.;.;33;24;31;78;80;75;
Alléskolan;45270097;Vara;1470;Kommunal;Vara;2120002924;386;49;13;44;.;.;.;.;.;.;130;115;141;
Arentorps skola;76523419;Vara;1470;Kommunal;Vara;2120002924;83;53;..;48;11;14;16;14;14;14;.;.;.;
Jungs Friskola;28319392;Vara;1470;Enskild;Jungs Friskola Ekonomisk förening;7696199566;28;50;..;32;8;11;9;.;.;.;.;.;.;
Larv Tråvad skola;69387160;Vara;1470;Kommunal;Vara;2120002924;86;48;13;49;18;6;18;21;17;6;.;.;.;
Levene skola;87282627;Vara;1470;Kommunal;Vara;2120002924;126;45;13;58;24;21;23;28;13;17;.;.;.;
Nästegårdsskolan fsk-åk6;30527685;Vara;1470;Kommunal;Vara;2120002924;230;50;17;36;33;34;46;43;38;36;.;.;.;
Nästegårdsskolan åk7-åk9;30499176;Vara;1470;Kommunal;Vara;2120002924;148;44;16;41;.;.;.;.;.;.;56;44;48;
Parkskolan;79210663;Vara;1470;Kommunal;Vara;2120002924;165;48;16;58;.;.;.;55;53;57;.;.;.;
Stiftelsen Önums friskola;62111546;Vara;1470;Enskild;Önums Friskola;8684010559;89;52;13;53;15;16;15;15;14;14;.;.;.;
Torsgårdsskolan;90185249;Vara;1470;Kommunal;Vara;2120002924;167;48;26;51;62;50;55;.;.;.;.;.;.;
Vedums skola;12902856;Vara;1470;Kommunal;Vara;2120002924;142;46;17;39;30;12;23;31;25;21;.;.;.;
Almers skola 4-9, fritidshem och grundsärskolan äldre elever;72527414;Varberg;1383;Kommunal;Varberg;2120001249;305;42;20;67;.;.;.;60;50;52;60;37;46;
Ankarskolan 4-9;68653982;Varberg;1383;Kommunal;Varberg;2120001249;386;46;4;79;.;.;.;58;61;59;61;80;67;
Ankarskolan F-3 och fritidshem;38621807;Varberg;1383;Kommunal;Varberg;2120001249;166;46;8;78;51;47;68;.;.;.;.;.;.;
Bläshammar skola 2-5 och fritidshem;13220136;Varberg;1383;Kommunal;Varberg;2120001249;186;45;10;68;.;46;51;39;50;.;.;.;.;
Bläshammar skola F-1 och fritidshem;48654020;Varberg;1383;Kommunal;Varberg;2120001249;46;46;..;76;46;.;.;.;.;.;.;.;.;
Bockstensskolan 3-5 och fritidshem;36590494;Varberg;1383;Kommunal;Varberg;2120001249;146;57;25;62;.;.;57;45;44;.;.;.;.;
Bockstensskolan F-2 och fritidshem;31680839;Varberg;1383;Kommunal;Varberg;2120001249;107;45;26;52;51;56;.;.;.;.;.;.;.;
Bosgårdsskolan 4-9;92184735;Varberg;1383;Kommunal;Varberg;2120001249;192;48;11;52;.;.;.;.;.;.;68;60;64;
Bosgårdsskolan F-3 och fritidshem;39064377;Varberg;1383;Kommunal;Varberg;2120001249;382;46;16;51;51;57;67;72;73;62;.;.;.;
Buaskolan F-6 och fritidshem;11061967;Varberg;1383;Kommunal;Varberg;2120001249;217;52;11;60;22;34;28;28;52;53;.;.;.;
Deromeskolan F-3 och fritidshem;44822255;Varberg;1383;Kommunal;Varberg;2120001249;67;43;9;49;17;28;22;.;.;.;.;.;.;
Furubergsskolan 1-5;60702782;Varberg;1383;Kommunal;Varberg;2120001249;302;49;10;74;65;59;58;60;60;.;.;.;.;
Göthriks skola F-6 och fritidshem;67801661;Varberg;1383;Kommunal;Varberg;2120001249;220;52;5;55;27;21;22;62;50;38;.;.;.;
Hagaskolan 4-9;26579492;Varberg;1383;Kommunal;Varberg;2120001249;241;49;31;55;.;.;.;44;40;47;27;41;42;
Hagaskolan F-3 och fritidshem;36022339;Varberg;1383;Kommunal;Varberg;2120001249;157;49;30;62;46;40;71;.;.;.;.;.;.;
Håstensskolan 6 o 9;44306555;Varberg;1383;Kommunal;Varberg;2120001249;171;47;22;62;.;.;.;.;.;78;.;.;93;
Håstensskolan 7-8;75684823;Varberg;1383;Kommunal;Varberg;2120001249;207;43;16;63;.;.;.;.;.;.;106;101;.;
Kung Karl skola F-5 och fritidshem;30677357;Varberg;1383;Kommunal;Varberg;2120001249;61;52;8;39;15;12;11;12;11;.;.;.;.;
Kunskapsskolan Varberg;52846430;Varberg;1383;Enskild;Kunskapsskolan i Sverige Aktiebolag;5565661815;327;56;15;69;.;.;.;38;41;82;50;79;37;
Lindbergs skola 4-9;23521056;Varberg;1383;Kommunal;Varberg;2120001249;187;44;..;70;.;.;.;36;36;25;34;26;30;
Lindbergs skola F-3 och fritidshem;52088732;Varberg;1383;Kommunal;Varberg;2120001249;122;48;7;55;36;38;40;2;5;.;1;.;.;
Mariedalsskolan F-3 och fritidshem;62599057;Varberg;1383;Kommunal;Varberg;2120001249;172;46;24;63;46;51;75;.;.;.;.;.;.;
Montessorisk. Lära för livet;88650307;Varberg;1383;Enskild;Montessoristiftelsen Lära För Livet;8496006555;34;53;26;82;7;4;7;8;2;1;1;4;.;
Nyhemsskolan Varbergs Krist sk;74843338;Varberg;1383;Enskild;Nyhemsskolan-Varbergs Kristna Skola, ekonomisk förening;7696068431;97;53;12;65;9;14;11;8;14;9;15;11;6;
Påskbergsskolan 4-9;50675351;Varberg;1383;Kommunal;Varberg;2120001249;325;43;15;68;.;.;.;49;50;51;63;60;52;
Påskbergsskolan F-3 och fritidshem;42127916;Varberg;1383;Kommunal;Varberg;2120001249;147;50;16;75;51;47;49;.;.;.;.;.;.;
Rolfstorps skola F-3, 7-9 och fritidshem;46202890;Varberg;1383;Kommunal;Varberg;2120001249;184;52;5;58;16;9;23;.;.;.;49;42;45;
Sibbarps skola F-5 och fritidshem;24218413;Varberg;1383;Kommunal;Varberg;2120001249;35;60;..;54;7;9;5;7;7;.;.;.;.;
Skällinge skola F-3 och fritidshem;26737694;Varberg;1383;Kommunal;Varberg;2120001249;44;48;..;45;11;19;14;.;.;.;.;.;.;
Spannarps skola F-3 och fritidshem;45240035;Varberg;1383;Kommunal;Varberg;2120001249;28;54;..;61;9;9;10;.;.;.;.;.;.;
Trönninge skola 4-9;71449540;Varberg;1383;Kommunal;Varberg;2120001249;399;51;13;66;.;.;.;60;43;74;89;64;69;
Trönninge skola F-3 och fritidshem;14839197;Varberg;1383;Kommunal;Varberg;2120001249;188;48;14;77;61;66;61;.;.;.;.;.;.;
Varbergs Montessoriskola;68980561;Varberg;1383;Enskild;Varbergs Montessoriskola Ekonomisk förening;7164083417;44;43;..;84;16;12;16;.;.;.;.;.;.;
Vidhögeskolan 6-9;70460569;Varberg;1383;Kommunal;Varberg;2120001249;298;49;9;50;.;.;.;.;.;73;88;68;69;
Vidhögeskolan F-5 och fritidshem;24688208;Varberg;1383;Kommunal;Varberg;2120001249;262;44;16;49;44;40;45;63;70;.;.;.;.;
Väröbackaskolan F-4, 7-9 och fritidshem;68613823;Varberg;1383;Kommunal;Varberg;2120001249;298;50;12;58;34;43;32;25;.;.;54;53;57;
Kronängsskolan;48724676;Vaxholm;0187;Kommunal;Vaxholm;2120002908;529;50;8;76;.;.;.;.;.;.;194;154;181;
Montessoriskolan i Vaxholm;43261877;Vaxholm;0187;Enskild;Montessoriskolan i Vaxholm Ek. För.;7696052492;62;45;15;79;9;10;14;7;7;15;.;.;.;
Resarö skola;69909271;Vaxholm;0187;Kommunal;Vaxholm;2120002908;365;48;4;84;59;71;68;57;44;66;.;.;.;
Rindö skola;58338225;Vaxholm;0187;Kommunal;Vaxholm;2120002908;84;50;8;77;15;12;18;12;15;12;.;.;.;
Söderfjärdsskolan;21576764;Vaxholm;0187;Kommunal;Vaxholm;2120002908;267;42;9;80;43;46;45;41;47;45;.;.;.;
Vaxö skola;25772114;Vaxholm;0187;Kommunal;Vaxholm;2120002908;210;51;14;71;21;24;40;40;46;39;.;.;.;
Framtidskomp. V Ingelstad sk;44979671;Vellinge;1233;Enskild;Framtidskompassen AB;5567865943;397;42;9;73;43;45;46;42;44;46;44;42;45;
Framtidskompassen i Vellinge;15068529;Vellinge;1233;Enskild;Framtidskompassen AB;5567865943;402;48;9;68;47;46;47;49;45;42;45;42;39;
Herrestorpskolan;16650439;Vellinge;1233;Kommunal;Vellinge;2120001033;373;46;18;57;48;49;44;35;50;40;41;38;28;
Håslövs byaskola;56103239;Vellinge;1233;Enskild;MIBA Skolor AB;5564946530;27;41;..;56;6;3;8;4;4;2;.;.;.;
Ljungenskolan;41197162;Vellinge;1233;Kommunal;Vellinge;2120001033;543;48;13;87;74;65;64;69;47;64;54;59;47;
Sandeplanskolan;71367825;Vellinge;1233;Kommunal;Vellinge;2120001033;583;48;7;79;50;57;55;78;67;46;74;84;72;
Skanör Falsterbo Montessorisk.;46725455;Vellinge;1233;Enskild;Skanör Falsterbo Montessoriskola AB;5566270095;138;47;14;83;11;15;12;13;11;16;22;23;15;
Skanörs skola;46945514;Vellinge;1233;Kommunal;Vellinge;2120001033;333;47;11;84;41;41;41;40;38;26;47;28;31;
Stora Hammars skola;24181728;Vellinge;1233;Kommunal;Vellinge;2120001033;477;51;10;72;48;53;55;60;46;55;52;49;59;
Södervångskolan;28023150;Vellinge;1233;Kommunal;Vellinge;2120001033;512;51;13;64;41;43;63;45;68;64;68;72;48;
Tångvallaskolan;58994715;Vellinge;1233;Kommunal;Vellinge;2120001033;372;49;12;77;28;37;42;39;42;49;40;46;49;
Ängdalaskolan;11885832;Vellinge;1233;Enskild;Ängdala Skolor AB;5565279931;468;50;6;82;47;48;48;52;55;54;54;56;54;
Björkö skola;32816449;Vetlanda;0685;Kommunal;Vetlanda;2120000571;50;46;16;68;12;12;9;4;6;7;.;.;.;
Brunnsgårdsskolan;78156460;Vetlanda;0685;Kommunal;Vetlanda;2120000571;67;43;21;54;19;20;28;.;.;.;.;.;.;
Bäckseda skola;82758119;Vetlanda;0685;Kommunal;Vetlanda;2120000571;254;42;29;58;43;36;42;56;44;33;.;.;.;
Ekenässjöns skola;56483826;Vetlanda;0685;Kommunal;Vetlanda;2120000571;164;49;41;43;28;28;32;25;29;22;.;.;.;
Holsby skola;18690556;Vetlanda;0685;Kommunal;Vetlanda;2120000571;214;50;24;36;34;40;37;31;35;37;.;.;.;
Korsberga skola;59846405;Vetlanda;0685;Kommunal;Vetlanda;2120000571;81;49;14;46;10;10;17;20;14;10;.;.;.;
Kvillsfors skola;41045050;Vetlanda;0685;Kommunal;Vetlanda;2120000571;83;51;28;40;18;14;16;10;17;8;.;.;.;
Landsbro skola 7-9;69564434;Vetlanda;0685;Kommunal;Vetlanda;2120000571;308;48;20;53;.;.;.;.;.;.;107;95;106;
Landsbro skola F-6;60936284;Vetlanda;0685;Kommunal;Vetlanda;2120000571;179;49;35;44;29;41;24;23;29;33;.;.;.;
Mogärdeskolan F-6;87519348;Vetlanda;0685;Kommunal;Vetlanda;2120000571;143;50;66;38;21;26;25;23;26;22;.;.;.;
Myresjö skola;95943499;Vetlanda;0685;Kommunal;Vetlanda;2120000571;119;45;20;49;16;23;20;25;17;18;.;.;.;
Norrgårdsskolan;41197950;Vetlanda;0685;Kommunal;Vetlanda;2120000571;220;50;28;54;24;25;28;44;59;40;.;.;.;
Nye skola;10555003;Vetlanda;0685;Kommunal;Vetlanda;2120000571;92;50;23;50;17;13;19;13;14;16;.;.;.;
Ramkvilla skola;65268060;Vetlanda;0685;Kommunal;Vetlanda;2120000571;55;69;..;55;11;11;5;8;13;7;.;.;.;
Tomaslundsskolan;19743050;Vetlanda;0685;Kommunal;Vetlanda;2120000571;298;50;19;49;45;48;58;54;49;44;.;.;.;
Vetlanda Friskola;13123046;Vetlanda;0685;Enskild;Hope Stiftelsen;8275007683;66;41;36;35;5;7;8;6;8;12;7;9;4;
Withalaskolan 1;98508777;Vetlanda;0685;Kommunal;Vetlanda;2120000571;582;43;25;47;.;.;.;.;.;.;185;183;214;
Dikanäs skola;16889382;Vilhelmina;2462;Kommunal;Vilhelmina;2120002601;17;53;29;29;2;1;3;.;2;2;4;.;3;
Hembergsskolan 7-9;59758107;Vilhelmina;2462;Kommunal;Vilhelmina;2120002601;190;52;16;40;.;.;.;.;.;.;64;66;60;
Malgovik skola;81463393;Vilhelmina;2462;Kommunal;Vilhelmina;2120002601;46;33;..;52;11;6;7;11;3;8;.;.;.;
Nästansjö skola;62203772;Vilhelmina;2462;Kommunal;Vilhelmina;2120002601;14;64;.;43;1;3;3;4;.;3;.;.;.;
Saxnäs skola;79002691;Vilhelmina;2462;Kommunal;Vilhelmina;2120002601;36;58;..;58;3;.;6;.;9;3;.;7;8;
Strandskolan;45737019;Vilhelmina;2462;Enskild;Vilhelmina Fria Församling;8961005140;57;44;18;56;3;9;4;7;7;6;6;10;5;
Volgsjö skola 4-6;59819624;Vilhelmina;2462;Kommunal;Vilhelmina;2120002601;166;51;16;46;.;.;.;55;54;57;.;.;.;
Volgsjö skola F-3;55174274;Vilhelmina;2462;Kommunal;Vilhelmina;2120002601;139;53;14;41;49;46;44;.;.;.;.;.;.;
Astrid Lindgrens skola 7-9;92620495;Vimmerby;0884;Kommunal;Vimmerby;2120000787;237;50;31;44;.;.;.;.;.;.;81;74;82;
Astrid Lindgrens skola F-6;93135189;Vimmerby;0884;Kommunal;Vimmerby;2120000787;290;50;46;46;47;54;48;50;38;53;.;.;.;
Brännebro skola;77167462;Vimmerby;0884;Kommunal;Vimmerby;2120000787;27;63;26;41;5;9;2;6;5;.;.;.;.;
Djursdala skola;45902980;Vimmerby;0884;Kommunal;Vimmerby;2120000787;34;29;..;56;7;7;7;2;4;7;.;.;.;
Frödinge skola;80984180;Vimmerby;0884;Kommunal;Vimmerby;2120000787;80;51;..;53;17;7;13;12;15;16;.;.;.;
Rumskulla skola;75928706;Vimmerby;0884;Kommunal;Vimmerby;2120000787;31;55;16;55;5;7;6;4;9;.;.;.;.;
Storebro skola;47014605;Vimmerby;0884;Kommunal;Vimmerby;2120000787;88;53;35;34;11;15;12;15;21;14;.;.;.;
Södra Vi skola;22086495;Vimmerby;0884;Kommunal;Vimmerby;2120000787;110;46;15;36;24;16;23;15;18;14;.;.;.;
Tuna skola;55847773;Vimmerby;0884;Kommunal;Vimmerby;2120000787;37;49;..;46;9;2;5;7;4;10;.;.;.;
Vimarskolan 7-9;39345593;Vimmerby;0884;Kommunal;Vimmerby;2120000787;274;47;15;53;.;.;.;.;.;.;72;99;103;
Vimarskolan F-6;56813816;Vimmerby;0884;Kommunal;Vimmerby;2120000787;362;45;17;57;70;59;62;61;54;56;.;.;.;
Granö småbarnsskola;19012030;Vindeln;2404;Kommunal;Vindeln;2120002544;8;..;..;88;4;4;.;.;.;.;.;.;.;
Hällnäs skola;15359609;Vindeln;2404;Kommunal;Vindeln;2120002544;49;49;12;53;9;9;9;13;9;.;.;.;.;
Renforsskolan;74352559;Vindeln;2404;Kommunal;Vindeln;2120002544;235;50;17;42;.;.;.;.;.;68;53;51;63;
Tvärålunds skola;65981831;Vindeln;2404;Kommunal;Vindeln;2120002544;43;63;..;67;7;7;11;6;12;.;.;.;.;
Åmsele småbarnsskola;42955547;Vindeln;2404;Kommunal;Vindeln;2120002544;6;..;.;..;1;3;1;1;.;.;.;.;.;
Älvbrinkens skola;63863363;Vindeln;2404;Kommunal;Vindeln;2120002544;220;53;19;48;40;46;38;52;44;.;.;.;.;
Högsjö skola;30505826;Vingåker;0428;Kommunal;Vingåker;2120000308;50;58;16;20;7;6;10;11;4;12;.;.;.;
Marmorbyns skola;24762802;Vingåker;0428;Kommunal;Vingåker;2120000308;78;49;..;56;20;11;18;8;10;11;.;.;.;
Slottsskolan 7-9;52426554;Vingåker;0428;Kommunal;Vingåker;2120000308;264;42;35;31;.;.;.;.;.;.;86;87;91;
Slottsskolan F-6;52280658;Vingåker;0428;Kommunal;Vingåker;2120000308;195;40;29;35;39;34;39;23;38;22;.;.;.;
Sävstaskolan;18900112;Vingåker;0428;Kommunal;Vingåker;2120000308;254;52;52;26;38;48;37;49;31;51;.;.;.;
Österåkersbygdens Friskola;37464454;Vingåker;0428;Enskild;Österåkersbygdens Friskoleförening;8024509500;37;46;..;65;4;10;6;8;8;1;.;.;.;
Asklanda skola;75974498;Vårgårda;1442;Kommunal;Vårgårda;2120001454;51;59;16;65;9;6;7;13;7;9;.;.;.;
Fridhemskolan;29725783;Vårgårda;1442;Kommunal;Vårgårda;2120001454;140;48;15;51;19;26;23;27;24;21;.;.;.;
Gullhögskolan;84179524;Vårgårda;1442;Kommunal;Vårgårda;2120001454;397;50;18;55;.;.;.;.;.;.;142;131;124;
Hols skola;50494263;Vårgårda;1442;Kommunal;Vårgårda;2120001454;99;57;..;59;17;18;17;13;12;22;.;.;.;
Lena skola;13436901;Vårgårda;1442;Kommunal;Vårgårda;2120001454;132;46;..;64;20;21;21;27;23;20;.;.;.;
Lindbladskolan;43602822;Vårgårda;1442;Kommunal;Vårgårda;2120001454;356;50;33;45;54;63;53;58;72;56;.;.;.;
Nårunga skola;92287124;Vårgårda;1442;Kommunal;Vårgårda;2120001454;80;53;.;69;15;12;16;17;8;12;.;.;.;
Blåsut skola;11648934;Vänersborg;1487;Kommunal;Vänersborg;2120001538;160;49;12;78;23;24;25;31;26;31;.;.;.;
Brålanda skola 4-6;62320503;Vänersborg;1487;Kommunal;Vänersborg;2120001538;78;49;29;51;.;.;.;27;27;24;.;.;.;
Brålanda skola F-3;34594542;Vänersborg;1487;Kommunal;Vänersborg;2120001538;99;57;23;56;28;30;41;.;.;.;.;.;.;
Dalboskolan;93140467;Vänersborg;1487;Kommunal;Vänersborg;2120001538;176;54;13;37;.;.;.;.;.;.;73;49;54;
Fridaskolan, Vänersborg;10982633;Vänersborg;1487;Enskild;Fridaskolorna AB;5564515988;460;48;14;74;32;33;31;32;32;75;75;75;75;
Frändeskolan;26412678;Vänersborg;1487;Kommunal;Vänersborg;2120001538;162;44;8;56;26;32;21;28;31;24;.;.;.;
Granås skola 4-6;48319683;Vänersborg;1487;Kommunal;Vänersborg;2120001538;131;51;13;62;.;.;.;43;50;38;.;.;.;
Granås skola F-3;25729428;Vänersborg;1487;Kommunal;Vänersborg;2120001538;133;45;11;62;38;41;54;.;.;.;.;.;.;
Mariedalskolan 4-6;15185546;Vänersborg;1487;Kommunal;Vänersborg;2120001538;201;50;39;53;.;.;.;66;65;70;.;.;.;
Mariedalskolan F-3;46319044;Vänersborg;1487;Kommunal;Vänersborg;2120001538;196;44;39;55;60;68;68;.;.;.;.;.;.;
Mulltorps skola;30262171;Vänersborg;1487;Kommunal;Vänersborg;2120001538;44;52;11;82;9;11;11;6;6;1;.;.;.;
Norra skolan 4-6;64688806;Vänersborg;1487;Kommunal;Vänersborg;2120001538;130;53;37;59;.;.;.;41;44;45;.;.;.;
Norra skolan F-3;94492012;Vänersborg;1487;Kommunal;Vänersborg;2120001538;116;51;43;53;23;46;47;.;.;.;.;.;.;
Onsjöskolan 4-6;31605302;Vänersborg;1487;Kommunal;Vänersborg;2120001538;173;46;11;71;.;.;.;58;65;50;.;.;.;
Onsjöskolan F-3;77512067;Vänersborg;1487;Kommunal;Vänersborg;2120001538;139;53;12;68;44;45;50;.;.;.;.;.;.;
Rånnums skola 4-6;15512028;Vänersborg;1487;Kommunal;Vänersborg;2120001538;131;47;21;49;.;.;.;43;46;42;.;.;.;
Rånnums skola F-3;21541732;Vänersborg;1487;Kommunal;Vänersborg;2120001538;106;46;25;51;31;40;35;.;.;.;.;.;.;
Rösebo skola;45249416;Vänersborg;1487;Kommunal;Vänersborg;2120001538;17;35;.;59;7;5;5;.;.;.;.;.;.;
Silvertärnan;56817466;Vänersborg;1487;Kommunal;Vänersborg;2120001538;347;38;34;58;.;.;.;.;.;.;127;85;135;
Skerruds skola 4-6;55443968;Vänersborg;1487;Kommunal;Vänersborg;2120001538;21;24;..;24;.;.;.;7;6;8;.;.;.;
Skerruds skola F-3;13511202;Vänersborg;1487;Kommunal;Vänersborg;2120001538;34;44;..;44;14;11;9;.;.;.;.;.;.;
Torpaskolan Norr;58654483;Vänersborg;1487;Kommunal;Vänersborg;2120001538;119;58;34;55;.;.;.;.;.;.;119;.;.;
Torpaskolan Söder;69372123;Vänersborg;1487;Kommunal;Vänersborg;2120001538;229;49;47;43;.;.;.;.;.;.;.;104;125;
Tärnan 4-6;39195556;Vänersborg;1487;Kommunal;Vänersborg;2120001538;159;42;89;19;.;.;.;63;39;57;.;.;.;
Tärnan F-3;47331235;Vänersborg;1487;Kommunal;Vänersborg;2120001538;167;54;87;17;56;50;61;.;.;.;.;.;.;
Vänerparkens skola;59193729;Vänersborg;1487;Kommunal;Vänersborg;2120001538;282;46;26;60;.;.;.;.;.;.;76;126;80;
Vänersnäs Montessoriskola;60726203;Vänersborg;1487;Enskild;Vänersnäs Montessoriskola Aktiebolag;5564698545;31;32;..;74;7;5;7;9;3;.;.;.;.;
Öxnered skola;68637661;Vänersborg;1487;Kommunal;Vänersborg;2120001538;258;49;9;77;39;49;50;28;51;41;.;.;.;
Hammarskolan AB;94348319;Vännäs;2460;Kommunal;Vännäs;2120002841;141;45;18;50;.;.;.;.;.;.;51;44;46;
Hammarskolan CD;90298777;Vännäs;2460;Kommunal;Vännäs;2120002841;140;49;5;51;.;.;.;.;.;.;51;44;45;
Hällfors friskola;53454010;Vännäs;2460;Enskild;Hällforshedens Friskola Ekonomisk Förening;7696017008;39;46;15;59;5;12;4;10;4;4;.;.;.;
Vegaskolan 4-6;21744076;Vännäs;2460;Kommunal;Vännäs;2120002841;167;43;11;50;.;.;.;56;69;42;.;.;.;
Vegaskolan F-3;68699343;Vännäs;2460;Kommunal;Vännäs;2120002841;196;47;13;50;63;66;67;.;.;.;.;.;.;
Vännäsby skola 4-6;15358070;Vännäs;2460;Kommunal;Vännäs;2120002841;105;50;..;70;.;.;.;40;29;36;.;.;.;
Vännäsby skola F-3;71858612;Vännäs;2460;Kommunal;Vännäs;2120002841;129;47;..;77;41;45;42;1;.;.;.;.;.;
Antistilla skola;67926479;Värmdö;0120;Enskild;Antistilla AB;5566229851;34;56;.;79;15;11;8;.;.;.;.;.;.;
Brunns skola;42434583;Värmdö;0120;Kommunal;Värmdö;2120000035;599;49;8;62;39;44;51;62;71;74;95;74;89;
Farstavikens skola;60624757;Värmdö;0120;Kommunal;Värmdö;2120000035;817;43;16;64;62;69;64;81;64;133;149;103;92;
Fågelvik skola;25090415;Värmdö;0120;Kommunal;Värmdö;2120000035;125;49;4;70;36;45;44;.;.;.;.;.;.;
Grantomta Montessoriskola;63682476;Värmdö;0120;Enskild;Grantomta Montessoristiftelse;8140009518;148;42;7;76;39;25;34;28;22;.;.;.;.;
Hemmestaskolan;24561769;Värmdö;0120;Kommunal;Värmdö;2120000035;822;50;15;57;65;79;75;82;74;90;113;123;121;
Kullsvedsskolan, Grundskola;67362048;Värmdö;0120;Kommunal;Värmdö;2120000035;23;..;22;52;.;1;1;1;9;2;5;2;2;
Kyrkskolan;70803136;Värmdö;0120;Kommunal;Värmdö;2120000035;136;45;6;68;26;24;27;20;22;17;.;.;.;
Lemshaga Akademi;11364996;Värmdö;0120;Enskild;Lemshagastiftelsen;8024007075;415;50;3;80;38;38;38;48;48;50;52;51;52;
Munkmoraskolan;47705565;Värmdö;0120;Kommunal;Värmdö;2120000035;125;49;24;56;43;41;41;.;.;.;.;.;.;
Skolan LÄR;87412084;Värmdö;0120;Enskild;Lär i Värmdö AB;5565934279;117;42;4;81;25;26;24;21;21;.;.;.;.;
Viks skola;94902263;Värmdö;0120;Kommunal;Värmdö;2120000035;455;50;4;72;80;79;80;68;85;63;.;.;.;
Värmdö Skärgårdsskola;77630712;Värmdö;0120;Kommunal;Värmdö;2120000035;333;48;18;51;37;32;40;35;41;38;49;29;32;
Ösbyskolan;88283203;Värmdö;0120;Kommunal;Värmdö;2120000035;729;47;10;66;103;73;75;78;71;76;78;81;94;
Apladalsskolan;40576389;Värnamo;0683;Kommunal;Värnamo;2120000555;515;48;35;52;.;.;.;.;.;72;143;143;157;
Borbackaskolan;90000574;Värnamo;0683;Kommunal;Värnamo;2120000555;131;47;15;47;18;17;28;20;22;26;.;.;.;
Bors skola;68702432;Värnamo;0683;Kommunal;Värnamo;2120000555;220;45;27;39;.;.;.;.;.;.;77;65;78;
Bredaryds skola;73914410;Värnamo;0683;Kommunal;Värnamo;2120000555;209;54;24;39;39;30;40;28;36;36;.;.;.;
Enehagens skola;16778059;Värnamo;0683;Kommunal;Värnamo;2120000555;323;52;24;60;67;58;66;75;57;.;.;.;.;
Exposkolan;41604381;Värnamo;0683;Kommunal;Värnamo;2120000555;200;50;50;45;.;.;.;69;74;57;.;.;.;
Forshedaskolan;23192281;Värnamo;0683;Kommunal;Värnamo;2120000555;195;54;21;46;.;.;.;.;.;.;64;66;65;
Fryele skola;19228578;Värnamo;0683;Kommunal;Värnamo;2120000555;44;43;23;45;7;7;10;10;10;.;.;.;.;
Gröndalsskolan;41729877;Värnamo;0683;Kommunal;Värnamo;2120000555;507;47;29;54;.;.;.;.;.;133;122;117;135;
Gällaryds skola;54519463;Värnamo;0683;Kommunal;Värnamo;2120000555;34;47;..;65;5;7;8;6;4;4;.;.;.;
Hanahöjskolan;63642579;Värnamo;0683;Kommunal;Värnamo;2120000555;135;56;19;50;22;20;17;25;23;28;.;.;.;
Horda skola;84123958;Värnamo;0683;Kommunal;Värnamo;2120000555;59;37;14;46;13;10;8;12;10;6;.;.;.;
Hånger skola;54642333;Värnamo;0683;Kommunal;Värnamo;2120000555;64;53;..;53;19;14;10;7;7;7;.;.;.;
Kärda skola;95736970;Värnamo;0683;Kommunal;Värnamo;2120000555;55;60;16;55;10;11;7;10;7;10;.;.;.;
Mossleskolan;59015476;Värnamo;0683;Kommunal;Värnamo;2120000555;327;44;34;58;61;62;71;74;59;.;.;.;.;
Rydaholms skola;13114568;Värnamo;0683;Kommunal;Värnamo;2120000555;171;55;43;32;26;31;28;35;31;20;.;.;.;
Rörstorpsskolan;70738456;Värnamo;0683;Kommunal;Värnamo;2120000555;186;45;51;46;69;49;68;.;.;.;.;.;.;
Trälleborg;90809860;Värnamo;0683;Kommunal;Värnamo;2120000555;354;47;26;65;71;72;72;73;66;.;.;.;.;
Tånnö skola;86230955;Värnamo;0683;Kommunal;Värnamo;2120000555;18;39;..;50;6;5;7;.;.;.;.;.;.;
Alphaskolan;25749057;Västervik;0883;Enskild;Kunskapsnavet AB;5565121570;149;51;13;55;.;.;.;.;.;.;51;49;49;
Ankarsrums skola 7-9;72904597;Västervik;0883;Kommunal;Västervik;2120000779;100;55;25;34;.;.;.;.;.;.;31;38;31;
Ankarsrums skola F-6;17348981;Västervik;0883;Kommunal;Västervik;2120000779;109;47;39;30;15;20;17;21;14;22;.;.;.;
Blackstads skola;70475635;Västervik;0883;Kommunal;Västervik;2120000779;54;39;..;48;6;8;10;8;7;15;.;.;.;
Breviksskolan;40704885;Västervik;0883;Kommunal;Västervik;2120000779;281;52;12;68;44;42;44;47;52;52;.;.;.;
Ellen Keyskolan;27459423;Västervik;0883;Kommunal;Västervik;2120000779;391;47;14;61;.;.;.;.;.;.;124;130;137;
Fågelbärets skola;94635762;Västervik;0883;Kommunal;Västervik;2120000779;292;48;22;50;55;45;48;47;51;46;.;.;.;
Gamlebyvikens friskola;80536102;Västervik;0883;Enskild;Josua Education AB;5590945852;55;47;11;47;4;7;8;6;3;1;5;12;9;
Gunnebo skola;42944182;Västervik;0883;Kommunal;Västervik;2120000779;107;50;31;50;21;11;20;16;18;21;.;.;.;
Himalajaskolan;75340680;Västervik;0883;Kommunal;Västervik;2120000779;85;51;14;45;22;11;11;12;12;17;.;.;.;
Lidhemsskolan;62384613;Västervik;0883;Kommunal;Västervik;2120000779;212;46;36;56;37;39;28;42;38;28;.;.;.;
Ljungbergaskolan;68921844;Västervik;0883;Kommunal;Västervik;2120000779;148;48;4;72;19;29;23;28;23;26;.;.;.;
Loftahammars skola;23843784;Västervik;0883;Kommunal;Västervik;2120000779;42;57;..;64;13;3;14;4;6;2;.;.;.;
Ludvigsborgsskolan;16547623;Västervik;0883;Kommunal;Västervik;2120000779;259;51;23;53;.;.;.;.;.;.;81;97;81;
Marieborgsskolan;23559267;Västervik;0883;Kommunal;Västervik;2120000779;268;50;21;64;46;33;52;50;42;45;.;.;.;
Näktergalens skola;64057523;Västervik;0883;Kommunal;Västervik;2120000779;126;46;4;77;23;17;20;22;24;20;.;.;.;
Ringeltaubska skolan;19973473;Västervik;0883;Kommunal;Västervik;2120000779;54;48;31;43;13;12;5;6;9;9;.;.;.;
Skogshagaskolan;92991272;Västervik;0883;Kommunal;Västervik;2120000779;224;45;22;56;33;41;36;45;31;38;.;.;.;
Åbyängskolan;37770053;Västervik;0883;Kommunal;Västervik;2120000779;241;46;27;44;26;36;47;40;44;48;.;.;.;
Östra Ringskolan;18058977;Västervik;0883;Kommunal;Västervik;2120000779;211;50;23;41;.;.;.;.;.;.;75;73;63;
Överumsskolan F-6;35975798;Västervik;0883;Kommunal;Västervik;2120000779;97;48;23;34;13;15;14;20;20;15;.;.;.;
Apalbyskolan;89379865;Västerås;1980;Kommunal;Västerås;2120002080;335;44;30;62;59;61;63;51;54;47;.;.;.;
Barkaröskolan;27031962;Västerås;1980;Kommunal;Västerås;2120002080;237;54;7;85;38;48;54;31;32;34;.;.;.;
Bjurhovdaskolan;44233076;Västerås;1980;Kommunal;Västerås;2120002080;286;45;31;50;50;56;52;46;41;41;.;.;.;
Blåsboskolan;88691291;Västerås;1980;Kommunal;Västerås;2120002080;281;38;19;74;54;48;51;44;44;40;.;.;.;
Brandthovdaskolan;71386020;Västerås;1980;Kommunal;Västerås;2120002080;258;48;14;66;49;50;51;35;39;34;.;.;.;
Bäckbyskolan;25320686;Västerås;1980;Kommunal;Västerås;2120002080;130;50;81;23;22;21;25;21;21;20;.;.;.;
Centuriaskolan;83896681;Västerås;1980;Enskild;021 Skol AB;5568373228;128;35;17;72;.;.;.;.;.;.;43;40;45;
Dingtuna skola;51133192;Västerås;1980;Kommunal;Västerås;2120002080;190;39;6;59;45;44;23;34;25;19;.;.;.;
Ekbergaskolan;60051507;Västerås;1980;Kommunal;Västerås;2120002080;307;43;22;67;63;52;52;52;38;50;.;.;.;
Emausskolan;73663359;Västerås;1980;Kommunal;Västerås;2120002080;331;48;28;40;57;68;64;48;48;46;.;.;.;
Entréskolan Västerås;77743622;Västerås;1980;Enskild;AmiSgo AB;5568148117;143;63;38;43;.;.;.;7;9;25;27;46;29;
Fredriksbergsskolan;40421253;Västerås;1980;Kommunal;Västerås;2120002080;247;47;74;32;42;36;46;31;46;46;.;.;.;
Fridnässkolan;17617299;Västerås;1980;Kommunal;Västerås;2120002080;94;34;12;80;27;28;27;2;10;.;.;.;.;
Fryxellska skolan;73093445;Västerås;1980;Enskild;Stiftelsen Fryx;8780016211;850;77;15;82;.;.;.;132;144;144;144;144;142;
Grundskolan Äventyret;57243353;Västerås;1980;Enskild;Stiftelsen Äventyret;8024262159;146;53;25;69;20;20;19;19;13;10;15;19;11;
Gäddeholmsskolan;81095541;Västerås;1980;Kommunal;Västerås;2120002080;17;59;..;94;17;.;.;.;.;.;.;.;.;
Hagabergskolan;30313010;Västerås;1980;Enskild;Pysslingen Förskolor och Skolor AB;5560354309;246;50;27;72;55;56;52;31;28;24;.;.;.;
Hammarbyskolan;66792205;Västerås;1980;Kommunal;Västerås;2120002080;151;44;23;78;25;27;26;25;23;25;.;.;.;
Hamreskolan;54537199;Västerås;1980;Kommunal;Västerås;2120002080;389;50;13;85;77;74;73;59;61;45;.;.;.;
Herrgärdsskolan;46380811;Västerås;1980;Kommunal;Västerås;2120002080;318;48;35;59;57;53;67;55;46;40;.;.;.;
Håkantorpsskolan;42930046;Västerås;1980;Kommunal;Västerås;2120002080;290;45;27;56;62;47;55;46;44;36;.;.;.;
Hökåsenskolan;54574887;Västerås;1980;Kommunal;Västerås;2120002080;340;47;5;74;52;53;59;59;58;59;.;.;.;
Internationella Engelska Skolan Västerås;46042136;Västerås;1980;Enskild;Internationella Engelska Skolan i Sverige AB;5564624368;746;46;52;71;.;.;.;122;128;123;124;126;123;
IQRA Skolan;41344384;Västerås;1980;Enskild;IQRA Utbildning AB;5569309825;95;52;98;37;23;26;18;9;13;6;.;.;.;
Irstaskolan;61002601;Västerås;1980;Kommunal;Västerås;2120002080;771;48;5;73;62;98;70;102;80;88;102;81;88;
JENSEN grundskola Västerås;44284183;Västerås;1980;Enskild;Jensen Education College AB;5566358759;299;52;14;75;.;.;.;.;.;60;90;60;89;
Kristiansborgsskolan;65736810;Västerås;1980;Kommunal;Västerås;2120002080;381;43;42;48;.;.;.;.;.;.;123;159;99;
Kunskapsskolan Västerås;30576881;Västerås;1980;Enskild;Kunskapsskolan i Sverige Aktiebolag;5565661815;515;48;17;86;.;.;.;40;46;110;109;107;103;
Lövängsskolan;86598518;Västerås;1980;Kommunal;Västerås;2120002080;256;48;6;85;50;50;51;31;44;30;.;.;.;
Magelungens grundskola Västerås;82151850;Västerås;1980;Enskild;Magelungen Utveckling AB;5564891447;22;32;.;64;.;.;.;.;.;.;6;8;8;
Malmabergsskolan;54921874;Västerås;1980;Kommunal;Västerås;2120002080;266;45;43;47;47;50;43;42;47;37;.;.;.;
Mistelskolan;78832667;Västerås;1980;Enskild;Mistelskolan Ekonomisk förening;7696138259;38;61;..;92;13;11;14;.;.;.;.;.;.;
Norra Vallbyskolan;20157484;Västerås;1980;Kommunal;Västerås;2120002080;184;51;49;52;36;31;42;29;22;24;.;.;.;
Nybyggeskolan;69664897;Västerås;1980;Kommunal;Västerås;2120002080;506;47;49;42;.;.;.;.;.;.;169;163;174;
Ormkärrskolan;28359862;Västerås;1980;Kommunal;Västerås;2120002080;303;49;16;81;53;51;52;44;51;52;.;.;.;
Orrestaskolan;65164121;Västerås;1980;Kommunal;Västerås;2120002080;58;52;10;52;13;10;12;7;6;10;.;.;.;
Persboskolan;10453232;Västerås;1980;Kommunal;Västerås;2120002080;226;51;28;40;.;.;.;.;40;42;38;43;63;
Pettersbergsskolan;66142210;Västerås;1980;Kommunal;Västerås;2120002080;454;47;79;35;50;53;62;28;27;45;56;58;75;
Piltorpsskolan;48048527;Västerås;1980;Kommunal;Västerås;2120002080;266;47;33;56;45;37;51;40;41;52;.;.;.;
Pilträdsskolan;81265119;Västerås;1980;Enskild;Stiftelsen Källan;8780019090;188;51;87;37;21;19;22;24;21;18;21;21;21;
Romfartunaskolan;84602749;Västerås;1980;Kommunal;Västerås;2120002080;34;44;..;50;6;20;8;.;.;.;.;.;.;
Rotundaskolan;80009811;Västerås;1980;Enskild;Pysslingen Förskolor och Skolor AB;5560354309;312;45;27;64;36;46;40;25;37;35;38;28;27;
Rönnbyskolan;99408329;Västerås;1980;Kommunal;Västerås;2120002080;470;46;10;80;50;52;57;40;49;47;58;53;64;
Rösegårdsskolan;93147654;Västerås;1980;Kommunal;Västerås;2120002080;284;50;68;38;55;44;62;43;42;38;.;.;.;
Skallbergsskolan;78004150;Västerås;1980;Kommunal;Västerås;2120002080;288;50;34;57;52;46;43;58;41;48;.;.;.;
Skiljeboskolan;77449846;Västerås;1980;Kommunal;Västerås;2120002080;316;49;44;43;.;.;.;.;.;.;108;94;114;
Skälbyskolan;50095535;Västerås;1980;Enskild;CK Utbildning AB;5569081150;382;51;46;60;44;44;44;43;43;41;41;39;43;
S:ta Gertruds skola;87496094;Västerås;1980;Kommunal;Västerås;2120002080;123;45;75;32;18;18;16;16;18;37;.;.;.;
Storängsskolan;97101320;Västerås;1980;Kommunal;Västerås;2120002080;191;43;63;40;32;37;32;34;27;29;.;.;.;
Tibbleskolan;26293113;Västerås;1980;Kommunal;Västerås;2120002080;240;48;17;44;63;61;61;55;.;.;.;.;.;
Tillbergaskolan;33439128;Västerås;1980;Kommunal;Västerås;2120002080;470;46;5;53;34;39;51;37;34;35;72;86;82;
Tortunaskolan;85408166;Västerås;1980;Kommunal;Västerås;2120002080;109;50;..;66;20;13;21;14;21;20;.;.;.;
Vallbyskolan;79456355;Västerås;1980;Kommunal;Västerås;2120002080;152;46;91;23;26;36;23;22;25;20;.;.;.;
Vetterstorpsskolan;11729143;Västerås;1980;Kommunal;Västerås;2120002080;82;43;55;50;26;23;21;12;.;.;.;.;.;
Viksängsskolan;35110948;Västerås;1980;Kommunal;Västerås;2120002080;568;36;23;64;.;.;.;.;.;.;202;183;183;
Västerås Internationella Skola & Förskola;77340618;Västerås;1980;Enskild;Utbildningsservice i Västerås AB;5566708615;30;67;97;50;14;9;5;1;1;.;.;.;.;
Västerås Montessoriskola;20160192;Västerås;1980;Enskild;Västerås Montessoriskola AB;5565848420;80;55;25;89;20;22;18;11;4;5;.;.;.;
Västerås Waldorfskola, grund;14896115;Västerås;1980;Enskild;Stiftelsen Västerås Waldorfskola;8780017110;134;42;15;65;15;19;18;13;13;14;8;19;15;
Önstaskolan;84998800;Västerås;1980;Kommunal;Västerås;2120002080;496;46;31;58;.;.;.;.;.;.;148;180;168;
Braås skola;40283052;Växjö;0780;Kommunal;Växjö;2120000662;350;50;40;39;29;22;29;35;32;27;57;63;56;
Bäckaslövskolan;58187316;Växjö;0780;Kommunal;Växjö;2120000662;248;50;15;83;51;50;50;54;43;.;.;.;.;
Centrumskolan;92096622;Växjö;0780;Kommunal;Växjö;2120000662;320;55;89;27;54;56;60;68;39;43;.;.;.;
Dädesjö skola;98761080;Växjö;0780;Kommunal;Växjö;2120000662;24;58;..;67;7;8;9;.;.;.;.;.;.;
Elin Wägnerskolan;49233138;Växjö;0780;Kommunal;Växjö;2120000662;387;49;42;57;.;.;.;.;.;79;114;100;94;
Fagrabäckskolan;29751275;Växjö;0780;Kommunal;Växjö;2120000662;601;48;27;67;.;.;.;.;.;.;219;203;179;
Furuby skola;44232122;Växjö;0780;Kommunal;Växjö;2120000662;56;52;..;68;10;8;11;9;10;8;.;.;.;
Furutåskolan;65877570;Växjö;0780;Kommunal;Växjö;2120000662;182;50;42;56;40;25;26;28;44;19;.;.;.;
Gemla skola;13329040;Växjö;0780;Kommunal;Växjö;2120000662;148;44;11;59;20;32;18;29;28;21;.;.;.;
Gustavslundskolan;86282718;Växjö;0780;Kommunal;Växjö;2120000662;321;44;19;70;59;41;53;50;49;69;.;.;.;
Hovshagaskolan;24632114;Växjö;0780;Kommunal;Växjö;2120000662;286;47;30;68;48;44;51;53;48;42;.;.;.;
Högstorps skola;82426839;Växjö;0780;Kommunal;Växjö;2120000662;278;44;10;83;47;32;55;44;52;48;.;.;.;
Ingelstad skola;95891686;Växjö;0780;Kommunal;Växjö;2120000662;202;46;4;60;35;24;28;38;43;34;.;.;.;
Kalvsviks skola;84568793;Växjö;0780;Kommunal;Växjö;2120000662;24;50;..;58;7;.;17;.;.;.;.;.;.;
Kronoberg Skola;44785862;Växjö;0780;Enskild;Kronoberg Skola Aktiebolag;5566102033;363;53;21;82;.;.;.;.;.;55;113;99;96;
Lammhults skola 4-9;10428911;Växjö;0780;Kommunal;Växjö;2120000662;256;43;39;36;.;.;.;42;46;34;39;44;51;
Lammhults skola F-3;12224943;Växjö;0780;Kommunal;Växjö;2120000662;123;46;41;37;34;46;43;.;.;.;.;.;.;
Lillestadskolan;86848164;Växjö;0780;Kommunal;Växjö;2120000662;273;48;36;64;48;43;44;49;41;48;.;.;.;
Ljungfälleskolan;36698817;Växjö;0780;Kommunal;Växjö;2120000662;311;44;42;68;52;46;48;59;50;56;.;.;.;
Norregårdskolan;12286029;Växjö;0780;Kommunal;Växjö;2120000662;578;48;24;69;.;.;.;.;.;.;210;184;184;
Nöbbele skola;85236752;Växjö;0780;Kommunal;Växjö;2120000662;62;53;..;68;15;7;8;10;17;5;.;.;.;
Pilbäckskolan;12572097;Växjö;0780;Kommunal;Växjö;2120000662;301;50;31;60;46;59;49;49;48;50;.;.;.;
Pär Lagerkvistskolan 7-9;18116804;Växjö;0780;Kommunal;Växjö;2120000662;392;52;9;63;.;.;.;.;.;.;131;144;117;
Pär Lagerkvistskolan F-6;23757669;Växjö;0780;Kommunal;Växjö;2120000662;150;44;16;57;25;20;19;30;24;32;.;.;.;
Ringsbergsskolan;65161034;Växjö;0780;Kommunal;Växjö;2120000662;223;51;40;70;26;23;24;25;26;26;26;24;23;
Sandsbro skola;94928821;Växjö;0780;Kommunal;Växjö;2120000662;404;51;9;76;62;73;59;73;61;76;.;.;.;
Söraby skola;52780309;Växjö;0780;Kommunal;Växjö;2120000662;251;45;16;55;41;40;50;40;37;43;.;.;.;
Teleborg Centrum;72833305;Växjö;0780;Kommunal;Växjö;2120000662;445;51;30;62;.;.;.;.;.;.;167;131;147;
Thoren Framtid i Växjö;69600902;Växjö;0780;Enskild;Thoren Framtid AB;5567497051;373;40;21;63;.;.;.;.;.;25;120;100;128;
Tolg skola;46214380;Växjö;0780;Kommunal;Växjö;2120000662;32;47;..;66;5;8;7;5;7;.;.;.;.;
Torparskolan;12100546;Växjö;0780;Kommunal;Växjö;2120000662;248;48;22;75;50;50;45;51;29;23;.;.;.;
Tävelsås skola;20682865;Växjö;0780;Kommunal;Växjö;2120000662;54;57;..;67;15;22;17;.;.;.;.;.;.;
Ulriksbergskolan;81237364;Växjö;0780;Kommunal;Växjö;2120000662;248;49;47;65;48;50;52;50;48;.;.;.;.;
Uråsa skola;42434752;Växjö;0780;Kommunal;Växjö;2120000662;30;50;..;67;10;12;8;.;.;.;.;.;.;
Vederslövs skola;41466096;Växjö;0780;Kommunal;Växjö;2120000662;130;53;5;66;8;13;10;31;30;38;.;.;.;
Växjö Internationella Grundskola 7-9;20002379;Växjö;0780;Enskild;Lacko Internationella Grundskola AB;5568111123;75;48;60;65;.;.;.;.;.;.;27;21;27;
Växjö Internationella Grundskola F-6;17275630;Växjö;0780;Enskild;Lacko Internationella Grundskola AB;5568111123;133;56;56;77;20;20;20;24;23;26;.;.;.;
Växjö Islamiska skola;11860102;Växjö;0780;Enskild;Stiftelsen Växjö Islamiska Skola;8024242904;178;47;97;43;39;35;36;33;16;19;.;.;.;
Växjö Montessoriskola;14959495;Växjö;0780;Enskild;Stella Montessori AB;5566182662;94;59;30;86;19;16;16;16;17;10;.;.;.;
Åby skola;62677883;Växjö;0780;Kommunal;Växjö;2120000662;72;50;7;72;16;11;10;13;10;12;.;.;.;
Åryds skola;37501814;Växjö;0780;Kommunal;Växjö;2120000662;119;47;14;69;23;22;17;19;22;16;.;.;.;
Öjaby skola;85185429;Växjö;0780;Kommunal;Växjö;2120000662;280;48;6;82;52;46;48;45;44;45;.;.;.;
Ör skola;67006679;Växjö;0780;Kommunal;Växjö;2120000662;19;47;..;84;5;5;9;.;.;.;.;.;.;
Östra Lugnets skola;21706410;Växjö;0780;Kommunal;Växjö;2120000662;432;48;12;83;71;74;73;77;75;62;.;.;.;
Östregårdskolan;81463382;Växjö;0780;Kommunal;Växjö;2120000662;255;49;26;67;48;44;47;48;44;24;.;.;.;
Hestraskolan;48056871;Ydre;0512;Kommunal;Ydre;2120000381;22;45;..;64;8;8;6;.;.;.;.;.;.;
Ydreskolan 1;61969375;Ydre;0512;Kommunal;Ydre;2120000381;79;44;14;46;30;19;30;.;.;.;.;.;.;
Ydreskolan 2;61662490;Ydre;0512;Kommunal;Ydre;2120000381;254;47;19;50;.;.;.;37;34;47;39;48;49;
Backaskolan;10475419;Ystad;1286;Kommunal;Ystad;2120001181;306;50;20;56;54;53;48;52;52;47;.;.;.;
Blekeskolan;12301490;Ystad;1286;Kommunal;Ystad;2120001181;125;58;32;56;.;.;.;36;45;44;.;.;.;
Edvinshemsskolan;31313221;Ystad;1286;Kommunal;Ystad;2120001181;157;45;8;73;50;61;46;.;.;.;.;.;.;
Edvinshusskolan;37803845;Ystad;1286;Kommunal;Ystad;2120001181;142;47;8;71;.;.;.;49;46;47;.;.;.;
Hedeskoga skola;45170446;Ystad;1286;Kommunal;Ystad;2120001181;46;37;..;76;26;20;.;.;.;.;.;.;.;
Kunskapsskolan Ystad;58980145;Ystad;1286;Enskild;Kunskapsskolan i Sverige Aktiebolag;5565661815;451;54;12;73;.;.;.;41;44;42;113;121;90;
Köpingebro skola;68391076;Ystad;1286;Kommunal;Ystad;2120001181;306;47;5;58;48;51;56;50;43;58;.;.;.;
Löderups skola;44841058;Ystad;1286;Kommunal;Ystad;2120001181;119;54;22;49;23;16;28;17;22;13;.;.;.;
Norreportskolan;89680009;Ystad;1286;Kommunal;Ystad;2120001181;510;48;17;56;.;.;.;.;.;.;178;163;169;
Svarteskolan;67247370;Ystad;1286;Kommunal;Ystad;2120001181;160;44;4;73;17;31;30;27;27;28;.;.;.;
Sövestads skola;77838140;Ystad;1286;Kommunal;Ystad;2120001181;139;53;9;70;13;13;38;26;35;14;.;.;.;
Villa Montessori Ystad;53011246;Ystad;1286;Enskild;Monteprenör AB;5567874945;98;51;10;79;18;19;20;15;14;12;.;.;.;
Västerportskolan;54436997;Ystad;1286;Kommunal;Ystad;2120001181;558;50;13;59;27;30;26;23;28;45;146;110;123;
Östra skolan;15399530;Ystad;1286;Kommunal;Ystad;2120001181;101;39;30;57;37;28;36;.;.;.;.;.;.;
Edsleskogs Friskola;25567918;Åmål;1492;Enskild;Föreningen Edsleskogs Friskola;8024439062;39;44;..;56;5;2;3;13;10;6;.;.;.;
Kristinebergskolan 1;57530972;Åmål;1492;Kommunal;Åmål;2120001587;255;50;30;51;.;.;.;.;.;.;100;52;103;
Kristinebergskolan 2;60891289;Åmål;1492;Kommunal;Åmål;2120001587;202;48;32;48;.;.;.;.;.;.;45;105;52;
Natur och Miljöskolan i Åmål;80947842;Åmål;1492;Enskild;Natur- och Miljöskolan i Åmål AB;5568523681;120;58;6;69;20;20;20;20;19;21;.;.;.;
Rösparksskolan 1;84566385;Åmål;1492;Kommunal;Åmål;2120001587;151;44;39;56;38;59;54;.;.;.;.;.;.;
Rösparksskolan2;85981745;Åmål;1492;Kommunal;Åmål;2120001587;155;42;35;47;59;39;57;.;.;.;.;.;.;
Södra skolan 1;55568161;Åmål;1492;Kommunal;Åmål;2120001587;205;54;39;57;.;.;.;.;92;113;.;.;.;
Södra skolan 2;54409376;Åmål;1492;Kommunal;Åmål;2120001587;97;45;35;45;.;.;.;97;.;.;.;.;.;
Tösse skola;79937107;Åmål;1492;Kommunal;Åmål;2120001587;109;49;13;37;13;17;19;19;23;18;.;.;.;
Björkbackaskolan;71108679;Ånge;2260;Kommunal;Ånge;2120002387;190;48;20;51;39;47;34;32;38;.;.;.;.;
Fränstaskolan;17514337;Ånge;2260;Kommunal;Ånge;2120002387;239;49;13;39;16;11;20;11;18;50;39;39;35;
Kordelia Friskola AB;65951625;Ånge;2260;Enskild;Kordelia friskola AB;5565696852;94;45;.;43;9;12;9;7;11;18;10;9;9;
Ljungaskolan;68495182;Ånge;2260;Kommunal;Ånge;2120002387;46;48;11;33;8;6;13;12;7;.;.;.;.;
Minervaskolan;43954518;Ånge;2260;Kommunal;Ånge;2120002387;189;39;13;40;.;.;.;.;.;47;45;53;44;
Torpshammars skola;64255803;Ånge;2260;Kommunal;Ånge;2120002387;53;49;11;42;9;8;12;10;14;.;.;.;.;
Duveds skola 7-9;53536862;Åre;2321;Kommunal;Åre;2120002494;415;53;13;67;21;23;30;55;55;64;57;47;63;
Hallens Kyrkskola F-9;47003034;Åre;2321;Kommunal;Åre;2120002494;134;53;5;54;7;16;20;21;20;15;17;9;9;
Kyrkslättens skola F-6;42149659;Åre;2321;Kommunal;Åre;2120002494;18;50;44;44;3;4;4;1;6;.;.;.;.;
Mörsil F-9;50126333;Åre;2321;Kommunal;Åre;2120002494;295;46;24;49;17;22;20;22;18;17;57;68;54;
Racklöfska skolan F-6;19616441;Åre;2321;Kommunal;Åre;2120002494;116;51;32;35;22;17;16;23;18;20;.;.;.;
Stamgärde skola F-6;58764605;Åre;2321;Kommunal;Åre;2120002494;155;57;8;74;21;23;27;25;36;23;.;.;.;
Åre skola F-3;38418050;Åre;2321;Kommunal;Åre;2120002494;110;45;10;79;32;37;41;.;.;.;.;.;.;
Holmedals skola;71523536;Årjäng;1765;Kommunal;Årjäng;2120001835;47;38;..;49;4;10;7;9;9;8;.;.;.;
Nordmarkens skola H;55304171;Årjäng;1765;Kommunal;Årjäng;2120001835;315;50;24;38;.;.;.;.;.;.;88;118;109;
Nordmarkens skola L;56579896;Årjäng;1765;Kommunal;Årjäng;2120001835;178;52;34;39;56;58;64;.;.;.;.;.;.;
Nordmarkens skola M;43064434;Årjäng;1765;Kommunal;Årjäng;2120001835;177;47;33;37;.;.;.;60;65;52;.;.;.;
Signebyns Friskola;14840621;Årjäng;1765;Enskild;Signebyns friskola ek. för.;7164512696;22;36;27;32;2;6;2;2;5;5;.;.;.;
Smolmark skola;83756242;Årjäng;1765;Kommunal;Årjäng;2120001835;24;71;.;54;2;3;6;9;.;4;.;.;.;
Svensbyn skola;79211046;Årjäng;1765;Kommunal;Årjäng;2120001835;47;55;.;21;11;2;12;7;6;9;.;.;.;
Töcksfors skola LM;77714062;Årjäng;1765;Kommunal;Årjäng;2120001835;182;47;27;34;30;23;35;30;30;34;.;.;.;
Fredrika skola;56562631;Åsele;2463;Kommunal;Åsele;2120002791;13;38;38;46;2;1;1;1;5;3;.;.;.;
Åsele Centralskola åk 1 - 9;43833784;Åsele;2463;Kommunal;Åsele;2120002791;222;46;19;38;21;27;16;27;20;29;30;26;26;
Björnekullaskolan;97128428;Åstorp;1277;Kommunal;Åstorp;2120000936;468;52;36;45;.;.;.;.;.;.;158;151;159;
Haganässkolan;31894674;Åstorp;1277;Kommunal;Åstorp;2120000936;218;49;72;28;41;41;35;38;29;34;.;.;.;
Hyllinge skola;11662899;Åstorp;1277;Kommunal;Åstorp;2120000936;443;46;28;45;40;52;49;48;34;39;59;60;62;
Kvidinge skola;10402832;Åstorp;1277;Kommunal;Åstorp;2120000936;176;49;19;40;26;33;28;27;31;31;.;.;.;
Nyvångs skola;59667741;Åstorp;1277;Kommunal;Åstorp;2120000936;141;44;37;33;23;24;23;23;23;25;.;.;.;
Rågenskolan;73867676;Åstorp;1277;Kommunal;Åstorp;2120000936;213;55;45;43;34;31;29;37;44;38;.;.;.;
Tingdalsskolan;19755937;Åstorp;1277;Kommunal;Åstorp;2120000936;292;45;19;60;42;44;43;53;52;58;.;.;.;
Alléskolan  4-6;65858187;Åtvidaberg;0561;Kommunal;Åtvidaberg;2120000415;271;46;14;42;.;.;.;82;98;91;.;.;.;
Alléskolan  7-9;56528690;Åtvidaberg;0561;Kommunal;Åtvidaberg;2120000415;369;53;11;50;.;.;.;.;.;.;137;110;122;
Björsäters skola;43771345;Åtvidaberg;0561;Kommunal;Åtvidaberg;2120000415;67;58;..;55;9;18;7;11;12;10;.;.;.;
Centralskolan;51207895;Åtvidaberg;0561;Kommunal;Åtvidaberg;2120000415;239;51;14;41;89;87;63;.;.;.;.;.;.;
Grebo skola;90303058;Åtvidaberg;0561;Kommunal;Åtvidaberg;2120000415;137;44;4;62;35;17;22;30;22;11;.;.;.;
Bråthults Friskola;57408646;Älmhult;0765;Enskild;Virestads Friskola Ekonomisk förening;7696194153;35;43;..;63;8;7;13;7;.;.;.;.;.;
Diö skola;93625542;Älmhult;0765;Kommunal;Älmhult;2120000647;115;43;20;44;16;20;11;26;20;22;.;.;.;
Elmeskolan;19901289;Älmhult;0765;Kommunal;Älmhult;2120000647;164;53;70;43;35;26;27;23;28;25;.;.;.;
Gemöskolan;29959232;Älmhult;0765;Kommunal;Älmhult;2120000647;259;48;51;41;36;43;46;44;48;42;.;.;.;
Klöxhultsskolan 1;43289789;Älmhult;0765;Kommunal;Älmhult;2120000647;190;53;14;66;61;58;71;.;.;.;.;.;.;
Klöxhultsskolan 2;44047778;Älmhult;0765;Kommunal;Älmhult;2120000647;227;46;18;65;.;.;.;70;83;74;.;.;.;
Liatorps skola;73255943;Älmhult;0765;Kommunal;Älmhult;2120000647;40;53;20;33;12;14;14;.;.;.;.;.;.;
Linnéskolan 1;53191534;Älmhult;0765;Kommunal;Älmhult;2120000647;241;48;33;40;.;.;.;.;.;.;74;81;86;
Linnéskolan 2;66184918;Älmhult;0765;Kommunal;Älmhult;2120000647;234;47;28;46;.;.;.;.;.;.;78;81;75;
Ryfors skola;27479345;Älmhult;0765;Kommunal;Älmhult;2120000647;40;55;13;55;13;9;8;10;.;.;.;.;.;
The Intern. School of Älmhult*;64505955;Älmhult;0765;Kommunal;Älmhult;2120000647;349;45;80;77;49;51;45;57;43;25;30;28;21;
Thoren Framtid i Älmhult;84756527;Älmhult;0765;Enskild;Thoren Framtid AB;5567497051;135;52;39;41;.;.;.;7;11;16;30;48;23;
Virestads Friskola;28837069;Älmhult;0765;Enskild;Virestads Friskola Ekonomisk förening;7696194153;74;49;15;62;12;10;11;10;22;9;.;.;.;
Älmhults Montessoriskola;60286462;Älmhult;0765;Kommunal;Älmhult;2120000647;63;44;41;78;13;11;13;7;10;9;.;.;.;
Buskoviusskolan;45898861;Älvdalen;2039;Kommunal;Älvdalen;2120002197;34;38;..;18;9;9;9;7;.;.;.;.;.;
Gläntan;29038303;Älvdalen;2039;Kommunal;Älvdalen;2120002197;77;51;10;43;.;.;19;18;19;21;.;.;.;
Höjden;73340669;Älvdalen;2039;Kommunal;Älvdalen;2120002197;74;50;14;43;30;44;.;.;.;.;.;.;.;
Montessori;93434735;Älvdalen;2039;Kommunal;Älvdalen;2120002197;72;35;25;40;.;.;19;15;16;22;.;.;.;
Rot skola;20822919;Älvdalen;2039;Kommunal;Älvdalen;2120002197;125;50;..;45;14;27;21;19;24;20;.;.;.;
Strandskolan;81918902;Älvdalen;2039;Kommunal;Älvdalen;2120002197;129;53;7;32;11;10;11;12;20;20;15;11;19;
Älvdalsskolan;88076955;Älvdalen;2039;Kommunal;Älvdalen;2120002197;202;52;13;37;.;.;.;.;.;.;66;69;67;
Bodaskolan;13537290;Älvkarleby;0319;Kommunal;Älvkarleby;2120000258;141;47;42;40;27;28;24;27;18;17;.;.;.;
Rotskärsskolan 7-9;96982474;Älvkarleby;0319;Kommunal;Älvkarleby;2120000258;221;46;20;48;.;.;.;.;.;.;72;76;73;
Rotskärsskolan F-6;41187189;Älvkarleby;0319;Kommunal;Älvkarleby;2120000258;190;49;22;44;30;41;24;34;21;40;.;.;.;
Sörgärdets skola;51085265;Älvkarleby;0319;Kommunal;Älvkarleby;2120000258;205;46;15;51;34;23;41;30;39;38;.;.;.;
Älvboda friskola;74070812;Älvkarleby;0319;Enskild;Friskolan i Skutskär Ekonomisk Förening;7696039135;240;47;15;48;39;18;27;21;26;22;28;27;32;
Knut Lundmarkskolan;92553260;Älvsbyn;2560;Kommunal;Älvsbyn;2120002734;160;51;16;43;62;55;41;2;.;.;.;.;.;
Korsträskskolan;94494341;Älvsbyn;2560;Kommunal;Älvsbyn;2120002734;12;58;.;..;5;4;3;.;.;.;.;.;.;
Parkskolan;87068079;Älvsbyn;2560;Kommunal;Älvsbyn;2120002734;299;47;21;40;21;17;43;71;74;73;.;.;.;
Vidselskolan;86476920;Älvsbyn;2560;Kommunal;Älvsbyn;2120002734;86;53;33;30;10;8;6;14;10;5;9;9;15;
Vistträskskolan;39729986;Älvsbyn;2560;Kommunal;Älvsbyn;2120002734;9;67;..;..;.;9;.;.;.;.;.;.;.;
Älvåkraskolan;32970785;Älvsbyn;2560;Kommunal;Älvsbyn;2120002734;242;44;19;36;.;.;.;.;.;.;76;85;81;
Errarps skola;82828044;Ängelholm;1292;Kommunal;Ängelholm;2120000977;333;49;5;85;45;46;65;56;50;71;.;.;.;
Kungsgårdsskolan Ro 1;51900988;Ängelholm;1292;Kommunal;Ängelholm;2120000977;219;52;18;64;.;.;.;.;.;.;77;72;70;
Kungsgårdsskolan Ro 2;49648821;Ängelholm;1292;Kommunal;Ängelholm;2120000977;196;55;20;66;.;.;.;.;.;.;48;74;74;
Magnarps skola Ro 1;49455969;Ängelholm;1292;Kommunal;Ängelholm;2120000977;258;53;9;76;.;.;.;48;37;36;48;50;39;
Magnarps skola Ro 2;49539818;Ängelholm;1292;Kommunal;Ängelholm;2120000977;95;54;11;77;31;35;29;.;.;.;.;.;.;
Nyhemsskolan Ro 1;49730992;Ängelholm;1292;Kommunal;Ängelholm;2120000977;252;46;18;64;.;.;.;.;.;.;78;88;86;
Nyhemsskolan Ro 2;49786332;Ängelholm;1292;Kommunal;Ängelholm;2120000977;218;49;20;63;.;.;.;.;.;.;54;83;81;
Rebbelberga skola Ro 1;49868503;Ängelholm;1292;Kommunal;Ängelholm;2120000977;405;50;38;57;.;81;87;72;80;85;.;.;.;
Rebbelberga skola Ro 2;49950675;Ängelholm;1292;Kommunal;Ängelholm;2120000977;86;51;37;52;86;.;.;.;.;.;.;.;.;
Strövelstorps skola Ro 1;34909954;Ängelholm;1292;Kommunal;Ängelholm;2120000977;266;50;26;36;.;.;.;44;37;42;52;44;47;
Strövelstorps skola Ro 2;34992126;Ängelholm;1292;Kommunal;Ängelholm;2120000977;115;63;24;40;36;42;37;.;.;.;.;.;.;
Södra Utmarkens skola Ro 1;34797598;Ängelholm;1292;Kommunal;Ängelholm;2120000977;201;43;6;65;.;.;50;48;50;53;.;.;.;
Södra Utmarkens skola Ro 2;34826106;Ängelholm;1292;Kommunal;Ängelholm;2120000977;95;49;9;75;47;48;.;.;.;.;.;.;.;
Söndrebalgs skola Ro 1;62412121;Ängelholm;1292;Kommunal;Ängelholm;2120000977;100;46;11;64;55;45;.;.;.;.;.;.;.;
Söndrebalgs skola Ro2;62301442;Ängelholm;1292;Kommunal;Ängelholm;2120000977;275;49;11;55;.;.;44;48;41;35;42;30;35;
Toftaskolan;51497405;Ängelholm;1292;Kommunal;Ängelholm;2120000977;647;48;14;51;73;69;80;63;70;81;72;78;61;
Vejbystrands skola;39381869;Ängelholm;1292;Enskild;Vejbystrands Skola och Förskola Ekonomisk förening;7164063872;79;44;13;78;14;15;12;14;16;8;.;.;.;
Villanskolan Ro 1;50088186;Ängelholm;1292;Kommunal;Ängelholm;2120000977;276;46;26;57;.;.;.;81;89;106;.;.;.;
Villanskolan Ro 2;50198866;Ängelholm;1292;Kommunal;Ängelholm;2120000977;236;47;26;53;73;72;91;.;.;.;.;.;.;
Ängelholms Montessoriskola;78910791;Ängelholm;1292;Kommunal;Ängelholm;2120000977;152;52;11;73;21;22;30;28;26;25;.;.;.;
Össjö skola;36962579;Ängelholm;1292;Kommunal;Ängelholm;2120000977;56;55;18;46;17;9;6;10;8;6;.;.;.;
Bergagårdsskolan;46441044;Öckerö;1407;Kommunal;Öckerö;2120001280;223;49;6;65;34;37;42;30;43;37;.;.;.;
Betelskolan;65677988;Öckerö;1407;Enskild;Betelförsamlingens Skolstiftelse;8024250972;128;47;9;69;10;9;18;13;20;20;18;11;9;
Brattebergsskolan 7-9;85862849;Öckerö;1407;Kommunal;Öckerö;2120001280;252;52;8;63;.;.;.;.;.;.;78;92;82;
Brattebergsskolan F-6;85969404;Öckerö;1407;Kommunal;Öckerö;2120001280;133;51;23;66;19;15;20;25;28;26;.;.;.;
Fotö skola;53126890;Öckerö;1407;Kommunal;Öckerö;2120001280;37;41;..;41;5;3;6;6;5;12;.;.;.;
Hedens skola 7-9;92940771;Öckerö;1407;Kommunal;Öckerö;2120001280;211;46;6;52;.;.;.;.;.;.;71;70;70;
Hedens skola F-6;74987592;Öckerö;1407;Kommunal;Öckerö;2120001280;132;53;8;62;18;22;24;24;26;18;.;.;.;
Hälsö skola;20144959;Öckerö;1407;Kommunal;Öckerö;2120001280;44;52;11;59;3;3;14;7;8;9;.;.;.;
Kompassenskolan;36423290;Öckerö;1407;Kommunal;Öckerö;2120001280;143;47;4;71;23;23;22;26;27;22;.;.;.;
Rörö skola;22044740;Öckerö;1407;Kommunal;Öckerö;2120001280;6;..;..;..;1;4;1;.;.;.;.;.;.;
Västergårdsskolan;70498449;Öckerö;1407;Kommunal;Öckerö;2120001280;127;53;5;70;18;22;22;19;21;25;.;.;.;
Fridtjuv Bergskolan;79095423;Ödeshög;0509;Kommunal;Ödeshög;2120000373;229;40;24;44;47;36;42;49;55;.;.;.;.;
Lysingskolan;34255565;Ödeshög;0509;Kommunal;Ödeshög;2120000373;233;47;17;43;.;.;.;.;.;53;67;51;62;
Rök skola;68897220;Ödeshög;0509;Kommunal;Ödeshög;2120000373;28;43;..;46;10;7;11;.;.;.;.;.;.;
Adolfsbergsskolan 7-9;47684564;Örebro;1880;Kommunal;Örebro;2120001967;430;45;16;69;.;.;.;.;.;1;149;138;142;
Adolfsbergsskolan F-6;28337496;Örebro;1880;Kommunal;Örebro;2120001967;403;42;13;77;66;58;69;72;66;72;.;.;.;
Al-Azhar skolan Mellringe;76760571;Örebro;1880;Enskild;Al-Azhar Stiftelsen;8750028402;86;53;92;20;.;.;26;23;18;19;.;.;.;
Al-Azhar skolan Vivalla;77179813;Örebro;1880;Enskild;Al-Azhar Stiftelsen;8750028402;58;53;90;19;32;26;.;.;.;.;.;.;.;
Almbro skola;20662016;Örebro;1880;Kommunal;Örebro;2120001967;118;55;5;72;19;22;24;23;30;.;.;.;.;
Almby skola 4-6;93420725;Örebro;1880;Kommunal;Örebro;2120001967;266;50;12;76;.;.;.;100;85;81;.;.;.;
Almby skola 7-9;22049573;Örebro;1880;Kommunal;Örebro;2120001967;389;46;33;52;.;.;.;.;.;.;131;115;143;
Almby skola F-3;94264239;Örebro;1880;Kommunal;Örebro;2120001967;231;46;14;84;69;62;100;.;.;.;.;.;.;
Alsalam;99730324;Örebro;1880;Enskild;Skandinaviska Stiftelsen För Utbildning;8750037080;277;61;97;51;39;33;41;33;36;21;25;27;22;
Askers skola;30738069;Örebro;1880;Kommunal;Örebro;2120001967;36;42;..;58;12;13;11;.;.;.;.;.;.;
Björkhagaskolan;61730546;Örebro;1880;Kommunal;Örebro;2120001967;124;44;23;73;42;41;41;.;.;.;.;.;.;
Brickebackens skola;52031697;Örebro;1880;Kommunal;Örebro;2120001967;226;44;72;22;38;40;36;35;41;36;.;.;.;
Brukets skola;30929461;Örebro;1880;Kommunal;Örebro;2120001967;90;40;83;37;41;22;27;.;.;.;.;.;.;
Brunnsskolan;50047434;Örebro;1880;Kommunal;Örebro;2120001967;402;49;11;78;76;66;70;64;67;59;.;.;.;
Eklundaskolan;72004455;Örebro;1880;Kommunal;Örebro;2120001967;205;45;23;74;28;49;49;35;44;.;.;.;.;
Engelbrektsskolan;82807694;Örebro;1880;Kommunal;Örebro;2120001967;729;48;37;50;.;.;.;80;68;90;161;133;197;
Ervalla skola;40703394;Örebro;1880;Kommunal;Örebro;2120001967;97;57;7;64;21;17;11;18;19;11;.;.;.;
Fridhems friskola;98267471;Örebro;1880;Enskild;Fridhems Friskolas Ekonomiska Förening;7696014781;31;45;16;45;12;2;7;6;4;.;.;.;.;
Fyren Ekalmens skola;35718563;Örebro;1880;Enskild;Fyren EkAlmen AB;5568568629;236;43;9;84;5;97;47;46;32;9;.;.;.;
Föräldrakoop. Tysslinge skola;88115091;Örebro;1880;Enskild;Föräldrakooperativet TYSSLINGE SKOLA, Ekonomisk förening;7164532132;86;57;.;78;15;13;13;15;15;15;.;.;.;
Garphyttans skola;89477947;Örebro;1880;Kommunal;Örebro;2120001967;186;47;9;56;30;33;32;26;27;38;.;.;.;
Glanshammars skola;17183375;Örebro;1880;Kommunal;Örebro;2120001967;331;47;4;68;62;56;57;63;50;43;.;.;.;
Grenadjärskolan;36409468;Örebro;1880;Enskild;Stiftelsen Grenadjärskolan;8750024062;191;51;36;64;23;23;24;23;23;22;20;20;13;
Gumaeliusskolan;74902204;Örebro;1880;Kommunal;Örebro;2120001967;713;47;43;50;.;.;.;.;.;.;242;236;235;
Hagaskolan;17643323;Örebro;1880;Kommunal;Örebro;2120001967;289;44;79;23;37;30;39;50;67;66;.;.;.;
Hampetorps skola;57519823;Örebro;1880;Kommunal;Örebro;2120001967;37;41;.;70;5;9;1;7;9;6;.;.;.;
Hannaskolan;13390547;Örebro;1880;Enskild;Stiftelsen Hannaskolan;8750023650;252;48;18;72;28;28;28;28;29;28;30;25;28;
Hovstaskolan 4-6;87472574;Örebro;1880;Kommunal;Örebro;2120001967;217;48;10;79;.;.;.;80;71;66;.;.;.;
Hovstaskolan F-3;91629136;Örebro;1880;Kommunal;Örebro;2120001967;229;48;10;79;73;73;83;.;.;.;.;.;.;
Internationella Engelska Skolan Örebro;23908629;Örebro;1880;Enskild;Internationella Engelska Skolan i Sverige AB;5564624368;621;51;18;83;.;.;.;62;62;124;124;125;124;
JENSEN grundskola Örebro;94248837;Örebro;1880;Enskild;Jensen Education College AB;5566358759;217;46;29;61;.;.;.;.;.;32;60;64;61;
Johannaskolan Örebro Waldorfskola;11909268;Örebro;1880;Enskild;Stiftelsen Johannaskolan Örebro Waldorfskola;8750013859;202;56;12;78;28;22;25;21;29;22;18;18;19;
Karl Johans skola;28067210;Örebro;1880;Enskild;Pysslingen Förskolor och Skolor AB;5560354309;545;66;10;79;.;.;.;90;90;91;90;93;91;
Kilsmo skola;81643358;Örebro;1880;Kommunal;Örebro;2120001967;3;..;..;..;1;1;1;.;.;.;.;.;.;
Kryddgårdsskolan;63524247;Örebro;1880;Kommunal;Örebro;2120001967;76;59;13;67;26;24;26;.;.;.;.;.;.;
Kunskapsskolan Örebro;76018506;Örebro;1880;Enskild;Kunskapsskolan i Sverige Aktiebolag;5565661815;416;54;13;73;.;.;.;.;.;111;103;104;98;
Latorps skola;66004397;Örebro;1880;Kommunal;Örebro;2120001967;59;36;..;78;20;21;18;.;.;.;.;.;.;
Lillåns skola 7-9;84774734;Örebro;1880;Kommunal;Örebro;2120001967;457;46;24;66;.;.;.;.;.;.;158;131;168;
Lillåns skola F-6;63158277;Örebro;1880;Kommunal;Örebro;2120001967;284;45;14;73;28;57;46;54;52;47;.;.;.;
Lillåns Södra skola;31288135;Örebro;1880;Kommunal;Örebro;2120001967;170;54;13;78;39;30;27;26;26;22;.;.;.;
Lundbyskolan;69293291;Örebro;1880;Kommunal;Örebro;2120001967;244;49;62;40;39;45;39;37;48;36;.;.;.;
Magelungens grundskola Örebro;27319904;Örebro;1880;Enskild;Magelungen Utveckling AB;5564891447;12;..;..;42;.;.;.;.;1;2;1;2;6;
Mariebergsskolan;49973795;Örebro;1880;Kommunal;Örebro;2120001967;247;42;7;79;48;45;42;31;38;43;.;.;.;
Mellringeskolan 7-9;26290434;Örebro;1880;Kommunal;Örebro;2120001967;354;40;48;44;.;.;.;.;.;3;143;90;118;
Mellringeskolan F-6;95079835;Örebro;1880;Kommunal;Örebro;2120001967;295;46;64;36;37;64;40;69;43;42;.;.;.;
Mosjö skola;29032881;Örebro;1880;Kommunal;Örebro;2120001967;160;48;9;71;31;42;21;22;27;17;.;.;.;
Navet;12248380;Örebro;1880;Kommunal;Örebro;2120001967;236;44;31;64;.;.;.;.;.;.;89;86;61;
Nikolaiskolan;68166713;Örebro;1880;Kommunal;Örebro;2120001967;159;60;53;38;.;.;.;.;.;.;76;77;6;
Norrbyskolan;14513548;Örebro;1880;Kommunal;Örebro;2120001967;494;48;17;72;107;103;82;76;72;54;.;.;.;
Nya Karlslundsskolan;91287311;Örebro;1880;Enskild;Karlslunds If:S Herrfotbollsklubb;8750008438;164;49;23;66;24;25;25;30;30;30;.;.;.;
Närkes Kils skola;73709415;Örebro;1880;Kommunal;Örebro;2120001967;108;58;..;64;15;27;18;15;21;12;.;.;.;
Odenskolan;66382532;Örebro;1880;Kommunal;Örebro;2120001967;298;53;11;44;19;25;20;24;31;31;50;51;47;
Olaus Petriskolan 7-9;94395043;Örebro;1880;Kommunal;Örebro;2120001967;257;49;33;58;.;.;.;.;.;.;78;98;81;
Olaus Petriskolan F-6;93918784;Örebro;1880;Kommunal;Örebro;2120001967;252;48;37;50;43;28;53;51;52;25;.;.;.;
Rostaskolan 4-6;18324124;Örebro;1880;Kommunal;Örebro;2120001967;215;49;39;51;.;.;.;72;72;71;.;.;.;
Rostaskolan F-3;42072415;Örebro;1880;Kommunal;Örebro;2120001967;210;51;39;55;68;69;73;.;.;.;.;.;.;
Stora Mellösa skola;61320743;Örebro;1880;Kommunal;Örebro;2120001967;152;46;..;56;25;35;27;30;22;13;.;.;.;
Stureskolan;18025305;Örebro;1880;Kommunal;Örebro;2120001967;199;47;25;67;65;61;73;.;.;.;.;.;.;
Sveaskolan;40616699;Örebro;1880;Kommunal;Örebro;2120001967;155;50;64;41;25;25;27;24;26;28;.;.;.;
Sörbyskolan;67734232;Örebro;1880;Kommunal;Örebro;2120001967;184;42;37;52;25;25;26;30;46;32;.;.;.;
Sörbyängsskolan;70976533;Örebro;1880;Kommunal;Örebro;2120001967;205;43;23;67;27;42;44;37;26;29;.;.;.;
Tegnérskolan;19204501;Örebro;1880;Kommunal;Örebro;2120001967;140;61;36;59;49;50;41;.;.;.;.;.;.;
Tybblelundsskolan;51948478;Örebro;1880;Kommunal;Örebro;2120001967;152;46;11;84;75;77;.;.;.;.;.;.;.;
Viktoriaskolan;19742982;Örebro;1880;Enskild;Brickebergskyrkans Skolstiftelse;8750034491;207;47;41;59;24;25;25;21;25;26;24;18;19;
Vintrosa skola;38054320;Örebro;1880;Kommunal;Örebro;2120001967;196;46;..;70;23;16;43;42;38;34;.;.;.;
Vivallaskolan 4-6;47836928;Örebro;1880;Kommunal;Örebro;2120001967;193;45;90;12;.;.;.;53;70;70;.;.;.;
Vivallaskolan F-3;37730120;Örebro;1880;Kommunal;Örebro;2120001967;222;50;91;12;73;82;67;.;.;.;.;.;.;
Västra Engelbrektsskolan;57966953;Örebro;1880;Kommunal;Örebro;2120001967;430;50;72;40;43;33;35;61;50;49;52;52;55;
Wallerska skolan;61540405;Örebro;1880;Kommunal;Örebro;2120001967;299;48;43;58;52;53;54;49;48;43;.;.;.;
Änglandaskolan;60272834;Örebro;1880;Kommunal;Örebro;2120001967;289;46;36;59;59;25;49;38;58;60;.;.;.;
Ölmbrotorps skola;13824623;Örebro;1880;Kommunal;Örebro;2120001967;71;56;7;65;13;13;10;15;10;10;.;.;.;
Beringskolan;45573931;Örkelljunga;1257;Kommunal;Örkelljunga;2120000878;302;49;31;42;52;54;38;49;57;52;.;.;.;
Bokelundaskolan;75730222;Örkelljunga;1257;Kommunal;Örkelljunga;2120000878;95;55;18;42;13;18;16;21;16;11;.;.;.;
Ekets skola;68313632;Örkelljunga;1257;Kommunal;Örkelljunga;2120000878;45;47;16;53;11;8;10;3;7;6;.;.;.;
Kungsskolan;45558673;Örkelljunga;1257;Kommunal;Örkelljunga;2120000878;288;52;32;34;.;.;.;.;.;.;92;103;93;
Mårdenskolan;13496497;Örkelljunga;1257;Kommunal;Örkelljunga;2120000878;146;40;21;41;25;24;26;28;21;22;.;.;.;
Solängskolan;10757780;Örkelljunga;1257;Enskild;Kristna Skolföreningen i Örkelljunga;8376003672;89;44;10;60;2;13;3;14;10;8;15;17;7;
Tockarps skola;75453654;Örkelljunga;1257;Kommunal;Örkelljunga;2120000878;33;48;..;45;9;8;3;5;3;5;.;.;.;
von Reisers skola;98085936;Örkelljunga;1257;Kommunal;Örkelljunga;2120000878;53;45;42;32;6;12;3;12;10;10;.;.;.;
Alneskolan 5-9;38278821;Örnsköldsvik;2284;Kommunal;Örnsköldsvik;2120002445;261;53;3;78;.;.;.;.;61;53;50;41;56;
Alneskolan F-4;69067954;Örnsköldsvik;2284;Kommunal;Örnsköldsvik;2120002445;139;49;..;83;40;31;34;34;.;.;.;.;.;
Anundsjöskolan;51597705;Örnsköldsvik;2284;Kommunal;Örnsköldsvik;2120002445;298;45;13;47;23;21;20;27;13;25;59;63;47;
Banafjälskolan;34074601;Örnsköldsvik;2284;Kommunal;Örnsköldsvik;2120002445;45;51;..;69;10;11;5;7;3;9;.;.;.;
Bjästaskolan 7-9;56331671;Örnsköldsvik;2284;Kommunal;Örnsköldsvik;2120002445;222;47;9;50;.;.;.;.;.;.;81;68;73;
Bjästaskolan F-6;54267727;Örnsköldsvik;2284;Kommunal;Örnsköldsvik;2120002445;186;54;18;52;30;23;37;29;35;32;.;.;.;
Björnaskolan;24396451;Örnsköldsvik;2284;Kommunal;Örnsköldsvik;2120002445;153;50;16;39;11;11;10;7;17;14;31;21;31;
Broskolan Ö-viks Kristna skola;32866578;Örnsköldsvik;2284;Enskild;Broskolan AB;5567091391;99;40;12;58;14;3;11;5;9;9;17;16;15;
Bäckagårdsskolan;50936464;Örnsköldsvik;2284;Enskild;Impius Vård och Utbildning AB;5566824693;17;..;..;29;.;.;.;1;1;3;.;8;4;
Domsjöskolan;61303295;Örnsköldsvik;2284;Kommunal;Örnsköldsvik;2120002445;294;49;10;65;47;51;46;55;52;43;.;.;.;
Geneskolan;87606101;Örnsköldsvik;2284;Kommunal;Örnsköldsvik;2120002445;391;52;12;64;.;.;.;.;.;.;132;128;131;
Gideåskolan;93703083;Örnsköldsvik;2284;Kommunal;Örnsköldsvik;2120002445;55;36;..;51;10;9;9;11;8;8;.;.;.;
Gottne Byskola;99343485;Örnsköldsvik;2284;Enskild;Gottnebygdens Samhällsförening;8896011528;36;61;.;69;5;6;6;10;3;6;.;.;.;
Haffstaskolan;78390970;Örnsköldsvik;2284;Kommunal;Örnsköldsvik;2120002445;55;38;..;73;20;10;25;.;.;.;.;.;.;
Hemlingskolan;98918972;Örnsköldsvik;2284;Kommunal;Örnsköldsvik;2120002445;54;56;9;50;7;5;10;11;9;12;.;.;.;
Husumskolan;33732345;Örnsköldsvik;2284;Kommunal;Örnsköldsvik;2120002445;258;51;11;50;26;21;27;23;24;35;33;30;39;
Hållängetskolan;45432132;Örnsköldsvik;2284;Kommunal;Örnsköldsvik;2120002445;191;39;5;73;24;45;27;22;37;36;.;.;.;
Höglandskolan F-9;65235434;Örnsköldsvik;2284;Kommunal;Örnsköldsvik;2120002445;326;47;6;74;58;45;67;52;61;43;.;.;.;
Höglidenskolan;29574820;Örnsköldsvik;2284;Kommunal;Örnsköldsvik;2120002445;312;48;34;54;.;.;.;.;.;.;102;107;103;
Idbynskolan;17783822;Örnsköldsvik;2284;Kommunal;Örnsköldsvik;2120002445;79;38;.;59;20;11;22;14;12;.;.;.;.;
Järvedskolan;80221984;Örnsköldsvik;2284;Kommunal;Örnsköldsvik;2120002445;100;47;7;85;20;21;28;31;.;.;.;.;.;
Köpmanholmenskolan;69869637;Örnsköldsvik;2284;Kommunal;Örnsköldsvik;2120002445;124;48;12;60;21;17;21;21;21;23;.;.;.;
Mellanselskolan;12881185;Örnsköldsvik;2284;Kommunal;Örnsköldsvik;2120002445;108;55;45;31;19;15;22;18;19;15;.;.;.;
Moskolan;74014148;Örnsköldsvik;2284;Kommunal;Örnsköldsvik;2120002445;51;43;..;51;11;6;7;10;6;11;.;.;.;
Mycklingskolan;90461500;Örnsköldsvik;2284;Kommunal;Örnsköldsvik;2120002445;87;49;..;76;21;33;33;.;.;.;.;.;.;
Norrflärkeskolan;28914847;Örnsköldsvik;2284;Kommunal;Örnsköldsvik;2120002445;29;66;.;52;8;3;3;3;5;7;.;.;.;
Sidensjöskolan;21175613;Örnsköldsvik;2284;Kommunal;Örnsköldsvik;2120002445;77;47;.;69;6;16;13;9;15;18;.;.;.;
Själevadskolan 7-9;49933363;Örnsköldsvik;2284;Kommunal;Örnsköldsvik;2120002445;254;51;6;73;.;.;.;.;.;.;81;83;90;
Själevadskolan F-6;67248275;Örnsköldsvik;2284;Kommunal;Örnsköldsvik;2120002445;312;50;9;68;24;28;29;87;73;71;.;.;.;
Skorpedskolan;43952255;Örnsköldsvik;2284;Kommunal;Örnsköldsvik;2120002445;34;59;..;47;6;4;4;5;7;8;.;.;.;
Skärpeskolan;55502365;Örnsköldsvik;2284;Kommunal;Örnsköldsvik;2120002445;74;55;..;78;22;23;29;.;.;.;.;.;.;
Sundskolan;57766858;Örnsköldsvik;2284;Kommunal;Örnsköldsvik;2120002445;274;51;15;66;48;54;43;52;37;40;.;.;.;
Sörlidenskolan F-6;42897421;Örnsköldsvik;2284;Kommunal;Örnsköldsvik;2120002445;249;47;64;43;32;26;36;40;60;55;.;.;.;
Trehörningsjöskolan;29529489;Örnsköldsvik;2284;Kommunal;Örnsköldsvik;2120002445;7;..;..;..;3;2;2;.;.;.;.;.;.;
Västanåskolan;10638673;Örnsköldsvik;2284;Enskild;Västanåskolans Ekonomiska förening;7696129191;36;47;..;47;5;7;5;8;9;2;.;.;.;
Ängetskolan 4-9;82726493;Örnsköldsvik;2284;Kommunal;Örnsköldsvik;2120002445;394;50;13;60;.;.;.;46;96;58;80;42;72;
Ängetskolan F-3;10788890;Örnsköldsvik;2284;Kommunal;Örnsköldsvik;2120002445;144;41;13;61;44;47;53;.;.;.;.;.;.;
Örnsköldskolan;34325679;Örnsköldsvik;2284;Kommunal;Örnsköldsvik;2120002445;102;52;55;50;41;30;31;.;.;.;.;.;.;
Arnljotskolan;29327326;Östersund;2380;Kommunal;Östersund;2120002528;190;44;7;79;65;64;61;.;.;.;.;.;.;
Bringåsens skola;25996230;Östersund;2380;Kommunal;Östersund;2120002528;55;45;.;58;8;10;11;10;9;7;.;.;.;
Böle Byskola;59115663;Östersund;2380;Enskild;Böle Byskola AB;5566304613;108;49;5;77;21;22;19;23;23;.;.;.;.;
Fagervallsskolan;48088172;Östersund;2380;Kommunal;Östersund;2120002528;200;44;24;51;36;43;43;39;39;.;.;.;.;
Fjällängsskolan;73770265;Östersund;2380;Kommunal;Östersund;2120002528;225;53;15;59;47;46;48;38;46;.;.;.;.;
Friggaskolan;58922041;Östersund;2380;Enskild;Pysslingen Förskolor och Skolor AB;5560354309;430;52;5;85;48;48;48;48;48;48;48;48;46;
Fåker skola;53530516;Östersund;2380;Kommunal;Östersund;2120002528;34;47;..;44;9;5;7;5;8;.;.;.;.;
Häggenås skola;91138542;Östersund;2380;Kommunal;Östersund;2120002528;81;56;..;51;10;13;16;18;12;12;.;.;.;
Kastalskolan 4-6;17610563;Östersund;2380;Kommunal;Östersund;2120002528;204;51;3;60;.;.;.;49;49;106;.;.;.;
Kastalskolan 7-9;17831923;Östersund;2380;Kommunal;Östersund;2120002528;245;47;5;57;.;.;.;.;.;.;90;80;75;
Körfältsskolan;31463027;Östersund;2380;Kommunal;Östersund;2120002528;89;42;49;36;19;16;18;15;21;.;.;.;.;
Lillsjöskolan;46449974;Östersund;2380;Kommunal;Östersund;2120002528;222;55;5;79;42;44;51;46;39;.;.;.;.;
Lugnviksskolan 4-9;92256788;Östersund;2380;Kommunal;Östersund;2120002528;208;41;14;64;.;.;.;35;42;46;27;28;30;
Lugnviksskolan F-3;92022013;Östersund;2380;Kommunal;Östersund;2120002528;110;45;12;71;36;37;37;.;.;.;.;.;.;
Marieby skola;88411191;Östersund;2380;Kommunal;Östersund;2120002528;58;47;..;84;10;13;10;12;13;.;.;.;.;
Mimergården;53882684;Östersund;2380;Kommunal;Östersund;2120002528;193;48;40;41;37;48;38;35;35;.;.;.;.;
Norra Skolan;42715994;Östersund;2380;Kommunal;Östersund;2120002528;208;52;32;60;43;42;45;38;40;.;.;.;.;
Odenslundsskolan;91907646;Östersund;2380;Kommunal;Östersund;2120002528;118;55;25;56;25;25;21;22;25;.;.;.;.;
Orrvikens skola;83077602;Östersund;2380;Kommunal;Östersund;2120002528;106;51;..;62;18;20;17;21;16;14;.;.;.;
Parkskolan;65831760;Östersund;2380;Kommunal;Östersund;2120002528;293;48;32;56;.;.;.;.;.;75;66;73;79;
Prolympia, Östersund;16858929;Östersund;2380;Enskild;Ulno AB;5566577705;434;47;7;79;24;24;26;26;26;79;78;77;74;
Storsjöskolan;95233985;Östersund;2380;Kommunal;Östersund;2120002528;374;51;5;74;.;.;.;.;.;87;83;100;104;
Storvikenskolan;13867530;Östersund;2380;Kommunal;Östersund;2120002528;85;46;..;48;23;22;40;.;.;.;.;.;.;
Sörgårdsskolan;94294521;Östersund;2380;Kommunal;Östersund;2120002528;90;48;11;62;21;43;26;.;.;.;.;.;.;
Tavelbäcksskolan;62727103;Östersund;2380;Kommunal;Östersund;2120002528;170;45;8;74;33;28;42;39;28;.;.;.;.;
Torvallaskolan;56710032;Östersund;2380;Kommunal;Östersund;2120002528;292;49;33;42;.;.;.;.;.;74;75;71;72;
Treälvsskolan 7-9;76664723;Östersund;2380;Kommunal;Östersund;2120002528;162;52;9;49;.;.;.;.;.;.;53;51;58;
Treälvsskolan F-6;73485588;Östersund;2380;Kommunal;Östersund;2120002528;201;45;10;53;36;31;30;33;36;35;.;.;.;
Vallaskolan 4-6;27412144;Östersund;2380;Kommunal;Östersund;2120002528;210;51;11;74;.;.;.;71;65;74;.;.;.;
Vallaskolan 7-9;85145566;Östersund;2380;Kommunal;Östersund;2120002528;231;50;12;78;.;.;.;.;.;.;82;80;69;
Vallaskolan F-3;56507657;Östersund;2380;Kommunal;Östersund;2120002528;175;51;11;77;44;68;63;.;.;.;.;.;.;
Ångsta skola;19688519;Östersund;2380;Kommunal;Östersund;2120002528;55;47;..;55;14;5;15;11;10;.;.;.;.;
Ängsmogården;57462607;Östersund;2380;Kommunal;Östersund;2120002528;130;50;9;44;22;24;26;32;26;.;.;.;.;
Östbergsskolan 4-6;72597424;Östersund;2380;Kommunal;Östersund;2120002528;232;57;6;78;.;.;.;57;91;84;.;.;.;
Östbergsskolan 7-9;57212928;Östersund;2380;Kommunal;Östersund;2120002528;272;50;8;74;.;.;.;.;.;.;109;80;83;
Östersunds Waldorfskola;58288551;Östersund;2380;Enskild;Vidarskolan AB (svb);5566578307;92;48;16;64;6;11;10;6;8;6;16;20;9;
Akers Friskola;10715898;Österåker;0117;Enskild;Österåkers Friskola AB;5565895777;229;50;11;86;27;26;26;26;25;26;22;26;25;
Bergsättraskolan;97024653;Österåker;0117;Kommunal;Österåker;2120002890;138;52;14;66;45;52;41;.;.;.;.;.;.;
Fredsborgskolan;43869172;Österåker;0117;Enskild;Lära i Österåker AB;5567317416;649;48;13;71;56;65;70;60;49;57;107;102;83;
Helleborusskolan Österåker;59457803;Österåker;0117;Enskild;Helleborusskolan Österåker AB;5591023261;130;23;16;52;7;7;11;10;17;14;20;24;20;
Korallens Friskola/Vetenskapliga Skolan;61364360;Österåker;0117;Enskild;Korallens Friskola AB;5567357073;163;41;36;47;20;24;26;21;17;14;15;11;15;
Ljusterö skola;53319802;Österåker;0117;Kommunal;Österåker;2120002890;109;42;26;28;10;15;12;10;11;6;13;14;18;
Margretelundsskolan;31758556;Österåker;0117;Kommunal;Österåker;2120002890;440;46;14;61;71;78;82;60;79;70;.;.;.;
Roslags Kulla skola;58653522;Österåker;0117;Kommunal;Österåker;2120002890;63;56;14;38;15;16;14;10;6;2;.;.;.;
Rydbo friskola;73083470;Österåker;0117;Enskild;Rydbo Friskola Aktiebolag;5565934055;36;47;..;72;8;10;11;3;4;.;.;.;.;
Rydbo skola;72074288;Österåker;0117;Kommunal;Österåker;2120002890;120;38;11;77;28;26;28;22;16;.;.;.;.;
Röllingbyskolan;12407147;Österåker;0117;Kommunal;Österåker;2120002890;181;44;33;53;27;22;.;.;.;.;36;23;73;
Sjökarbyskolan;23756252;Österåker;0117;Kommunal;Österåker;2120002890;287;54;11;54;51;48;50;54;45;39;.;.;.;
Skärgårdsstadsskolan;73272488;Österåker;0117;Kommunal;Österåker;2120002890;409;49;10;71;51;46;49;45;31;43;47;48;49;
Solbackens Montessori;77701262;Österåker;0117;Enskild;La Mucca Montessori AB;5567028799;62;55;29;71;13;12;12;9;11;5;.;.;.;
Solskiftesskolan;82624830;Österåker;0117;Kommunal;Österåker;2120002890;432;50;15;56;.;.;.;47;51;58;91;90;95;
Söraskolan;88712672;Österåker;0117;Kommunal;Österåker;2120002890;658;48;34;53;67;69;103;70;82;74;59;53;81;
Tråsättraskolan;51305351;Österåker;0117;Kommunal;Österåker;2120002890;434;53;10;70;.;.;.;46;29;54;111;105;89;
Åkerstorpsskolan;19704413;Österåker;0117;Kommunal;Österåker;2120002890;144;54;13;72;45;47;52;.;.;.;.;.;.;
Österskärsskolan;94113162;Österåker;0117;Kommunal;Österåker;2120002890;321;48;8;81;52;52;52;47;71;47;.;.;.;
Edsskolan;37217528;Östhammar;0382;Kommunal;Östhammar;2120000290;290;46;9;44;51;40;56;50;39;54;.;.;.;
Ekeby skola;71534291;Östhammar;0382;Kommunal;Östhammar;2120000290;22;50;..;68;10;6;6;.;.;.;.;.;.;
Frösåkersskolan;98029852;Östhammar;0382;Kommunal;Östhammar;2120000290;281;55;7;51;.;.;.;.;.;.;101;89;91;
Gräsö skola;92009678;Östhammar;0382;Kommunal;Östhammar;2120000290;10;..;.;50;6;3;1;.;.;.;.;.;.;
Hammarskolan;27232649;Östhammar;0382;Kommunal;Östhammar;2120000290;128;41;23;41;47;40;41;.;.;.;.;.;.;
Kristinelundskolan;18135815;Östhammar;0382;Kommunal;Östhammar;2120000290;145;46;10;48;28;28;23;22;21;23;.;.;.;
Olandsskolan;90876801;Östhammar;0382;Kommunal;Östhammar;2120000290;466;48;5;45;54;51;57;45;46;59;57;48;49;
Vallonskolan;95523275;Östhammar;0382;Kommunal;Östhammar;2120000290;246;52;20;41;.;.;.;38;44;42;43;41;38;
Öregrunds skola;93413393;Östhammar;0382;Kommunal;Östhammar;2120000290;113;37;5;65;15;20;22;14;23;19;.;.;.;
Österbyskolan;57548666;Östhammar;0382;Kommunal;Östhammar;2120000290;355;52;5;30;48;37;45;32;40;37;32;44;40;
Färe Montessoriskola;26599013;Östra Göinge;1256;Enskild;Skolföreningen Växthuset Ekonomisk Förening;7696004154;113;50;16;39;12;13;12;15;17;10;8;13;13;
Glimåkraskolan;95828750;Östra Göinge;1256;Kommunal;Östra Göinge;2120000860;168;52;36;48;34;28;25;33;22;26;.;.;.;
Göingeskolan;84902434;Östra Göinge;1256;Kommunal;Östra Göinge;2120000860;321;51;39;39;.;.;.;.;.;1;91;116;113;
Kviinge skola;87913800;Östra Göinge;1256;Kommunal;Östra Göinge;2120000860;141;43;48;38;25;24;30;24;20;18;.;.;.;
Mölleskolan;40044299;Östra Göinge;1256;Kommunal;Östra Göinge;2120000860;133;47;51;29;15;20;21;27;25;25;.;.;.;
Prästavångsskolan 4-6;17752023;Östra Göinge;1256;Kommunal;Östra Göinge;2120000860;166;41;43;39;.;.;.;55;61;50;.;.;.;
Prästavångsskolan F-3;22701498;Östra Göinge;1256;Kommunal;Östra Göinge;2120000860;199;46;45;36;52;83;64;.;.;.;.;.;.;
Snapphaneskolan;81683738;Östra Göinge;1256;Kommunal;Östra Göinge;2120000860;415;46;27;43;.;.;.;56;59;67;74;71;88;
Västerskolan;48978921;Östra Göinge;1256;Kommunal;Östra Göinge;2120000860;167;58;23;40;59;51;57;.;.;.;.;.;.;
Strandskolan;50308658;Överkalix;2513;Kommunal;Överkalix;2120002684;120;41;29;33;.;.;.;19;27;14;18;22;20;
Åkerskolan;57062315;Överkalix;2513;Kommunal;Överkalix;2120002684;56;54;27;50;16;22;18;.;.;.;.;.;.;
Överkalix Friskola;13342436;Överkalix;2513;Enskild;Överkalix Kultur- och Miljöskola;8982006515;58;60;..;47;6;6;7;7;3;8;7;7;7;
Hietaniemi Friskoleförening;46252858;Övertorneå;2518;Enskild;Hietaniemi Friskoleförening;8976010887;50;66;..;54;2;6;5;6;8;6;8;4;5;
Svanstein skola Diamanten;90707437;Övertorneå;2518;Kommunal;Övertorneå;2120002700;76;58;21;42;10;6;12;4;11;9;11;8;5;
Svarträvens skola 4-9;18991431;Övertorneå;2518;Kommunal;Övertorneå;2120002700;145;54;36;40;.;.;.;25;23;21;26;28;22;
Svarträvens skola F-3;53794508;Övertorneå;2518;Kommunal;Övertorneå;2120002700;74;39;31;28;21;23;30;.;.;.;.;.;.;

Rapportbeskrivning och definitioner etc.  
  
Rapporten visar antal elever, andel flickor, andel med utländsk bakgrund respektive andel med föräldrar med 
eftergymnasial utbildning i grundskolan fördelat per årskurs. Uppgifterna avser oktober det valda året.

Fr.o.m. läsåret 2022/23 ingår inte uppgifter om elever med en region som huvudman eller elever i sameskolan i uppgifterna om elever i grundskolan.
 
Utländsk bakgrund innebär att eleverna är födda utomlands eller födda i Sverige med båda föräldrarna födda utomlands. Elever som saknar uppgift om personnummer 
räknas i denna statistik till elever med utländsk bakgrund. Att uppgift om personnummer saknas kan bland annat bero på att eleven inte är folkbokförd i Sverige. 
Övriga elever hamnar i gruppen med svensk bakgrund, även om de har en utlandsfödd förälder.
 
Observera att uppgifter avseende kön, utländsk bakgrund samt föräldrarnas utbildningsnivå från och med läsåret 2015/16 sekretesskyddas (dubbelprickas) om de baseras 
på färre än 5 elever på skolenhetsnivå, kommun- eller huvudmannanivå och färre än 3 elever på läns- och riksnivå. Då visas två prickar (..) i stället för utfall. 
Undantaget är elever på sameskolan där alla uppgifter prickas om de baseras på färre än 10 elever. Om data saknas visas en prick (.) i stället för utfall. 
Före läsåret 2020/21 dubbelprickas inga uppgifter avseende kön, utländsk bakgrund samt föräldrarnas utbildningsnivå på kommun-, huvudmanna-, läns eller riksnivå.
Från och med läsåret 2025/26 redovisas andelsuppgiften 0 som två prickar (..). Om en andelsuppgift är 100 så visas uppgiften som ~100.
Från och med läsåret 2025/26 redovisas andelsuppgifter som baseras på samtliga elever utom 1-4 elever som ~100.
 
Uppgifterna Andel med utländsk bakgrund och Andel med föräldrar med eftergymnasial utbildning redovisas från och med år 2009. Dessa uppgifter finns inte för 
sameskolor, eftersom uppgifter om elever i sameskolan samlas in på gruppnivå. Nytt fr.o.m. läsåret 2017/18 är att statistik om elever i konfessionella skolor 
samlas in på individnivå, vilket möjliggör redovisning av andel elever med utländsk bakgrund och andel elever med föräldrar med eftergymnasial utbildning fr.o.m. 
detta läsår.
Antal elever i förskoleklass redovisas i denna databas från och med läsåret 2007/08. Mellan 2007/08 och 2011/12 saknas uppgifter om elever i förskoleklasser som 
kommunen har ett övergripande ansvar för men som drivs av annan huvudman än kommunen samt förskoleklasser belägna i anslutning till specialskolor och anpassade grundskolor.

Från och med läsåret 2024/25 analyseras och redovisas statistiken om grundskolan utifrån den socioekonomiska områdestypen som skolenheterna befinner sig i. 
Denna uppdelning av områdestyper baseras på variabler och information som SCB tillhandahåller.

Uppgifterna baseras på den områdestyp där skolenheten ligger och utgår ifrån det senaste socioekonomiska indexet, som är från 2022. Det betyder att uppgifterna om 
områdestyper utgår ifrån skolenhetens områdestyp år 2022. Endast de skolenheter som har fullständig adress i Skolenhetsregistret är kopplade till en områdestyp.

* Internationella skolor kan från och med 2016 ha antingen kommunal eller enskild huvudman. Internationella skolor följer ett annat lands läroplan eller en internationell läroplan.
I den geografiska redovisningen redovisas de som en egen grupp. I redovisningen per huvudman redovisas de internationella skolorna tillsammans med den huvudman de tillhör.
 




