Statistik från Skolverket, https://www.skolverket.se

Gymnasieskola - Antal elever
Valt läsår: 2016/17

På grund av en stor ökning av antalet elever som saknar ett giltigt personnummer har redovisningen av utländsk bakgrund reviderats fr.o.m. läsåret 2015/16.
Detta innebär att elever som saknar giltigt personnummer och läser enligt programmet språkintroduktion nu räknas till elever som har utländsk bakgrund.

Skola;Skol-enhetskod;Skolkommun;Kommun-kod;Typ av huvudman;Huvudman;Huvudman orgnr;Antal elever;Antal elever skolår 1;Antal elever skolår 2;Antal elever skolår 3;Andel kvinnor (%);Andel m utl bakgr (%);Andel m högutb föräldrar (%);
Ale gymnasium;17221836;Ale;1440;Kommunal;Ale;2120001439;105;38;58;9;16;73;..;
Lärlingsgymnasiet i Ale;93221031;Ale;1440;Enskild;Lärlingsgymnasiet i Sverige AB;5567628176;189;67;60;62;30;14;22;
Alingsås Yrkesgymnasium;17474377;Alingsås;1489;Enskild;Alingsås Yrkesgymnasium AB;5567290548;60;23;23;14;30;22;45;
Alströmergymnasiet sektor 1;74776778;Alingsås;1489;Kommunal;Alingsås;2120001553;252;145;59;48;48;16;58;
Alströmergymnasiet sektor 2;18345915;Alingsås;1489;Kommunal;Alingsås;2120001553;285;115;99;71;21;8;47;
Alströmergymnasiet sektor 3;68229719;Alingsås;1489;Kommunal;Alingsås;2120001553;219;42;108;69;64;16;57;
Alströmergymnasiet sektor 4;61004230;Alingsås;1489;Kommunal;Alingsås;2120001553;173;45;46;82;61;18;50;
Alströmergymnasiet sektor 5;67768292;Alingsås;1489;Kommunal;Alingsås;2120001553;165;157;8;.;30;74;19;
Allbo Lärcenter;75459583;Alvesta;0764;Kommunal;Alvesta;2120000639;124;124;.;.;37;96;..;
Vasagymnasiet;71262305;Arboga;1984;Kommunal;Arboga;2120002122;379;142;135;102;47;30;45;
Hornavanskolan;55795961;Arjeplog;2506;Kommunal;Arjeplog;2120002668;114;50;37;27;32;41;31;
Sandbackaskolan;84947634;Arvidsjaur;2505;Kommunal;Arvidsjaur;2120002650;257;117;78;62;36;37;26;
Estetiska skolan, gymnasiet;23517336;Arvika;1784;Enskild;Estetiska Skolan Arvika;8740020212;65;40;.;25;71;..;54;
Solbergagymnasiet;48009865;Arvika;1784;Kommunal;Arvika;2120001892;365;114;125;126;55;18;63;
Taserudsgymnasiet 1;97870412;Arvika;1784;Kommunal;Arvika;2120001892;145;60;46;39;14;11;30;
Taserudsgymnasiet 2;68564903;Arvika;1784;Kommunal;Arvika;2120001892;193;67;59;67;52;16;25;
Taserudsgymnasiet 3;48290232;Arvika;1784;Kommunal;Arvika;2120001892;152;70;68;14;22;84;8;
Karlfeldtgymnasiet ro 1;82840198;Avesta;2084;Kommunal;Avesta;2120002262;435;276;80;79;47;52;26;
Karlfeldtgymnasiet ro 2;18208087;Avesta;2084;Kommunal;Avesta;2120002262;244;87;85;72;22;20;41;
Karlfeldtgymnasiet ro 3;89982804;Avesta;2084;Kommunal;Avesta;2120002262;148;62;43;43;62;16;34;
Strömkullegymnasiet;19464342;Bengtsfors;1460;Kommunal;Bengtsfors;2120001470;212;79;74;59;47;45;27;
Fjällgymnasiet;60743463;Berg;2326;Kommunal;Berg;2120002502;149;44;61;44;34;54;28;
Gymnasieutbildningen i Bjuv;70011480;Bjuv;1260;Kommunal;Bjuv;2120001041;57;40;17;.;23;95;..;
Björknäsgymnasiet sektor 1;32960825;Boden;2582;Kommunal;Boden;2120002767;356;219;83;54;35;45;45;
Björknäsgymnasiet sektor 2;43609520;Boden;2582;Kommunal;Boden;2120002767;165;64;50;51;67;10;57;
Björknäsgymnasiet sektor 3;41416934;Boden;2582;Kommunal;Boden;2120002767;238;73;84;81;16;5;39;
Björknäsgymnasiet sektor 4;97968599;Boden;2582;Kommunal;Boden;2120002767;92;31;32;29;79;..;67;
Bollebygds gymnasieskola;35225375;Bollebygd;1443;Kommunal;Bollebygd;2120002973;10;3;7;.;..;..;..;
Friskolan Nytorp;21567982;Bollnäs;2183;Enskild;Friskolan Nytorp AB;5568813561;47;20;18;9;..;..;28;
Hälsingegymnasiet;91748148;Bollnäs;2183;Enskild;Hälsingegymnasiet AB;5567600886;271;95;95;81;47;19;54;
Naturlära i Hälsingland;49379603;Bollnäs;2183;Enskild;NaturLära i Hälsingland AB;5568554314;18;8;7;3;83;..;..;
Nytorps Hästgymnasium;80167319;Bollnäs;2183;Enskild;Nytorps Hästgymnasium AB;5569063455;30;10;12;8;97;..;33;
Torsbergsgymnasiet RO3;42218661;Bollnäs;2183;Kommunal;Hälsinglands Utbildningsförbund;2220003111;202;88;59;55;62;27;49;
Torsbergsgymnasiet RO4;73171934;Bollnäs;2183;Kommunal;Hälsinglands Utbildningsförbund;2220003111;224;103;88;33;41;71;18;
Torsbergsgymnasiet RO5;83474173;Bollnäs;2183;Kommunal;Hälsinglands Utbildningsförbund;2220003111;196;91;61;44;39;18;29;
Ölands Gymnasium 1;91487291;Borgholm;0885;Kommunal;Kalmarsunds Gymnasieförbund;8324016453;110;99;2;9;21;87;..;
Erikslundsgymnasiet;21866405;Borlänge;2081;Kommunal;Borlänge;2120002239;156;59;51;46;12;22;31;
Hagagymnasiet;74434644;Borlänge;2081;Kommunal;Borlänge;2120002239;554;199;208;147;62;27;40;
Helixgymnasiet Borlänge;42022406;Borlänge;2081;Enskild;Helixutbildningar AB;5566747290;268;85;97;86;27;23;46;
Hushagsgymnasiet;88445871;Borlänge;2081;Kommunal;Borlänge;2120002239;337;116;118;103;28;8;34;
Introduktionsprogrammen;19100658;Borlänge;2081;Kommunal;Borlänge;2120002239;359;175;144;40;31;84;9;
Soltorgsgymnasiet;65192707;Borlänge;2081;Kommunal;Borlänge;2120002239;475;183;144;148;51;15;67;
Almåsgymnasiet A;18425335;Borås;1490;Kommunal;Borås;2120001561;291;85;104;102;73;29;27;
Almåsgymnasiet B;93281974;Borås;1490;Kommunal;Borås;2120001561;281;151;62;68;62;59;24;
Almåsgymnasiet C;23424275;Borås;1490;Kommunal;Borås;2120001561;200;79;61;60;64;13;31;
Bäckängsgymnasiet A;43634528;Borås;1490;Kommunal;Borås;2120001561;479;177;145;157;55;28;74;
Bäckängsgymnasiet B;36263479;Borås;1490;Kommunal;Borås;2120001561;503;177;162;164;70;22;56;
Bäckängsgymnasiet C;56679384;Borås;1490;Kommunal;Borås;2120001561;244;74;80;90;79;14;53;
Bäckängsgymnasiet D;30538202;Borås;1490;Kommunal;Borås;2120001561;143;86;35;22;61;41;48;
Drottning Blankas Gymn. Borås;19150273;Borås;1490;Enskild;Drottning Blankas Gymnasieskola AB;5565668794;124;40;40;44;84;27;31;
LBS Ljud & Bildskolan Borås;69018222;Borås;1490;Enskild;Ljud & Bildskolan Lbs AB;5564851649;208;70;86;52;21;12;48;
Praktiska Borås;25624692;Borås;1490;Enskild;Praktiska Sverige AB;5562575786;131;68;31;32;16;31;18;
Realgymnasiet Borås;88534520;Borås;1490;Enskild;Lärande i Sverige AB;5565715892;117;52;37;28;84;..;46;
Sven Eriksonsgymnasiet A;12889940;Borås;1490;Kommunal;Borås;2120001561;523;195;175;153;29;19;61;
Sven Eriksonsgymnasiet B;16554575;Borås;1490;Kommunal;Borås;2120001561;256;119;83;54;38;55;38;
Sven Eriksonsgymnasiet C;34076477;Borås;1490;Kommunal;Borås;2120001561;373;137;110;126;59;24;53;
Tullengymnasiet A;14701551;Borås;1490;Kommunal;Borås;2120001561;161;89;69;3;20;100;..;
Tullengymnasiet B;33201730;Borås;1490;Kommunal;Borås;2120001561;132;63;56;13;42;74;10;
Viskastrandsgymnasiet A;25356960;Borås;1490;Kommunal;Borås;2120001561;175;62;62;51;11;11;27;
Viskastrandsgymnasiet B;64284020;Borås;1490;Kommunal;Borås;2120001561;267;100;91;76;29;16;39;
Viskastrandsgymnasiet C;98132436;Borås;1490;Kommunal;Borås;2120001561;330;115;113;102;8;9;37;
Viskastrandsgymnasiet D;67692516;Borås;1490;Kommunal;Borås;2120001561;40;40;.;.;..;100;..;
Gullviva gymnasiet;53400472;Botkyrka;0127;Enskild;STEG för framtiden Aktiebolag;5567538383;98;54;24;20;56;92;36;
S:t Botvids gymnasium;97758137;Botkyrka;0127;Kommunal;Botkyrka;2120002882;525;331;84;110;40;89;25;
Tullinge gymnasium;26334561;Botkyrka;0127;Kommunal;Botkyrka;2120002882;680;252;208;220;54;39;60;
Tumba gymnasium;40386043;Botkyrka;0127;Kommunal;Botkyrka;2120002882;1 306;602;380;324;46;49;47;
Furubygg;29324709;Bromölla;1272;Kommunal;Sölvesborgs-Bromöllas Kommunalförbund;2220001222;43;16;12;15;..;..;28;
Jämtlands Gymn, Bräcke 5A;26864271;Bräcke;2305;Kommunal;Jämtlands Gymnasieförbund;2220001636;71;20;23;28;..;..;32;
Jämtlands Gymn, Bräcke 5B;64411379;Bräcke;2305;Kommunal;Jämtlands Gymnasieförbund;2220001636;68;7;54;7;22;99;..;
Gymnasieutbildningen i Burlöv;73416853;Burlöv;1231;Kommunal;Burlöv;2120001025;23;8;15;.;..;83;..;
Akademi Båstad Gymnasium;59483268;Båstad;1278;Kommunal;Båstad;2120000944;267;147;50;70;44;47;37;
Apelrydsskolan;33685428;Båstad;1278;Enskild;Stiftelsen Apelrydsskolan;8024247234;119;42;43;34;76;8;48;
Apelrydsskolan i Båstad;32879845;Båstad;1278;Enskild;Stiftelsen Apelryd International;8024778402;56;21;19;16;71;..;66;
Utsikten, Dals-Eds gymnasium;88573795;Dals-Ed;1438;Kommunal;Dals-Ed;2120001413;128;83;28;17;30;43;24;
Danderyds Gymnasium Ekonomi;20699742;Danderyd;0162;Kommunal;Danderyd;2120000126;548;185;147;216;43;14;81;
Danderyds Gymnasium Naturvetenskap och Teknik;21663998;Danderyd;0162;Kommunal;Danderyd;2120000126;404;146;121;137;31;24;88;
Danderyds Gymnasium Samhällsvetenskap, Naturvetenskap- och Samhällsvetenskap med varianterna bild, m;20595770;Danderyd;0162;Kommunal;Danderyd;2120000126;352;129;112;111;55;17;78;
Marina läroverket i Danderyd;82814120;Danderyd;0162;Enskild;Klart Skepp Marinteknik AB;5565160669;450;174;154;122;42;8;79;
Viktor Rydberg gy. Djursholm;45164827;Danderyd;0162;Enskild;Stiftelsen Viktor Rydbergs Skola;8120005650;505;177;176;152;60;21;90;
Möckelngymnasiet Degerfors;10924758;Degerfors;1862;Kommunal;Karlskoga;2120001991;293;192;58;43;37;44;30;
Eda gymnasieskola;10200794;Eda;1730;Kommunal;Eda;2120001769;74;15;39;20;20;64;..;
Individuella Gymnasiet;55711881;Ekerö;0125;Kommunal;Ekerö;2120000050;21;10;6;5;..;..;..;
Eksjö Gymnasium 1;34153869;Eksjö;0686;Kommunal;Eksjö;2120000589;233;70;86;77;65;18;61;
Eksjö Gymnasium 2;88259298;Eksjö;0686;Kommunal;Eksjö;2120000589;75;17;29;29;20;..;64;
Eksjö Gymnasium 3;73098153;Eksjö;0686;Kommunal;Eksjö;2120000589;250;122;112;16;36;73;15;
Nifsarpsskolan fri;44240250;Eksjö;0686;Enskild;Eksjö Fordonsutbildning AB;5565848537;210;85;51;74;20;8;24;
Vilhelm Mobergsgymnasiet;17846181;Emmaboda;0862;Kommunal;Emmaboda;2120000738;244;100;86;58;29;53;29;
Westerlundska gymnasiet;75082798;Enköping;0381;Kommunal;Enköping;2120000282;1 184;575;298;311;40;29;38;
Grillska Gymnasiet Eskilstuna;23555409;Eskilstuna;0484;Enskild;Stadsmissionens Skolstiftelse;8020170794;451;204;150;97;57;27;48;
Interkulturella enheten;87554242;Eskilstuna;0484;Kommunal;Eskilstuna;2120000357;35;35;.;.;49;100;..;
Kunskapscompaniets Gymnasium;91333138;Eskilstuna;0484;Enskild;Kunskapscompaniet Gymnasium KCGY AB;5561383885;110;45;37;28;29;19;21;
Mikael Elias Gymnasium, Eskilstuna;82060950;Eskilstuna;0484;Enskild;Mikael Elias Gymnasium AB;5565583282;20;.;.;20;50;95;50;
NTI-gymnasiet Eskilstuna;30341162;Eskilstuna;0484;Enskild;Nordens Teknikerinstitut Aktiebolag (Nti);5561203679;136;57;54;25;12;22;41;
Realgymnasiet Eskilstuna;39936461;Eskilstuna;0484;Enskild;Lärande i Sverige AB;5565715892;121;47;30;44;88;..;37;
Rekarnegymnasiet 1;72266906;Eskilstuna;0484;Kommunal;Eskilstuna;2120000357;710;292;228;190;38;46;36;
Rekarnegymnasiet 2;27030026;Eskilstuna;0484;Kommunal;Eskilstuna;2120000357;354;121;105;128;59;27;49;
Rekarnegymnasiet 3;12154972;Eskilstuna;0484;Kommunal;Eskilstuna;2120000357;381;138;102;141;7;19;34;
Rinmangymnasiet RI 1;16950252;Eskilstuna;0484;Kommunal;Eskilstuna;2120000357;485;175;158;152;28;29;55;
Rinmangymnasiet RI 2;34637764;Eskilstuna;0484;Kommunal;Eskilstuna;2120000357;740;277;257;206;59;61;39;
S:t Eskils gymnasium 1;19912478;Eskilstuna;0484;Kommunal;Eskilstuna;2120000357;496;187;170;139;68;41;56;
S:t Eskils gymnasium 2;73255276;Eskilstuna;0484;Kommunal;Eskilstuna;2120000357;283;114;94;75;58;61;21;
Bergagymnasiet;15077883;Eslöv;1285;Kommunal;Eslöv;2120001173;584;233;180;171;35;42;33;
Nossebro Lärcenter;37677921;Essunga;1445;Kommunal;Essunga;2120002916;3;2;1;.;..;..;..;
NVU, Brinellskolan 1;32420077;Fagersta;1982;Kommunal;Norra Västmanlands Utbildningsförbund;2220000927;203;82;68;53;38;33;38;
NVU, Brinellskolan 2;48434184;Fagersta;1982;Kommunal;Norra Västmanlands Utbildningsförbund;2220000927;435;273;70;92;33;58;22;
Drottning Blankas Gymn. Falkenberg;58724424;Falkenberg;1382;Enskild;Drottning Blankas Gymnasieskola AB;5565668794;146;51;47;48;75;26;23;
Falkenbergs Gymnasieskola 1;95684185;Falkenberg;1382;Kommunal;Falkenberg;2120001231;408;148;180;80;35;70;22;
Falkenbergs Gymnasieskola 2;51138448;Falkenberg;1382;Kommunal;Falkenberg;2120001231;208;77;72;59;69;24;41;
Falkenbergs Gymnasieskola 3;19647256;Falkenberg;1382;Kommunal;Falkenberg;2120001231;190;66;59;65;22;12;29;
Falkenbergs Gymnasieskola 4;56421429;Falkenberg;1382;Kommunal;Falkenberg;2120001231;203;84;64;55;14;15;52;
Falkenbergs Gymnasieskola 5;39911065;Falkenberg;1382;Kommunal;Falkenberg;2120001231;228;83;68;77;47;29;45;
Falkenbergs Gymnasieskola 6;89068742;Falkenberg;1382;Kommunal;Falkenberg;2120001231;112;26;42;44;78;12;48;
Ållebergsgymnasiet A;17008320;Falköping;1499;Kommunal;Falköping;2120001744;206;68;74;64;26;17;62;
Ållebergsgymnasiet B;56737496;Falköping;1499;Kommunal;Falköping;2120001744;219;89;81;49;39;17;47;
Ållebergsgymnasiet C;88850910;Falköping;1499;Kommunal;Falköping;2120001744;242;124;78;40;27;89;7;
Ållebergsgymnasiet D;78317945;Falköping;1499;Kommunal;Falköping;2120001744;55;17;20;18;62;38;27;
Ållebergsgymnasiet E;93939982;Falköping;1499;Kommunal;Falköping;2120001744;280;101;91;88;60;15;45;
Falu Frigymnasium;25720752;Falun;2080;Enskild;Falu Frigymnasium Aktiebolag;5566112834;341;118;105;118;70;18;59;
Hagströmska gymnasiet Falun;55155562;Falun;2080;Enskild;Hagströmska Gymnasiet AB;5567550461;661;226;212;223;32;8;50;
Kristinegymnasiet RO1;31533003;Falun;2080;Kommunal;Falun;2120002221;480;214;145;121;74;20;49;
Kristinegymnasiet RO2;31429031;Falun;2080;Kommunal;Falun;2120002221;132;46;45;41;79;11;33;
Lugnetgymnasiet RO1;23164911;Falun;2080;Kommunal;Falun;2120002221;467;172;163;132;38;14;66;
Lugnetgymnasiet RO2;24008049;Falun;2080;Kommunal;Falun;2120002221;160;60;51;49;..;16;44;
Lugnetgymnasiet RO3;72661886;Falun;2080;Kommunal;Falun;2120002221;409;266;76;67;47;43;33;
Mikael Elias Gymnasium, Falun;19981611;Falun;2080;Enskild;Mikael Elias Gymnasium AB;5565583282;87;23;26;38;75;27;47;
Musikkonservatoriet Falun;54481243;Falun;2080;Landsting;Landstinget Dalarna;2321000180;45;19;15;11;62;..;87;
NTI-gymnasiet Falun;36680097;Falun;2080;Enskild;Nordens Teknikerinstitut Aktiebolag (Nti);5561203679;93;34;27;32;22;23;43;
Plusgymnasiet Falun;87756916;Falun;2080;Enskild;Plusgymnasiet AB;5565789129;167;56;52;59;78;25;31;
Praktiska Falun;59734510;Falun;2080;Enskild;Praktiska Sverige AB;5562575786;131;61;49;21;46;17;24;
Spångbergsgymnasiet Re 2;95233730;Filipstad;1782;Kommunal;Filipstad;2120001876;189;73;58;58;39;24;21;
Spångbergsgymnasiet Re 2, IM;93242695;Filipstad;1782;Kommunal;Filipstad;2120001876;141;101;24;16;29;94;..;
Spångbergsgymnasiet Re 3;81555202;Filipstad;1782;Kommunal;Filipstad;2120001876;86;41;22;23;55;25;45;
Curt Nicolin-gymnasiet;95683850;Finspång;0562;Enskild;Curt Nicolin Gymnasiet AB;5566431044;426;154;137;135;34;8;54;
Nya Bergska väst;17643936;Finspång;0562;Kommunal;Finspång;2120000423;159;145;8;6;18;79;8;
Nya Bergska Öst;24273261;Finspång;0562;Kommunal;Finspång;2120000423;214;114;42;58;44;25;44;
Prins Wilhelm gymnasiet;59455288;Flen;0482;Kommunal;Flen;2120000332;343;113;141;89;40;70;22;
ForshagaAkademin;82163292;Forshaga;1763;Enskild;ForshagaAkademin AB;5566205737;275;136;65;74;27;30;32;
Gymnasieutbildningen i Gagnef;19599583;Gagnef;2026;Kommunal;Gagnef;2120002155;54;24;28;2;..;91;..;
Gislaveds gymnasium Ekonomisk sektor;25679488;Gislaved;0662;Kommunal;Gislaved;2120000514;344;130;116;98;66;28;30;
Gislaveds gymnasium NEO sektor;25677996;Gislaved;0662;Kommunal;Gislaved;2120000514;339;196;64;79;59;54;29;
Gislaveds gymnasium Teknisk sektor;89888648;Gislaved;0662;Kommunal;Gislaved;2120000514;313;148;90;75;17;28;35;
Motorsportsgymn. Anderstorp;90003262;Gislaved;0662;Enskild;Värmdö Tekniska Utbildningar Aktiebolag, Vtu;5563836757;72;31;21;20;..;15;25;
Stora Segerstad Naturbrukscentrum;88163512;Gislaved;0662;Landsting;Jönköpings Läns Landsting;2321000057;147;58;44;45;29;..;30;
Gnosjöandans kunskapsc. gy;35063170;Gnosjö;0617;Kommunal;Gnosjö;2120000506;314;94;131;89;41;56;27;
Guteskolan, gymnasieskolan;31279294;Gotland;0980;Enskild;Guteskolan AB;5567044267;73;37;22;14;64;..;41;
Guteskolan Södra;81558435;Gotland;0980;Enskild;Guteskolan AB;5567044267;119;65;30;24;53;16;38;
Wisbygymnasiet Norr;23897040;Gotland;0980;Kommunal;Gotland;2120000803;732;410;177;145;22;29;34;
Wisbygymnasiet Söder;29799085;Gotland;0980;Kommunal;Gotland;2120000803;765;277;251;237;62;6;51;
Jon Jespersskolan;77172188;Grästorp;1444;Kommunal;Grästorp;2120001595;32;32;.;.;..;100;..;
Välkommaskolan enhet 1;20666515;Gällivare;2523;Kommunal;Lapplands Kommunalförbund;2220000760;174;53;54;67;33;10;49;
Välkommaskolan enhet 2;37906565;Gällivare;2523;Kommunal;Lapplands Kommunalförbund;2220000760;137;77;38;22;23;40;28;
Välkommaskolan enhet 3;23063954;Gällivare;2523;Kommunal;Lapplands Kommunalförbund;2220000760;145;53;43;49;83;8;46;
Välkommaskolan enhet 4;67279303;Gällivare;2523;Kommunal;Lapplands Kommunalförbund;2220000760;143;44;46;53;30;..;31;
Borgarskolan;21648755;Gävle;2180;Kommunal;Gävle;2120002338;931;292;351;288;43;25;42;
Plusgymnasiet Gävle;11111710;Gävle;2180;Enskild;Plusgymnasiet AB;5565789129;134;51;51;32;88;23;32;
Polhemsskolan;90551279;Gävle;2180;Kommunal;Gävle;2120002338;1 366;762;287;317;34;36;40;
Praktiska Gävle;93062368;Gävle;2180;Enskild;Praktiska Sverige AB;5562575786;102;54;28;20;30;39;18;
Realgymnasiet Gävle;69686851;Gävle;2180;Enskild;Lärande i Sverige AB;5565715892;411;151;125;135;67;12;39;
Thoren Business School Gävle;49616977;Gävle;2180;Enskild;Thorengruppen AB;5566139290;232;98;68;66;60;28;38;
Vasaskolan;54965510;Gävle;2180;Kommunal;Gävle;2120002338;1 023;384;323;316;66;31;65;
Yrkesgymnasiet Gävle;90267145;Gävle;2180;Enskild;Thorengruppen AB;5566139290;153;64;46;43;27;20;22;
Angeredsgymnasiet 1;72998905;Göteborg;1480;Kommunal;Göteborg;2120001355;210;120;63;27;54;92;19;
Angeredsgymnasiet 2;84835666;Göteborg;1480;Kommunal;Göteborg;2120001355;290;108;96;86;56;96;29;
Angeredsgymnasiet 3;24685151;Göteborg;1480;Kommunal;Göteborg;2120001355;505;503;2;.;36;100;9;
Angeredsgymnasiet 4;25872338;Göteborg;1480;Kommunal;Göteborg;2120001355;29;6;7;16;34;..;48;
Angeredsgymnasiet 5;54164490;Göteborg;1480;Kommunal;Göteborg;2120001355;67;29;28;10;58;18;43;
Aniaragymnasiet;69481650;Göteborg;1480;Enskild;AF Affärseffekt Framtidsskola AB;5566666789;192;113;53;26;60;32;42;
Aspero Idrottsgymn. Göteborg;20319353;Göteborg;1480;Enskild;Aspero Friskolor AB;5566363973;228;85;74;69;24;32;54;
Bernadottegymnasiet;92194545;Göteborg;1480;Kommunal;Göteborg;2120001355;187;65;63;59;44;16;55;
Bräckegymnasiet 1;88153340;Göteborg;1480;Kommunal;Göteborg;2120001355;222;86;88;48;5;29;26;
Bräckegymnasiet 2;94353434;Göteborg;1480;Kommunal;Göteborg;2120001355;180;54;52;74;9;22;30;
Bräckegymnasiet 4;84978846;Göteborg;1480;Kommunal;Göteborg;2120001355;234;194;35;5;24;73;14;
Burgården Utbildningscentrum 1;59396229;Göteborg;1480;Kommunal;Göteborg;2120001355;308;125;92;91;96;30;32;
Burgården Utbildningscentrum 2;95165649;Göteborg;1480;Kommunal;Göteborg;2120001355;234;98;68;68;78;20;38;
Burgården Utbildningscentrum 3;64740897;Göteborg;1480;Kommunal;Göteborg;2120001355;191;114;49;28;53;46;41;
Burgården Utbildningscentrum 4;78979604;Göteborg;1480;Kommunal;Göteborg;2120001355;168;134;21;13;25;65;29;
Burgården Utbildningscentrum 5;69626109;Göteborg;1480;Kommunal;Göteborg;2120001355;280;124;86;70;69;54;22;
Center för språkintroduktion Lindholmen 1;53432700;Göteborg;1480;Kommunal;Göteborg;2120001355;224;111;113;.;21;100;..;
Center för Språkintroduktion Lindholmen 2;22601648;Göteborg;1480;Kommunal;Göteborg;2120001355;126;49;77;.;27;100;..;
Center för Språkintroduktion Lundby;82974174;Göteborg;1480;Kommunal;Göteborg;2120001355;86;85;1;.;31;100;..;
Center för Språkintroduktion Stora Holm 1;75757301;Göteborg;1480;Kommunal;Göteborg;2120001355;172;172;.;.;23;100;..;
Center för Språkintroduktion Stora Holm 2;12539646;Göteborg;1480;Kommunal;Göteborg;2120001355;122;121;1;.;16;100;..;
Cybergymnasiet Göteborg;85068812;Göteborg;1480;Enskild;Cybergymnasiet Göteborg AB;5565693297;251;95;77;79;45;81;36;
Donnergymnasiet;78397312;Göteborg;1480;Enskild;Donnergymnasiet AB;5565408381;594;205;187;202;69;21;76;
Drottning Blankas Gymn. Göteborg;36444853;Göteborg;1480;Enskild;Drottning Blankas Gymnasieskola AB;5565668794;351;129;120;102;89;24;48;
Ester Mosessons gymnasium 1;15414001;Göteborg;1480;Kommunal;Göteborg;2120001355;263;129;58;76;59;47;27;
Ester Mosessons gymnasium 2;38311488;Göteborg;1480;Kommunal;Göteborg;2120001355;157;1;67;89;56;17;38;
Ester Mosessons gymnasium 3;34848695;Göteborg;1480;Kommunal;Göteborg;2120001355;112;112;.;.;46;21;38;
Framtidsgymnasiet i Göteborg;16819383;Göteborg;1480;Enskild;Framtidsgymnasiet i Göteborg Aktiebolag;5564781606;347;141;106;100;15;93;13;
GTI:s gymnasieskola;89837629;Göteborg;1480;Enskild;Göteborgs Tekniska Institut Aktiebolag;5562358993;394;134;115;145;44;85;44;
Gymnasieakademin;12994441;Göteborg;1480;Enskild;IEAB International Education AB;5567265979;207;74;75;58;52;71;37;
Göteborgregionens tekniska gy;53660780;Göteborg;1480;Enskild;Göteborgs Tekniska College Aktiebolag;5565706768;408;180;113;115;15;18;67;
Göteborgs Högre Samskola gy.;88774402;Göteborg;1480;Enskild;Stiftelsen Göteborgs Högre Samskola;8572059197;555;201;174;180;63;16;83;
Hermods Gymnasium Göteborg;75141151;Göteborg;1480;Enskild;Hermods Gymnasium AB;5565286696;306;95;90;121;63;51;52;
Hvitfeldtska gymnasiet 1;61701709;Göteborg;1480;Kommunal;Göteborg;2120001355;450;131;156;163;56;26;65;
Hvitfeldtska gymnasiet 2;61469192;Göteborg;1480;Kommunal;Göteborg;2120001355;240;79;82;79;56;19;70;
Hvitfeldtska gymnasiet 3;84306392;Göteborg;1480;Kommunal;Göteborg;2120001355;522;155;182;185;45;32;81;
Hvitfeldtska gymnasiet 4;28627819;Göteborg;1480;Kommunal;Göteborg;2120001355;443;189;125;129;61;40;57;
Hvitfeldtska gymnasiet 5;30086854;Göteborg;1480;Kommunal;Göteborg;2120001355;381;104;140;137;58;43;61;
IHGR-gymnasiet;26627862;Göteborg;1480;Kommunal;Göteborg;2120001355;373;143;131;99;64;52;68;
Ingrid Segerstedts gymnasium;48847282;Göteborg;1480;Enskild;Stiftelsen Ingrid Segerstedts Gymnasium;8572088824;284;100;100;84;66;12;75;
International IT College of Sweden Gothenburg;72517762;Göteborg;1480;Enskild;Edinit AB;5563114445;177;86;38;53;41;95;28;
IT-Gymnasiet Göteborg;79094701;Göteborg;1480;Enskild;IT Gymnasiet Sverige AB;5565970471;468;158;157;153;20;18;70;
JENSEN Gymnasium Göteborg;38684438;Göteborg;1480;Enskild;Jensen Education College AB;5566358759;459;153;167;139;51;52;46;
Katrinelundsgymnasiet 1;31251822;Göteborg;1480;Kommunal;Göteborg;2120001355;356;97;127;132;47;44;50;
Katrinelundsgymnasiet 2;90099336;Göteborg;1480;Kommunal;Göteborg;2120001355;8;.;.;8;..;..;..;
Katrinelundsgymnasiet 3;96590873;Göteborg;1480;Kommunal;Göteborg;2120001355;375;159;113;103;79;66;22;
Katrinelundsgymnasiet 4;35647481;Göteborg;1480;Kommunal;Göteborg;2120001355;224;78;86;60;50;62;62;
Katrinelundsgymnasiet 5;39549479;Göteborg;1480;Kommunal;Göteborg;2120001355;296;109;93;94;31;31;55;
Kitas Ekonomi;73147554;Göteborg;1480;Enskild;Kitas utbildning AB;5567097117;267;90;101;76;56;11;68;
Kitas Frisörgymnasium;65752105;Göteborg;1480;Enskild;Kimuo frisörutbildning AB;5567385330;40;16;11;13;95;..;25;
Kitas Gymnasium;69983740;Göteborg;1480;Enskild;Kitas utbildning AB;5567097117;277;92;92;93;71;17;75;
Kitas Natur;66491596;Göteborg;1480;Enskild;Kitas utbildning AB;5567097117;242;97;77;68;48;24;77;
Kunskapsgymnasiet Göteborg;12052268;Göteborg;1480;Enskild;Kunskapsskolan i Sverige Aktiebolag;5565661815;336;115;112;109;59;74;45;
L M Engströms gymnasium;71597051;Göteborg;1480;Enskild;Peter Isaac Béens Utbildningsstiftelse;8572003666;565;192;188;185;70;8;85;
LBS Ljud & Bildskolan Göteborg;53231578;Göteborg;1480;Enskild;Ljud & Bildskolan Lbs AB;5564851649;312;125;105;82;16;15;58;
Lindholmens tekn gymnasium 1;11274830;Göteborg;1480;Kommunal;Göteborg;2120001355;269;96;98;75;4;25;38;
Lindholmens tekn gymnasium 2;51321260;Göteborg;1480;Kommunal;Göteborg;2120001355;229;96;67;66;..;25;37;
Lindholmens tekn gymnasium 3;96279444;Göteborg;1480;Kommunal;Göteborg;2120001355;299;125;78;96;11;27;68;
Mikael Elias Gymnasium, Göteborg;40690520;Göteborg;1480;Enskild;Mikael Elias Gymnasium AB;5565583282;533;164;198;171;63;34;73;
Motorbranschens Tekniska gymn.;61880907;Göteborg;1480;Kommunal;Göteborg;2120001355;294;113;93;88;10;33;27;
Munkebäcksgymnasiet;91011325;Göteborg;1480;Kommunal;Göteborg;2120001355;251;134;38;79;53;54;34;
NTI Mediegymnasiet;97382366;Göteborg;1480;Enskild;Nordens Teknikerinstitut Aktiebolag (Nti);5561203679;356;132;120;104;60;25;48;
NTI-Gymnasiet Göteborg;35006050;Göteborg;1480;Enskild;Nordens Teknikerinstitut Aktiebolag (Nti);5561203679;385;155;126;104;17;24;54;
Peabskolan Göteborg;88886610;Göteborg;1480;Enskild;Peabskolan AB;5564427432;191;125;37;29;7;61;22;
Plusgymnasiet i Göteborg;10638939;Göteborg;1480;Enskild;Plusgymnasiet AB;5565789129;276;79;90;107;67;36;43;
Polhemsgymnasiet 1;21505555;Göteborg;1480;Kommunal;Göteborg;2120001355;407;131;118;158;45;28;80;
Polhemsgymnasiet 2;34336190;Göteborg;1480;Kommunal;Göteborg;2120001355;300;128;85;87;47;6;75;
Polhemsgymnasiet 3;21052710;Göteborg;1480;Kommunal;Göteborg;2120001355;367;130;119;118;49;12;83;
Praktiska Göteborg;88556189;Göteborg;1480;Enskild;Praktiska Sverige AB;5562575786;229;85;78;66;30;51;22;
Realgymnasiet Göteborg;35236491;Göteborg;1480;Enskild;Lärande i Sverige AB;5565715892;196;82;62;52;85;11;49;
Rytmus Göteborg;69739484;Göteborg;1480;Enskild;Rytmus AB;5564648979;253;88;85;80;56;15;65;
Schillerska gymnasiet 1;92887917;Göteborg;1480;Kommunal;Göteborg;2120001355;371;151;120;100;75;18;66;
Schillerska gymnasiet 2;88834120;Göteborg;1480;Kommunal;Göteborg;2120001355;498;195;183;120;66;36;59;
Schillerska gymnasiet 3;36748805;Göteborg;1480;Kommunal;Göteborg;2120001355;181;93;75;13;53;69;17;
Sigrid Rudebecks gymnasium;19207279;Göteborg;1480;Enskild;Aktiebolaget Sigrid Rudebecks Skola;5563571248;466;152;166;148;65;13;91;
Sjölins Gymnasium Göteborg;53640774;Göteborg;1480;Enskild;Sjölins Gymnasium AB;5563758399;406;144;131;131;45;13;69;
SKF Tekniska Gymnasium;58502307;Göteborg;1480;Enskild;Skf Sverige Aktiebolag;5562408301;90;30;31;29;..;18;67;
Thoren Innovation School Göteborg;97177328;Göteborg;1480;Enskild;Thoren Innovation School AB;5568902653;261;119;68;74;10;26;49;
Yrkesgymnasiet Göteborg;63511898;Göteborg;1480;Enskild;Thorengruppen AB;5566139290;97;97;.;.;56;73;12;
Älvstrandsgymnasiet;72127035;Hagfors;1783;Kommunal;Hagfors;2120001884;445;238;99;108;34;38;28;
Alléskolan 1;70969714;Hallsberg;1861;Kommunal;Sydnärkes Utbildningsförbund;2220001180;270;110;78;82;28;16;65;
Alléskolan 2;85003442;Hallsberg;1861;Kommunal;Sydnärkes Utbildningsförbund;2220001180;118;40;45;33;70;28;20;
Alléskolan 3;22752398;Hallsberg;1861;Kommunal;Sydnärkes Utbildningsförbund;2220001180;358;142;111;105;15;10;25;
Alléskolan 4;68734112;Hallsberg;1861;Kommunal;Sydnärkes Utbildningsförbund;2220001180;198;6;101;91;60;19;50;
Alléskolan 5;71922787;Hallsberg;1861;Kommunal;Sydnärkes Utbildningsförbund;2220001180;126;53;40;33;54;17;25;
Alléskolan 6;31843016;Hallsberg;1861;Kommunal;Sydnärkes Utbildningsförbund;2220001180;209;153;28;28;50;25;31;
Alléskolan 8;24357034;Hallsberg;1861;Kommunal;Sydnärkes Utbildningsförbund;2220001180;334;162;158;14;21;100;5;
Ridsportsgymnasiet;50696507;Hallstahammar;1961;Enskild;Ridskolan Strömsholm RS AB;5566940408;91;32;27;32;93;..;57;
Aspero Idrottsgymn. Halmstad;92507006;Halmstad;1380;Enskild;Aspero Friskolor AB;5566363973;268;82;99;87;45;10;60;
Drottning Blankas Gymn. Halmstad;44653962;Halmstad;1380;Enskild;Drottning Blankas Gymnasieskola AB;5565668794;191;75;72;44;78;35;35;
Kattegattgymnasiet 1;20100577;Halmstad;1380;Kommunal;Halmstad;2120001215;261;75;102;84;45;15;62;
Kattegattgymnasiet 2;81993306;Halmstad;1380;Kommunal;Halmstad;2120001215;317;126;108;83;12;18;60;
Kattegattgymnasiet 3;19051089;Halmstad;1380;Kommunal;Halmstad;2120001215;381;216;77;88;43;48;51;
Kattegattgymnasiet 4;29097621;Halmstad;1380;Kommunal;Halmstad;2120001215;317;122;93;102;5;23;33;
LBS Ljud & Bildskolan Halmstad;47264019;Halmstad;1380;Enskild;Ljud & Bildskolan Lbs AB;5564851649;212;91;66;55;23;14;44;
Praktiska Halmstad;87764775;Halmstad;1380;Enskild;Praktiska Sverige AB;5562575786;178;80;50;48;51;53;19;
Sannarpsgymnasiet 1;35670336;Halmstad;1380;Kommunal;Halmstad;2120001215;127;56;22;49;70;20;63;
Sannarpsgymnasiet 2;50198492;Halmstad;1380;Kommunal;Halmstad;2120001215;321;132;101;88;57;36;49;
Sannarpsgymnasiet 3;48438396;Halmstad;1380;Kommunal;Halmstad;2120001215;128;29;60;39;70;50;29;
Sannarpsgymnasiet 4;98052678;Halmstad;1380;Kommunal;Halmstad;2120001215;310;122;77;111;56;42;62;
Sannarpsgymnasiet 5;95993832;Halmstad;1380;Kommunal;Halmstad;2120001215;95;95;.;.;24;100;11;
Sturegymnasiet 1;20099064;Halmstad;1380;Kommunal;Halmstad;2120001215;276;79;94;103;71;10;62;
Sturegymnasiet 2;44341171;Halmstad;1380;Kommunal;Halmstad;2120001215;290;185;54;51;43;52;24;
Sturegymnasiet 3;77130356;Halmstad;1380;Kommunal;Halmstad;2120001215;122;38;35;49;41;20;41;
Sturegymnasiet 4;32671805;Halmstad;1380;Kommunal;Halmstad;2120001215;71;28;22;21;77;24;23;
Berga naturbruksgymnasium;38448056;Haninge;0136;Landsting;Stockholms Läns Landsting;2321000016;104;36;30;38;78;10;38;
Fredrika Bremergymnasiet;16313848;Haninge;0136;Kommunal;Haninge;2120000084;2 079;771;711;597;37;35;37;
Riksäpplet;79606767;Haninge;0136;Kommunal;Haninge;2120000084;506;159;221;126;36;53;24;
Tornedalsskolan;11294673;Haparanda;2583;Kommunal;Haparanda;2120002775;307;112;111;84;41;40;31;
CLL/Gymnasieutbildningen;86212202;Heby;0331;Kommunal;Heby;2120002049;66;66;.;.;..;100;..;
Martin Koch-gymnasiet;86327236;Hedemora;2083;Kommunal;Hedemora;2120002254;357;234;68;55;31;50;24;
Campeon Frigymnasium;41745951;Helsingborg;1283;Enskild;Campeon Frigymnasium AB;5566264056;208;69;70;69;74;11;75;
Cultura Gymnasium;83137205;Helsingborg;1283;Enskild;Cultura Utbildning AB;5567127237;157;56;48;53;63;83;45;
Design & Construction College Helsingborg;28398531;Helsingborg;1283;Enskild;Hermods Design & Construction College AB;5569828451;269;80;96;93;55;45;37;
Drottning Blankas Gymn. Helsingborg;66335258;Helsingborg;1283;Enskild;Drottning Blankas Gymnasieskola AB;5565668794;232;103;61;68;88;20;34;
Filbornaskolan;54172830;Helsingborg;1283;Kommunal;Helsingborg;2120001157;587;227;184;176;34;40;44;
G.O. Kompetens Transportgymnasium;86310217;Helsingborg;1283;Enskild;G.O. Kompetens Transportgymnasium AB;5566412549;105;40;30;35;20;..;20;
Helsingborgs Ridgymnasium;83085136;Helsingborg;1283;Enskild;Humeq Education AB;5565974671;154;58;54;42;99;6;42;
Helsingborgs Sportgymnasium;75458014;Helsingborg;1283;Enskild;Krisping, Stefan;6111063951;88;30;28;30;39;23;47;
Impius gymnasium;65136104;Helsingborg;1283;Enskild;Impius Utvecklings AB;5565523858;99;42;34;23;29;14;45;
International school of Hbg/Gy;61826221;Helsingborg;1283;Kommunal;Helsingborg;2120001157;132;40;48;44;52;66;68;
IT-Gymnasiet Helsingborg;79033948;Helsingborg;1283;Enskild;IT Gymnasiet Sverige AB;5565970471;287;153;75;59;10;30;44;
JENSEN Gymnasium Helsingborg;56330385;Helsingborg;1283;Enskild;Jensen Education College AB;5566358759;201;71;73;57;61;66;43;
Johannes Hedberggymnasiet;20228162;Helsingborg;1283;Enskild;Folkuniversitetet Stiftelsen Kurs- Verksamheten Vid Lunds Universitet;8450003481;324;126;97;101;67;28;64;
LBS Ljud & Bildskolan Helsingborg;68240485;Helsingborg;1283;Enskild;Ljud & Bildskolan Lbs AB;5564851649;346;110;116;120;25;15;53;
Mega Musik gymnasium;95046058;Helsingborg;1283;Enskild;Mega Musik Gymnasieskola AB;5565956553;112;47;41;24;54;14;52;
Nicolaiskolan;44392995;Helsingborg;1283;Kommunal;Helsingborg;2120001157;563;172;205;186;54;51;35;
Olympiaskolan;53462953;Helsingborg;1283;Kommunal;Helsingborg;2120001157;683;258;169;256;46;47;50;
Praktiska Helsingborg;69241230;Helsingborg;1283;Enskild;Praktiska Sverige AB;5562575786;126;51;45;30;13;43;21;
ProCivitas Privata Gymnasium, Helsingborg;60730660;Helsingborg;1283;Enskild;ProCivitas Privata Gymnasium AB;5566157102;520;177;175;168;64;18;79;
Realgymnasiet Helsingborg;85544331;Helsingborg;1283;Enskild;Lärande i Sverige AB;5565715892;68;37;31;.;75;..;19;
Rönnowska skolan;80327946;Helsingborg;1283;Kommunal;Helsingborg;2120001157;868;398;217;253;24;33;28;
Thoren Business School Helsingborg;82592568;Helsingborg;1283;Enskild;Thorengruppen AB;5566139290;368;159;148;61;53;29;64;
Tycho Braheskolan;78875918;Helsingborg;1283;Kommunal;Helsingborg;2120001157;501;203;168;130;40;44;51;
Victum Gymnasium;78023197;Helsingborg;1283;Enskild;Victum Gymnasium Aktiebolag;5564889482;170;68;52;50;85;35;29;
Kunskapskällan;86385479;Herrljunga;1466;Kommunal;Herrljunga;2120001520;244;80;99;65;24;32;33;
Individuella programmet;53494028;Hjo;1497;Kommunal;Hjo;2120001728;52;51;1;.;21;85;..;
Björkhagsskolan, gymnasium;40991561;Hofors;2104;Kommunal;Hofors;2120002296;137;50;43;44;26;72;9;
Huddingegymnasiet;49862313;Huddinge;0126;Kommunal;Huddinge;2120000068;495;245;130;120;39;69;37;
IT-Gymnasiet Södertörn;99838438;Huddinge;0126;Enskild;IT Gymnasiet Sverige AB;5565970471;284;108;88;88;7;32;56;
Sjödalsgymnasiet;42859669;Huddinge;0126;Kommunal;Huddinge;2120000068;1 014;369;351;294;41;47;39;
Sågbäcksgymnasiet;70923626;Huddinge;0126;Kommunal;Huddinge;2120000068;590;334;128;128;42;60;23;
Yrkesgymnasiet Huddinge;92905347;Huddinge;0126;Enskild;Thorengruppen AB;5566139290;201;84;67;50;26;54;26;
Östra gymnasiet;99592025;Huddinge;0126;Kommunal;Huddinge;2120000068;841;356;247;238;49;36;57;
Bromangymnasiet 1;34247736;Hudiksvall;2184;Kommunal;Hudiksvall;2120002379;547;215;198;134;54;30;39;
Bromangymnasiet 2;47550455;Hudiksvall;2184;Kommunal;Hudiksvall;2120002379;570;214;181;175;40;16;45;
Bromangymnasiet 3;30329172;Hudiksvall;2184;Kommunal;Hudiksvall;2120002379;177;47;60;70;23;13;35;
Hudikgymnasiet;76877530;Hudiksvall;2184;Enskild;Hudik Friskoleutbildning AB;5566174438;111;57;22;32;64;..;38;
Hultsfreds gymnasium 1;47046103;Hultsfred;0860;Kommunal;Hultsfred;2120000712;273;188;53;32;21;64;19;
Hultsfreds gymnasium 2;56664512;Hultsfred;0860;Kommunal;Hultsfred;2120000712;228;93;65;70;56;30;30;
Hultsfreds gymnasium 3;38167912;Hultsfred;0860;Kommunal;Hultsfred;2120000712;29;8;11;10;72;..;38;
IM Gymnasieenhet;83501757;Hylte;1315;Kommunal;Hylte;2120001207;99;68;16;15;28;98;..;
Labora Gymnasium;43826783;Hylte;1315;Enskild;Laboraskolan AB;5566657515;14;5;6;3;..;..;..;
Traineegymnasiet;15938431;Hylte;1315;Kommunal;Hylte;2120001207;12;.;.;12;..;..;..;
Vildmarksgymnasiet;64270497;Hylte;1315;Kommunal;Hylte;2120001207;12;.;.;12;..;..;..;
Fridegårdsgymnasiet;58125096;Håbo;0305;Kommunal;Håbo;2120000241;456;207;135;114;39;31;46;
Fridegårdsgymnasiet- AST-programmen;82914148;Håbo;0305;Kommunal;Håbo;2120000241;72;29;13;30;29;18;53;
Pihlskolan gymnasium;20620556;Hällefors;1863;Kommunal;Hällefors;2120001942;154;85;49;20;31;61;19;
Fjällbyns gymnasieskola;77839100;Härjedalen;2361;Enskild;Fjällbyns Gymnasieskola i Funäsdalen AB;5564001534;12;4;3;5;..;..;..;
Härjedalens gymnasium;17173461;Härjedalen;2361;Kommunal;Härjedalen;2120002510;190;57;89;44;33;48;28;
Härnösands gymnasium 1;55535552;Härnösand;2280;Kommunal;Härnösand;2120002403;264;234;1;29;31;73;20;
Härnösands gymnasium 3;30468157;Härnösand;2280;Kommunal;Härnösand;2120002403;410;138;134;138;51;16;67;
Härnösands gymnasium2;19560192;Härnösand;2280;Kommunal;Härnösand;2120002403;220;83;68;69;41;12;41;
Hulebäcksgymnasiet 1;98053087;Härryda;1401;Kommunal;Härryda;2120001264;267;93;93;81;31;15;43;
Hulebäcksgymnasiet 2;92533079;Härryda;1401;Kommunal;Härryda;2120001264;220;87;53;80;74;13;70;
Hulebäcksgymnasiet 3;61528940;Härryda;1401;Kommunal;Härryda;2120001264;372;131;124;117;39;17;86;
Hulebäcksgymnasiet 4;23681822;Härryda;1401;Kommunal;Härryda;2120001264;391;201;102;88;46;28;57;
Hulebäcksgymnasiet 5;66861851;Härryda;1401;Kommunal;Härryda;2120001264;415;144;128;143;63;13;65;
Hulebäcksgymnasiet 6;72206824;Härryda;1401;Kommunal;Härryda;2120001264;179;62;58;59;14;8;87;
Hässleholms Tekniska Skola;92858957;Hässleholm;1293;Kommunal;Hässleholm;2120000985;954;349;321;284;54;25;61;
Jacobsskolan;46660042;Hässleholm;1293;Kommunal;Hässleholm;2120000985;446;150;149;147;36;21;32;
Norrängsskolan;33678402;Hässleholm;1293;Kommunal;Hässleholm;2120000985;43;8;18;17;..;..;..;
Ungdomscentrum;23372675;Hässleholm;1293;Kommunal;Hässleholm;2120000985;241;97;104;40;32;95;9;
Kullagymnasiet;86296935;Höganäs;1284;Kommunal;Höganäs;2120001165;526;263;137;126;34;33;46;
Högsby gymnasieskola;67783774;Högsby;0821;Kommunal;Högsby;2120000688;123;90;14;19;53;70;11;
Hörby Lärcenter, Gymnasieutb.;95324620;Hörby;1266;Kommunal;Hörby;2120001108;68;29;29;10;21;82;..;
Hörby Yrkesgymnasium;38917647;Hörby;1266;Enskild;Hörby Yrkesgymnasium AB;5568212939;66;22;19;25;18;15;..;
Gymnasieutbildningen i Höör;45101776;Höör;1267;Kommunal;Höör;2120001116;83;26;47;10;13;93;..;
Karolinaskolan;21363125;Höör;1267;Enskild;Föreningen Fogdaröd omsorg, vård & utbildning utan personligt ansvar;7420002045;26;8;9;9;..;..;42;
Bokenskolan;39555838;Jokkmokk;2510;Kommunal;Lapplands Kommunalförbund;2220000760;175;113;33;29;33;58;27;
Didaktus Jakobsberg;85214294;Järfälla;0123;Enskild;Didaktus Skolor AB;5564732856;323;145;103;75;71;79;25;
Järfälla gymnasium;82084961;Järfälla;0123;Kommunal;Järfälla;2120000043;1 219;626;300;293;30;56;35;
Bäckadalsgymnasiet RO 1;10317430;Jönköping;0680;Kommunal;Jönköping;2120000530;378;120;131;127;17;14;45;
Bäckadalsgymnasiet Ro 2;62147240;Jönköping;0680;Kommunal;Jönköping;2120000530;312;231;37;44;35;63;17;
Bäckadalsgymnasiet RO 3;99948872;Jönköping;0680;Kommunal;Jönköping;2120000530;405;145;124;136;10;9;32;
Erik Dahlbergsgymnasiet Ro 1;67279263;Jönköping;0680;Kommunal;Jönköping;2120000530;474;250;129;95;19;40;54;
Erik Dahlbergsgymnasiet RO 2;40037982;Jönköping;0680;Kommunal;Jönköping;2120000530;342;122;122;98;76;24;50;
Erik Dahlbergsgymnasiet RO 3;51210136;Jönköping;0680;Kommunal;Jönköping;2120000530;375;126;124;125;59;27;77;
Erik Dahlbergsgymnasiet RO 4;73829818;Jönköping;0680;Kommunal;Jönköping;2120000530;271;104;80;87;50;16;52;
Grennaskolan GY;54395430;Jönköping;0680;Kommunal;Jönköping;2120000530;87;30;18;39;41;59;29;
JENSEN Gymnasium Jönköping;18881773;Jönköping;0680;Enskild;Jensen Education College AB;5566358759;70;25;17;28;57;41;49;
Kungsgymnasiet;50908408;Jönköping;0680;Enskild;Jönköpings Kristna Skolförening;8260017648;36;18;12;6;39;..;61;
LBS Ljud & Bildskolan Jönköping;18594470;Jönköping;0680;Enskild;Ljud & Bildskolan Lbs AB;5564851649;267;92;96;79;23;16;53;
Magelungens Gymnasium Jönköping;69271071;Jönköping;0680;Enskild;Magelungen Utveckling AB;5564891447;28;18;10;.;43;..;39;
Mottagningsskola gymn;54946505;Jönköping;0680;Kommunal;Jönköping;2120000530;9;9;.;.;..;..;..;
Per Brahegymnasiet RO 1;78295411;Jönköping;0680;Kommunal;Jönköping;2120000530;474;224;95;155;50;39;51;
Per Brahegymnasiet RO 2;80686587;Jönköping;0680;Kommunal;Jönköping;2120000530;313;123;113;77;72;32;69;
Per Brahegymnasiet RO 3;72232853;Jönköping;0680;Kommunal;Jönköping;2120000530;308;94;86;128;78;10;68;
Plusgymnasiet i Jönköping;12279302;Jönköping;0680;Enskild;Plusgymnasiet AB;5565789129;340;113;111;116;71;42;29;
Praktiska Jönköping;17849518;Jönköping;0680;Enskild;Praktiska Sverige AB;5562575786;93;33;27;33;25;31;23;
Sandagymnasiet RO 1;62177293;Jönköping;0680;Kommunal;Jönköping;2120000530;563;225;177;161;45;21;58;
Sandagymnasiet RO 2;20323435;Jönköping;0680;Kommunal;Jönköping;2120000530;275;43;116;116;59;21;49;
Sandagymnasiet RO 4;46137123;Jönköping;0680;Kommunal;Jönköping;2120000530;200;127;40;33;56;25;65;
Tenhults naturbruksgymnasium;78659008;Jönköping;0680;Landsting;Jönköpings Läns Landsting;2321000057;194;66;67;61;80;6;32;
Vettergymnasiet Jönköping;12448823;Jönköping;0680;Enskild;Wetterbygdens Gymnasium AB;5567507420;61;35;11;15;28;54;23;
Furuhedsskolan 1;40667807;Kalix;2514;Kommunal;Kalix;2120002692;279;138;73;68;43;30;36;
Furuhedsskolan 2;18091973;Kalix;2514;Kommunal;Kalix;2120002692;336;132;98;106;32;9;46;
Calmare Internationella Skola;88466776;Kalmar;0880;Enskild;CIS Kalmar AB;5565896213;187;57;57;73;65;24;66;
Dag Hammarskjöld Gymnasiet;36539945;Kalmar;0880;Enskild;Stiftelsen Kalmar Waldorfskola;8324012288;17;2;4;11;..;..;59;
Fria Läroverken i Kalmar;40634612;Kalmar;0880;Enskild;Gymnasieskolor i Syd AB;5569306979;140;57;61;22;39;15;50;
Helgesbogymnasiet;35390185;Kalmar;0880;Enskild;Hushållningssällskapet Kalmar-Kronoberg-Blekinge;2620000071;25;7;9;9;..;..;..;
Ingelstorpgymnasiet;88624631;Kalmar;0880;Enskild;Hushållningssällskapet Kalmar-Kronoberg-Blekinge;2620000071;85;31;26;28;62;..;29;
Jenny Nyströmsskolan 1 ES, IM;62439199;Kalmar;0880;Kommunal;Kalmarsunds Gymnasieförbund;8324016453;316;178;69;69;57;45;39;
Jenny Nyströmsskolan 2 HT, RL, NA;66132676;Kalmar;0880;Kommunal;Kalmarsunds Gymnasieförbund;8324016453;288;97;101;90;69;26;44;
Jenny Nyströmsskolan 3 GYSÄR, IM, GLU;57942242;Kalmar;0880;Kommunal;Kalmarsunds Gymnasieförbund;8324016453;26;20;6;.;38;..;..;
Jenny Nyströmsskolan 4 BF, VO;80762863;Kalmar;0880;Kommunal;Kalmarsunds Gymnasieförbund;8324016453;237;80;87;70;72;22;30;
Lars Kaggskolan 1 NA, HV;77688926;Kalmar;0880;Kommunal;Kalmarsunds Gymnasieförbund;8324016453;319;122;107;90;68;14;67;
Lars Kaggskolan 2 TE, VF;14508922;Kalmar;0880;Kommunal;Kalmarsunds Gymnasieförbund;8324016453;324;108;102;114;22;10;68;
Lars Kaggskolan 3 IM;89409574;Kalmar;0880;Kommunal;Kalmarsunds Gymnasieförbund;8324016453;296;296;.;.;20;90;5;
Lars Kaggskolan 4 BA, EE, FT;69629086;Kalmar;0880;Kommunal;Kalmarsunds Gymnasieförbund;8324016453;351;132;126;93;3;8;40;
Plusgymnasiet Kalmar;37358234;Kalmar;0880;Enskild;Plusgymnasiet AB;5565789129;99;31;37;31;91;26;33;
Praktiska Kalmar;31657916;Kalmar;0880;Enskild;Praktiska Sverige AB;5562575786;111;38;43;30;33;25;24;
Stagneliusskolan 1 SASAM, SAMED, IMIND;21008461;Kalmar;0880;Kommunal;Kalmarsunds Gymnasieförbund;8324016453;241;82;72;87;61;13;63;
Stagneliusskolan 2 EK, HA;54606928;Kalmar;0880;Kommunal;Kalmarsunds Gymnasieförbund;8324016453;358;148;110;100;51;16;60;
Stagneliusskolan 3 SABET;53893730;Kalmar;0880;Kommunal;Kalmarsunds Gymnasieförbund;8324016453;389;121;110;158;51;12;58;
SYAB Transportgymnasium;46241804;Kalmar;0880;Enskild;SYAB Transportgymnasium AB;5567290035;85;35;22;28;19;..;28;
Vuxenutbildningen i Karlsborg och Karlsborgs gymnasieskola;55870331;Karlsborg;1446;Kommunal;Karlsborg;2120001629;34;31;3;.;..;100;..;
Fria Läroverken i Karlshamn;42573391;Karlshamn;1082;Enskild;Gymnasieskolor i Syd AB;5569306979;111;37;38;36;40;13;41;
Vägga gymnasieskola 1;21673083;Karlshamn;1082;Kommunal;Karlshamn;2120000845;168;65;77;26;20;83;10;
Vägga gymnasieskola 2;64574972;Karlshamn;1082;Kommunal;Karlshamn;2120000845;251;84;83;84;70;16;49;
Vägga gymnasieskola 3;19741742;Karlshamn;1082;Kommunal;Karlshamn;2120000845;256;87;78;91;51;18;48;
Vägga gymnasieskola 4;29032715;Karlshamn;1082;Kommunal;Karlshamn;2120000845;326;114;99;113;25;14;55;
Karlskoga Idrottsgymnasium;45830583;Karlskoga;1883;Enskild;Karlskoga Idrottsgymnasium AB;5567823611;78;7;20;51;67;..;55;
Möckelngymnasiet Ro 2;48931433;Karlskoga;1883;Kommunal;Karlskoga;2120001991;339;105;114;120;65;18;52;
Möckelngymnasiet Ro 3;97270136;Karlskoga;1883;Kommunal;Karlskoga;2120001991;387;226;90;71;40;58;17;
Möckelngymnasiet Ro 4;19909435;Karlskoga;1883;Kommunal;Karlskoga;2120001991;234;81;81;72;11;12;46;
af Chapmangymnasiet;30530571;Karlskrona;1080;Kommunal;Karlskrona;2120000829;738;252;231;255;62;15;57;
Aspero Idrottsgymn. Karlskrona;78839208;Karlskrona;1080;Enskild;Aspero Friskolor AB;5566363973;184;66;70;48;40;8;70;
Ehrensvärdska gymnasiet;96024712;Karlskrona;1080;Kommunal;Karlskrona;2120000829;554;202;181;171;50;20;69;
Fischerströmska gymnasiet;36845597;Karlskrona;1080;Kommunal;Karlskrona;2120000829;270;221;37;12;24;83;13;
Mikael Elias Gymnasium, Karlskrona;30458073;Karlskrona;1080;Enskild;Mikael Elias Gymnasium AB;5565583282;40;21;9;10;70;35;70;
Praktiska Karlskrona;40829056;Karlskrona;1080;Enskild;Praktiska Sverige AB;5562575786;100;45;31;24;42;30;26;
Törnströmska gymnasiet;85800840;Karlskrona;1080;Kommunal;Karlskrona;2120000829;469;175;158;136;24;5;58;
Folkuniversitetets gymnasium i Karlstad;68920727;Karlstad;1780;Enskild;Folkuniversitetet Stiftelsen Kursver Ksamheten Vid Göteborgs Universitet;8572006313;136;47;57;32;92;13;50;
Fria Läroverken Karlstad;27115998;Karlstad;1780;Enskild;Fria Läroverken i Sverige AB;5569172041;484;157;188;139;50;9;53;
IT-Gymnasiet Karlstad;41867682;Karlstad;1780;Enskild;IT Gymnasiet Sverige AB;5565970471;101;52;30;19;..;13;55;
Klara Gymnasium Karlstad;79516949;Karlstad;1780;Enskild;Klaragymnasium AB;5566303938;316;136;82;98;54;17;62;
Lillerudsgymnasiet;65662401;Karlstad;1780;Enskild;Lillerudsgymnasiet AB;5566243548;213;81;69;63;85;6;38;
Nobelgymnasiet;39583059;Karlstad;1780;Kommunal;Karlstad;2120001850;1 114;419;412;283;35;31;29;
Plusgymnasiet Karlstad;93947551;Karlstad;1780;Enskild;Plusgymnasiet AB;5565789129;26;.;.;26;85;..;46;
Praktiska Karlstad;38645259;Karlstad;1780;Enskild;Praktiska Sverige AB;5562575786;178;75;46;57;49;13;30;
Sundstagymnasiet;96684210;Karlstad;1780;Kommunal;Karlstad;2120001850;945;301;334;310;63;22;62;
Thoren Business School Karlstad;87207941;Karlstad;1780;Enskild;Thorengruppen AB;5566139290;273;125;78;70;61;20;59;
Tingvallagymnasiet;11673760;Karlstad;1780;Kommunal;Karlstad;2120001850;691;231;237;223;65;18;51;
Älvkullegymnasiet;46574937;Karlstad;1780;Kommunal;Karlstad;2120001850;1 040;332;341;367;37;17;79;
Duveholmsgymnasiet 1;23836342;Katrineholm;0483;Kommunal;Katrineholm;2120000340;465;194;155;116;55;50;35;
Duveholmsgymnasiet 2;36680378;Katrineholm;0483;Kommunal;Katrineholm;2120000340;5;1;3;1;..;..;..;
Ellwynska skolan;30602363;Katrineholm;0483;Kommunal;Katrineholm;2120000340;161;61;58;42;70;41;31;
Katrineholms Tekniska College 1;63791419;Katrineholm;0483;Kommunal;Katrineholm;2120000340;237;69;87;81;27;35;57;
Katrineholms Tekniska College 2;39805497;Katrineholm;0483;Kommunal;Katrineholm;2120000340;164;62;52;50;8;20;24;
Lindengymnasiet;38400227;Katrineholm;0483;Kommunal;Katrineholm;2120000340;342;118;128;96;48;17;40;
Allhamra Gymnasieskola;94660328;Kinda;0513;Kommunal;Kinda;2120000399;52;7;20;25;35;63;..;
Hjalmar Lundbohmsskolan enhet 1;81619482;Kiruna;2584;Kommunal;Lapplands Kommunalförbund;2220000760;305;96;100;109;61;8;60;
Hjalmar Lundbohmsskolan enhet 2;83829189;Kiruna;2584;Kommunal;Lapplands Kommunalförbund;2220000760;166;56;49;61;36;9;31;
Hjalmar Lundbohmsskolan enhet 3;46145886;Kiruna;2584;Kommunal;Lapplands Kommunalförbund;2220000760;192;76;64;52;34;6;39;
Hjalmar Lundbohmsskolan enhet 4;12395564;Kiruna;2584;Kommunal;Lapplands Kommunalförbund;2220000760;118;36;63;19;19;74;..;
Rymdgymnasiet;90006712;Kiruna;2584;Enskild;Malmens Friskola AB;5565528022;88;35;23;30;43;15;72;
Flygteknikcenter, Ljungbyhed;43649848;Klippan;1276;Kommunal;Klippan;2120000928;63;22;21;20;..;16;59;
Segragymnasiet Klippan;75344502;Klippan;1276;Enskild;Sveriges Naturbruksgymnasium AB;5569162562;99;40;33;26;55;..;25;
Tegelbruksskolan;84247499;Klippan;1276;Kommunal;Klippan;2120000928;305;132;88;85;14;11;27;
Åbyskolan 1;27041885;Klippan;1276;Kommunal;Klippan;2120000928;222;77;77;68;62;23;27;
Åbyskolan 2;39149668;Klippan;1276;Kommunal;Klippan;2120000928;159;55;49;55;52;28;52;
Åbyskolan 3;13509408;Klippan;1276;Kommunal;Klippan;2120000928;195;175;11;9;28;86;7;
Sjögrenska gymnasiet;97064126;Knivsta;0330;Kommunal;Knivsta;2120003013;85;46;18;21;44;74;19;
Nordviksskolan;32580162;Kramfors;2282;Enskild;Nordvik Höga Kusten kompetens AB;5568350309;67;22;30;15;84;..;46;
Räddningsgymnasiet Sandö;38233622;Kramfors;2282;Kommunal;Kramfors;2120002429;93;30;27;36;59;..;57;
Ådalsskolan 1;48156011;Kramfors;2282;Kommunal;Kramfors;2120002429;146;142;4;.;21;88;..;
Ådalsskolan 2;48722826;Kramfors;2282;Kommunal;Kramfors;2120002429;586;302;138;146;39;38;29;
Christian 4:s Gymnasium ES;73063662;Kristianstad;1290;Kommunal;Kristianstad;2120000951;238;74;76;88;76;13;59;
Christian 4:s Gymnasium HU, SA;40766349;Kristianstad;1290;Kommunal;Kristianstad;2120000951;76;.;37;39;80;17;50;
Framtidsgymnasiet Kristianstad;71571158;Kristianstad;1290;Enskild;Framtidsgymnasiet i Sverige AB;5565755500;177;87;49;41;8;47;15;
IT-Gymnasiet Kristianstad;53691739;Kristianstad;1290;Enskild;IT Gymnasiet Sverige AB;5565970471;170;52;56;62;..;36;41;
LBS Ljud & Bildskolan Kristianstad;43251309;Kristianstad;1290;Enskild;Ljud & Bildskolan Lbs AB;5564851649;134;44;28;62;23;12;53;
Lejongymnasiet;52705247;Kristianstad;1290;Enskild;Lejonskolan AB;5566456348;6;.;.;6;..;..;..;
Milnergymnasiet BF, HV, VO;97596286;Kristianstad;1290;Kommunal;Kristianstad;2120000951;306;98;102;106;79;29;34;
Plusgymnasiet Kristianstad;67554405;Kristianstad;1290;Enskild;Plusgymnasiet AB;5565789129;490;183;180;127;71;23;37;
Praktiska Kristianstad;86473502;Kristianstad;1290;Enskild;Praktiska Sverige AB;5562575786;78;40;23;15;73;49;29;
Söderportgymnasiet EK, HU, SA;73944169;Kristianstad;1290;Kommunal;Kristianstad;2120000951;443;171;122;150;61;25;59;
Söderportgymnasiet HA, IB, NA;98239050;Kristianstad;1290;Kommunal;Kristianstad;2120000951;227;80;77;70;57;50;57;
Söderportgymnasiet IM, ISPEC;13520728;Kristianstad;1290;Kommunal;Kristianstad;2120000951;190;190;.;.;26;91;9;
Söderportgymnasiet IM, RG;94455820;Kristianstad;1290;Kommunal;Kristianstad;2120000951;15;4;.;11;..;..;67;
Wendesgymnasiet BA, HV;58368956;Kristianstad;1290;Kommunal;Kristianstad;2120000951;177;66;51;60;6;10;32;
Wendesgymnasiet FT, VF;73567152;Kristianstad;1290;Kommunal;Kristianstad;2120000951;180;72;55;53;13;10;27;
Wendesgymnasiet IM;24047305;Kristianstad;1290;Kommunal;Kristianstad;2120000951;9;9;.;.;..;..;..;
Önnestadsgymnasiet;61547652;Kristianstad;1290;Enskild;Hushållningssällskapets Kompetensutveckling i Syd AB (HUSKAB);5567502777;153;55;59;39;63;..;31;
Österänggymnasiet EE, IN, RL;60209222;Kristianstad;1290;Kommunal;Kristianstad;2120000951;211;68;72;71;29;13;37;
Österänggymnasiet HT, SA;62104139;Kristianstad;1290;Kommunal;Kristianstad;2120000951;228;76;76;76;68;16;61;
Österänggymnasiet IM;21702982;Kristianstad;1290;Kommunal;Kristianstad;2120000951;183;183;.;.;28;93;10;
Österänggymnasiet NA, TE;87034307;Kristianstad;1290;Kommunal;Kristianstad;2120000951;421;151;126;144;41;28;72;
Brogårdsgymnasiet;78872213;Kristinehamn;1781;Kommunal;Kristinehamn;2120001868;433;177;118;138;51;28;52;
Presterudsgymnasiet;84286698;Kristinehamn;1781;Kommunal;Kristinehamn;2120001868;211;106;54;51;27;48;22;
Dille Gård Naturbruksgymnasium;62490359;Krokom;2309;Enskild;Dille Gård AB;5564173853;73;28;22;23;67;..;48;
Jämtlands Gymn, Torsta;64725297;Krokom;2309;Kommunal;Jämtlands Gymnasieförbund;2220001636;83;36;30;17;27;..;43;
Jämtlands Gymn, Wången;43362941;Krokom;2309;Kommunal;Jämtlands Gymnasieförbund;2220001636;77;32;30;15;83;..;36;
John Norlandergymnasiet;23350817;Kumla;1881;Kommunal;Kumla;2120001975;191;121;46;24;27;52;13;
Aranäsgymnasiet Enhet 1;76860623;Kungsbacka;1384;Kommunal;Kungsbacka;2120001256;426;300;75;51;61;14;60;
Aranäsgymnasiet Enhet 2;58191646;Kungsbacka;1384;Kommunal;Kungsbacka;2120001256;302;15;123;164;50;6;60;
Aranäsgymnasiet Enhet 3;80405898;Kungsbacka;1384;Kommunal;Kungsbacka;2120001256;260;136;62;62;26;30;55;
Aranäsgymnasiet Enhet 4;56021320;Kungsbacka;1384;Kommunal;Kungsbacka;2120001256;157;13;63;81;60;24;57;
Beda Hallbergs gymnasium;63179610;Kungsbacka;1384;Kommunal;Kungsbacka;2120001256;92;32;24;36;50;..;55;
Drottning Blankas Gymn. Kungsbacka;64569393;Kungsbacka;1384;Enskild;Drottning Blankas Gymnasieskola AB;5565668794;137;44;54;39;85;10;40;
Elof Lindälvs gymn Enhet 1;87262566;Kungsbacka;1384;Kommunal;Kungsbacka;2120001256;335;135;97;103;12;9;41;
Elof Lindälvs gymn Enhet 2;64160122;Kungsbacka;1384;Kommunal;Kungsbacka;2120001256;350;130;101;119;28;10;77;
Elof Lindälvs gymn Enhet 3;48217580;Kungsbacka;1384;Kommunal;Kungsbacka;2120001256;439;127;149;163;45;6;64;
Elof Lindälvs gymn Enhet 4;41844601;Kungsbacka;1384;Kommunal;Kungsbacka;2120001256;242;88;75;79;59;13;33;
Elof Lindälvs gymn Enhet 5;51620045;Kungsbacka;1384;Kommunal;Kungsbacka;2120001256;105;105;.;.;14;71;13;
LBS Ljud & Bildskolan Kungsbacka;86888278;Kungsbacka;1384;Enskild;Ljud & Bildskolan Lbs AB;5564851649;87;28;20;39;..;16;62;
Praktiska Kungsbacka;23457902;Kungsbacka;1384;Enskild;Praktiska Sverige AB;5562575786;81;33;24;24;48;14;25;
Sveriges Ridgymnasium Kungsbacka;27597104;Kungsbacka;1384;Enskild;Sveriges Ridgymnasium AB;5566814504;84;27;28;29;98;..;38;
Kungsörs Gymnasium;95992977;Kungsör;1960;Kommunal;Kungsör;2120002056;46;12;14;20;26;100;..;
Mimers Hus Gymnasium 1;82193704;Kungälv;1482;Kommunal;Kungälv;2120001371;260;103;81;76;16;10;35;
Mimers Hus Gymnasium 2;66368167;Kungälv;1482;Kommunal;Kungälv;2120001371;333;102;123;108;47;14;48;
Mimers Hus Gymnasium 3;55785999;Kungälv;1482;Kommunal;Kungälv;2120001371;247;108;95;44;39;60;19;
Mimers Hus Gymnasium 4;51624696;Kungälv;1482;Kommunal;Kungälv;2120001371;313;89;99;125;69;17;54;
Mimers Hus Gymnasium 5;78651862;Kungälv;1482;Kommunal;Kungälv;2120001371;327;135;104;88;36;15;64;
Kävlinge Lärcentrum, gymn.;88192227;Kävlinge;1261;Kommunal;Kävlinge;2120001058;65;61;3;1;31;62;..;
Ullvigymnasiet;72022487;Köping;1983;Kommunal;Köping;2120002114;992;468;270;254;39;30;38;
Osbecksgymnasiet RO1;71512894;Laholm;1381;Kommunal;Laholm;2120001223;252;101;71;80;44;19;56;
Osbecksgymnasiet RO2;70969556;Laholm;1381;Kommunal;Laholm;2120001223;147;48;87;12;47;87;10;
Osbecksgymnasiet RO3;11311971;Laholm;1381;Kommunal;Laholm;2120001223;119;50;33;36;34;19;29;
Allvar Gullstrandgymnasiet;47108212;Landskrona;1282;Kommunal;Landskrona;2120001140;280;107;73;100;35;60;40;
Selma Lagerlöfgymnasiet;37132612;Landskrona;1282;Kommunal;Landskrona;2120001140;332;221;45;66;42;77;15;
Gymnasieutbildning i Lekeberg;24445686;Lekeberg;1814;Kommunal;Lekeberg;2120002981;7;6;.;1;..;..;..;
Leksands gymnasium;44417214;Leksand;2029;Kommunal;Leksand;2120002163;584;214;202;168;44;23;45;
Lerums Gymnasium, skolenhet 1;25025681;Lerum;1441;Kommunal;Lerum;2120001447;230;89;76;65;59;8;60;
Lerums Gymnasium, skolenhet 2;88776535;Lerum;1441;Kommunal;Lerum;2120001447;284;99;89;96;32;11;82;
Lerums Gymnasium, skolenhet 3;29351272;Lerum;1441;Kommunal;Lerum;2120001447;169;137;.;32;28;51;21;
Lerums Gymnasium, skolenhet 4;49488344;Lerum;1441;Kommunal;Lerum;2120001447;136;57;51;28;51;13;51;
Lerums Gymnasium, skolenhet 5;74408578;Lerum;1441;Kommunal;Lerum;2120001447;334;121;92;121;22;8;56;
Lessebo Gymnasium;75395882;Lessebo;0761;Kommunal;Lessebo;2120000613;102;56;44;2;39;98;12;
Hersby gymnasium;71043974;Lidingö;0186;Kommunal;Lidingö;2120000191;1 006;381;332;293;36;21;72;
Lunaskolan Östra gymnasium;57777751;Lidingö;0186;Enskild;Stockholms Barn & Ungdomsstöd AB;5566402672;46;13;14;19;57;..;76;
Stillerska filmgymnasiet;38732602;Lidingö;0186;Enskild;Stillerska AB;5567777270;49;24;10;15;45;..;51;
De la Gardiegymnasiet, enhet 1;89807183;Lidköping;1494;Kommunal;Lidköping;2120001694;350;125;102;123;40;12;74;
De la Gardiegymnasiet, enhet 2;86724994;Lidköping;1494;Kommunal;Lidköping;2120001694;289;105;88;96;8;7;38;
De la Gardiegymnasiet, enhet 3;61161774;Lidköping;1494;Kommunal;Lidköping;2120001694;495;175;157;163;62;15;59;
De la Gardiegymnasiet, enhet 4;86158933;Lidköping;1494;Kommunal;Lidköping;2120001694;255;87;89;79;75;10;49;
De la Gardiegymnasiet, enhet 5;39179525;Lidköping;1494;Kommunal;Lidköping;2120001694;418;137;196;85;44;51;19;
De la Gardiegymnasiet, enhet 6;14102256;Lidköping;1494;Kommunal;Lidköping;2120001694;74;26;32;16;69;..;36;
Elfhems gymnasium;70660980;Lilla Edet;1462;Kommunal;Lilla Edet;2120001496;75;63;10;2;13;75;..;
Lindeskolan LS 1;75082280;Lindesberg;1885;Kommunal;Lindesberg;2120002015;253;89;73;91;71;20;37;
Lindeskolan LS 2;75914181;Lindesberg;1885;Kommunal;Lindesberg;2120002015;239;82;65;92;23;11;37;
Lindeskolan LS 3;39302565;Lindesberg;1885;Kommunal;Lindesberg;2120002015;164;63;52;49;27;21;60;
Lindeskolan LS 4;96818167;Lindesberg;1885;Kommunal;Lindesberg;2120002015;203;65;86;52;38;81;16;
Anders Ljungstedts gymnasium 3;36072799;Linköping;0580;Kommunal;Linköping;2120000449;118;46;37;35;96;15;31;
Anders Ljungstedts gymnasium 4;61432781;Linköping;0580;Kommunal;Linköping;2120000449;336;122;109;105;10;25;30;
Anders Ljungstedts gymnasium 7;78287294;Linköping;0580;Kommunal;Linköping;2120000449;147;36;38;73;60;20;32;
Anders Ljungstedts gymnasium 8;74316305;Linköping;0580;Kommunal;Linköping;2120000449;239;94;71;74;31;29;43;
Anders Ljungstedts gymnasium 9;39096170;Linköping;0580;Kommunal;Linköping;2120000449;236;213;22;1;24;94;..;
Berzeliusskolan 1;79527481;Linköping;0580;Kommunal;Linköping;2120000449;431;156;151;124;13;16;78;
Berzeliusskolan 2;67300857;Linköping;0580;Kommunal;Linköping;2120000449;316;95;109;112;45;35;74;
Berzeliusskolan 3;55047771;Linköping;0580;Kommunal;Linköping;2120000449;6;6;.;.;..;..;..;
Berzeliusskolan 7;67809400;Linköping;0580;Kommunal;Linköping;2120000449;40;31;7;2;..;100;..;
Birgittaskolan 1;99279503;Linköping;0580;Kommunal;Linköping;2120000449;329;138;88;103;70;48;36;
Birgittaskolan 2;63653488;Linköping;0580;Kommunal;Linköping;2120000449;95;41;23;31;29;26;47;
Björkö Fria Gymnasium;84476205;Linköping;0580;Enskild;Stiftelsen Waldorfpedagogik i Vreta Kloster;8220027596;162;49;61;52;73;39;52;
Folkungaskolan 1;24544503;Linköping;0580;Kommunal;Linköping;2120000449;299;94;117;88;63;12;74;
Folkungaskolan 2;25392789;Linköping;0580;Kommunal;Linköping;2120000449;455;160;127;168;73;15;68;
Folkungaskolan 3;64394770;Linköping;0580;Kommunal;Linköping;2120000449;40;29;9;2;..;100;..;
Framtidsgymnasiet Linköping;72109637;Linköping;0580;Enskild;Framtidsgymnasiet Öst AB;5565304481;82;42;17;23;..;48;33;
Fria Läroverken Linköping;69240218;Linköping;0580;Enskild;Fria Läroverken i Sverige AB;5569172041;331;145;99;87;38;24;46;
Hagströmska gymnasiet Linköping;14057258;Linköping;0580;Enskild;Hagströmska Gymnasiet AB;5567550461;86;31;29;26;16;..;17;
JENSEN Gymnasium Linköping;38460895;Linköping;0580;Enskild;Jensen Education College AB;5566358759;60;21;16;23;65;34;47;
Katedralskolan 1;53821161;Linköping;0580;Kommunal;Linköping;2120000449;17;13;2;2;..;100;..;
Katedralskolan 2;31199511;Linköping;0580;Kommunal;Linköping;2120000449;438;146;143;149;68;36;71;
Katedralskolan 3;12934438;Linköping;0580;Kommunal;Linköping;2120000449;634;224;209;201;52;22;81;
Klara Gymnasium, Linköping;43313366;Linköping;0580;Enskild;Klaragymnasium AB;5566303938;411;122;150;139;65;20;59;
LBS Ljud & Bildskolan Linköping;86787111;Linköping;0580;Enskild;Ljud & Bildskolan Lbs AB;5564851649;162;79;69;14;25;10;57;
Mediateknikerutbildningen, MTU;97868185;Linköping;0580;Enskild;Mediateknikerutbildningen, MTU AB;5564631983;109;50;22;37;47;11;54;
Praktiska Linköping;81551726;Linköping;0580;Enskild;Praktiska Sverige AB;5562575786;117;55;26;36;24;15;20;
Realgymnasiet Linköping;77823650;Linköping;0580;Enskild;Lärande i Sverige AB;5565715892;181;58;66;57;43;14;43;
Thoren Business School Linköping;37550979;Linköping;0580;Enskild;Thorengruppen AB;5566139290;135;69;41;25;67;50;34;
Vretagymnasiet;52634142;Linköping;0580;Landsting;Östergötlands Läns Landsting;2321000040;335;116;109;110;52;..;39;
Yrkesgymnasiet Linköping;76195214;Linköping;0580;Enskild;Thorengruppen AB;5566139290;241;86;79;76;46;25;24;
Ljungby Fria Gymnasium;54839753;Ljungby;0781;Enskild;Ljungby Fria Gymnasium AB;5563604767;17;.;6;11;82;..;..;
RyssbyGymnasiet;32705515;Ljungby;0781;Enskild;Ryssbygymnasiet AB;5566214069;185;71;62;52;30;6;46;
Sunnerbogymnasiet 1;60214465;Ljungby;0781;Kommunal;Ljungby;2120000670;80;29;29;22;25;38;30;
Sunnerbogymnasiet 2;70137084;Ljungby;0781;Kommunal;Ljungby;2120000670;278;88;84;106;37;17;46;
Sunnerbogymnasiet 3;82002016;Ljungby;0781;Kommunal;Ljungby;2120000670;296;153;75;68;31;51;40;
Sunnerbogymnasiet 4;21901328;Ljungby;0781;Kommunal;Ljungby;2120000670;200;72;65;63;68;18;47;
Slottegymnasiet;23306658;Ljusdal;2161;Kommunal;Ljusdal;2120002320;536;189;203;144;45;31;30;
Träutbildningar i Hälsingland;57350392;Ljusdal;2161;Enskild;Träutbildningar i Hälsingland AB;5567796718;54;27;10;17;..;..;30;
ABB Industrigymnasium Ludvika;97535124;Ludvika;2085;Enskild;Industritekniska Gymnasiet Bergslagen AB;5566081740;100;34;33;33;35;12;79;
VBU Högbergsskolan 1;11102578;Ludvika;2085;Kommunal;Västerbergslagens Utbildningscentrum,Vbu;2220000802;348;125;105;118;65;21;43;
VBU Högbergsskolan 2;69306209;Ludvika;2085;Kommunal;Västerbergslagens Utbildningscentrum,Vbu;2220000802;293;94;92;107;21;24;42;
VBU Malmen;92651253;Ludvika;2085;Kommunal;Västerbergslagens Utbildningscentrum,Vbu;2220000802;99;37;27;35;22;..;27;
Luleå gymnasieskola, skolenhet A;31740319;Luleå;2580;Kommunal;Luleå;2120002742;166;47;51;68;74;22;39;
Luleå gymnasieskola, skolenhet B;10129345;Luleå;2580;Kommunal;Luleå;2120002742;408;149;141;118;58;23;50;
Luleå gymnasieskola, skolenhet C;17944628;Luleå;2580;Kommunal;Luleå;2120002742;426;141;149;136;78;10;61;
Luleå gymnasieskola, skolenhet D;82826083;Luleå;2580;Kommunal;Luleå;2120002742;255;105;94;56;14;40;29;
Luleå gymnasieskola, skolenhet E;94468610;Luleå;2580;Kommunal;Luleå;2120002742;235;62;115;58;50;40;46;
Luleå gymnasieskola, skolenhet F;94090461;Luleå;2580;Kommunal;Luleå;2120002742;260;101;107;52;40;9;68;
Luleå gymnasieskola, skolenhet G;12954099;Luleå;2580;Kommunal;Luleå;2120002742;295;100;89;106;20;5;72;
Luleå gymnasieskola, skolenhet H;80931789;Luleå;2580;Kommunal;Luleå;2120002742;391;128;141;122;40;15;75;
Luleå Gymnasieskola, skolenhet J;84098842;Luleå;2580;Kommunal;Luleå;2120002742;60;20;16;24;..;..;52;
NTI-gymnasiet Luleå;90473340;Luleå;2580;Enskild;Nordens Teknikerinstitut Aktiebolag (Nti);5561203679;118;48;40;30;25;15;58;
Praktiska Luleå;26167236;Luleå;2580;Enskild;Praktiska Sverige AB;5562575786;252;98;84;70;58;12;34;
Consensum Gymnasium Lund;69807202;Lund;1281;Enskild;Consensum Lund AB;5566023684;258;90;94;74;71;39;39;
Drottning Blankas Gymn. Lund;64648904;Lund;1281;Enskild;Drottning Blankas Gymnasieskola AB;5565668794;176;73;54;49;81;18;45;
Gymnasieskolan Spyken;75939593;Lund;1281;Kommunal;Lund;2120001132;1 127;376;371;380;65;15;82;
Gymnasieskolan Vipan;63035915;Lund;1281;Kommunal;Lund;2120001132;1 024;470;316;238;38;24;37;
JENSEN Gymnasium Lund;26324896;Lund;1281;Enskild;Jensen Education College AB;5566358759;178;81;50;47;51;31;46;
Katedralskolan;56639389;Lund;1281;Kommunal;Lund;2120001132;1 457;486;509;462;57;22;82;
Lars-Erik Larssongymnasiet;95700485;Lund;1281;Enskild;Lars-Erik Larsson Gymnasiet;8465021015;148;50;52;46;59;16;88;
LBS Ljud & Bildskolan Lund;51449748;Lund;1281;Enskild;Ljud & Bildskolan Lbs AB;5564851649;390;146;125;119;34;11;61;
Lunds Dans- o Musikalgymnasium;28267726;Lund;1281;Enskild;Dans o Musikal i Lund AB;5566981766;189;64;63;62;87;12;69;
Lunds Fordonstekniska Gymn.;28848709;Lund;1281;Enskild;Lunds Fordonstekniska Gymnasium AB;5566426630;57;12;22;23;..;..;33;
NTI-gymnasiet Lund;12613085;Lund;1281;Enskild;Nordens Teknikerinstitut Aktiebolag (Nti);5561203679;196;74;60;62;..;14;57;
Polhemskolan;53896162;Lund;1281;Kommunal;Lund;2120001132;2 443;970;752;721;41;21;70;
ProCivitas Privata Gymnasium Lund;17779637;Lund;1281;Enskild;ProCivitas Privata Gymnasium AB;5566157102;302;132;91;79;57;13;75;
Realgymnasiet i Lund;11185244;Lund;1281;Enskild;Lärande i Sverige AB;5565715892;154;55;45;54;86;16;44;
Sveriges Ridgymnasium Flyinge;56211717;Lund;1281;Enskild;Sveriges Ridgymnasium AB;5566814504;54;32;22;.;93;..;39;
Thoren Innovation School Lund;66824652;Lund;1281;Enskild;Thoren Innovation School AB;5568902653;174;69;55;50;12;32;60;
Tannbergsskolan 1;49168016;Lycksele;2481;Kommunal;Lycksele;2120002635;224;91;67;66;29;15;49;
Tannbergsskolan 2;32042066;Lycksele;2481;Kommunal;Lycksele;2120002635;165;48;66;51;36;13;36;
Tannbergsskolan 3;50821167;Lycksele;2481;Kommunal;Lycksele;2120002635;200;123;28;49;36;70;12;
Tannbergsskolan 4;71929526;Lycksele;2481;Kommunal;Lycksele;2120002635;107;48;34;25;68;9;58;
Tannbergsskolan 6;54461375;Lycksele;2481;Kommunal;Lycksele;2120002635;11;11;.;.;..;..;..;
Gullmarsgymnasiet 1;92814975;Lysekil;1484;Kommunal;Lysekil;2120001389;267;171;51;45;19;51;22;
Gullmarsgymnasiet 2;60873719;Lysekil;1484;Kommunal;Lysekil;2120001389;324;130;86;108;49;12;53;
4 ans Gymnasium;28085125;Malmö;1280;Enskild;4ans Gymnasium AB;5567622682;94;38;34;22;63;66;38;
Agnesfrids gymnasium;28770304;Malmö;1280;Kommunal;Malmö;2120001124;210;109;61;40;12;76;16;
Bellevue gymnasium;86483208;Malmö;1280;Kommunal;Malmö;2120001124;127;77;34;16;50;60;21;
Bladins gymnasium;21938183;Malmö;1280;Enskild;Bladins Skola, Stiftelsen;8460010948;217;75;73;69;52;24;72;
Bladins International School of Malmö;78986228;Malmö;1280;Enskild;Bladins Skola, Stiftelsen;8460010948;78;26;29;23;50;77;58;
Bryggeriets Gymnasium;71472793;Malmö;1280;Enskild;Bryggeriets Bildnings Byrå (Bbb);8465017070;153;49;47;57;39;27;46;
Byggymnasiet;64123241;Malmö;1280;Kommunal;Malmö;2120001124;110;49;27;34;10;74;23;
Cybergymnasiet Malmö;69063711;Malmö;1280;Enskild;Cybergymnasiet Malmö AB;5565693289;275;118;85;72;43;55;39;
Design & Construction College Malmö;77609073;Malmö;1280;Enskild;Hermods Design & Construction College AB;5569828451;185;40;63;82;48;55;27;
Drottning Blankas Gymn. Malmö;35894996;Malmö;1280;Enskild;Drottning Blankas Gymnasieskola AB;5565668794;275;97;99;79;85;30;39;
Einar Hansengymnasiet;12926770;Malmö;1280;Enskild;Folkuniversitetet Stiftelsen Kurs- Verksamheten Vid Lunds Universitet;8450003481;174;70;45;59;60;62;56;
Framtidsgymnasiet Burlöv/Malmö;17119840;Malmö;1280;Enskild;Framtidsgymnasiet i Sverige AB;5565755500;148;45;49;54;10;47;20;
Fria Läroverken Malmö;68748767;Malmö;1280;Enskild;Fria Läroverken i Sverige AB;5569172041;351;120;134;97;40;48;36;
Hermods Gymnasium Malmö;23548714;Malmö;1280;Enskild;Hermods Gymnasium AB;5565286696;288;95;83;110;61;57;44;
JENSEN Gymnasium Malmö;48593439;Malmö;1280;Enskild;Jensen Education College AB;5566358759;195;77;70;48;57;67;48;
Kunskapsgymnasiet Malmö;91773491;Malmö;1280;Enskild;Kunskapsskolan i Sverige Aktiebolag;5565661815;253;107;80;66;56;94;41;
Malmö Borgarskola Ro 1;30361243;Malmö;1280;Kommunal;Malmö;2120001124;1 157;402;373;382;56;52;66;
Malmö Idrottsgymnasium Ro1;25596917;Malmö;1280;Kommunal;Malmö;2120001124;424;147;142;135;33;23;63;
Malmö Latinskola Ro 1;65722876;Malmö;1280;Kommunal;Malmö;2120001124;1 040;397;336;307;65;23;69;
Malmö Lärlingscenter Ro1;20984584;Malmö;1280;Kommunal;Malmö;2120001124;100;62;29;9;44;25;40;
NTI-gymnasiet Malmö;52129378;Malmö;1280;Enskild;Nordens Teknikerinstitut Aktiebolag (Nti);5561203679;248;85;84;79;..;59;41;
Pauliskolan;65381163;Malmö;1280;Kommunal;Malmö;2120001124;764;333;226;205;37;58;51;
Peabskolan Malmö;98541468;Malmö;1280;Enskild;Peabskolan AB;5564427432;96;41;29;26;..;38;26;
Plusgymnasiet Malmö;31155312;Malmö;1280;Enskild;Plusgymnasiet AB;5565789129;205;68;66;71;68;72;29;
Praktiska Malmö City;25648215;Malmö;1280;Enskild;Praktiska Sverige AB;5562575786;244;79;94;71;45;74;18;
Praktiska Malmö Limhamn;61823258;Malmö;1280;Enskild;Praktiska Sverige AB;5562575786;145;61;48;36;39;51;31;
ProCivitas Privata Gymnasium, Malmö;84424083;Malmö;1280;Enskild;ProCivitas Privata Gymnasium AB;5566157102;590;180;204;206;59;15;76;
Realgymnasiet Malmö;39178171;Malmö;1280;Enskild;Lärande i Sverige AB;5565715892;127;50;38;39;82;20;41;
Rytmus Malmö;49231191;Malmö;1280;Enskild;Rytmus AB;5564648979;145;47;58;40;57;19;48;
S:t Petri skola;78231062;Malmö;1280;Kommunal;Malmö;2120001124;833;284;250;299;59;29;77;
Startskolan;79592087;Malmö;1280;Kommunal;Malmö;2120001124;449;449;.;.;27;100;6;
TAU Hantverksskola Gymnasium;79994304;Malmö;1280;Enskild;TAU Learning Aktiebolag;5566866082;60;29;23;8;48;67;32;
Thoren Business School Malmö;10481541;Malmö;1280;Enskild;Thorengruppen AB;5566139290;425;129;134;162;51;60;37;
Universitetsholmens gymnasium;68006362;Malmö;1280;Kommunal;Malmö;2120001124;465;171;154;140;40;53;26;
Valdemarsro gymnasium;70200717;Malmö;1280;Kommunal;Malmö;2120001124;4;2;.;2;..;..;..;
Värnhemsskolan;11608031;Malmö;1280;Kommunal;Malmö;2120001124;605;273;122;210;58;65;24;
Yrkesgymnasiet Malmö;86762103;Malmö;1280;Enskild;Thorengruppen AB;5566139290;144;60;38;46;10;31;22;
Malung-Sälens gymnasieskola;68381790;Malung-Sälen;2023;Kommunal;Västerdalarnas Utbildningsförbund;2220003145;401;138;165;98;35;34;38;
Malå gymnasieskola;73138140;Malå;2418;Kommunal;Malå;2120002866;16;4;11;1;..;81;..;
Vadsbogymnasiet;13006857;Mariestad;1493;Kommunal;Mariestad;2120001686;772;352;228;192;42;26;45;
Vänergymnasiet;76007769;Mariestad;1493;Enskild;Vänergymnasiet AB;5566269014;123;36;47;40;41;..;24;
Gymnasiesärskola och introduktionsprogram;86320340;Mark;1463;Kommunal;Mark;2120001504;43;39;4;.;23;44;..;
Högskoleförberedande program;64858669;Mark;1463;Kommunal;Mark;2120001504;507;187;151;169;51;15;56;
Introduktion språk;39734083;Mark;1463;Kommunal;Mark;2120001504;113;113;.;.;16;100;..;
Naturbruksskolan Strömma;93486713;Mark;1463;Landsting;Västra Götalands Läns Landsting;2321000131;32;.;.;32;84;..;53;
Yrkesprogram;26721724;Mark;1463;Kommunal;Mark;2120001504;272;86;90;96;33;14;27;
Kunskapscentrum;58187973;Markaryd;0767;Kommunal;Markaryd;2120000654;294;127;76;91;43;47;29;
Dahlstiernska gymnasiet;88894245;Mellerud;1461;Kommunal;Mellerud;2120001488;197;70;79;48;31;47;17;
Mjölby gymnasium 1;31870541;Mjölby;0586;Kommunal;Mjölby;2120000480;259;75;81;103;45;21;56;
Mjölby gymnasium 2;71160225;Mjölby;0586;Kommunal;Mjölby;2120000480;147;78;35;34;56;51;14;
Mjölby gymnasium 3;80376589;Mjölby;0586;Kommunal;Mjölby;2120000480;58;38;12;8;40;37;..;
Mjölby gymnasium 4;67752682;Mjölby;0586;Kommunal;Mjölby;2120000480;128;44;51;33;11;..;36;
Mjölby gymnasium 5;47884009;Mjölby;0586;Kommunal;Mjölby;2120000480;118;49;37;32;37;..;29;
Mora gymnasium, ro 1;44672598;Mora;2062;Kommunal;Mora;2120002213;339;123;103;113;59;12;55;
Mora gymnasium, ro 2;75340089;Mora;2062;Kommunal;Mora;2120002213;312;139;95;78;27;7;60;
Mora gymnasium, ro 3;63997677;Mora;2062;Kommunal;Mora;2120002213;172;82;39;51;60;23;19;
Mora gymnasium, ro 4;29700879;Mora;2062;Kommunal;Mora;2120002213;247;79;131;37;10;100;..;
Carlsund utbildningscentrum 1;36670439;Motala;0583;Kommunal;Motala;2120002817;229;78;74;77;15;10;27;
Carlsund utbildningscentrum 2;22220001;Motala;0583;Kommunal;Motala;2120002817;117;43;33;41;74;22;24;
Carlsund utbildningscentrum IM;15644006;Motala;0583;Kommunal;Motala;2120002817;169;107;28;34;30;80;11;
LBS Ljud & Bildskolan Motala;76204099;Motala;0583;Enskild;Ljud & Bildskolan Lbs AB;5564851649;26;.;.;26;..;..;46;
Platengymnasiet 1;31822012;Motala;0583;Kommunal;Motala;2120002817;328;112;114;102;53;22;52;
Platengymnasiet 2;83161201;Motala;0583;Kommunal;Motala;2120002817;303;112;92;99;39;19;72;
Platengymnasiet IM;77681909;Motala;0583;Kommunal;Motala;2120002817;54;40;14;.;30;100;..;
Lärlingsgymnasiet i Håby;15100079;Munkedal;1430;Enskild;Lärlingsgymnasiet i Sverige AB;5567628176;48;24;17;7;33;..;..;
Processtekniska Gymnasiet;55421481;Munkedal;1430;Kommunal;Munkedal;2120001330;28;11;10;7;..;..;..;
Ungdomsgymnasiet;58583587;Munkedal;1430;Kommunal;Munkedal;2120001330;82;32;35;15;23;83;..;
Krokslättsgymnasiet Skolenhet 1;76470241;Mölndal;1481;Kommunal;Mölndal;2120001363;400;354;21;25;30;83;9;
Krokslättsgymnasiet Skolenhet 2;99356671;Mölndal;1481;Kommunal;Mölndal;2120001363;20;20;.;.;60;..;65;
Mönsteråsgymnasiet;16702464;Mönsterås;0861;Kommunal;Mönsterås;2120000720;238;156;30;52;37;47;27;
Magelungens Gymnasium Danvikstull;71353314;Nacka;0182;Enskild;Magelungen Utveckling AB;5564891447;79;42;34;3;47;25;44;
MediaGymnasiet i Nacka Strand;29449669;Nacka;0182;Enskild;MediaGymnasiet Nacka Strand AB;5566765995;465;172;141;152;37;17;58;
Nacka Enskilda Gymnasium;62855448;Nacka;0182;Enskild;Nacka Enskilda Gymnasium AB;5567841977;162;55;59;48;23;24;54;
Nacka gymnasium, Natur & Teknik;36252055;Nacka;0182;Kommunal;Nacka;2120000167;953;357;320;276;31;16;75;
Nacka gymnasium, Samhälle;91812793;Nacka;0182;Kommunal;Nacka;2120000167;1 176;394;411;371;56;17;68;
Nya DesignGymnasiet;14355031;Nacka;0182;Enskild;Nya Designgymnasiet i Nacka AB;5569320681;175;72;43;60;71;16;61;
Praktiska Nacka;72891848;Nacka;0182;Enskild;Praktiska Sverige AB;5562575786;308;184;91;33;43;59;23;
Rytmus Stockholm;46611859;Nacka;0182;Enskild;Rytmus AB;5564648979;631;237;197;197;52;8;74;
Sjölins gymnasium Nacka;58907711;Nacka;0182;Enskild;Sjölins Gymnasium AB;5563758399;352;117;120;115;63;12;69;
YBC, Young Business Creatives;68285560;Nacka;0182;Kommunal;Nacka;2120000167;437;156;159;122;51;12;66;
IV-programmet i Nora;71728074;Nora;1884;Kommunal;Nora;2120002007;48;23;23;2;23;96;..;
Gymnasieutbildn. i Nordanstig RO9;16374064;Nordanstig;2132;Kommunal;Hälsinglands Utbildningsförbund;2220003111;71;44;27;.;20;99;..;
Nordmalings gymnasieskola;47070220;Nordmaling;2401;Kommunal;Nordmaling;2120002536;15;6;2;7;..;100;..;
De Geergymnasiet 1;58544422;Norrköping;0581;Kommunal;Norrköping;2120000456;337;115;111;111;65;36;51;
De Geergymnasiet 2;40549870;Norrköping;0581;Kommunal;Norrköping;2120000456;38;32;5;1;66;58;37;
De Geergymnasiet 3;65150019;Norrköping;0581;Kommunal;Norrköping;2120000456;309;109;106;94;72;12;62;
De Geergymnasiet 4;31796890;Norrköping;0581;Kommunal;Norrköping;2120000456;69;16;18;35;61;14;23;
Ebersteinska gymnasiet 1;83805032;Norrköping;0581;Kommunal;Norrköping;2120000456;140;53;44;43;15;14;21;
Ebersteinska gymnasiet 2;48862305;Norrköping;0581;Kommunal;Norrköping;2120000456;313;111;103;99;6;13;32;
Ebersteinska gymnasiet 3;32887559;Norrköping;0581;Kommunal;Norrköping;2120000456;207;83;58;66;..;22;35;
Ebersteinska gymnasiet 5;71541108;Norrköping;0581;Kommunal;Norrköping;2120000456;168;62;52;54;69;57;38;
Ebersteinska gymnasiet 6;62956050;Norrköping;0581;Kommunal;Norrköping;2120000456;135;102;28;5;36;84;17;
Eberstienska gymnasiet 4;53832505;Norrköping;0581;Kommunal;Norrköping;2120000456;199;95;49;55;21;35;58;
Film & Musikgymnasiet;47537928;Norrköping;0581;Enskild;Föreningen Q;8220049426;132;60;38;34;58;11;54;
Fria Läroverken Norrköping;69471748;Norrköping;0581;Enskild;Fria Läroverken i Sverige AB;5569172041;463;183;191;89;48;40;36;
Hagagymnasiet skolenhet grön;76485705;Norrköping;0581;Kommunal;Norrköping;2120000456;362;141;105;116;51;37;61;
Hagagymnasiet skolenhet gul;31771188;Norrköping;0581;Kommunal;Norrköping;2120000456;99;47;31;21;34;18;28;
Hagagymnasiet skolenhet röd;93239262;Norrköping;0581;Kommunal;Norrköping;2120000456;335;115;108;112;71;22;45;
Himmelstalundsgymnasiet;25745773;Norrköping;0581;Landsting;Östergötlands Läns Landsting;2321000040;264;82;84;98;86;5;41;
Kungsgårdgymnasiet 3;14278480;Norrköping;0581;Kommunal;Norrköping;2120000456;79;28;25;26;96;22;37;
Kungsgårdsgymnasiet 1;99976753;Norrköping;0581;Kommunal;Norrköping;2120000456;383;146;118;119;55;28;46;
Kungsgårdsgymnasiet 2;58037626;Norrköping;0581;Kommunal;Norrköping;2120000456;410;233;155;22;26;98;9;
Kunskapsgymnasiet Norrköping;75575321;Norrköping;0581;Enskild;Kunskapsskolan i Sverige Aktiebolag;5565661815;436;167;136;133;64;12;72;
Plusgymnasiet i Norrköping;28023078;Norrköping;0581;Enskild;Plusgymnasiet AB;5565789129;294;96;96;102;88;39;29;
Realgymnasiet Norrköping;43284031;Norrköping;0581;Enskild;Lärande i Sverige AB;5565715892;273;85;88;100;27;14;52;
Rytmus Norrköping;61490754;Norrköping;0581;Enskild;Rytmus AB;5564648979;14;.;.;14;71;..;..;
Carl Wahren Gymnasium;13963517;Norrtälje;0188;Enskild;Roslagen Education AB;5568027378;145;43;45;57;52;31;16;
Ekebyholmsskolan, gy;24194577;Norrtälje;0188;Enskild;Ekebyholmsskolan Aktiebolag;5562512425;35;32;1;2;54;43;51;
Norrtelje Teknik- och Naturbruksgymnasium;26267406;Norrtälje;0188;Enskild;Norrtelje teknikgymnasium AB;5567916761;97;38;35;24;21;10;26;
Roden gymnasiet Enhet 1;31255918;Norrtälje;0188;Kommunal;Norrtälje;2120000217;312;132;91;89;18;11;23;
Rodengymnasiet Enhet 2;51955293;Norrtälje;0188;Kommunal;Norrtälje;2120000217;338;119;109;110;48;17;46;
Rodengymnasiet Enhet 3;57690933;Norrtälje;0188;Kommunal;Norrtälje;2120000217;460;244;105;111;46;35;36;
Norsjö gymnasium;25985417;Norsjö;2417;Kommunal;Norsjö;2120002858;32;32;.;.;69;94;..;
Åkrahällskolan Akra01;35035671;Nybro;0881;Kommunal;Nybro;2120000753;294;130;118;46;32;49;29;
Åkrahällskolan Akra02;12130801;Nybro;0881;Kommunal;Nybro;2120000753;29;14;5;10;86;..;..;
Åkrahällskolan Akra03;51736304;Nybro;0881;Kommunal;Nybro;2120000753;181;69;56;56;33;31;43;
Praktiska Nykvarn;53180719;Nykvarn;0140;Enskild;Praktiska Sverige AB;5562575786;265;89;91;85;40;48;16;
Elteknikbranschens gymnasium;27489137;Nyköping;0480;Enskild;Elteknikbranschens Gymnasium i Nyköping AB;5567106637;83;28;27;28;..;..;40;
Framtidsgymnasiet Nyköping;15609112;Nyköping;0480;Enskild;Framtidsgymnasiet Öst AB;5565304481;93;42;31;20;..;35;25;
LBS Ljud & Bildskolan Nyköping;44285075;Nyköping;0480;Enskild;Ljud & Bildskolan Lbs AB;5564851649;122;44;38;40;27;13;46;
Nyköping Strand Utbildn.center;60424371;Nyköping;0480;Enskild;Nyköping Strand Utbildningscentrum AB;5564710795;167;59;48;60;64;12;38;
Nyköpings Enskilda Gymnasium;95785055;Nyköping;0480;Enskild;Erastos AB;5564418449;474;168;171;135;63;12;69;
Nyköpings gymnasium Gripen1;68655578;Nyköping;0480;Kommunal;Nyköping;2120002940;374;153;116;105;20;26;46;
Nyköpings gymnasium Gripen2;99946034;Nyköping;0480;Kommunal;Nyköping;2120002940;400;166;185;49;23;90;7;
Nyköpings gymnasium Skavsta;17062663;Nyköping;0480;Kommunal;Nyköping;2120002940;183;66;59;58;15;16;38;
Nyköpings gymnasium Tessin;68741484;Nyköping;0480;Kommunal;Nyköping;2120002940;603;237;184;182;58;32;40;
Realgymnasiet Nyköping;56267421;Nyköping;0480;Enskild;Lärande i Sverige AB;5565715892;67;28;19;20;82;..;24;
Öknaskolan;34990065;Nyköping;0480;Landsting;Södermanlands Läns Landsting;2321000032;243;85;75;83;55;..;53;
Nynäshamns gymnasium;37054246;Nynäshamn;0192;Kommunal;Nynäshamn;2120000233;416;249;98;69;25;41;27;
Brinellgymnasiet 1;96383883;Nässjö;0682;Kommunal;Nässjö;2120000548;397;164;146;87;48;58;27;
Brinellgymnasiet 2;39199869;Nässjö;0682;Kommunal;Nässjö;2120000548;312;115;97;100;22;25;53;
Brinellgymnasiet 3;62216381;Nässjö;0682;Kommunal;Nässjö;2120000548;173;65;50;58;39;23;32;
Brinellgymnasiet 4;31179045;Nässjö;0682;Kommunal;Nässjö;2120000548;324;118;87;119;61;27;36;
Vuxenutbildningen/IM;88064376;Ockelbo;2101;Kommunal;Ockelbo;2120002288;1;1;.;.;..;..;..;
Klaragymnasiet med internat;15763669;Olofström;1060;Kommunal;Kommunsamverkan Cura Individutveckling;2220000711;44;15;13;16;..;..;52;
Nordenbergsskolan 1;59655752;Olofström;1060;Kommunal;Olofström;2120000811;230;88;62;80;60;18;47;
Nordenbergsskolan 2;88750078;Olofström;1060;Kommunal;Olofström;2120000811;162;48;57;57;6;15;37;
Nordenbergsskolan 3;50108759;Olofström;1060;Kommunal;Olofström;2120000811;109;52;38;19;27;88;9;
Gymnasieutbildningen i Orust;41878314;Orust;1421;Kommunal;Orust;2120001314;19;12;4;3;..;..;..;
Ekbackeskolan gymnasium;41555549;Osby;1273;Kommunal;Osby;2120000902;360;172;111;77;40;26;47;
Naturbruksgymnasiet Osby;32003298;Osby;1273;Kommunal;Osby;2120000902;92;26;29;37;11;..;46;
Yrkesskolan, introduktionsprogrammet;19878579;Osby;1273;Kommunal;Osby;2120000902;14;6;7;1;..;..;..;
Elajo Technical Edu. Center;22383788;Oskarshamn;0882;Enskild;Elajo Technical Education Center AB;5562216027;81;28;26;27;..;..;54;
Oscarsgymnasiet A;85459854;Oskarshamn;0882;Kommunal;Oskarshamn;2120000761;318;103;121;94;45;16;41;
Oscarsgymnasiet B;81876614;Oskarshamn;0882;Kommunal;Oskarshamn;2120000761;256;105;72;79;36;22;54;
Oscarsgymnasiet C;44963095;Oskarshamn;0882;Kommunal;Oskarshamn;2120000761;188;73;94;21;26;90;5;
Oscarsgymnasiet D;18711877;Oskarshamn;0882;Kommunal;Oskarshamn;2120000761;176;64;61;51;66;13;44;
Voxnadalens gymnasium;67071618;Ovanåker;2121;Kommunal;Ovanåker;2120002304;314;123;118;73;36;31;30;
Laestadiusskolan;75324351;Pajala;2521;Kommunal;Lapplands Kommunalförbund;2220000760;173;59;70;44;36;38;32;
Partille gymnasium/IM;21862642;Partille;1402;Kommunal;Partille;2120001272;160;94;57;9;19;76;14;
Partille Gymnasium/Nat. Prg.;61229217;Partille;1402;Kommunal;Partille;2120001272;249;91;76;82;31;43;43;
Perstorp Gymnasium;58929357;Perstorp;1275;Enskild;Perstorp Aktiebolag;5560246513;75;30;26;19;32;13;55;
Grans naturbruksgymnasium;42517257;Piteå;2581;Landsting;Norrbottens Läns Landsting;2321000230;112;48;34;30;84;10;38;
Strömbacka Frigg;70376604;Piteå;2581;Kommunal;Piteå;2120002759;288;113;90;85;76;11;50;
Strömbacka Hugin;59575030;Piteå;2581;Kommunal;Piteå;2120002759;404;147;166;91;29;39;45;
Strömbacka Magne;93503103;Piteå;2581;Kommunal;Piteå;2120002759;170;64;43;63;21;9;28;
Strömbacka Mjölner;41697930;Piteå;2581;Kommunal;Piteå;2120002759;295;92;93;110;12;4;45;
Strömbacka Munin;28025244;Piteå;2581;Kommunal;Piteå;2120002759;347;161;111;75;64;8;54;
Jämtlands Gymn, Bispgården;17184072;Ragunda;2303;Kommunal;Jämtlands Gymnasieförbund;2220001636;114;32;61;21;20;63;11;
Lärcentrum;34838015;Robertsfors;2409;Kommunal;Robertsfors;2120002551;32;32;.;.;..;94;..;
Gymnasieskolan Knut Hahn 1;40338843;Ronneby;1081;Kommunal;Ronneby;2120000837;262;92;91;79;69;15;47;
Gymnasieskolan Knut Hahn 2;77440824;Ronneby;1081;Kommunal;Ronneby;2120000837;248;84;86;78;28;15;56;
Gymnasieskolan Knut Hahn 3;13883567;Ronneby;1081;Kommunal;Ronneby;2120000837;290;102;153;35;25;89;11;
Gymnasieskolan Knut Hahn 4;71069359;Ronneby;1081;Kommunal;Ronneby;2120000837;53;20;21;12;..;..;62;
Naturbruksgymnasiet i Blekinge;86896907;Ronneby;1081;Kommunal;Ronneby;2120000837;105;38;36;31;54;..;39;
Sjöarpsskolan gy;56336528;Ronneby;1081;Kommunal;Ronneby;2120000837;4;.;1;3;..;..;..;
Stiernhööksgymnasiet;14292382;Rättvik;2031;Kommunal;Rättvik;2120002171;438;191;147;100;50;15;39;
ABB Industrigymnasium Sala;51981332;Sala;1981;Enskild;Industritekniska Gymnasiet Bergslagen AB;5566081740;71;20;23;28;..;15;69;
Kungsängsgymnasiet;87859089;Sala;1981;Kommunal;Sala;2120002098;500;310;87;103;30;51;24;
Västmanland naturbruksgy. Ösby;54764253;Sala;1981;Kommunal;Sala;2120002098;207;81;71;55;43;7;27;
Rönninge gymnasium;98908403;Salem;0128;Kommunal;Salem;2120002874;641;226;170;245;48;51;50;
Bessemerskolan;16493131;Sandviken;2181;Kommunal;Sandviken;2120002346;806;304;258;244;40;19;43;
Bessemerskolan_IM;33528519;Sandviken;2181;Kommunal;Sandviken;2120002346;313;119;194;.;33;79;8;
Göranssonska skolan;41119610;Sandviken;2181;Enskild;Sandvik Utbildningsaktiebolag;5563048791;191;66;58;67;33;15;68;
Arlandagymnasiet 1;83272868;Sigtuna;0191;Kommunal;Sigtuna;2120000225;264;87;85;92;45;40;53;
Arlandagymnasiet 2;11526364;Sigtuna;0191;Kommunal;Sigtuna;2120000225;56;18;20;18;57;53;34;
Arlandagymnasiet 3;48304166;Sigtuna;0191;Kommunal;Sigtuna;2120000225;137;42;49;46;..;31;42;
Arlandagymnasiet 4;66912789;Sigtuna;0191;Kommunal;Sigtuna;2120000225;122;40;42;40;40;17;52;
Arlandagymnasiet 5;66494337;Sigtuna;0191;Kommunal;Sigtuna;2120000225;225;67;122;36;26;95;10;
Arlandagymnasiet 6;43318533;Sigtuna;0191;Kommunal;Sigtuna;2120000225;130;42;41;47;62;53;33;
Praktiska Märsta;24982097;Sigtuna;0191;Enskild;Praktiska Sverige AB;5562575786;106;49;32;25;32;50;29;
Sigtunaskolan hum. läroverket, gy;45552626;Sigtuna;0191;Enskild;Sigtuna Skolstiftelse;8148002879;449;144;171;134;48;28;57;
Sveriges Ridgymnasium Sigtuna;97104132;Sigtuna;0191;Enskild;Sveriges Ridgymnasium AB;5566814504;41;24;17;.;98;..;56;
Nova Academy;16748680;Simrishamn;1291;Kommunal;Simrishamn;2120000969;181;64;64;53;62;15;52;
Österlengymnasiet;68597767;Simrishamn;1291;Kommunal;Simrishamn;2120000969;210;71;91;48;29;64;12;
Malenagymnasiet, Rektorsområde 1;27964873;Sjöbo;1265;Kommunal;Sjöbo;2120001090;171;69;46;56;20;9;16;
Malenagymnasiet, Rektorsområde 2;76532989;Sjöbo;1265;Kommunal;Sjöbo;2120001090;38;20;17;1;..;92;..;
Katedralskolan Skara Ro B;30706655;Skara;1495;Kommunal;Skara;2120001702;330;130;128;72;22;61;12;
Katedralskolan Skara Ro C;65674821;Skara;1495;Kommunal;Skara;2120001702;240;83;79;78;63;30;53;
Katedralskolan Skara Ro D;92332557;Skara;1495;Kommunal;Skara;2120001702;308;94;103;111;62;15;56;
Naturbruksskolan Uddetorp;46332927;Skara;1495;Landsting;Västra Götalands Läns Landsting;2321000131;112;28;35;49;52;..;38;
Anderstorpsgymnasiet;78690637;Skellefteå;2482;Kommunal;Skellefteå;2120002643;1 269;461;390;418;54;12;53;
Baldergymnasiet;38048202;Skellefteå;2482;Kommunal;Skellefteå;2120002643;1 072;511;295;266;39;32;44;
Guldstadsgymnasiet i Skellefteå;90990441;Skellefteå;2482;Enskild;Honesta Skolutveckling AB;5569173635;107;52;25;30;50;20;29;
Naturbruksgymnasiet i Burträsk;86319615;Skellefteå;2482;Kommunal;Skellefteå;2120002643;54;19;18;17;35;..;31;
Praktiska Skellefteå;87303004;Skellefteå;2482;Enskild;Praktiska Sverige AB;5562575786;155;62;45;48;35;44;14;
Yrkesgymnasiet Skellefteå;97835550;Skellefteå;2482;Enskild;Thorengruppen AB;5566139290;118;37;39;42;14;32;23;
Nils Holgerssongy i Skurup;22446331;Skurup;1264;Kommunal;Skurup;2120001082;171;64;50;57;25;10;22;
IT-Gymnasiet Skövde;26671095;Skövde;1496;Enskild;IT Gymnasiet Sverige AB;5565970471;203;68;70;65;20;24;52;
Kavelbro enhet 876;42911621;Skövde;1496;Kommunal;Skövde;2120001710;261;88;82;91;9;5;40;
Kavelbro enhet 877;40575001;Skövde;1496;Kommunal;Skövde;2120001710;380;142;121;117;49;11;40;
Kavelbro enhet 878;43998440;Skövde;1496;Kommunal;Skövde;2120001710;240;80;111;49;31;79;11;
Lichron Teknikgymnasium Skövde;75027822;Skövde;1496;Enskild;Lichron Teknik AB;5567560635;107;34;37;36;12;..;48;
Plusgymnasiet i Skövde;26508763;Skövde;1496;Enskild;Plusgymnasiet AB;5565789129;229;88;84;57;81;24;24;
Praktiska Skövde;14504503;Skövde;1496;Enskild;Praktiska Sverige AB;5562575786;167;83;51;33;41;30;22;
Volvogymnasiet Skövde;21850904;Skövde;1496;Enskild;Volvo Personvagnar Aktiebolag;5560743089;144;48;48;48;27;7;73;
Västerhöjd enhet 871;65320354;Skövde;1496;Kommunal;Skövde;2120001710;398;150;127;121;50;21;74;
Västerhöjd enhet 872;77544055;Skövde;1496;Kommunal;Skövde;2120001710;301;121;90;90;61;15;52;
Västerhöjd enhet 873;49112879;Skövde;1496;Kommunal;Skövde;2120001710;216;76;74;66;82;10;59;
Västerhöjd enhet 874;30279258;Skövde;1496;Kommunal;Skövde;2120001710;349;109;123;117;68;17;58;
Västerhöjd enhet 875;16198647;Skövde;1496;Kommunal;Skövde;2120001710;80;29;26;25;59;..;38;
VBU Smeden;12496135;Smedjebacken;2061;Kommunal;Västerbergslagens Utbildningscentrum,Vbu;2220000802;85;42;27;16;60;38;14;
VBU Stegelbacken;29220606;Smedjebacken;2061;Kommunal;Västerbergslagens Utbildningscentrum,Vbu;2220000802;253;249;.;4;19;94;4;
Sollefteå gymnasium;76903284;Sollefteå;2283;Kommunal;Sollefteå;2120002437;658;240;246;172;39;34;34;
Consensum Gymnasium Sollentuna;68649663;Sollentuna;0163;Enskild;Consensum Lund AB;5566023684;150;61;49;40;79;50;37;
Häggviks Gymnasium Gymnasieskola;43623146;Sollentuna;0163;Enskild;Utvecklingspedagogik Sverige Aktiebolag;5564715729;20;4;8;8;50;..;55;
Mikael Elias Gymnasium, Sollentuna;49141105;Sollentuna;0163;Enskild;Mikael Elias Gymnasium AB;5565583282;202;71;63;68;56;65;46;
NTI-gymnasiet Sollentuna;15870428;Sollentuna;0163;Enskild;Nordens Teknikerinstitut Aktiebolag (Nti);5561203679;206;75;67;64;17;37;39;
Rudbeck Ekonomiprogrammet;26646080;Sollentuna;0163;Kommunal;Sollentuna;2120000134;462;157;152;153;52;26;65;
Rudbeck El- och energi & Teknikprogrammet;26750052;Sollentuna;0163;Kommunal;Sollentuna;2120000134;370;127;126;117;11;22;71;
Rudbeck Estetiska & Samhällsvetenskapsprogrammet;18974693;Sollentuna;0163;Kommunal;Sollentuna;2120000134;440;147;135;158;69;27;68;
Rudbeck Humanistiska programmet & AST-enheten;26996566;Sollentuna;0163;Kommunal;Sollentuna;2120000134;64;19;23;22;64;28;59;
Rudbeck Introduktionsprogrammen;15832056;Sollentuna;0163;Kommunal;Sollentuna;2120000134;221;83;118;20;22;93;10;
Rudbeck Naturvetenskapsprogrammet;27704246;Sollentuna;0163;Kommunal;Sollentuna;2120000134;516;157;183;176;51;38;80;
Yrkesgymnasiet Sollentuna;81997762;Sollentuna;0163;Enskild;Thorengruppen AB;5566139290;194;69;69;56;38;37;24;
Ingridskolan, gymnasiet;28967085;Solna;0184;Enskild;Ingridskolan AB;5566222013;42;17;12;13;40;..;67;
Johan Movingers Gymnasium;69747871;Solna;0184;Enskild;Johan Movingers Gymnasium;8024142781;58;37;15;6;40;75;53;
Peabskolan Solna;70119254;Solna;0184;Enskild;Peabskolan AB;5564427432;56;20;14;22;..;32;25;
Psykologigymnasiet;31151740;Solna;0184;Enskild;Psykologigymnasiet Sverige AB;5567295885;97;38;27;32;67;30;53;
Solna Gymnasium;79346084;Solna;0184;Kommunal;Solna;2120000183;750;342;212;196;40;47;51;
Sorsele gymnasieskola;98927766;Sorsele;2422;Kommunal;Sorsele;2120002585;79;79;.;.;13;99;..;
KC-gymnasiet;19456482;Sotenäs;1427;Kommunal;Sotenäs;2120001322;31;6;25;.;..;100;..;
Gymnasieutb. i Staffanstorp;43827700;Staffanstorp;1230;Kommunal;Staffanstorp;2120001017;34;31;3;.;32;65;..;
Hvilan Utbildning;34222422;Staffanstorp;1230;Enskild;Hvilan Utbildning AB;5566066980;85;50;19;16;48;45;29;
Munkeröds utb.c., Stenungsund;84230226;Stenungsund;1415;Enskild;Munkeröds Utbildningscenter Aktiebolag;5562067495;8;4;2;2;..;..;..;
Nösnäsgymnasiet 1;42060237;Stenungsund;1415;Kommunal;Stenungsund;2120001298;389;266;67;56;27;54;16;
Nösnäsgymnasiet 2;89816391;Stenungsund;1415;Kommunal;Stenungsund;2120001298;200;54;76;70;57;9;49;
Nösnäsgymnasiet 3;14448619;Stenungsund;1415;Kommunal;Stenungsund;2120001298;300;100;99;101;57;13;57;
Nösnäsgymnasiet 4;12546590;Stenungsund;1415;Kommunal;Stenungsund;2120001298;326;125;102;99;13;7;57;
Atleticagymnasiet;43565270;Stockholm;0180;Enskild;Atleticagymnasiet AB;5567799035;393;148;132;113;39;77;37;
Bernadottegymnasiet 77176811;77176811;Stockholm;0180;Kommunal;Stockholm;2120000142;311;126;89;96;35;24;54;
Blackebergs gymnasium 52791537;52791537;Stockholm;0180;Kommunal;Stockholm;2120000142;353;128;129;96;63;12;80;
Blackebergs gymnasium 85152591;85152591;Stockholm;0180;Kommunal;Stockholm;2120000142;460;203;121;136;53;38;62;
Blackebergs gymnasium 85819857;85819857;Stockholm;0180;Kommunal;Stockholm;2120000142;391;127;127;137;49;21;85;
Bromma gymnasium 40600798;40600798;Stockholm;0180;Kommunal;Stockholm;2120000142;459;157;142;160;46;24;70;
Bromma gymnasium 52942981;52942981;Stockholm;0180;Kommunal;Stockholm;2120000142;547;224;151;172;41;36;63;
Bromma gymnasium 54117171;54117171;Stockholm;0180;Kommunal;Stockholm;2120000142;209;97;55;57;18;26;75;
Campus Manilla Gymnasium;48120273;Stockholm;0180;Enskild;Campus Manilla Utbildning AB;5568834765;208;83;79;46;57;8;87;
Carlgrenska Waldorfgymnasiet;33233228;Stockholm;0180;Enskild;Stockholms Fria Waldorfgymnasium;8024530647;23;13;6;4;65;..;78;
Cybergymnasiet Stockholm;94167577;Stockholm;0180;Enskild;Cybergymnasiet Stockholm AB;5565547964;919;423;271;225;47;52;43;
Design & Construction College Stockholm;27023528;Stockholm;0180;Enskild;Hermods Design & Construction College AB;5569828451;284;96;114;74;59;36;48;
Didaktus Liljeholmen;53903798;Stockholm;0180;Enskild;Didaktus Skolor AB;5564732856;633;224;185;224;67;82;27;
Distra Bygg Gymnasium Sthlm;85782695;Stockholm;0180;Enskild;Distra Utbildnings Center AB;5566064209;123;56;37;30;12;67;24;
Djurgymnasiet Stockholm;98815582;Stockholm;0180;Enskild;Animallogos AB;5566205455;273;102;96;75;86;14;49;
Drottning Blankas Gymnasieskola Stockholm;97770837;Stockholm;0180;Enskild;Drottning Blankas Gymnasieskola AB;5565668794;355;127;135;93;74;35;44;
Elektrikergymnasiet;21312503;Stockholm;0180;Enskild;Stockholms El-utbildning AB;5566814801;155;50;54;51;..;12;43;
Engelska gymnasiet Södermalm;77632411;Stockholm;0180;Enskild;Internationella Engelska Skolan i Sverige AB;5564624368;699;248;225;226;67;47;77;
Enskede Gårds gymnasium 35541921;35541921;Stockholm;0180;Kommunal;Stockholm;2120000142;503;184;232;87;29;80;14;
Enskilda gymnasiet, gy;69650864;Stockholm;0180;Enskild;Enskilda Gymnasiet;8020126531;278;94;95;89;54;14;90;
ESS-gymnasiet 59581397;59581397;Stockholm;0180;Kommunal;Stockholm;2120000142;146;66;46;34;53;30;55;
Ess-gymnasiet 76708131;76708131;Stockholm;0180;Kommunal;Stockholm;2120000142;120;120;.;.;16;100;..;
ESS-gymnasiet 84286715;84286715;Stockholm;0180;Kommunal;Stockholm;2120000142;77;68;6;3;60;37;43;
Framtidsgymnasiet i Stockholm;14926020;Stockholm;0180;Enskild;Framtidsgymnasiet i Göteborg Aktiebolag;5564781606;106;37;36;33;..;60;24;
Franska Skolan/Ecole francaise Gymnasium;41938272;Stockholm;0180;Enskild;Stiftelsen Franska Skolan;8020061530;308;106;105;97;62;17;86;
Globala gymnasiet 29423248;29423248;Stockholm;0180;Kommunal;Stockholm;2120000142;370;128;117;125;77;14;86;
Globala gymnasiet 76054399;76054399;Stockholm;0180;Kommunal;Stockholm;2120000142;304;184;64;56;50;50;57;
Grillska Gymnasiet Stockholm;33132452;Stockholm;0180;Enskild;Stadsmissionens Skolstiftelse;8020170794;599;226;201;172;51;49;34;
Gymnasieskolan Futurum;56942970;Stockholm;0180;Enskild;Sociala Missionen;8020031178;70;33;23;14;44;60;29;
Gymnasieskolan Metapontum;60142020;Stockholm;0180;Enskild;Metapontum AB;5566641691;36;21;8;7;39;64;69;
Hermods Distansgymnasium;70811222;Stockholm;0180;Enskild;Hermods Aktiebolag;5560440017;28;13;9;6;71;..;57;
Hermods Gymnasium Stockholm;17911161;Stockholm;0180;Enskild;Hermods Gymnasium AB;5565286696;587;144;203;240;55;59;47;
International IT College of Sweden Stockholm;35084976;Stockholm;0180;Enskild;Edinit AB;5563114445;289;103;87;99;46;62;54;
International School of the Stockholm Region 25525759;25525759;Stockholm;0180;Kommunal;Stockholm;2120000142;260;88;95;77;50;66;62;
Internationella Kunskapsgymnasiet;49068301;Stockholm;0180;Enskild;Kunskapsskolan i Sverige Aktiebolag;5565661815;240;97;83;60;51;46;61;
JENSEN Gymnasium Internationella;59898194;Stockholm;0180;Enskild;Jensen Education College AB;5566358759;204;90;63;51;65;45;40;
JENSEN Gymnasium Norra;38195284;Stockholm;0180;Enskild;Jensen Education College AB;5566358759;433;149;142;142;50;30;57;
JENSEN Gymnasium Södra;97510495;Stockholm;0180;Enskild;Jensen Education College AB;5566358759;460;177;159;124;57;42;45;
Klara Norra Gymnasium Sthlm;89461767;Stockholm;0180;Enskild;Klaragymnasium AB;5566303938;236;77;81;78;53;39;53;
Klara Södra Gymnasium Sthlm;94717858;Stockholm;0180;Enskild;Klaragymnasium AB;5566303938;407;147;115;145;36;24;71;
Kristofferskolan, gy;53760158;Stockholm;0180;Enskild;Stiftelsen Kristofferskolan;8020018720;138;42;47;49;53;14;84;
Kulturama gymnasium;78422467;Stockholm;0180;Enskild;Medborgarskolan Stockholmsregionen;8020060524;537;180;183;174;68;13;68;
Kulturama gymnasium Odenplan;37802196;Stockholm;0180;Enskild;Medborgarskolans Friskolor i Stockholm AB;5565684965;20;.;7;13;50;..;80;
Kungl. Svenska Balettskolan gy 38683336;38683336;Stockholm;0180;Kommunal;Stockholm;2120000142;48;21;16;11;79;..;54;
Kungsh gy/Sthlms Musikgy 36288955;36288955;Stockholm;0180;Kommunal;Stockholm;2120000142;463;174;124;165;64;38;83;
Kungsh gy/Sthlms Musikgy 88839172;88839172;Stockholm;0180;Kommunal;Stockholm;2120000142;808;298;253;257;65;20;85;
Kungsholmens Västra Gymnasium 48412612;48412612;Stockholm;0180;Kommunal;Stockholm;2120000142;232;81;77;74;63;43;55;
Kungsholmens Västra Gymnasium 95618280;95618280;Stockholm;0180;Kommunal;Stockholm;2120000142;530;237;156;137;70;70;37;
Kungstensgymnasiet;75075402;Stockholm;0180;Enskild;Folkuniversitetet Stift Kursverksamheten Vid Stockholms Universitet;8020064096;338;138;124;76;72;9;72;
Kunskapsgymnasiet Globen;26326048;Stockholm;0180;Enskild;Kunskapsskolan i Sverige Aktiebolag;5565661815;423;149;153;121;59;38;55;
Kärrtorps gymnasium 37839488;37839488;Stockholm;0180;Kommunal;Stockholm;2120000142;761;279;199;283;36;70;43;
LBS Ljud & Bildskolan Stockholm;46256929;Stockholm;0180;Enskild;Ljud & Bildskolan Lbs AB;5564851649;293;124;109;60;25;18;62;
Liljeholmens gymnasium 59409052;59409052;Stockholm;0180;Kommunal;Stockholm;2120000142;150;150;.;.;26;100;..;
Lilla Akademiens Musikgymn.;83374651;Stockholm;0180;Enskild;Musikskolan Lilla Akademien AB;5565510756;104;42;25;37;63;25;85;
Lycée Francais Saint Louis, gy;59796774;Stockholm;0180;Enskild;Lycée Francais Saint-Louis;9020041852;93;33;35;25;49;66;70;
Magelungens gymnasium Södermalm;24147242;Stockholm;0180;Enskild;Magelungen Utveckling AB;5564891447;103;55;20;28;54;13;61;
Midsommarkransens gy 17675502;17675502;Stockholm;0180;Kommunal;Stockholm;2120000142;249;123;55;71;52;53;37;
Midsommarkransens gy 75600007;75600007;Stockholm;0180;Kommunal;Stockholm;2120000142;282;107;83;92;36;35;56;
Mikael Elias Gymnasium, Stockholm;73812226;Stockholm;0180;Enskild;Mikael Elias Gymnasium AB;5565583282;372;127;137;108;45;41;62;
Nordiska Musikgymnasiet;30762346;Stockholm;0180;Enskild;Nordiska Musikgymnasiet AB;5565851507;33;12;7;14;61;39;67;
Norra Real 82964090;82964090;Stockholm;0180;Kommunal;Stockholm;2120000142;570;191;199;180;56;19;89;
Norra Real 88955893;88955893;Stockholm;0180;Kommunal;Stockholm;2120000142;417;129;128;160;78;14;82;
NTI Handelsgymnasiet Stockholm;15278518;Stockholm;0180;Enskild;Nordens Teknikerinstitut Aktiebolag (Nti);5561203679;284;128;85;71;41;24;44;
NTI-gymnasiet Stockholm;15390992;Stockholm;0180;Enskild;Nordens Teknikerinstitut Aktiebolag (Nti);5561203679;823;287;284;252;17;17;69;
Odenplansgymnasiet;63943560;Stockholm;0180;Enskild;Värmdö Tekniska Utbildningar Aktiebolag, Vtu;5563836757;219;92;72;55;58;59;35;
Plusgymnasiet Stockholm;85516596;Stockholm;0180;Enskild;Plusgymnasiet AB;5565789129;400;156;140;104;73;48;34;
Praktiska Stockholm;85679487;Stockholm;0180;Enskild;Praktiska Sverige AB;5562575786;315;162;94;59;27;51;27;
Profilgymnasiet;46282895;Stockholm;0180;Enskild;Uni-Partner Aktiebolag;5562869320;11;3;3;5;..;..;..;
Påhlmans gymnasium;16784385;Stockholm;0180;Enskild;Medborgarskolans Friskolor i Stockholm AB;5565684965;312;155;94;63;53;17;60;
Realgymnasiet Stockholm;59026584;Stockholm;0180;Enskild;Lärande i Sverige AB;5565715892;553;190;187;176;90;15;45;
REFIS Rörentr. friskola Sthlm;79829846;Stockholm;0180;Enskild;REFIS Rörentreprenörernas Friskola i Stockholm A;5566285994;135;51;45;39;..;11;36;
RGRH Stockholm, Riksgymnasium  för rörelsehindrade elever 89963319;89963319;Stockholm;0180;Kommunal;Stockholm;2120000142;23;3;5;15;..;..;65;
Sjölins gymnasium Södermalm;24339566;Stockholm;0180;Enskild;Sjölins Gymnasium AB;5563758399;565;221;170;174;58;21;67;
Sjömansskolan;20061769;Stockholm;0180;Enskild;Sjömansskolan Stockholm AB;5565662409;51;12;20;19;..;..;65;
Skolslussen 65458415;65458415;Stockholm;0180;Kommunal;Stockholm;2120000142;57;57;.;.;60;44;53;
Skärholmens gymnasium 91478173;91478173;Stockholm;0180;Kommunal;Stockholm;2120000142;204;204;.;.;6;100;..;
Snitz Gymnasium;95154882;Stockholm;0180;Enskild;PPS Power Planning System Aktiebolag;5565042255;135;54;41;40;26;15;56;
Sofiaängens skola gy;25074310;Stockholm;0180;Enskild;Sofiaängen AB;5565980942;14;10;2;2;86;..;..;
Spånga Gymnasium 52333875;52333875;Stockholm;0180;Kommunal;Stockholm;2120000142;198;74;56;68;73;11;44;
Spånga Gymnasium 59316720;59316720;Stockholm;0180;Kommunal;Stockholm;2120000142;353;178;83;92;43;78;41;
S:t Eriks gymnasium 24663703;24663703;Stockholm;0180;Kommunal;Stockholm;2120000142;369;139;116;114;61;19;65;
S:t Eriks gymnasium 28519815;28519815;Stockholm;0180;Kommunal;Stockholm;2120000142;274;61;72;141;57;75;38;
S:t Eriks gymnasium 65666808;65666808;Stockholm;0180;Kommunal;Stockholm;2120000142;190;69;61;60;78;32;45;
S:t Eriks gymnasium 69543519;69543519;Stockholm;0180;Kommunal;Stockholm;2120000142;359;243;60;56;17;68;25;
Sthlm hotell & restaurangsk 24397215;24397215;Stockholm;0180;Kommunal;Stockholm;2120000142;287;102;79;106;33;16;48;
Sthlm hotell & restaurangsk 30677562;30677562;Stockholm;0180;Kommunal;Stockholm;2120000142;355;130;114;111;74;33;34;
Sthlm Transp&Fordon 85054102;85054102;Stockholm;0180;Kommunal;Stockholm;2120000142;119;51;33;35;8;40;36;
Sthlm Transp&Fordon 87274273;87274273;Stockholm;0180;Kommunal;Stockholm;2120000142;57;19;19;19;21;..;33;
Sthlms Int. Restaurangskola;56653353;Stockholm;0180;Enskild;Klaragymnasium AB;5566303938;172;75;58;39;44;16;47;
Stift. Sthlm Intern. School gy;89693952;Stockholm;0180;Enskild;The International School Of Stockholm;9020019635;129;48;48;33;53;73;54;
Stiftelsen KFUM Söder Fryshuset, Fryshusets Gymnasium;24759907;Stockholm;0180;Enskild;Stiftelsen Fryshuset;8020111582;881;414;255;212;47;43;46;
Stockholm Science & Innovation School 78433202, SSIS;78433202;Stockholm;0180;Kommunal;Stockholm;2120000142;195;68;66;61;10;30;70;
Stockholms byggtekniska gymnasium 41631104;41631104;Stockholm;0180;Kommunal;Stockholm;2120000142;132;65;31;36;..;48;27;
Stockholms Estetiska Gymnasium;35366805;Stockholm;0180;Enskild;Stockholms Estetiska Gymnasium Ek. För.;7696029995;237;82;78;77;77;12;70;
Stockholms Idrottsgymnasium;31315191;Stockholm;0180;Enskild;Stockholms Idrottsgymnasium AB;5567379226;317;122;125;70;40;17;70;
Stockholms Tillskärarakademis Gymnasium;80357110;Stockholm;0180;Enskild;Medborgarskolans Friskolor i Stockholm AB;5565684965;59;15;24;20;81;31;53;
Säkerhetsgymnasiet;23270781;Stockholm;0180;Enskild;Säkerhetsgymnasiet i Stockholm AB;5567551386;77;.;37;40;23;49;31;
Södra Latins gymnasium 42775003;42775003;Stockholm;0180;Kommunal;Stockholm;2120000142;468;159;158;151;80;11;83;
Södra Latins gymnasium 56670842;56670842;Stockholm;0180;Kommunal;Stockholm;2120000142;247;109;63;75;61;36;74;
Södra Latins gymnasium 89370947;89370947;Stockholm;0180;Kommunal;Stockholm;2120000142;385;128;126;131;73;10;87;
Teknik & Service Gymnasiet;18451445;Stockholm;0180;Enskild;Ludus AB;5568879018;61;29;10;22;..;33;33;
Tensta gymnasium 42985608;42985608;Stockholm;0180;Kommunal;Stockholm;2120000142;176;128;22;26;20;100;..;
Thoren Business School Stockholm;48555205;Stockholm;0180;Enskild;Thorengruppen AB;5566139290;765;243;257;265;61;28;58;
Thoren Innovation School Stockholm;31313926;Stockholm;0180;Enskild;Thoren Innovation School AB;5568902653;269;128;61;80;17;41;59;
Thorildsplans gymnasium 30312720;30312720;Stockholm;0180;Kommunal;Stockholm;2120000142;562;215;171;176;33;38;66;
Thorildsplans gymnasium 57143976;57143976;Stockholm;0180;Kommunal;Stockholm;2120000142;460;226;121;113;53;40;58;
Thorildsplans gymnasium 93367005;93367005;Stockholm;0180;Kommunal;Stockholm;2120000142;379;129;127;123;7;26;67;
Tyska skolan;53175499;Stockholm;0180;Enskild;Tyska Skolföreningen;8020056530;105;38;36;31;55;59;84;
Viktor Rydberg gy. Jarlaplan;64388538;Stockholm;0180;Enskild;Stiftelsen Viktor Rydbergs Skola;8120005650;536;193;173;170;80;12;82;
Viktor Rydberg gy. Odenplan;52153758;Stockholm;0180;Enskild;Stiftelsen Viktor Rydbergs Skola;8120005650;555;226;178;151;64;19;83;
Yrkesgymnasiet Stockholm;16501673;Stockholm;0180;Enskild;Thorengruppen AB;5566139290;195;84;61;50;38;55;30;
Yrkesplugget;26298615;Stockholm;0180;Enskild;Yrkesplugget i Sverige AB;5566753736;227;92;66;69;9;43;26;
Östra Reals gymnasium 22116645;22116645;Stockholm;0180;Kommunal;Stockholm;2120000142;386;127;126;133;56;42;75;
Östra Reals gymnasium 99755443;99755443;Stockholm;0180;Kommunal;Stockholm;2120000142;759;294;247;218;58;22;71;
Gymnasieutbildn. i Storfors;19005839;Storfors;1760;Kommunal;Storfors;2120001785;35;18;17;.;..;91;..;
Lundsbergs gymnasieskola;30167976;Storfors;1760;Enskild;Stiftelsen Lundsbergs Skola;8740019362;143;47;49;47;43;11;72;
Luspengymnasiet;50104466;Storuman;2421;Kommunal;Storuman;2120002577;131;62;35;34;36;40;26;
Tärnaby Alpina Gymnasium;28004794;Storuman;2421;Kommunal;Storuman;2120002577;32;9;8;15;53;..;78;
Europaskolan Strängnäs;32071849;Strängnäs;0486;Enskild;Europaskolan Utbildning AB;5567478416;385;143;129;113;58;17;76;
Thomasgymnasiet;79845033;Strängnäs;0486;Kommunal;Strängnäs;2120000365;505;291;105;109;35;36;36;
Strömstad Gymnasium;41099519;Strömstad;1486;Kommunal;Strömstad;2120001405;400;166;135;99;39;44;34;
Hjalmar Strömerskolan;59386837;Strömsund;2313;Kommunal;Strömsund;2120002486;345;112;153;80;38;42;23;
Grillska Gymnasiet Sundbyberg;21627442;Sundbyberg;0183;Enskild;Stadsmissionens Skolstiftelse;8020170794;131;40;59;32;63;14;44;
IT-Gymnasiet Sundbyberg;17276047;Sundbyberg;0183;Enskild;IT Gymnasiet Sverige AB;5565970471;182;66;63;53;7;51;43;
Löfströms gymnasium;40308112;Sundbyberg;0183;Kommunal;Sundbyberg;2120000175;171;73;79;19;23;96;9;
S:t Martins gymnasium;19877892;Sundbyberg;0183;Kommunal;Sundbyberg;2120000175;206;96;49;61;68;37;32;
Mikael Elias Gymnasium, Sundsvall;21382451;Sundsvall;2281;Enskild;Mikael Elias Gymnasium AB;5565583282;272;96;88;88;70;19;62;
NTI-gymnasiet Sundsvall;48244956;Sundsvall;2281;Enskild;Nordens Teknikerinstitut Aktiebolag (Nti);5561203679;203;76;71;56;16;9;54;
Plusgymnasiet Sundsvall;36769815;Sundsvall;2281;Enskild;Plusgymnasiet AB;5565789129;90;30;32;28;96;11;30;
Praktiska Sundsvall;16931486;Sundsvall;2281;Enskild;Praktiska Sverige AB;5562575786;171;74;54;43;30;26;19;
Realgymnasiet i Sundsvall;92489953;Sundsvall;2281;Enskild;Lärande i Sverige AB;5565715892;97;35;35;27;74;..;43;
Skvaderns gymnasieskola;43873969;Sundsvall;2281;Enskild;Norrlidens Kunskapscentrum AB;5566178215;477;159;172;146;67;11;75;
Stenstansgymnasiet i Sundsvall;11033803;Sundsvall;2281;Enskild;Honesta Skolutveckling AB;5569173635;35;6;6;23;71;..;31;
Sundsvalls Gymn. Hedbergska 2;55825382;Sundsvall;2281;Kommunal;Sundsvall;2120002411;359;151;104;104;53;14;55;
Sundsvalls Gymn. Hedbergska 3;19306558;Sundsvall;2281;Kommunal;Sundsvall;2120002411;153;37;43;73;56;13;42;
Sundsvalls Gymn. Hedbergska 4;35301145;Sundsvall;2281;Kommunal;Sundsvall;2120002411;259;64;88;107;59;10;57;
Sundsvalls Gymn. Västermalm 1;24993048;Sundsvall;2281;Kommunal;Sundsvall;2120002411;155;60;49;46;45;24;59;
Sundsvalls Gymn. Västermalm 2;70132092;Sundsvall;2281;Kommunal;Sundsvall;2120002411;236;85;77;74;5;9;41;
Sundsvalls Gymn. Västermalm 3;36290964;Sundsvall;2281;Kommunal;Sundsvall;2120002411;326;325;.;1;28;100;4;
Sundsvalls Gymn. Västermalm 4;65034473;Sundsvall;2281;Kommunal;Sundsvall;2120002411;178;117;39;22;52;19;21;
Sundsvalls Gymn. Västermalm 5;13084253;Sundsvall;2281;Kommunal;Sundsvall;2120002411;383;141;130;112;20;7;60;
Sundsvalls Gymn. Västermalm 6;32321364;Sundsvall;2281;Kommunal;Sundsvall;2120002411;70;26;18;26;89;39;31;
Thoren Business School Sundsvall;59942080;Sundsvall;2281;Enskild;Thorengruppen AB;5566139290;177;71;48;58;58;24;38;
Sunne Gymnasieskola / Broby;66273269;Sunne;1766;Kommunal;Sunne;2120001843;274;134;100;40;37;47;32;
Sunne Gymnasieskola / Södra Viken;82888663;Sunne;1766;Kommunal;Sunne;2120001843;183;64;64;55;18;..;27;
Viljan;23384476;Surahammar;1907;Enskild;Viljan Friskola AB;5567777775;34;9;12;13;44;..;53;
Svalöfs gymnasium;11275959;Svalöv;1214;Kommunal;Svalöv;2120000993;433;177;144;112;32;27;27;
Nils Fredriksson Utbildning;58518163;Svedala;1263;Kommunal;Svedala;2120001074;198;70;71;57;45;22;43;
Sveriges Ridgymnasium Svedala;50615280;Svedala;1263;Enskild;Sveriges Ridgymnasium AB;5566814504;67;27;23;17;99;..;40;
Gymnasieutbildn. i Svenljunga;11681103;Svenljunga;1465;Kommunal;Svenljunga;2120001512;28;19;7;2;36;68;..;
Naturbruksskolan Svenljunga;19035583;Svenljunga;1465;Landsting;Västra Götalands Läns Landsting;2321000131;115;34;42;39;15;..;42;
Herrgårdsgymnasiet A;27993549;Säffle;1785;Kommunal;Säffle;2120001900;499;181;184;134;21;29;23;
Dahlander kunskapscentrum;69985412;Säter;2082;Kommunal;Säter;2120002247;84;59;.;25;33;70;..;
Aleholm;37912396;Sävsjö;0684;Kommunal;Sävsjö;2120000563;327;203;53;71;43;46;37;
Staffangymnasiet RO6;45593337;Söderhamn;2182;Kommunal;Hälsinglands Utbildningsförbund;2220003111;300;130;83;87;46;18;59;
Staffangymnasiet RO7;90312942;Söderhamn;2182;Kommunal;Hälsinglands Utbildningsförbund;2220003111;270;91;86;93;24;11;24;
Staffangymnasiet RO8;18768922;Söderhamn;2182;Kommunal;Hälsinglands Utbildningsförbund;2220003111;214;45;130;39;33;82;9;
Nyströmska skolan 1;10226870;Söderköping;0582;Kommunal;Söderköping;2120000464;263;86;116;61;24;69;21;
Nyströmska skolan 2;19839859;Söderköping;0582;Kommunal;Söderköping;2120000464;104;33;36;35;40;25;37;
Järna Naturbruksgymnasium;80280597;Södertälje;0181;Enskild;Nibblestiftelsen;8020024405;27;5;10;12;59;..;63;
Morabergs studiecentrum;97651849;Södertälje;0181;Kommunal;Södertälje;2120000159;264;207;21;36;49;77;23;
Mälardalens Tekniska Gymnasium;67628478;Södertälje;0181;Enskild;Mälardalens Tekniska Gymnasium Aktiebolag;5565484754;213;72;69;72;16;15;75;
Novalisgymnasiet;68485877;Södertälje;0181;Enskild;Stiftelsen Novalis;8156008172;28;6;12;10;36;..;43;
NTI-gymnasiet Södertälje;37517404;Södertälje;0181;Enskild;Nordens Teknikerinstitut Aktiebolag (Nti);5561203679;86;44;21;21;..;63;35;
Praktiska Södertälje;29159460;Södertälje;0181;Enskild;Praktiska Sverige AB;5562575786;221;80;81;60;57;54;22;
S:ta Ragnhildgymnasiet;32057701;Södertälje;0181;Enskild;S:ta Ragnhildgymnasiet AB;5564065687;179;67;53;59;60;53;73;
Torekällgymnasiet;43601850;Södertälje;0181;Kommunal;Södertälje;2120000159;208;67;42;99;19;60;23;
Täljegymnasiet;30615080;Södertälje;0181;Kommunal;Södertälje;2120000159;535;189;195;151;50;77;41;
Vackstanäsgymnasiet;89630851;Södertälje;0181;Enskild;Vackstanäsgymnasiet;8156000690;190;80;51;59;52;12;45;
Wendela Hebbe gymnasiet;25178582;Södertälje;0181;Kommunal;Södertälje;2120000159;487;309;93;85;44;60;30;
Örjanskolan gym;70543431;Södertälje;0181;Enskild;Föreningen Örjanskolan;8156005103;45;13;13;19;69;..;71;
Furulundsskolan 1;23476801;Sölvesborg;1083;Kommunal;Sölvesborgs-Bromöllas Kommunalförbund;2220001222;246;91;72;83;43;20;60;
Furulundsskolan 2;86351879;Sölvesborg;1083;Kommunal;Sölvesborgs-Bromöllas Kommunalförbund;2220001222;212;77;73;62;39;13;43;
Furulundsskolan 3;56041144;Sölvesborg;1083;Kommunal;Sölvesborgs-Bromöllas Kommunalförbund;2220001222;207;182;11;14;30;70;14;
Tanums Gymnasium;14586562;Tanum;1435;Kommunal;Tanum;2120001348;59;20;30;9;46;61;..;
Fågelviksgymnasiet, enhet 1;74322969;Tibro;1472;Kommunal;Tibro;2120001660;313;92;119;102;36;42;28;
Rudbecksgymnasiet 1;90260899;Tidaholm;1498;Kommunal;Tidaholm;2120001736;184;52;78;54;41;10;48;
Rudbecksgymnasiet 2;69302313;Tidaholm;1498;Kommunal;Tidaholm;2120001736;191;63;80;48;36;52;13;
Högbergsskolan;31057219;Tierp;0360;Kommunal;Tierp;2120000266;640;340;149;151;31;40;22;
Timrå Gymnasium;27079521;Timrå;2262;Kommunal;Timrå;2120002395;477;262;109;106;34;32;31;
AMB Education;33572033;Tingsryd;0763;Enskild;Academy of Music and Business Education Tingsryd AB;5568792997;179;58;57;64;68;6;58;
Wasaskolan;64579522;Tingsryd;0763;Kommunal;Tingsryd;2120000621;302;175;68;59;30;53;25;
Bollerups lantbruksinstitut;65234368;Tomelilla;1270;Enskild;Bollerups Lantbruksinstitut;8388001177;221;84;71;66;60;..;57;
Stjerneskolan;34381901;Torsby;1737;Kommunal;Torsby;2120001777;520;172;182;166;45;22;36;
Mjölnergymnasiet 1;98714145;Torsås;0834;Kommunal;Kalmarsunds Gymnasieförbund;8324016453;1;.;1;.;..;..;..;
Torsås korrespondensgymnasium;55150847;Torsås;0834;Kommunal;Torsås;2120000696;615;146;214;255;72;15;62;
Tranemo gymnasieskola 1;96414537;Tranemo;1452;Kommunal;Tranemo;2120001462;210;130;39;41;22;57;18;
Tranemo gymnasieskola 2;53069733;Tranemo;1452;Kommunal;Tranemo;2120001462;191;81;57;53;54;20;41;
Holavedsgymnasiet AAF;76342612;Tranås;0687;Kommunal;Tranås;2120000597;231;229;2;.;26;97;5;
Holavedsgymnasiet ASB;99394620;Tranås;0687;Kommunal;Tranås;2120000597;169;54;53;62;24;14;54;
Holavedsgymnasiet CAX;95368476;Tranås;0687;Kommunal;Tranås;2120000597;274;89;98;87;48;14;47;
Holavedsgymnasiet TYM;14853321;Tranås;0687;Kommunal;Tranås;2120000597;198;87;61;50;61;21;33;
Söderslättsgymnasiet Ro 1;76448076;Trelleborg;1287;Kommunal;Trelleborg;2120001199;319;124;97;98;26;17;43;
Söderslättsgymnasiet Ro 2;31537066;Trelleborg;1287;Kommunal;Trelleborg;2120001199;133;53;29;51;39;22;45;
Söderslättsgymnasiet Ro 3;86488203;Trelleborg;1287;Kommunal;Trelleborg;2120001199;462;174;154;134;57;25;45;
Söderslättsgymnasiet Ro 4;97509989;Trelleborg;1287;Kommunal;Trelleborg;2120001199;181;97;52;32;30;72;9;
Drottning Blankas Gymnasieskola Trollhättan;25156286;Trollhättan;1488;Enskild;Drottning Blankas Gymnasieskola AB;5565668794;129;62;41;26;89;14;43;
Folkuniversitetets gymnasium i Trollhättan;28081446;Trollhättan;1488;Enskild;Folkuniversitetet Stiftelsen Kursver Ksamheten Vid Göteborgs Universitet;8572006313;261;92;93;76;70;16;61;
LBS Ljud & Bildskolan Trollhättan;21400668;Trollhättan;1488;Enskild;Ljud & Bildskolan Lbs AB;5564851649;160;57;44;59;29;14;55;
Magnus Åbergsgymnasiet 1;92949043;Trollhättan;1488;Kommunal;Kunskapsförbundet Väst;2220002998;278;54;91;133;63;29;46;
Magnus Åbergsgymnasiet 2;92818240;Trollhättan;1488;Kommunal;Kunskapsförbundet Väst;2220002998;454;176;146;132;24;26;40;
Magnus Åbergsgymnasiet 4;92608619;Trollhättan;1488;Kommunal;Kunskapsförbundet Väst;2220002998;214;75;93;46;34;100;7;
Nils Ericsonsgymnasiet 1;84329061;Trollhättan;1488;Kommunal;Kunskapsförbundet Väst;2220002998;664;267;227;170;40;32;56;
Nils Ericsonsgymnasiet 2;84225089;Trollhättan;1488;Kommunal;Kunskapsförbundet Väst;2220002998;96;54;31;11;43;55;22;
Praktiska Trollhättan;71969230;Trollhättan;1488;Enskild;Praktiska Sverige AB;5562575786;130;65;39;26;62;43;25;
Trosa Gymnasium;20862637;Trosa;0488;Kommunal;Trosa;2120002957;3;2;1;.;..;..;..;
Tyresö Gymnasium 1;91048178;Tyresö;0138;Kommunal;Tyresö;2120000092;532;291;139;102;25;42;27;
Mimers Gymnasium Täby;82718660;Täby;0160;Enskild;Adinova AB;5567797831;73;31;23;19;27;15;67;
Praktiska Täby;76942525;Täby;0160;Enskild;Praktiska Sverige AB;5562575786;111;47;28;36;44;30;33;
Sparre Gymnasium;12399380;Täby;0160;Enskild;Upplevelse Utbildning i Täby AB;5567875413;65;34;9;22;40;23;52;
Tibble Fristående Gymnasium;31486865;Täby;0160;Enskild;Tibble Fristående Gymnasium TFG AB;5566978556;1 088;421;354;313;51;11;74;
Täby Enskilda gymnasium;97265732;Täby;0160;Enskild;Täby Enskilda Gymnasium AB;5565680112;775;270;256;249;66;9;83;
Täby språkintroduktion;86923395;Täby;0160;Kommunal;Täby;2120000118;116;116;.;.;17;100;..;
Täby Yrkesgymnasium;10373112;Täby;0160;Enskild;Utbildningscentret för yrkestrafik i Sverige AB;5562629179;80;40;9;31;16;31;26;
Åva gymnasium;61720981;Täby;0160;Kommunal;Täby;2120000118;1 128;402;332;394;35;17;67;
Gymn.utb. Töreboda Kanalskolan;57446690;Töreboda;1473;Kommunal;Töreboda;2120001678;98;89;1;8;23;77;11;
Naturbruksskolan Sötåsen;25698509;Töreboda;1473;Landsting;Västra Götalands Läns Landsting;2321000131;187;86;55;46;70;7;37;
Plusgymnasiet i Uddevalla;50424828;Uddevalla;1485;Enskild;Plusgymnasiet AB;5565789129;327;98;110;119;62;22;35;
Thoren Innovation School Uddevalla;82931004;Uddevalla;1485;Enskild;Thoren Innovation School AB;5568902653;114;48;31;35;..;9;44;
Uddevalla gymnasieskola, Agneberg BF;83584125;Uddevalla;1485;Kommunal;Uddevalla;2120001397;76;27;24;25;83;14;43;
Uddevalla gymnasieskola, Agneberg EK;95024660;Uddevalla;1485;Kommunal;Uddevalla;2120001397;270;108;81;81;49;14;59;
Uddevalla gymnasieskola, Agneberg EKSPINT;32263814;Uddevalla;1485;Kommunal;Uddevalla;2120001397;68;25;18;25;62;..;74;
Uddevalla gymnasieskola, Agneberg HA;12075195;Uddevalla;1485;Kommunal;Uddevalla;2120001397;71;22;20;29;51;30;41;
Uddevalla gymnasieskola, Agneberg HT;35557948;Uddevalla;1485;Kommunal;Uddevalla;2120001397;49;18;16;15;80;..;43;
Uddevalla gymnasieskola, Agneberg RL;62300682;Uddevalla;1485;Kommunal;Uddevalla;2120001397;62;17;20;25;73;..;40;
Uddevalla gymnasieskola, Agneberg SA;47393891;Uddevalla;1485;Kommunal;Uddevalla;2120001397;241;82;80;79;60;23;56;
Uddevalla gymnasieskola, Agneberg SASPINT;48414975;Uddevalla;1485;Kommunal;Uddevalla;2120001397;67;27;19;21;72;..;69;
Uddevalla gymnasieskola, Margaretegärde GLU;65265211;Uddevalla;1485;Kommunal;Uddevalla;2120001397;162;50;42;70;49;16;30;
Uddevalla gymnasieskola, Margaretegärde IM;67785826;Uddevalla;1485;Kommunal;Uddevalla;2120001397;324;129;107;88;35;75;17;
Uddevalla gymnasieskola, Sinclair ES;11533776;Uddevalla;1485;Kommunal;Uddevalla;2120001397;285;91;97;97;74;13;59;
Uddevalla gymnasieskola, Sinclair SAAK;47108751;Uddevalla;1485;Kommunal;Uddevalla;2120001397;24;.;11;13;67;..;58;
Uddevalla gymnasieskola, Östabo 1 VO;97191332;Uddevalla;1485;Kommunal;Uddevalla;2120001397;153;67;37;49;80;34;34;
Uddevalla gymnasieskola, Östrabo 1 IN;71938440;Uddevalla;1485;Kommunal;Uddevalla;2120001397;34;9;14;11;..;..;..;
Uddevalla gymnasieskola, Östrabo 1 TE;28829503;Uddevalla;1485;Kommunal;Uddevalla;2120001397;252;78;99;75;22;12;63;
Uddevalla gymnasieskola, Östrabo Y BA;22811839;Uddevalla;1485;Kommunal;Uddevalla;2120001397;209;92;65;52;11;8;29;
Uddevalla gymnasieskola, Östrabo Y EE;33205596;Uddevalla;1485;Kommunal;Uddevalla;2120001397;73;18;23;32;..;..;47;
Uddevalla gymnasieskola, Östrabo Y ES;99622695;Uddevalla;1485;Kommunal;Uddevalla;2120001397;24;8;10;6;88;..;..;
Uddevalla gymnasieskola, Östrabo Y FT;19930101;Uddevalla;1485;Kommunal;Uddevalla;2120001397;212;84;63;65;18;9;24;
Uddevalla Gymnasieskola, Östrabo Y GLU;60727136;Uddevalla;1485;Kommunal;Uddevalla;2120001397;28;17;11;.;43;..;..;
Uddevalla gymnasieskola, Östrabo Y HV;45132264;Uddevalla;1485;Kommunal;Uddevalla;2120001397;83;19;35;29;99;13;33;
Uddevalla gymnasieskola, Östrabo Y VF;61647360;Uddevalla;1485;Kommunal;Uddevalla;2120001397;46;18;10;18;..;..;35;
Uddevalla gymnasieskola,Östrabo 1 NA;98651664;Uddevalla;1485;Kommunal;Uddevalla;2120001397;254;96;79;79;63;20;67;
Tingsholmsgymnasiets introduktionsprogram gymnasiesärskola;69504751;Ulricehamn;1491;Kommunal;Ulricehamn;2120001579;134;127;3;4;21;77;10;
Tingsholmsgymnasiets nationella program;33657492;Ulricehamn;1491;Kommunal;Ulricehamn;2120001579;437;143;143;151;44;16;51;
Dragonskolan BA;61622991;Umeå;2480;Kommunal;Umeå;2120002627;209;79;69;61;9;6;50;
Dragonskolan BF;66644568;Umeå;2480;Kommunal;Umeå;2120002627;143;53;42;48;63;15;43;
Dragonskolan EE;93659517;Umeå;2480;Kommunal;Umeå;2120002627;176;59;57;60;..;..;60;
Dragonskolan EK;79309485;Umeå;2480;Kommunal;Umeå;2120002627;309;127;94;88;61;5;72;
Dragonskolan GL;61175914;Umeå;2480;Kommunal;Umeå;2120002627;69;31;19;19;67;16;49;
Dragonskolan HV;73316818;Umeå;2480;Kommunal;Umeå;2120002627;97;32;32;33;99;..;60;
Dragonskolan IC;37078868;Umeå;2480;Kommunal;Umeå;2120002627;28;.;13;15;57;..;64;
Dragonskolan IN;27859889;Umeå;2480;Kommunal;Umeå;2120002627;39;13;14;12;..;..;46;
Dragonskolan NA;16130958;Umeå;2480;Kommunal;Umeå;2120002627;227;77;75;75;57;21;74;
Dragonskolan RH;29161632;Umeå;2480;Kommunal;Umeå;2120002627;12;3;2;7;..;..;..;
Dragonskolan SA;82195565;Umeå;2480;Kommunal;Umeå;2120002627;271;95;89;87;60;13;76;
Dragonskolan TE;33596572;Umeå;2480;Kommunal;Umeå;2120002627;253;86;81;86;18;9;77;
Dragonskolan VF;45541222;Umeå;2480;Kommunal;Umeå;2120002627;33;12;11;10;..;..;64;
Dragonskolans Elitidrottsgymnasium;77713695;Umeå;2480;Kommunal;Umeå;2120002627;277;111;94;72;43;7;71;
Forslundagymnasiet GY;63451147;Umeå;2480;Kommunal;Umeå;2120002627;88;26;24;38;69;..;40;
Midgårdsskolan ESBIL;51131594;Umeå;2480;Kommunal;Umeå;2120002627;60;17;29;14;83;..;75;
Midgårdsskolan ESDAN;89680395;Umeå;2480;Kommunal;Umeå;2120002627;38;14;15;9;89;..;76;
Midgårdsskolan ESEST;53696633;Umeå;2480;Kommunal;Umeå;2120002627;54;26;16;12;72;..;81;
Midgårdsskolan ESFILVE;45580855;Umeå;2480;Kommunal;Umeå;2120002627;10;.;.;10;..;..;..;
Midgårdsskolan ESMUS;27440210;Umeå;2480;Kommunal;Umeå;2120002627;162;58;47;57;65;..;74;
Midgårdsskolan ESTEA;62758285;Umeå;2480;Kommunal;Umeå;2120002627;57;19;22;16;74;..;68;
Midgårdsskolan NA;16218090;Umeå;2480;Kommunal;Umeå;2120002627;98;30;26;42;57;12;85;
Midgårdsskolan RL;61197669;Umeå;2480;Kommunal;Umeå;2120002627;45;14;9;22;73;..;51;
Midgårdsskolan SA;64667996;Umeå;2480;Kommunal;Umeå;2120002627;108;32;41;35;72;12;72;
Midgårdsskolan VO;17812651;Umeå;2480;Kommunal;Umeå;2120002627;63;13;27;23;75;38;41;
Minervagymnasium;23544320;Umeå;2480;Enskild;Minervaskolan i Umeå AB;5565735049;545;182;204;159;61;20;78;
NTI-gymnasiet Umeå;57668673;Umeå;2480;Enskild;Nordens Teknikerinstitut Aktiebolag (Nti);5561203679;172;72;53;47;22;8;56;
Thoren Business School Umeå;69040241;Umeå;2480;Enskild;Thorengruppen AB;5566139290;72;26;24;22;75;24;46;
Umeå gymnasieskola SI;46122886;Umeå;2480;Kommunal;Umeå;2120002627;311;246;45;20;21;100;..;
Umeå Internationella Gymnasium;63993414;Umeå;2480;Enskild;Folkuniversitetet Uppdrag Norr Aktiebolag;5566199260;99;58;16;25;49;42;40;
Umeå Waldorfskola, gy;49136871;Umeå;2480;Enskild;Stiftelsen Umeå Waldorfskola R Karlsson Mfl;8940012076;25;11;7;7;64;..;68;
Västra gymnasiet IM;93669532;Umeå;2480;Kommunal;Umeå;2120002627;71;44;22;5;38;31;27;
Yrkesgymnasiet Umeå;91905819;Umeå;2480;Enskild;Thorengruppen AB;5566139290;123;51;37;35;29;15;36;
Peabskolan Upplands Väsby;54882637;Upplands Väsby;0114;Enskild;Peabskolan AB;5564427432;70;21;26;23;..;16;31;
Väsby Nya Gymnasium;20855811;Upplands Väsby;0114;Kommunal;Upplands Väsby;2120000019;710;383;183;144;35;70;31;
Väsby Yrkesgymnasium;82372485;Upplands Väsby;0114;Enskild;Energy Maintenance Sweden AB;5568089246;40;23;11;6;..;48;..;
Upplands-Brogymnasiet;53923398;Upplands-Bro;0139;Kommunal;Upplands-Bro;2120000100;873;365;294;214;35;38;39;
Bolandgymnasiet;87871635;Uppsala;0380;Kommunal;Uppsala;2120003005;617;420;114;83;12;76;11;
Celsiusskolan;47844862;Uppsala;0380;Kommunal;Uppsala;2120003005;971;391;334;246;36;26;54;
CULTUS Gymnasieskola;22239675;Uppsala;0380;Enskild;Victum Utveckling AB;5566793492;77;29;26;22;65;19;35;
Ekebygymnasiet;37316242;Uppsala;0380;Kommunal;Uppsala;2120003005;402;156;122;124;46;21;35;
Fyrisskolan;72984079;Uppsala;0380;Kommunal;Uppsala;2120003005;588;197;140;251;35;37;49;
Grafiskt utbildningscenter GUC;17088475;Uppsala;0380;Kommunal;Uppsala;2120003005;275;76;88;111;50;15;54;
Grillska Gymnasiet Uppsala;36480690;Uppsala;0380;Enskild;Stadsmissionens Skolstiftelse;8020170794;301;120;92;89;45;21;43;
Hagströmska gymnasiet Uppsala;24787883;Uppsala;0380;Enskild;Hagströmska Gymnasiet AB;5567550461;73;24;23;26;99;23;37;
Internationella Gymnasiet;32995170;Uppsala;0380;Enskild;Folkuniversitetet Stiftelsen Kursverksamheten Vid Uppsala Universitet;8176007055;172;77;45;50;62;57;48;
IT-Gymnasiet Uppsala;52048443;Uppsala;0380;Enskild;IT Gymnasiet Sverige AB;5565970471;315;131;80;104;15;15;54;
JENSEN Gymnasium Uppsala;61674097;Uppsala;0380;Enskild;Jensen Education College AB;5566358759;283;96;94;93;63;31;47;
Jällagymnasiet;20173336;Uppsala;0380;Kommunal;Uppsala;2120003005;301;107;106;88;42;26;28;
Katedralskolan;32550660;Uppsala;0380;Kommunal;Uppsala;2120003005;1 217;513;370;334;58;31;70;
Kunskapsgymnasiet Uppsala;93488613;Uppsala;0380;Enskild;Kunskapsskolan i Sverige Aktiebolag;5565661815;160;82;43;35;44;39;51;
Linnégymnasiet;45600034;Uppsala;0380;Kommunal;Uppsala;2120003005;74;20;26;28;68;27;69;
Linnéskolan;84010916;Uppsala;0380;Kommunal;Uppsala;2120003005;16;16;.;.;..;100;..;
Livets Ords Kristna Gymnasium;74560191;Uppsala;0380;Enskild;LOKS AB;5565835146;90;37;14;39;37;21;71;
Lundellska skolan;59599256;Uppsala;0380;Kommunal;Uppsala;2120003005;1 143;373;371;399;50;29;62;
Praktiska Uppsala;69865450;Uppsala;0380;Enskild;Praktiska Sverige AB;5562575786;207;75;76;56;23;29;23;
Realgymnasiet Uppsala;31112935;Uppsala;0380;Enskild;Lärande i Sverige AB;5565715892;140;53;44;43;94;..;37;
Rosendalsgymnasiet;26957025;Uppsala;0380;Kommunal;Uppsala;2120003005;903;374;277;252;52;25;81;
Thoren Business School Uppsala;90509211;Uppsala;0380;Enskild;Thorengruppen AB;5566139290;340;123;136;81;58;37;46;
Uven gymnasiet;34672151;Uppsala;0380;Kommunal;Uppsala;2120003005;150;88;47;15;45;47;33;
Yrkesgymnasiet Uppsala;49872493;Uppsala;0380;Enskild;Thorengruppen AB;5566139290;102;58;44;.;40;37;25;
Yrkesplugget Uppsala;39147056;Uppsala;0380;Enskild;Yrkesplugget i Sverige AB;5566753736;192;78;58;56;18;16;24;
Uppvidinge gymnasieskola;11953769;Uppvidinge;0760;Kommunal;Uppvidinge;2120000605;118;91;18;9;42;67;21;
Vadstenagymnasiet;28646435;Vadstena;0584;Kommunal;Vadstena;2120002825;115;45;30;40;77;12;41;
Fenix kunskapscentrum/gymn;80426743;Vaggeryd;0665;Kommunal;Vaggeryd;2120000522;337;81;150;106;40;45;38;
Vallentuna gymnasium;85788659;Vallentuna;0115;Kommunal;Vallentuna;2120000027;312;110;110;92;26;45;30;
Vansbro utbildningscenter gy.;95340745;Vansbro;2021;Kommunal;Västerdalarnas Utbildningsförbund;2220003145;166;76;58;32;38;38;22;
Lagmansgymnasiet;59521477;Vara;1470;Kommunal;Vara;2120002924;352;157;111;84;30;25;29;
Drottning Blankas Gymn. Varberg;92442684;Varberg;1383;Enskild;Drottning Blankas Gymnasieskola AB;5565668794;218;78;72;68;69;12;35;
LBS Ljud & Bildskolan Varberg;66095163;Varberg;1383;Enskild;Ljud & Bildskolan Lbs AB;5564851649;156;52;59;45;32;10;47;
Munkagårdsgymnasiet;38544187;Varberg;1383;Landsting;Hallands Läns Landsting;2321000115;246;92;75;79;49;..;35;
Peder Skrivares skola Enhet 1;54599691;Varberg;1383;Kommunal;Varberg;2120001249;519;188;179;152;59;15;51;
Peder Skrivares skola Enhet 2;54004368;Varberg;1383;Kommunal;Varberg;2120001249;475;167;165;143;50;12;67;
Peder Skrivares skola Enhet 3;54467211;Varberg;1383;Kommunal;Varberg;2120001249;302;103;99;100;7;7;39;
Peder Skrivares skola Enhet 4;54361562;Varberg;1383;Kommunal;Varberg;2120001249;179;169;10;.;17;80;11;
Sveriges Ridgymnasium Varberg;23517683;Varberg;1383;Enskild;Sveriges Ridgymnasium AB;5566814504;60;22;20;18;100;..;37;
Sundsgymnasiet;31975673;Vellinge;1233;Kommunal;Vellinge;2120001033;743;295;235;213;43;15;66;
Njudungsgymnasiet 1;61119556;Vetlanda;0685;Kommunal;Vetlanda;2120000571;169;67;79;23;31;83;7;
Njudungsgymnasiet 2;82251333;Vetlanda;0685;Kommunal;Vetlanda;2120000571;237;83;79;75;33;16;49;
Njudungsgymnasiet 3;99864908;Vetlanda;0685;Kommunal;Vetlanda;2120000571;192;65;60;67;79;23;47;
Njudungsgymnasiet 4;27106031;Vetlanda;0685;Kommunal;Vetlanda;2120000571;231;66;83;82;59;10;47;
Njudungsgymnasiet 5;59463950;Vetlanda;0685;Kommunal;Vetlanda;2120000571;211;70;70;71;12;19;51;
Malgomajskolan;63931325;Vilhelmina;2462;Kommunal;Vilhelmina;2120002601;382;212;80;90;37;41;25;
Vimmerby gymnasium 1;44586618;Vimmerby;0884;Kommunal;Vimmerby;2120000787;127;120;6;1;18;84;..;
Vimmerby gymnasium 2;57391913;Vimmerby;0884;Kommunal;Vimmerby;2120000787;245;102;75;68;62;18;47;
Vimmerby gymnasium 3;75374280;Vimmerby;0884;Kommunal;Vimmerby;2120000787;154;45;56;53;10;15;36;
IMSPR;17557894;Vindeln;2404;Kommunal;Vindeln;2120002544;42;42;.;.;..;100;..;
Dammsdal gymnasieskola;12807435;Vingåker;0428;Landsting;Södermanlands Läns Landsting;2321000032;17;7;2;8;..;..;..;
Flora Dekor Alingsås;78017290;Vårgårda;1442;Enskild;;9696520742;2;.;1;1;..;..;..;
Sundlergymnasiet;46148350;Vårgårda;1442;Kommunal;Vårgårda;2120001454;359;197;72;90;47;38;34;
Birger Sjöberggymnasiet 1;50133877;Vänersborg;1487;Kommunal;Kunskapsförbundet Väst;2220002998;348;79;143;126;26;21;64;
Birger Sjöberggymnasiet 2;49868916;Vänersborg;1487;Kommunal;Kunskapsförbundet Väst;2220002998;425;147;125;153;62;27;50;
Birger Sjöberggymnasiet 3;49951088;Vänersborg;1487;Kommunal;Kunskapsförbundet Väst;2220002998;289;289;.;.;30;89;9;
Fridagymnasiet, Vänersborg;74919147;Vänersborg;1487;Enskild;Fridaskolorna AB;5564515988;191;78;70;43;58;13;72;
Naturbruksskolan Nuntorp;56067054;Vänersborg;1487;Landsting;Västra Götalands Läns Landsting;2321000131;49;.;23;26;51;..;37;
Liljaskolan, sektor A;90240730;Vännäs;2460;Kommunal;Vännäs;2120002841;148;54;45;49;19;..;41;
Liljaskolan, sektor B;84908877;Vännäs;2460;Kommunal;Vännäs;2120002841;163;58;52;53;51;16;47;
Liljaskolan, sektor C;78389879;Vännäs;2460;Kommunal;Vännäs;2120002841;152;54;98;.;9;93;..;
Liljaskolan, sektor D;97752911;Vännäs;2460;Kommunal;Vännäs;2120002841;43;24;12;7;47;58;..;
Liljaskolan, sektor E;48452912;Vännäs;2460;Kommunal;Vännäs;2120002841;176;47;51;78;35;11;28;
Gustavsbergs gymnasium ,G2,;24277564;Värmdö;0120;Kommunal;Värmdö;2120000035;355;208;71;76;45;44;33;
Mälardalens Ridgymnasium;88956420;Värmdö;0120;Enskild;Mälardalens Ridgymnasium AB;5569516742;12;7;5;.;100;..;..;
Värmdö gymnasium;44412461;Värmdö;0120;Kommunal;Värmdö;2120000035;1 213;401;418;394;61;14;80;
Värmdö Tekniska gymnasieskola;34002355;Värmdö;0120;Enskild;Värmdö Tekniska Utbildningar Aktiebolag, Vtu;5563836757;222;78;70;74;6;40;22;
Finnvedens Gymnasium 1;16577552;Värnamo;0683;Kommunal;Värnamo;2120000555;164;154;6;4;46;90;10;
Finnvedens Gymnasium 2;36355200;Värnamo;0683;Kommunal;Värnamo;2120000555;293;103;104;86;73;29;41;
Finnvedens Gymnasium 3;96920524;Värnamo;0683;Kommunal;Värnamo;2120000555;287;109;77;101;41;21;40;
Finnvedens Gymnasium 4;18217765;Värnamo;0683;Kommunal;Värnamo;2120000555;366;120;102;144;34;22;52;
Lichron Teknikgymnasium Värnamo;60919765;Värnamo;0683;Enskild;Lichron Teknik AB;5567560635;30;13;9;8;..;40;33;
Gamlebygymnasiet;14677676;Västervik;0883;Enskild;Hushållningssällskapet Kalmar-Kronoberg-Blekinge;2620000071;109;82;18;9;64;..;20;
Västerviks gymnasium Ro 1;96152872;Västervik;0883;Kommunal;Västervik;2120000779;174;56;60;58;16;13;35;
Västerviks gymnasium Ro 2;77835341;Västervik;0883;Kommunal;Västervik;2120000779;211;81;58;72;54;20;61;
Västerviks gymnasium Ro 3;70803636;Västervik;0883;Kommunal;Västervik;2120000779;454;162;150;142;59;15;46;
Västerviks gymnasium Ro 4;44041939;Västervik;0883;Kommunal;Västervik;2120000779;231;161;48;22;27;75;15;
ABB Industrigymnasium Västerås;66028861;Västerås;1980;Enskild;Industritekniska Gymnasiet Bergslagen AB;5566081740;316;131;90;95;38;26;76;
Carlforsska gymnasiet Ekonomi/Handel;23797825;Västerås;1980;Kommunal;Västerås;2120002080;272;107;80;85;53;28;51;
Carlforsska gymnasiet Estet/Hantverk;96060728;Västerås;1980;Kommunal;Västerås;2120002080;299;94;94;111;82;11;52;
Carlforsska gymnasiet Introduktionsprogram;57999564;Västerås;1980;Kommunal;Västerås;2120002080;270;83;125;62;27;68;14;
Carlforsska gymnasiet Samhäll/Vård och omsorg;77712952;Västerås;1980;Kommunal;Västerås;2120002080;316;123;102;91;69;52;38;
Edströmska;92009807;Västerås;1980;Kommunal;Västerås;2120002080;360;164;105;91;15;28;23;
Grillska Gymnasiet Västerås;10433896;Västerås;1980;Enskild;Stadsmissionens Skolstiftelse;8020170794;380;136;127;117;45;7;72;
Hahrska gymnasiet;10342448;Västerås;1980;Kommunal;Västerås;2120002080;350;209;65;76;6;52;19;
IT-Gymnasiet Västerås;43154449;Västerås;1980;Enskild;IT Gymnasiet Sverige AB;5565970471;147;56;42;49;16;19;47;
JENSEN Gymnasium Västerås;49170638;Västerås;1980;Enskild;Jensen Education College AB;5566358759;132;35;42;55;65;56;53;
Kopparlundsgymnasiet;46379730;Västerås;1980;Enskild;Västerås Entreprenörsgymnasium;8176058942;153;42;47;64;63;25;48;
Kunskapsgymnasiet Västerås;25379974;Västerås;1980;Enskild;Kunskapsskolan i Sverige Aktiebolag;5565661815;156;86;32;38;65;41;58;
Langeska gymnasiet;52844328;Västerås;1980;Kommunal;Västerås;2120002080;109;109;.;.;15;100;..;
Praktiska Västerås;96194948;Västerås;1980;Enskild;Praktiska Sverige AB;5562575786;144;58;33;53;53;22;28;
Realgymnasiet  Västerås;25955541;Västerås;1980;Enskild;Lärande i Sverige AB;5565715892;183;68;70;45;91;12;36;
Rudbeckianska gymnasiet;88025221;Västerås;1980;Kommunal;Västerås;2120002080;1 225;434;411;380;58;39;62;
Skultuna gymnasieenhet;33537203;Västerås;1980;Kommunal;Västerås;2120002080;13;7;5;1;..;..;..;
Thoren Business School Västerås;18042101;Västerås;1980;Enskild;Thorengruppen AB;5566139290;353;122;145;86;56;56;41;
Tranellska gymnasiet;14799321;Västerås;1980;Kommunal;Västerås;2120002080;134;42;39;53;75;16;37;
Västerås Citygymnasium;56041699;Västerås;1980;Enskild;Västerås Citygymnasium AB;5567503890;231;93;79;59;54;77;21;
Västerås Idrottsgymnasium;45111086;Västerås;1980;Enskild;Västerås Idrottsgymnasium AB;5567802144;78;29;23;26;46;23;41;
Västerås Ridgymnasium;98032567;Västerås;1980;Enskild;Västerås Ridgymnasium Handelsbolag;9165808479;36;17;5;14;100;..;39;
Widenska gymnasiet;70955448;Västerås;1980;Kommunal;Västerås;2120002080;536;188;177;171;42;8;67;
Wijkmanska gymnasiet;68824244;Västerås;1980;Kommunal;Västerås;2120002080;344;119;126;99;9;25;51;
Yrkesgymnasiet Västerås;90685868;Västerås;1980;Enskild;Thorengruppen AB;5566139290;190;83;67;40;43;32;30;
Ingelstadgymnasiet;24501884;Växjö;0780;Enskild;Hushållningssällskapet Kalmar-Kronoberg-Blekinge;2620000071;222;89;71;62;75;..;41;
Katedralskolan 1;46707989;Växjö;0780;Kommunal;Växjö;2120000662;355;144;92;119;54;27;72;
Katedralskolan 2;46986216;Växjö;0780;Kommunal;Växjö;2120000662;234;123;58;53;69;24;65;
Katedralskolan 3;67924816;Växjö;0780;Kommunal;Växjö;2120000662;365;118;126;121;65;27;59;
Katedralskolan 4;92805465;Växjö;0780;Kommunal;Växjö;2120000662;359;84;139;136;68;20;63;
Kungsmadskolan 1;56084099;Växjö;0780;Kommunal;Växjö;2120000662;459;153;179;127;42;25;41;
Kungsmadskolan 2;80711021;Växjö;0780;Kommunal;Växjö;2120000662;159;63;51;45;89;18;36;
Kungsmadskolan 3;54927401;Växjö;0780;Kommunal;Växjö;2120000662;224;42;130;52;29;100;4;
Kungsmadskolan 5;17648596;Växjö;0780;Kommunal;Växjö;2120000662;193;66;64;63;6;15;37;
Kungsmadskolan 6;16720048;Växjö;0780;Kommunal;Växjö;2120000662;225;66;71;88;66;18;40;
Praktiska Växjö;39341381;Växjö;0780;Enskild;Praktiska Sverige AB;5562575786;155;65;67;23;31;74;24;
ProCivitas Privata Gymnasium. Växjö;61176909;Växjö;0780;Enskild;ProCivitas Privata Gymnasium AB;5566157102;338;109;102;127;48;14;68;
Skanskagymnasiet;43479922;Växjö;0780;Enskild;Skanskaskolan i Växjö AB;5567435994;81;31;24;26;32;13;62;
Teknikum 1;60088179;Växjö;0780;Kommunal;Växjö;2120000662;211;74;67;70;63;29;33;
Teknikum 2;28391147;Växjö;0780;Kommunal;Växjö;2120000662;405;138;147;120;11;21;57;
Teknikum 3;77843821;Växjö;0780;Kommunal;Växjö;2120000662;127;84;36;7;43;60;28;
Växjö Fria Fordongymnasium;29209307;Växjö;0780;Enskild;VFG Utbildning AB;5562496629;151;64;47;40;16;34;23;
Växjö Fria Gymnasium;21778322;Växjö;0780;Enskild;Växjö Fria Gymnasium AB;5565847836;331;124;94;113;61;29;56;
Fria Läroverken i Ystad;31380193;Ystad;1286;Enskild;Gymnasieskolor i Syd AB;5569306979;113;30;33;50;50;13;45;
Park, Område 4;16161214;Ystad;1286;Kommunal;Ystad;2120001181;68;39;20;9;31;52;22;
Park, Område 5;92816527;Ystad;1286;Kommunal;Ystad;2120001181;316;100;114;102;20;7;33;
Praktiska Ystad;90290154;Ystad;1286;Enskild;Praktiska Sverige AB;5562575786;150;54;51;45;41;14;25;
Österport, Område 1;25847233;Ystad;1286;Kommunal;Ystad;2120001181;258;104;78;76;71;15;35;
Österport, Område 2;62612992;Ystad;1286;Kommunal;Ystad;2120001181;391;163;127;101;41;19;64;
Österport, Område 3;85485803;Ystad;1286;Kommunal;Ystad;2120001181;238;80;78;80;61;12;57;
Österport, Område 6;98387869;Ystad;1286;Kommunal;Ystad;2120001181;203;166;37;.;18;100;5;
Karlbergsgymnasiet 1;16848652;Åmål;1492;Kommunal;Åmål;2120001587;364;275;58;31;45;34;43;
Karlbergsgymnasiet 2;88429477;Åmål;1492;Kommunal;Åmål;2120001587;318;54;115;149;43;25;40;
Bobergsgymnasiet;56802300;Ånge;2260;Kommunal;Ånge;2120002387;229;129;52;48;35;46;23;
Åre gymnasieskola;15149235;Åre;2321;Kommunal;Åre;2120002494;333;168;77;88;38;34;41;
Årjängs gymnasieskola;77379848;Årjäng;1765;Kommunal;Årjäng;2120001835;128;43;49;36;32;64;15;
Vuxenutbildningscentrum IV;29535640;Åstorp;1277;Kommunal;Åstorp;2120000936;126;115;8;3;23;90;..;
Bildningscentrum Facetten 1;11620837;Åtvidaberg;0561;Kommunal;Åtvidaberg;2120000415;64;17;40;7;..;89;..;
Bildningscentrum Facetten 2;13981977;Åtvidaberg;0561;Kommunal;Åtvidaberg;2120000415;59;19;20;20;22;..;42;
Bildningscentrum Facetten 3;24538846;Åtvidaberg;0561;Kommunal;Åtvidaberg;2120000415;118;45;34;39;21;..;59;
Bildningscentrum Facetten 4;36886750;Åtvidaberg;0561;Kommunal;Åtvidaberg;2120000415;80;22;27;31;49;13;36;
Haganässkolan 1;67422309;Älmhult;0765;Kommunal;Älmhult;2120000647;268;89;96;83;36;41;23;
Haganässkolan2;67058407;Älmhult;0765;Kommunal;Älmhult;2120000647;202;69;63;70;45;23;49;
Älvdalens Utbildningscentrum;34421265;Älvdalen;2039;Enskild;Älvdalens Utbildningscentrum AB;5567759120;236;82;81;73;24;..;36;
Gymnasieutb. Älvkarleby komvux;49279427;Älvkarleby;0319;Kommunal;Älvkarleby;2120000258;23;9;3;11;..;..;..;
Älvsbyns gymnasium;15791044;Älvsbyn;2560;Kommunal;Älvsbyn;2120002734;244;96;83;65;38;49;32;
Peabskolan Ängelholm;23245229;Ängelholm;1292;Enskild;Peabskolan AB;5564427432;15;.;.;15;..;..;..;
Ängelholms gymnasieskola Ro 1;55010709;Ängelholm;1292;Kommunal;Ängelholm;2120000977;126;125;.;1;19;86;..;
Ängelholms gymnasieskola Ro 2;65392939;Ängelholm;1292;Kommunal;Ängelholm;2120000977;437;158;146;133;53;13;65;
Ängelholms gymnasieskola Ro 3;98696836;Ängelholm;1292;Kommunal;Ängelholm;2120000977;382;122;129;131;52;11;50;
Ängelholms gymnasieskola Ro 4;82160887;Ängelholm;1292;Kommunal;Ängelholm;2120000977;213;83;62;68;31;13;38;
Ängelholms gymnasieskola Ro 5;23175129;Ängelholm;1292;Kommunal;Ängelholm;2120000977;73;34;20;19;..;18;42;
Öckerö Seglande gymnasieskola;77358716;Öckerö;1407;Kommunal;Öckerö;2120001280;290;100;94;96;60;6;76;
Gymnasieutbildningen i Ödeshög;99796682;Ödeshög;0509;Kommunal;Ödeshög;2120000373;27;27;.;.;..;100;..;
Grillska Gymnasiet Örebro;49739986;Örebro;1880;Enskild;Stadsmissionens Skolstiftelse;8020170794;315;122;100;93;35;38;35;
IT-Gymnasiet Örebro;29225010;Örebro;1880;Enskild;IT Gymnasiet Sverige AB;5565970471;170;64;58;48;10;18;45;
JENSEN Gymnasium Örebro;92192566;Örebro;1880;Enskild;Jensen Education College AB;5566358759;166;55;65;46;66;50;36;
Karolinska gymnasiet;56886667;Örebro;1880;Kommunal;Örebro;2120001967;1 238;589;353;296;61;42;52;
Kvinnerstagymnasiet;33249781;Örebro;1880;Kommunal;Örebro;2120001967;241;86;64;91;51;..;33;
Plusgymnasiet i Örebro;64648566;Örebro;1880;Enskild;Plusgymnasiet AB;5565789129;245;99;64;82;67;43;28;
Praktiska Örebro;18691102;Örebro;1880;Enskild;Praktiska Sverige AB;5562575786;149;64;46;39;13;48;21;
Proffsgymnasiet;70302356;Örebro;1880;Enskild;Fordonsutbildningar i Örebro Aktiebolag;5564869161;66;21;25;20;24;..;23;
Rudbecksgymnasiet;65421426;Örebro;1880;Kommunal;Örebro;2120001967;1 099;401;361;337;60;38;58;
Rudbecksgymnasiet RGD-RGH;62394916;Örebro;1880;Kommunal;Örebro;2120001967;60;17;22;21;62;37;48;
Rytmus Örebro;67908927;Örebro;1880;Enskild;Rytmus AB;5564648979;93;31;32;30;53;..;53;
Thoren Business School Örebro;72071234;Örebro;1880;Enskild;Thorengruppen AB;5566139290;530;183;184;163;62;30;58;
Tullängsgymnasiet;24349146;Örebro;1880;Kommunal;Örebro;2120001967;1 007;373;332;302;16;15;50;
Tullängsgymnasiet RGD-RGH;83605345;Örebro;1880;Kommunal;Örebro;2120001967;108;32;37;39;16;36;31;
Virginska gymnasiet;15933512;Örebro;1880;Kommunal;Örebro;2120001967;1 320;674;302;344;58;30;41;
Virginska gymnasiet RGD-RGH;12198363;Örebro;1880;Kommunal;Örebro;2120001967;124;38;29;57;64;42;24;
Yrkesgymnasiet Örebro;47692481;Örebro;1880;Enskild;Thorengruppen AB;5566139290;196;67;63;66;40;46;27;
Örkelljunga Utb.centrum, gy.;64693272;Örkelljunga;1257;Kommunal;Örkelljunga;2120000878;226;139;56;31;36;54;19;
Hampnäs gymnasium;18072172;Örnsköldsvik;2284;Enskild;Impius Vård och Utbildning AB;5566824693;50;16;19;15;26;..;54;
Mikael Elias Gymnasium, Örnsköldsvik;65833454;Örnsköldsvik;2284;Enskild;Mikael Elias Gymnasium AB;5565583282;113;34;31;48;72;10;58;
Praktiska Örnsköldsvik;85188855;Örnsköldsvik;2284;Enskild;Praktiska Sverige AB;5562575786;97;29;29;39;52;10;30;
Örnsköldsviks Gymnasium Alfa 1;11341077;Örnsköldsvik;2284;Kommunal;Örnsköldsvik;2120002445;178;48;94;36;31;100;..;
Örnsköldsviks Gymnasium Beta;39528347;Örnsköldsvik;2284;Kommunal;Örnsköldsvik;2120002445;200;76;67;57;16;19;29;
Örnsköldsviks Gymnasium Delta;34988313;Örnsköldsvik;2284;Kommunal;Örnsköldsvik;2120002445;206;56;91;59;49;10;71;
Örnsköldsviks Gymnasium Gamma;85473846;Örnsköldsvik;2284;Kommunal;Örnsköldsvik;2120002445;200;74;67;59;14;7;39;
Örnsköldsviks Gymnasium Kappa;29744774;Örnsköldsvik;2284;Kommunal;Örnsköldsvik;2120002445;5;2;1;2;..;..;..;
Örnsköldsviks Gymnasium Lambda;89690587;Örnsköldsvik;2284;Kommunal;Örnsköldsvik;2120002445;268;71;87;110;69;15;39;
Örnsköldsviks Gymnasium Omega;28045567;Örnsköldsvik;2284;Kommunal;Örnsköldsvik;2120002445;494;162;173;159;62;10;62;
Örnsköldsviks Gymnasium Sigma;20768651;Örnsköldsvik;2284;Kommunal;Örnsköldsvik;2120002445;273;105;83;85;40;6;57;
Jämtlands Gymn, Fyrvalla 4A;32239920;Östersund;2380;Kommunal;Jämtlands Gymnasieförbund;2220001636;258;93;77;88;11;7;37;
Jämtlands Gymn, Fyrvalla 4B;98781765;Östersund;2380;Kommunal;Jämtlands Gymnasieförbund;2220001636;219;81;76;62;21;9;28;
Jämtlands Gymn, Wargentin 1A;38880984;Östersund;2380;Kommunal;Jämtlands Gymnasieförbund;2220001636;408;153;137;118;61;11;70;
Jämtlands Gymn, Wargentin 1B;28872974;Östersund;2380;Kommunal;Jämtlands Gymnasieförbund;2220001636;243;87;82;74;13;9;69;
Jämtlands Gymn, Wargentin 1C;87112995;Östersund;2380;Kommunal;Jämtlands Gymnasieförbund;2220001636;88;35;38;15;82;30;27;
Jämtlands Gymn, Wargentin 1D;36869352;Östersund;2380;Kommunal;Jämtlands Gymnasieförbund;2220001636;272;232;21;19;29;81;9;
Jämtlands Gymn, Wargentin 2A;18686599;Östersund;2380;Kommunal;Jämtlands Gymnasieförbund;2220001636;348;138;126;84;72;11;68;
Jämtlands Gymn, Wargentin 2B;93779220;Östersund;2380;Kommunal;Jämtlands Gymnasieförbund;2220001636;231;104;60;67;41;6;57;
Jämtlands Gymn, Wargentin 2C;77797484;Östersund;2380;Kommunal;Jämtlands Gymnasieförbund;2220001636;219;77;78;64;67;6;67;
Jämtlands Gymn, Wargentin 2D;53279140;Östersund;2380;Kommunal;Jämtlands Gymnasieförbund;2220001636;244;106;68;70;74;14;43;
Storsjögymnasiet, Östersund;80785976;Östersund;2380;Enskild;Honesta Skolutveckling AB;5569173635;254;99;78;77;47;8;46;
Östersunds Gymnasieskola;47559319;Östersund;2380;Enskild;Östersunds gymnasieskola AB;5567212641;199;45;57;97;61;15;51;
IT-Gymnasiet Åkersberga;21532545;Österåker;0117;Enskild;IT Gymnasiet Sverige AB;5565970471;51;.;29;22;20;22;53;
Skärgårdsgymnasiet;56187883;Österåker;0117;Enskild;Au Claves AB;5567284822;390;171;109;110;48;18;30;
Österåkers gymnasium;20752831;Österåker;0117;Kommunal;Österåker;2120002890;561;219;200;142;34;31;48;
Bruksgymnasiet/Gimo utb.centr.;51023367;Östhammar;0382;Kommunal;Östhammar;2120000290;353;182;81;90;36;29;25;
Forsmarks skola;34739511;Östhammar;0382;Kommunal;Östhammar;2120000290;76;20;29;27;24;..;61;
Wilhelm Haglunds Gymnasium;95069937;Östhammar;0382;Enskild;Gimo UtbildningsAktiebolag;5560614041;71;25;22;24;..;..;41;
Göinge utbildningscenter;84200045;Östra Göinge;1256;Kommunal;Östra Göinge;2120000860;150;57;83;10;57;90;8;
Gymnasieskolan;55295253;Överkalix;2513;Kommunal;Överkalix;2120002684;19;13;.;6;..;95;..;
Gränsälvsgymnasiet Övertorneå;52690153;Övertorneå;2518;Kommunal;Övertorneå;2120002700;187;62;61;64;32;49;24;

Rapportbeskrivning och definitioner etc.  
  
Rapporten visar antal elever totalt, andel kvinnor, andel med utländsk bakgrund, andel med högutbildade föräldrar samt antal elever i skolår 1 till 3. 
Uppgifterna avser oktober det valda året.
 
Observera att uppgifter avseende kön, utländsk bakgrund samt föräldrarnas utbildningsnivå dubbelprickas om de baseras på färre än 10 elever.
Då visas två prickar (..) istället för utfall. Om data saknas visas en prick (.)  istället för utfall.
 




