Statistik från Skolverket, https://www.skolverket.se

Gymnasieskola - Antal elever
Valt läsår: 2024/25


Skola;Skol-enhetskod;Skolkommun;Kommun-kod;Typ av huvudman;Huvudman;Huvudman orgnr;Antal elever;Antal elever skolår 1;Antal elever skolår 2;Antal elever skolår 3;Andel kvinnor (%);Andel m utl bakgr (%);Andel m högutb föräldrar (%);
Ale gymnasium;17221836;Ale;1440;Kommunal;Ale kommun;2120001439;124;71;39;14;48;40;34;
Yrkesgymnasiet Ale;93221031;Ale;1440;Enskild;Lärlingsgymnasiet i Sverige AB;5567628176;273;81;88;104;29;16;38;
Alingsås Yrkesgymnasium;17474377;Alingsås;1489;Enskild;Alingsås Yrkesgymnasium AB;5567290548;82;29;32;21;41;..;50;
Alströmergymnasiet sektor 2;18345915;Alingsås;1489;Kommunal;Alingsås kommun;2120001553;360;115;111;134;30;19;71;
Alströmergymnasiet sektor 3;68229719;Alingsås;1489;Kommunal;Alingsås kommun;2120001553;295;108;85;102;68;20;68;
Alströmergymnasiet sektor 4;61004230;Alingsås;1489;Kommunal;Alingsås kommun;2120001553;423;156;145;122;35;13;74;
Alströmergymnasiet sektor 5;67768292;Alingsås;1489;Kommunal;Alingsås kommun;2120001553;165;125;25;15;50;38;39;
Alströmergymnasiet Sektor 6;16505784;Alingsås;1489;Kommunal;Alingsås kommun;2120001553;140;51;45;44;59;17;56;
Alvesta Gymnasieskola;75459583;Alvesta;0764;Kommunal;Alvesta kommun;2120000639;51;25;19;7;59;55;29;
Vasagymnasiet;71262305;Arboga;1984;Kommunal;Arboga kommun;2120002122;345;154;93;98;47;29;56;
Sandbackaskolan;84947634;Arvidsjaur;2505;Kommunal;Arvidsjaurs kommun;2120002650;254;96;79;79;39;13;54;
Estetiska skolan, gymnasiet;23517336;Arvika;1784;Enskild;Estetiska Skolan Arvika;8740020212;47;21;16;10;72;21;68;
Solbergagymnasiet;48009865;Arvika;1784;Kommunal;Arvika kommun;2120001892;285;110;91;84;51;28;71;
Taserudsgymnasiet;68518617;Arvika;1784;Kommunal;Arvika kommun;2120001892;454;183;124;147;44;21;43;
Karlfeldtgymnasiet;30376472;Avesta;2084;Kommunal;Avesta kommun;2120002262;865;345;268;252;48;28;45;
Strömkullegymnasiet;19464342;Bengtsfors;1460;Kommunal;Bengtsfors kommun;2120001470;13;5;4;4;..;..;..;
Fjällgymnasiet;60743463;Berg;2326;Kommunal;Bergs kommun;2120002502;97;24;25;48;47;22;62;
Gymnasieutbildningen i Bjuv;70011480;Bjuv;1260;Kommunal;Bjuvs kommun;2120001041;26;18;8;.;42;65;..;
Björknäsgymnasiet Enhet 1;32960825;Boden;2582;Kommunal;Bodens kommun;2120002767;153;65;54;34;56;41;39;
Björknäsgymnasiet Enhet 2;43609520;Boden;2582;Kommunal;Bodens kommun;2120002767;247;85;75;87;61;19;69;
Björknäsgymnasiet Enhet 3;41416934;Boden;2582;Kommunal;Bodens kommun;2120002767;362;120;133;109;23;9;60;
Bollebygds gymnasieskola;35225375;Bollebygd;1443;Kommunal;Bollebygds kommun;2120002973;11;10;.;1;..;..;..;
Friskolan Nytorp;21567982;Bollnäs;2183;Enskild;Friskolan Nytorp AB;5568813561;100;36;33;31;30;..;58;
Hälsingegymnasiet;91748148;Bollnäs;2183;Enskild;Hälsingegymnasiet AB;5567600886;192;75;54;63;49;35;60;
Naturlära i Hälsingland;49379603;Bollnäs;2183;Enskild;NaturLära i Hälsingland AB;5568554314;37;10;12;15;97;..;57;
Nytorps Hästgymnasium;80167319;Bollnäs;2183;Enskild;Nytorps Hästgymnasium AB;5569063455;9;.;.;9;..;..;..;
Torsbergsgymnasiet RO4;73171934;Bollnäs;2183;Kommunal;Hälsinglands Utbildningsförbund;2220003111;269;102;101;66;64;32;52;
Torsbergsgymnasiet RO5;83474173;Bollnäs;2183;Kommunal;Hälsinglands Utbildningsförbund;2220003111;327;108;108;111;50;20;38;
Hagagymnasiet;74434644;Borlänge;2081;Kommunal;Borlänge kommun;2120002239;582;246;192;144;60;29;54;
Hushagsgymnasiet;68769650;Borlänge;2081;Kommunal;Borlänge kommun;2120002239;554;199;188;167;19;6;45;
Introduktionsprogrammen;19100658;Borlänge;2081;Kommunal;Borlänge kommun;2120002239;207;138;48;21;53;48;28;
NTI Gymnasiet Borlänge;42022406;Borlänge;2081;Enskild;NTI Gymnasiet Helix AB;5566747290;101;34;32;35;22;18;53;
Realgymnasiet i Borlänge;11858071;Borlänge;2081;Enskild;Lärande i Sverige AB;5565715892;144;55;46;43;83;..;51;
Rytmus Borlänge;31322470;Borlänge;2081;Enskild;Rytmus AB;5564648979;113;38;44;31;50;10;62;
Soltorgsgymnasiet;65192707;Borlänge;2081;Kommunal;Borlänge kommun;2120002239;496;171;158;167;41;33;71;
Almåsgymnasiet A;18425335;Borås;1490;Kommunal;Borås kommun;2120001561;295;117;113;65;63;43;38;
Almåsgymnasiet B;93281974;Borås;1490;Kommunal;Borås kommun;2120001561;294;119;90;85;70;55;36;
Almåsgymnasiet C;23424275;Borås;1490;Kommunal;Borås kommun;2120001561;275;130;87;58;69;28;38;
Bäckängsgymnasiet A;43634528;Borås;1490;Kommunal;Borås kommun;2120001561;337;121;105;111;58;56;72;
Bäckängsgymnasiet B;36263479;Borås;1490;Kommunal;Borås kommun;2120001561;447;149;154;144;81;37;63;
Bäckängsgymnasiet C;56679384;Borås;1490;Kommunal;Borås kommun;2120001561;262;83;98;81;86;22;63;
Bäckängsgymnasiet D;30538202;Borås;1490;Kommunal;Borås kommun;2120001561;94;74;.;20;65;50;45;
Bäckängsgymnasiet E;11138440;Borås;1490;Kommunal;Borås kommun;2120001561;383;139;119;125;52;40;66;
Drottning Blankas Gymnasieskola Borås;19150273;Borås;1490;Enskild;DBGY Kronan AB;5565668794;212;61;87;64;86;44;36;
LBS Kreativa Gymnasiet Borås;69018222;Borås;1490;Enskild;Ljud & Bildskolan LBS AB;5564851649;135;37;41;57;34;19;64;
Praktiska Gymnasiet Borås;25624692;Borås;1490;Enskild;Praktiska Sverige AB;5562575786;133;52;41;40;14;44;24;
Realgymnasiet Borås;88534520;Borås;1490;Enskild;Lärande i Sverige AB;5565715892;118;41;37;40;83;..;53;
Sven Eriksonsgymnasiet A;12889940;Borås;1490;Kommunal;Borås kommun;2120001561;318;119;87;112;18;34;67;
Sven Eriksonsgymnasiet B;16554575;Borås;1490;Kommunal;Borås kommun;2120001561;256;143;60;53;50;51;46;
Sven Eriksonsgymnasiet C;34076477;Borås;1490;Kommunal;Borås kommun;2120001561;355;113;123;119;36;19;68;
Sven Eriksonsgymnasiet D;54450836;Borås;1490;Kommunal;Borås kommun;2120001561;410;143;132;135;62;24;62;
Viskastrandsgymnasiet A;25356960;Borås;1490;Kommunal;Borås kommun;2120001561;257;83;89;85;22;14;35;
Viskastrandsgymnasiet B;64284020;Borås;1490;Kommunal;Borås kommun;2120001561;164;57;48;59;52;14;54;
Viskastrandsgymnasiet C;98132436;Borås;1490;Kommunal;Borås kommun;2120001561;226;92;69;65;8;14;47;
Viskastrandsgymnasiet D;67692516;Borås;1490;Kommunal;Borås kommun;2120001561;308;126;91;91;10;29;46;
Yrkesgymnasiet Borås;59082395;Borås;1490;Enskild;Edukatus AB;5566139290;94;38;36;20;14;39;33;
Skyttbrinks gymnasium;60096875;Botkyrka;0127;Kommunal;Botkyrka kommun;2120002882;237;149;45;43;35;49;36;
S:t Botvids gymnasium;97758137;Botkyrka;0127;Kommunal;Botkyrka kommun;2120002882;489;219;161;109;53;85;25;
Södertörns Gymnasium;53400472;Botkyrka;0127;Enskild;STEG för framtiden Aktiebolag;5567538383;174;73;70;31;54;86;53;
Tullinge gymnasium;26334561;Botkyrka;0127;Kommunal;Botkyrka kommun;2120002882;723;250;238;235;52;25;77;
Tumba gymnasium;40386043;Botkyrka;0127;Kommunal;Botkyrka kommun;2120002882;1 382;479;455;448;45;47;68;
Bromölla gymnasium;80008140;Bromölla;1272;Kommunal;Bromölla kommun;2120000894;23;12;4;7;57;..;..;
Jämtlands Gymn, Bräcke;26864271;Bräcke;2305;Kommunal;Jämtlands Gymnasieförbund;2220001636;93;26;33;34;..;..;35;
Gymnasieutbildningen i Burlöv;73416853;Burlöv;1231;Kommunal;Burlövs kommun;2120001025;64;33;24;7;47;66;27;
Akademi Båstad Gymnasium;59483268;Båstad;1278;Kommunal;Båstads kommun;2120000944;212;83;87;42;56;33;58;
Apelrydsskolan i Båstad;32879845;Båstad;1278;Enskild;Stiftelsen Apelryd International;8024778402;226;87;67;72;65;13;69;
Utsikten, Dals-Eds gymnasium;88573795;Dals-Ed;1438;Kommunal;Dals-Eds kommun;2120001413;44;23;14;7;27;..;45;
British International School;66620411;Danderyd;0162;Enskild;Stiftelsen Borgen 2 - British International School Stockholm;8024777289;47;21;26;.;60;89;66;
Danderyds Gymnasium;30866364;Danderyd;0162;Kommunal;Danderyds kommun;2120000126;1 390;464;459;467;40;14;81;
Marina läroverket i Danderyd;82814120;Danderyd;0162;Enskild;Klart Skepp Marinteknik AB;5565160669;506;176;162;168;45;6;79;
Viktor Rydberg gy. Djursholm;45164827;Danderyd;0162;Enskild;Stiftelsen Viktor Rydbergs Skolor;8120005650;525;192;180;153;50;12;91;
Degerforsgymnasiet;10924758;Degerfors;1862;Kommunal;Degerfors kommun;2120001934;264;87;96;81;38;25;45;
Mälarögymnasiet;55711881;Ekerö;0125;Kommunal;Ekerö kommun;2120000050;42;23;6;13;74;64;26;
Eksjö Gymnasium 1;34153869;Eksjö;0686;Kommunal;Eksjö kommun;2120000589;282;108;74;100;37;37;62;
Eksjö Gymnasium 2;88259298;Eksjö;0686;Kommunal;Eksjö kommun;2120000589;290;100;95;95;67;27;61;
Nifsarpsskolan fri;44240250;Eksjö;0686;Enskild;Eksjö Fordonsutbildning AB;5565848537;241;81;81;79;24;..;47;
Vilhelm Mobergsgymnasiet;17846181;Emmaboda;0862;Kommunal;Emmaboda kommun;2120000738;191;81;68;42;42;57;40;
Westerlundska gymnasiet;75082798;Enköping;0381;Kommunal;Enköpings kommun;2120000282;1 429;538;450;441;47;30;54;
Grillska Gymnasiet Eskilstuna;23555409;Eskilstuna;0484;Enskild;Stadsmissionens Skolstiftelse;8020170794;661;218;219;224;53;31;57;
JENSEN Gymnasium Eskilstuna;88986563;Eskilstuna;0484;Enskild;Jensen Education College AB;5566358759;383;159;119;105;62;70;58;
Kunskapscompaniets Gymnasium i Eskilstuna;91333138;Eskilstuna;0484;Enskild;Kunskapscompaniet Gymnasium KCGY AB;5561383885;159;47;55;57;34;18;28;
NTI Gymnasiet Eskilstuna;30341162;Eskilstuna;0484;Enskild;NTI Gymnasiet Macro AB;5561203679;201;65;65;71;21;33;62;
Realgymnasiet Eskilstuna;39936461;Eskilstuna;0484;Enskild;Lärande i Sverige AB;5565715892;181;65;53;63;85;7;59;
Rekarnegymnasiet 1;72266906;Eskilstuna;0484;Kommunal;Eskilstuna kommun;2120000357;611;210;201;200;34;23;55;
Rekarnegymnasiet 2;27030026;Eskilstuna;0484;Kommunal;Eskilstuna kommun;2120000357;677;257;227;193;44;28;50;
Rinmangymnasiet RI 1N;16950252;Eskilstuna;0484;Kommunal;Eskilstuna kommun;2120000357;462;175;146;141;26;52;47;
Rinmangymnasiet RI 2N;34637764;Eskilstuna;0484;Kommunal;Eskilstuna kommun;2120000357;472;167;148;157;69;70;47;
Rinmangymnasiet RI3N;44957557;Eskilstuna;0484;Kommunal;Eskilstuna kommun;2120000357;85;43;28;14;41;21;40;
S:t Eskils gymnasium;19912478;Eskilstuna;0484;Kommunal;Eskilstuna kommun;2120000357;717;244;230;243;64;45;60;
Zetterbergsgymnasiet;69396818;Eskilstuna;0484;Kommunal;Eskilstuna kommun;2120000357;297;119;88;90;70;46;40;
Carl Engströmgymnasiet;15077883;Eslöv;1285;Kommunal;Eslövs kommun;2120001173;722;258;241;223;39;31;50;
Brinellskolan 1;32420077;Fagersta;1982;Kommunal;Fagersta kommun;2120002106;186;81;65;40;52;47;24;
Brinellskolan 2;48434184;Fagersta;1982;Kommunal;Fagersta kommun;2120002106;290;93;92;105;40;41;47;
Drottning Blankas Gymnasieskola Falkenberg;58724424;Falkenberg;1382;Enskild;DBGY Kronan AB;5565668794;124;64;21;39;88;22;41;
Falkenbergs Gymnasieskola 1;95684185;Falkenberg;1382;Kommunal;Falkenbergs kommun;2120001231;140;69;43;28;34;56;23;
Falkenbergs Gymnasieskola 2;51138448;Falkenberg;1382;Kommunal;Falkenbergs kommun;2120001231;748;247;237;264;54;30;62;
Falkenbergs Gymnasieskola 3;19647256;Falkenberg;1382;Kommunal;Falkenbergs kommun;2120001231;490;200;150;140;42;16;46;
Ållebergsgymnasiet A;17008320;Falköping;1499;Kommunal;Falköpings kommun;2120001744;272;82;94;96;38;34;67;
Ållebergsgymnasiet B;56737496;Falköping;1499;Kommunal;Falköpings kommun;2120001744;300;102;105;93;39;26;52;
Ållebergsgymnasiet C;88850910;Falköping;1499;Kommunal;Falköpings kommun;2120001744;56;33;14;9;52;70;18;
Ållebergsgymnasiet E;93939982;Falköping;1499;Kommunal;Falköpings kommun;2120001744;291;93;92;106;59;19;57;
Drottning Blankas Gymnasieskola Falun;34253318;Falun;2080;Enskild;DBGY Kronan AB;5565668794;152;53;53;46;79;47;34;
Falu Frigymnasium;25720752;Falun;2080;Enskild;Falu Frigymnasium Aktiebolag;5566112834;345;115;116;114;62;43;60;
Hagströmska gymnasiet Falun;55155562;Falun;2080;Enskild;Hagströmska Gymnasiet AB;5567550461;659;219;233;207;30;16;57;
Kristinegymnasiet RO1;31533003;Falun;2080;Kommunal;Falu kommun;2120002221;390;124;138;128;75;18;60;
Kristinegymnasiet RO2;31429031;Falun;2080;Kommunal;Falu kommun;2120002221;486;186;171;129;66;16;64;
Lugnetgymnasiet RO1;23164911;Falun;2080;Kommunal;Falu kommun;2120002221;413;147;116;150;41;18;84;
Lugnetgymnasiet RO2;24008049;Falun;2080;Kommunal;Falu kommun;2120002221;206;70;61;75;16;17;48;
Lugnetgymnasiet RO3;72661886;Falun;2080;Kommunal;Falu kommun;2120002221;215;68;79;68;81;10;72;
Lugnetgymnasiet RO4;94144023;Falun;2080;Kommunal;Falu kommun;2120002221;170;112;34;24;49;38;29;
Musikkonservatoriet Falun;54481243;Falun;2080;Region;Region Dalarna;2321000180;40;10;18;12;45;..;93;
Praktiska Gymnasiet Falun;59734510;Falun;2080;Enskild;Praktiska Sverige AB;5562575786;225;90;66;69;45;15;36;
Spångbergsgymnasiet;19586169;Filipstad;1782;Kommunal;Filipstads kommun;2120001876;286;100;104;82;48;21;36;
Bergska gymnasiet;84828713;Finspång;0562;Kommunal;Finspångs kommun;2120000423;167;42;54;71;54;33;38;
Curt Nicolin Gymnasiet;95683850;Finspång;0562;Enskild;Curt Nicolin Gymnasiet AB;5566431044;559;190;183;186;28;18;67;
Prins Wilhelm gymnasiet;59455288;Flen;0482;Kommunal;Flens kommun;2120000332;99;55;26;18;43;54;15;
ForshagaAkademin;82163292;Forshaga;1763;Enskild;ForshagaAkademin AB;5566205737;267;116;78;73;36;9;57;
Gymnasieutbildningen i Gagnef;19599583;Gagnef;2026;Kommunal;Gagnefs kommun;2120002155;23;13;6;4;..;..;..;
Gislaveds gymnasium Innovationssektor;89888648;Gislaved;0662;Kommunal;Gislaveds kommun;2120000514;358;115;126;117;36;35;57;
Gislaveds gymnasium Samhällssektor;25679488;Gislaved;0662;Kommunal;Gislaveds kommun;2120000514;399;138;132;129;62;41;42;
Gislaveds gymnasium Utvecklingssektor;25677996;Gislaved;0662;Kommunal;Gislaveds kommun;2120000514;153;100;26;27;56;45;25;
Motorsportsgymnasiet i Anderstorp;90003262;Gislaved;0662;Enskild;Värmdö Tekniska Utbildningar Aktiebolag, Vtu;5563836757;94;35;28;31;11;26;45;
Stora Segerstad Naturbrukscentrum;88163512;Gislaved;0662;Region;Region Jönköpings Län;2321000057;156;56;55;45;28;..;47;
Gnosjöandans kunskapsc. gy;35063170;Gnosjö;0617;Kommunal;Gnosjö kommun;2120000506;282;103;100;79;49;50;38;
Gutegymnasiet;31279294;Gotland;0980;Enskild;Guteskolan AB;5567044267;231;88;82;61;54;25;43;
Wisbygymnasiet 1;60293532;Gotland;0980;Kommunal;Region Gotland;2120000803;437;159;137;141;41;10;65;
Wisbygymnasiet 2;31962829;Gotland;0980;Kommunal;Region Gotland;2120000803;232;77;67;88;72;15;65;
Wisbygymnasiet 3;24534350;Gotland;0980;Kommunal;Region Gotland;2120000803;403;215;101;87;34;18;50;
Wisbygymnasiet 4;97765838;Gotland;0980;Kommunal;Region Gotland;2120000803;225;83;72;70;60;8;60;
Wisbygymnasiet 5;50367034;Gotland;0980;Kommunal;Region Gotland;2120000803;304;119;76;109;51;5;68;
IM Grums;52054634;Grums;1764;Kommunal;Grums kommun;2120001827;14;9;3;2;..;..;..;
Lapplands Gymnasium Gällivare enhet 1;20666515;Gällivare;2523;Kommunal;Lapplands Kommunalförbund;2220000760;154;41;49;64;39;14;55;
Lapplands Gymnasium Gällivare enhet 2;37906565;Gällivare;2523;Kommunal;Lapplands Kommunalförbund;2220000760;200;89;56;55;61;28;43;
Lapplands Gymnasium Gällivare enhet 3;23063954;Gällivare;2523;Kommunal;Lapplands Kommunalförbund;2220000760;186;60;60;66;43;11;55;
Affärsgymnasiet Gävle;49616977;Gävle;2180;Enskild;Edukatus AB;5566139290;324;90;120;114;55;43;46;
Borgarskolan;21648755;Gävle;2180;Kommunal;Gävle kommun;2120002338;789;252;286;251;43;17;66;
Drottning Blankas Gymnasieskola Gävle;11111710;Gävle;2180;Enskild;DBGY Juvelen AB;5565789129;350;140;106;104;76;46;39;
IM-gymnasiet;83487818;Gävle;2180;Kommunal;Gävle kommun;2120002338;211;130;48;33;43;55;33;
NTI Vetenskapsgymnasiet Gävle;86547467;Gävle;2180;Enskild;NTI Gymnasiet Macro AB;5561203679;144;30;44;70;40;63;44;
Polhemsskolan;90551279;Gävle;2180;Kommunal;Gävle kommun;2120002338;1 285;501;426;358;40;19;60;
Praktiska Gymnasiet Gävle;93062368;Gävle;2180;Enskild;Praktiska Sverige AB;5562575786;150;48;58;44;35;37;41;
Realgymnasiet Gävle;69686851;Gävle;2180;Enskild;Lärande i Sverige AB;5565715892;331;105;108;118;76;9;53;
Vasaskolan;54965510;Gävle;2180;Kommunal;Gävle kommun;2120002338;851;291;276;284;65;35;71;
Yrkesgymnasiet Gävle;90267145;Gävle;2180;Enskild;Edukatus AB;5566139290;182;71;59;52;33;19;35;
Amerikanska Gymnasiet Göteborg;49918856;Göteborg;1480;Enskild;Amerikanska Gymnasiet i Sverige AB;5590415591;507;184;175;148;53;46;66;
Angeredsgymnasiet 1;72998905;Göteborg;1480;Kommunal;Göteborgs kommun;2120001355;300;167;75;58;64;89;24;
Angeredsgymnasiet 2;84835666;Göteborg;1480;Kommunal;Göteborgs kommun;2120001355;248;120;64;64;49;93;33;
Angeredsgymnasiet 3;24685151;Göteborg;1480;Kommunal;Göteborgs kommun;2120001355;253;235;18;.;47;88;24;
Angeredsgymnasiet 4;25872338;Göteborg;1480;Kommunal;Göteborgs kommun;2120001355;104;37;33;34;47;23;62;
Aniaragymnasiet;69481650;Göteborg;1480;Enskild;AF Affärseffekt Framtidsskola AB;5566666789;439;162;146;131;50;67;42;
Arena Academy Göteborg;72517762;Göteborg;1480;Enskild;Edinit AB;5563114445;228;71;85;72;42;90;39;
Aspero Idrottsgymn. Göteborg;20319353;Göteborg;1480;Enskild;Aspero Friskolor AB;5566363973;263;90;89;84;35;12;72;
Bernadottegymnasiet 1;92194545;Göteborg;1480;Kommunal;Göteborgs kommun;2120001355;220;95;61;64;52;10;78;
Bernadottegymnasiet 2;38171731;Göteborg;1480;Kommunal;Göteborgs kommun;2120001355;186;63;63;60;30;17;83;
Bräckegymnasiet 1;88153340;Göteborg;1480;Kommunal;Göteborgs kommun;2120001355;177;77;41;59;..;43;37;
Bräckegymnasiet 2;94353434;Göteborg;1480;Kommunal;Göteborgs kommun;2120001355;193;66;68;59;15;30;46;
Bräckegymnasiet 4;84978846;Göteborg;1480;Kommunal;Göteborgs kommun;2120001355;228;199;29;.;39;58;28;
Burgårdens Gymnasium 1;59396229;Göteborg;1480;Kommunal;Göteborgs kommun;2120001355;196;72;75;49;93;36;45;
Burgårdens Gymnasium 2;95165649;Göteborg;1480;Kommunal;Göteborgs kommun;2120001355;148;148;.;.;62;65;35;
Burgårdens Gymnasium 3;64740897;Göteborg;1480;Kommunal;Göteborgs kommun;2120001355;136;82;28;26;22;13;78;
Burgårdens Gymnasium 4;78979604;Göteborg;1480;Kommunal;Göteborgs kommun;2120001355;235;84;80;71;71;68;41;
Burgårdens Gymnasium 5;69626109;Göteborg;1480;Kommunal;Göteborgs kommun;2120001355;212;77;68;67;78;50;40;
Burgårdens Gymnasium 6;21938009;Göteborg;1480;Kommunal;Göteborgs kommun;2120001355;218;68;85;65;93;55;38;
Center för språkintroduktion Lindholmen 1;53432700;Göteborg;1480;Kommunal;Göteborgs kommun;2120001355;245;245;.;.;47;97;17;
Designgymnasiet Göteborg;10968377;Göteborg;1480;Enskild;Designgymnasiet i Sverige AB;5569320681;224;79;84;61;77;29;74;
Donnergymnasiet;78397312;Göteborg;1480;Enskild;Donnergymnasiet AB;5565408381;782;260;260;262;57;25;84;
Drottning Blankas Gymnasieskola Göteborg Centrum;36444853;Göteborg;1480;Enskild;DBGY Kronan AB;5565668794;599;227;188;184;81;20;70;
Drottning Blankas Gymnasieskola Göteborg Odin;10638939;Göteborg;1480;Enskild;DBGY Juvelen AB;5565789129;847;286;283;278;76;21;65;
Drottning Blankas Gymnasieskola Göteborg Operan;85068812;Göteborg;1480;Enskild;DBGY Regenten AB;5565693297;127;127;.;.;61;25;59;
Ester Mosessons gymnasium 1;15414001;Göteborg;1480;Kommunal;Göteborgs kommun;2120001355;313;112;103;98;50;15;62;
Ester Mosessons gymnasium 2;38311488;Göteborg;1480;Kommunal;Göteborgs kommun;2120001355;117;66;36;15;79;38;49;
GTI:s gymnasieskola;89837629;Göteborg;1480;Enskild;Göteborgs Tekniska Institut Aktiebolag;5562358993;335;118;103;114;52;80;44;
Gymnasieakademin Göteborg;12994441;Göteborg;1480;Enskild;IEAB International Education AB;5567265979;413;132;127;154;66;83;47;
Göteborgregionens tekniska gy;53660780;Göteborg;1480;Enskild;Göteborgs Tekniska College Aktiebolag;5565706768;331;117;98;116;6;19;82;
Göteborgs Högre Samskola gy.;88774402;Göteborg;1480;Enskild;Stiftelsen Göteborgs Högre Samskola;8572059197;539;179;179;181;58;10;93;
Hvitfeldtska gymnasiet 1;61701709;Göteborg;1480;Kommunal;Göteborgs kommun;2120001355;416;128;127;161;65;11;89;
Hvitfeldtska gymnasiet 2;61469192;Göteborg;1480;Kommunal;Göteborgs kommun;2120001355;246;83;82;81;53;23;78;
Hvitfeldtska gymnasiet 3;84306392;Göteborg;1480;Kommunal;Göteborgs kommun;2120001355;477;158;161;158;55;25;95;
Hvitfeldtska gymnasiet 4;28627819;Göteborg;1480;Kommunal;Göteborgs kommun;2120001355;473;160;158;155;73;10;87;
Hvitfeldtska gymnasiet 5;30086854;Göteborg;1480;Kommunal;Göteborgs kommun;2120001355;198;59;69;70;57;82;78;
Hvitfeldtska gymnasiet 6;50235617;Göteborg;1480;Kommunal;Göteborgs kommun;2120001355;221;116;56;49;57;33;58;
Ingrid Segerstedts gymnasium;48847282;Göteborg;1480;Enskild;Stiftelsen Ingrid Segerstedts Gymnasium;8572088824;396;132;131;133;78;9;88;
JENSEN Gymnasium Göteborg;38684438;Göteborg;1480;Enskild;Jensen Education College AB;5566358759;503;175;170;158;52;69;57;
Katrinelundsgymnasiet 1;31251822;Göteborg;1480;Kommunal;Göteborgs kommun;2120001355;277;96;97;84;57;43;57;
Katrinelundsgymnasiet 3;96590873;Göteborg;1480;Kommunal;Göteborgs kommun;2120001355;20;9;8;3;..;..;55;
Katrinelundsgymnasiet 4;35647481;Göteborg;1480;Kommunal;Göteborgs kommun;2120001355;118;28;32;58;61;57;64;
Katrinelundsgymnasiet 5;39549479;Göteborg;1480;Kommunal;Göteborgs kommun;2120001355;466;157;155;154;35;29;68;
Kitas Ekonomi;73147554;Göteborg;1480;Enskild;Kitas utbildning AB;5567097117;257;94;67;96;45;11;81;
Kitas Gymnasium;69983740;Göteborg;1480;Enskild;Kitas utbildning AB;5567097117;338;122;129;87;66;22;82;
Kitas Natur;66491596;Göteborg;1480;Enskild;Kitas utbildning AB;5567097117;275;96;95;84;36;23;89;
KLARA Teoretiska Gymnasium Göteborg Postgatan;40690520;Göteborg;1480;Enskild;KLARA Gymnasium Lärande AB;5565583282;589;196;194;199;56;46;76;
KLARA Teoretiska Gymnasium Göteborg Vallgatan;75141151;Göteborg;1480;Enskild;KLARA Gymnasium Bildning AB;5565286696;354;133;92;129;66;55;61;
Kunskapsgymnasiet Göteborg;12052268;Göteborg;1480;Enskild;Kunskapsskolan i Sverige Aktiebolag;5565661815;346;122;114;110;58;84;44;
LBS Kreativa Gymnasiet Göteborg;53231578;Göteborg;1480;Enskild;Ljud & Bildskolan LBS AB;5564851649;482;136;147;199;22;23;70;
Lindholmens tekniska gymnasium 1;11274830;Göteborg;1480;Kommunal;Göteborgs kommun;2120001355;291;100;97;94;4;22;60;
Lindholmens tekniska gymnasium 2;51321260;Göteborg;1480;Kommunal;Göteborgs kommun;2120001355;146;55;47;44;..;26;50;
Lindholmens tekniska gymnasium 3;96279444;Göteborg;1480;Kommunal;Göteborgs kommun;2120001355;376;122;122;132;15;46;68;
Lindholmens tekniska gymnasium 4;87030133;Göteborg;1480;Kommunal;Göteborgs kommun;2120001355;186;80;54;52;9;23;61;
Lindholmens tekniska gymnasium 5;22431616;Göteborg;1480;Kommunal;Göteborgs kommun;2120001355;44;.;18;26;..;86;32;
LM Engströms gymnasium;71597051;Göteborg;1480;Enskild;Peter Isaac Béens Utbildningsstiftelse;8572003666;616;192;195;229;71;6;93;
Magelungens Gymnasium Göteborg;27268498;Göteborg;1480;Enskild;Magelungen Utveckling AB;5564891447;90;35;33;22;40;..;81;
Mediegymnasiet;97382366;Göteborg;1480;Enskild;Ljud & Bildskolan LBS AB;5564851649;269;87;94;88;57;25;71;
Motorbranschens tekniska gymnasium 1;61880907;Göteborg;1480;Kommunal;Göteborgs kommun;2120001355;262;84;83;95;19;27;45;
NTI Gymnasiet Johanneberg;79094701;Göteborg;1480;Enskild;NTI Gymnasiet Ellips AB;5565970471;468;149;159;160;18;21;85;
NTI Gymnasiet Kronhus;35006050;Göteborg;1480;Enskild;NTI Gymnasiet Macro AB;5561203679;279;93;98;88;15;51;58;
NTI Handelsgymnasiet Göteborg;53698122;Göteborg;1480;Enskild;NTI Gymnasiet Macro AB;5561203679;307;127;92;88;25;21;64;
Peabskolan Göteborg;88886610;Göteborg;1480;Enskild;Peabskolan AB;5564427432;93;37;28;28;..;20;40;
Polhemsgymnasiet 1;21505555;Göteborg;1480;Kommunal;Göteborgs kommun;2120001355;374;146;119;109;39;33;84;
Polhemsgymnasiet 2;34336190;Göteborg;1480;Kommunal;Göteborgs kommun;2120001355;495;170;195;130;49;12;80;
Polhemsgymnasiet 3;21052710;Göteborg;1480;Kommunal;Göteborgs kommun;2120001355;405;177;165;63;61;12;80;
Polhemsgymnasiet 4;70484769;Göteborg;1480;Kommunal;Göteborgs kommun;2120001355;289;122;100;67;37;20;84;
Praktiska Gymnasiet Gamlestaden;16819383;Göteborg;1480;Enskild;Praktiska Utbildning AB;5564781606;312;141;107;64;16;80;26;
Praktiska Gymnasiet Majorna;88556189;Göteborg;1480;Enskild;Praktiska Sverige AB;5562575786;246;102;80;64;43;41;42;
Realgymnasiet Göteborg;35236491;Göteborg;1480;Enskild;Lärande i Sverige AB;5565715892;350;129;129;92;76;11;68;
Rytmus Göteborg;69739484;Göteborg;1480;Enskild;Rytmus AB;5564648979;295;99;99;97;53;12;80;
Schillerska gymnasiet 1;92887917;Göteborg;1480;Kommunal;Göteborgs kommun;2120001355;445;161;160;124;85;14;87;
Schillerska gymnasiet 2;88834120;Göteborg;1480;Kommunal;Göteborgs kommun;2120001355;284;161;63;60;52;24;74;
Schillerska gymnasiet 3;36748805;Göteborg;1480;Kommunal;Göteborgs kommun;2120001355;388;126;132;130;78;22;86;
Sigrid Rudebecks gymnasium;19207279;Göteborg;1480;Enskild;Aktiebolaget Sigrid Rudebecks Skola;5563571248;515;180;158;177;67;12;93;
Sjölins Gymnasium Göteborg;53640774;Göteborg;1480;Enskild;Sjölins Gymnasium AB;5563758399;469;148;159;162;62;8;83;
SKF Tekniska Gymnasium;58502307;Göteborg;1480;Enskild;SKF Sverige Aktiebolag;5562408301;93;32;30;31;..;19;70;
The International High School of the Gothenburg Region;26627862;Göteborg;1480;Kommunal;Göteborgs kommun;2120001355;297;61;119;117;53;76;68;
Västsvenska Gymnasiet;34831349;Göteborg;1480;Enskild;Idrottens Skola i Göteborg AB;5562035906;255;134;66;55;65;87;27;
Yrkesgymnasiet Göteborg;63511898;Göteborg;1480;Enskild;Edukatus AB;5566139290;347;136;111;100;46;43;44;
Olinsgymnasiet i Götene;77718188;Götene;1471;Enskild;Olinsgymnasiet i Skara AB;5569998932;175;65;62;48;23;30;39;
Älvstrandsgymnasiet;72127035;Hagfors;1783;Kommunal;Hagfors kommun;2120001884;205;91;55;59;59;29;43;
Älvstrandsgymnasiet2;28310176;Hagfors;1783;Kommunal;Hagfors kommun;2120001884;150;51;51;48;21;22;44;
Alléskolan 1;70969714;Hallsberg;1861;Kommunal;Sydnärkes Utbildningsförbund;2220001180;301;92;97;112;25;18;40;
Alléskolan 3;22752398;Hallsberg;1861;Kommunal;Sydnärkes Utbildningsförbund;2220001180;178;61;61;56;17;16;31;
Alléskolan 4;68734112;Hallsberg;1861;Kommunal;Sydnärkes Utbildningsförbund;2220001180;211;65;72;74;43;24;52;
Alléskolan 5;71922787;Hallsberg;1861;Kommunal;Sydnärkes Utbildningsförbund;2220001180;179;70;47;62;43;32;51;
Alléskolan 6;78730011;Hallsberg;1861;Kommunal;Sydnärkes Utbildningsförbund;2220001180;184;104;58;22;45;49;22;
Alléskolan 7;74148070;Hallsberg;1861;Kommunal;Sydnärkes Utbildningsförbund;2220001180;246;93;77;76;69;39;49;
Gymnasieutbildningen Hallstahammar;25253663;Hallstahammar;1961;Kommunal;Hallstahammars kommun;2120002064;43;35;6;2;51;33;28;
Ridsportsgymnasiet;50696507;Hallstahammar;1961;Enskild;Ridskolan Strömsholm RS AB;5566940408;98;34;32;32;96;14;78;
Amerikanska Gymnasiet Halmstad;43657259;Halmstad;1380;Enskild;Amerikanska Gymnasiet i Sverige AB;5590415591;178;72;62;44;59;49;62;
Aspero Idrottsgymn. Halmstad;92507006;Halmstad;1380;Enskild;Aspero Friskolor AB;5566363973;333;112;116;105;39;11;74;
Drottning Blankas Gymnasieskola Halmstad;44653962;Halmstad;1380;Enskild;DBGY Kronan AB;5565668794;244;81;73;90;85;49;43;
Kattegattgymnasiet 1;20100577;Halmstad;1380;Kommunal;Halmstads kommun;2120001215;396;153;123;120;57;19;74;
Kattegattgymnasiet 2;81993306;Halmstad;1380;Kommunal;Halmstads kommun;2120001215;245;83;80;82;16;34;71;
Kattegattgymnasiet 3;19051089;Halmstad;1380;Kommunal;Halmstads kommun;2120001215;352;130;131;91;56;59;60;
Kattegattgymnasiet 4;29097621;Halmstad;1380;Kommunal;Halmstads kommun;2120001215;36;21;14;1;47;..;36;
Kattegattgymnasiet 5;61195886;Halmstad;1380;Kommunal;Halmstads kommun;2120001215;231;95;72;64;8;29;41;
Kattegattgymnasiet 6;19413066;Halmstad;1380;Kommunal;Halmstads kommun;2120001215;223;80;77;66;4;25;57;
LBS Kreativa Gymnasiet Halmstad;47264019;Halmstad;1380;Enskild;Ljud & Bildskolan LBS AB;5564851649;117;29;41;47;37;15;61;
Praktiska Gymnasiet Halmstad;87764775;Halmstad;1380;Enskild;Praktiska Sverige AB;5562575786;304;106;116;82;52;47;32;
Realgymnasiet Halmstad;71401921;Halmstad;1380;Enskild;Lärande i Sverige AB;5565715892;100;30;39;31;94;..;51;
Sannarpsgymnasiet 1;35670336;Halmstad;1380;Kommunal;Halmstads kommun;2120001215;134;40;51;43;59;35;46;
Sannarpsgymnasiet 2;50198492;Halmstad;1380;Kommunal;Halmstads kommun;2120001215;341;117;106;118;65;24;69;
Sannarpsgymnasiet 3;48438396;Halmstad;1380;Kommunal;Halmstads kommun;2120001215;273;96;87;90;52;33;68;
Sannarpsgymnasiet 4;98052678;Halmstad;1380;Kommunal;Halmstads kommun;2120001215;182;60;63;59;23;7;49;
Sannarpsgymnasiet 5;95993832;Halmstad;1380;Kommunal;Halmstads kommun;2120001215;168;74;41;53;51;49;71;
Sannarpsgymnasiet 6;83361122;Halmstad;1380;Kommunal;Halmstads kommun;2120001215;89;41;28;20;87;57;43;
Sturegymnasiet 1;20099064;Halmstad;1380;Kommunal;Halmstads kommun;2120001215;272;100;85;87;72;17;74;
Sturegymnasiet 2;44341171;Halmstad;1380;Kommunal;Halmstads kommun;2120001215;108;48;38;22;66;31;34;
Sturegymnasiet 4;32671805;Halmstad;1380;Kommunal;Halmstads kommun;2120001215;121;38;43;40;49;12;56;
Sturegymnasiet 5;13993712;Halmstad;1380;Kommunal;Halmstads kommun;2120001215;122;54;31;37;56;30;39;
Berga naturbruksgymnasium;38448056;Haninge;0136;Enskild;Dille Gård AB;5564173853;200;72;63;65;80;6;63;
Fredrika Bremergymnasiet Högskoleförberedande program;29185207;Haninge;0136;Kommunal;Haninge kommun;2120000084;1 149;376;411;362;47;40;59;
Fredrika Bremergymnasiet Yrkesprogram;44224753;Haninge;0136;Kommunal;Haninge kommun;2120000084;979;355;335;289;33;28;43;
Riksäpplet;79606767;Haninge;0136;Kommunal;Haninge kommun;2120000084;346;205;103;38;37;65;23;
Tornedalsskolan;11294673;Haparanda;2583;Kommunal;Haparanda kommun;2120002775;226;100;67;59;50;35;41;
Martin Koch-gymnasiet;86327236;Hedemora;2083;Kommunal;Hedemora kommun;2120002254;340;129;114;97;54;24;45;
Affärsgymnasiet Helsingborg;82592568;Helsingborg;1283;Enskild;Edukatus AB;5566139290;488;161;163;164;53;38;70;
Campeon Frigymnasium;41745951;Helsingborg;1283;Enskild;Campeon Frigymnasium AB;5566264056;210;71;69;70;69;5;79;
Cultura Gymnasium;83137205;Helsingborg;1283;Enskild;Cultura Utbildning AB;5567127237;180;61;59;60;55;93;53;
Drottning Blankas Gymnasieskola Helsingborg;28398531;Helsingborg;1283;Enskild;DBGY Kronan AB;5565668794;708;262;241;205;71;40;51;
Filbornaskolan;54172830;Helsingborg;1283;Kommunal;Helsingborgs kommun;2120001157;650;227;183;240;38;23;69;
G.O. Kompetens Transportgymnasium;86310217;Helsingborg;1283;Enskild;G.O. Kompetens Transportgymnasium AB;5566412549;155;66;45;44;19;20;26;
Helsingborgs Lärlingsgymnasium;77352223;Helsingborg;1283;Kommunal;Helsingborgs kommun;2120001157;360;128;113;119;45;26;46;
Helsingborgs Sportgymnasium;75458014;Helsingborg;1283;Enskild;Helsingborgs Sportgymnasium AB;5591204101;91;32;27;32;30;30;62;
Impius gymnasium;65136104;Helsingborg;1283;Enskild;Impius Utvecklings AB;5565523858;160;56;56;48;38;15;55;
International school of Hbg/Gy;61826221;Helsingborg;1283;Kommunal;Helsingborgs kommun;2120001157;116;35;38;43;54;82;78;
JENSEN Gymnasium Helsingborg;56330385;Helsingborg;1283;Enskild;Jensen Education College AB;5566358759;245;80;86;79;69;64;59;
Johannes Hedberggymnasiet;20228162;Helsingborg;1283;Enskild;Folkuniversitetet Stiftelsen Kurs- Verksamheten vid Lunds Universitet;8450003481;452;159;154;139;69;33;80;
LBS Kreativa Gymnasiet Helsingborg;68240485;Helsingborg;1283;Enskild;Ljud & Bildskolan LBS AB;5564851649;241;65;83;93;35;27;62;
Mega Musik gymnasium;95046058;Helsingborg;1283;Enskild;Mega Musik Gymnasieskola AB;5565956553;143;50;48;45;50;14;71;
Nicolaiskolan;44392995;Helsingborg;1283;Kommunal;Helsingborgs kommun;2120001157;651;301;201;149;69;42;51;
NTI Gymnasiet Helsingborg;79033948;Helsingborg;1283;Enskild;NTI Gymnasiet Ellips AB;5565970471;391;139;131;121;15;47;55;
NTI Vetenskapsgymnasiet Helsingborg;48610406;Helsingborg;1283;Enskild;NTI Gymnasiet Macro AB;5561203679;88;37;23;28;51;84;45;
Olympiaskolan;53462953;Helsingborg;1283;Kommunal;Helsingborgs kommun;2120001157;304;170;59;75;60;55;45;
Praktiska Gymnasiet Helsingborg;69241230;Helsingborg;1283;Enskild;Praktiska Sverige AB;5562575786;269;102;82;85;19;30;38;
ProCivitas Privata Gymnasium Helsingborg;60730660;Helsingborg;1283;Enskild;ProCivitas Privata Gymnasium AB;5566157102;749;252;248;249;63;22;82;
Realgymnasiet Helsingborg;85544331;Helsingborg;1283;Enskild;Lärande i Sverige AB;5565715892;113;42;31;40;74;14;57;
Rid- & Djursjukvårdsgymnasiet, Helsingborg;83085136;Helsingborg;1283;Enskild;Humeq Education AB;5565974671;156;50;57;49;96;8;74;
Rönnowska skolan;80327946;Helsingborg;1283;Kommunal;Helsingborgs kommun;2120001157;856;384;245;227;32;46;34;
Tekniska Gymnasiet Helsingborg;30359269;Helsingborg;1283;Enskild;Tekniska Gymnasiet i Sverige AB;5568902653;76;.;29;47;33;70;59;
Tycho Braheskolan;78875918;Helsingborg;1283;Kommunal;Helsingborgs kommun;2120001157;532;173;169;190;37;42;74;
Victum Gymnasium;78023197;Helsingborg;1283;Enskild;Victum Gymnasium Aktiebolag;5564889482;227;103;61;63;80;63;34;
Kunskapskällan;86385479;Herrljunga;1466;Kommunal;Herrljunga kommun;2120001520;175;73;49;53;32;25;57;
Individuella programmet;53494028;Hjo;1497;Kommunal;Hjo kommun;2120001728;13;8;1;4;..;..;..;
Björkhagsskolan, gymnasium;40991561;Hofors;2104;Kommunal;Hofors kommun;2120002296;20;12;8;.;55;..;..;
Huddingegymnasiet;49862313;Huddinge;0126;Kommunal;Huddinge kommun;2120000068;660;243;230;187;46;66;56;
NTI Gymnasiet Södertörn;99838438;Huddinge;0126;Enskild;NTI Gymnasiet Ellips AB;5565970471;226;102;66;58;10;64;50;
Sjödalsgymnasiet;42859669;Huddinge;0126;Kommunal;Huddinge kommun;2120000068;278;69;51;158;26;51;40;
Sågbäcksgymnasiet;70923626;Huddinge;0126;Kommunal;Huddinge kommun;2120000068;385;236;75;74;34;56;31;
Widerströmska gymnasiet;55871389;Huddinge;0126;Kommunal;Huddinge kommun;2120000068;388;152;122;114;61;81;45;
Yrkesgymnasiet Huddinge;92905347;Huddinge;0126;Enskild;Edukatus AB;5566139290;259;121;64;74;40;46;37;
Östra gymnasiet;99592025;Huddinge;0126;Kommunal;Huddinge kommun;2120000068;848;324;267;257;41;32;74;
Bromangymnasiet 1;34247736;Hudiksvall;2184;Kommunal;Hudiksvalls kommun;2120002379;246;71;89;86;69;19;55;
Bromangymnasiet 2;47550455;Hudiksvall;2184;Kommunal;Hudiksvalls kommun;2120002379;210;64;77;69;22;5;52;
Bromangymnasiet 3 - Anpassad gymnasieskola;30329172;Hudiksvall;2184;Kommunal;Hudiksvalls kommun;2120002379;80;76;4;.;38;30;30;
Bromangymnasiet 4;82423815;Hudiksvall;2184;Kommunal;Hudiksvalls kommun;2120002379;174;54;56;64;11;13;61;
Bromangymnasiet 5;21798613;Hudiksvall;2184;Kommunal;Hudiksvalls kommun;2120002379;367;122;138;107;64;15;64;
Bromangymnasiet 6;72594971;Hudiksvall;2184;Kommunal;Hudiksvalls kommun;2120002379;259;94;89;76;32;19;64;
Hudikgymnasiet;76877530;Hudiksvall;2184;Enskild;Hudiksvalls Gymnasieskola AB;5590053723;116;37;39;40;71;19;53;
Hultsfreds gymnasium 1;47046103;Hultsfred;0860;Kommunal;Hultsfreds kommun;2120000712;96;38;26;32;79;63;34;
Hultsfreds gymnasium 2;56664512;Hultsfred;0860;Kommunal;Hultsfreds kommun;2120000712;247;88;77;82;36;29;43;
Hultsfreds gymnasium 3;38167912;Hultsfred;0860;Kommunal;Hultsfreds kommun;2120000712;54;22;21;11;26;63;44;
Hylte gymnasieskola;83501757;Hylte;1315;Kommunal;Hylte kommun;2120001207;37;15;14;8;49;62;..;
OneSchool Global Nyby Campus Gymnasium;43826783;Hylte;1315;Enskild;OneSchool Global Nyby Campus AB;5566657515;20;6;2;12;..;..;60;
Fridegårdsgymnasiet;58125096;Håbo;0305;Kommunal;Håbo kommun;2120000241;439;170;133;136;50;19;59;
Fridegårdsgymnasiet- AST-programmen;82914148;Håbo;0305;Kommunal;Håbo kommun;2120000241;71;27;24;20;45;..;62;
Pihlskolan gymnasium;20620556;Hällefors;1863;Kommunal;Hällefors kommun;2120001942;135;65;37;33;48;40;36;
Härjedalens gymnasium;17173461;Härjedalen;2361;Kommunal;Härjedalens kommun;2120002510;195;72;61;62;50;19;50;
Härnösands gymnasium 1;55535552;Härnösand;2280;Kommunal;Härnösands kommun;2120002403;97;89;7;1;48;58;30;
Härnösands gymnasium 2;19560192;Härnösand;2280;Kommunal;Härnösands kommun;2120002403;283;105;100;78;42;20;48;
Härnösands gymnasium 3;30468157;Härnösand;2280;Kommunal;Härnösands kommun;2120002403;434;146;138;150;56;25;73;
Fridagymnasiet i Mölnlycke;67286143;Härryda;1401;Enskild;Fridaskolorna AB;5564515988;254;90;82;82;35;19;78;
Hulebäcksgymnasiet 1;98053087;Härryda;1401;Kommunal;Härryda kommun;2120001264;391;121;154;116;49;9;80;
Hulebäcksgymnasiet 2;92533079;Härryda;1401;Kommunal;Härryda kommun;2120001264;215;81;68;66;76;14;80;
Hulebäcksgymnasiet 3;61528940;Härryda;1401;Kommunal;Härryda kommun;2120001264;347;125;119;103;48;14;92;
Hulebäcksgymnasiet 4;23681822;Härryda;1401;Kommunal;Härryda kommun;2120001264;134;80;38;16;40;37;35;
Hulebäcksgymnasiet 5;66861851;Härryda;1401;Kommunal;Härryda kommun;2120001264;438;148;149;141;63;9;83;
Hulebäcksgymnasiet 6;72206824;Härryda;1401;Kommunal;Härryda kommun;2120001264;322;108;105;109;12;13;81;
Hässleholms Tekniska Skola;92858957;Hässleholm;1293;Kommunal;Hässleholms kommun;2120000985;787;298;239;250;53;33;62;
Jacobsskolan;46660042;Hässleholm;1293;Kommunal;Hässleholms kommun;2120000985;562;231;179;152;35;35;39;
Norrängsskolan;33678402;Hässleholm;1293;Kommunal;Hässleholms kommun;2120000985;26;6;5;15;38;..;..;
Kullagymnasiet;85272681;Höganäs;1284;Kommunal;Höganäs kommun;2120001165;483;160;178;145;35;24;64;
Högsby Lärcenter;67783774;Högsby;0821;Kommunal;Högsby kommun;2120000688;18;18;.;.;..;67;..;
Hörby Lärcenter, Gymnasieutb.;95324620;Hörby;1266;Kommunal;Hörby kommun;2120001108;26;18;6;2;54;50;..;
Hörby Yrkesgymnasium;38917647;Hörby;1266;Enskild;Hörby Yrkesgymnasium AB;5568212939;92;28;35;29;22;..;28;
Gymnasieutbildningen i Höör;45101776;Höör;1267;Kommunal;Höörs kommun;2120001116;25;21;2;2;44;..;44;
Karolinaskolan;21363125;Höör;1267;Enskild;Föreningen Fogdaröd omsorg, vård & skola upa ek. för.;7420002045;34;8;10;16;..;..;47;
Lapplands Gymnasium Jokkmokk;39555838;Jokkmokk;2510;Kommunal;Lapplands Kommunalförbund;2220000760;88;40;22;26;53;24;55;
Drottning Blankas Gymnasieskola Jakobsberg;85214294;Järfälla;0123;Enskild;DBGY Manteln AB;5564732856;325;119;108;98;66;78;31;
Järfälla gymnasium Barkarby;22349317;Järfälla;0123;Kommunal;Järfälla kommun;2120000043;671;221;234;216;46;47;65;
Järfälla gymnasium Jakobsberg;33254860;Järfälla;0123;Kommunal;Järfälla kommun;2120000043;314;178;66;70;16;45;36;
Affärsgymnasiet Jönköping;66151516;Jönköping;0680;Enskild;Edukatus AB;5566139290;32;.;12;20;53;..;50;
Bäckadalsgymn RO 1;46162400;Jönköping;0680;Kommunal;Jönköpings kommun;2120000530;363;143;109;111;26;17;55;
Bäckadalsgymn RO 2;39565412;Jönköping;0680;Kommunal;Jönköpings kommun;2120000530;233;183;30;20;39;62;18;
Bäckadalsgymn RO 3;98369689;Jönköping;0680;Kommunal;Jönköpings kommun;2120000530;280;88;100;92;22;7;42;
Bäckadalsgymn RO 4;56529916;Jönköping;0680;Kommunal;Jönköpings kommun;2120000530;281;115;83;83;29;9;55;
Bäckadalsgymn RO 5;40810950;Jönköping;0680;Kommunal;Jönköpings kommun;2120000530;167;59;59;49;72;6;53;
Drottning Blankas Gymnasieskola Jönköping;12279302;Jönköping;0680;Enskild;DBGY Juvelen AB;5565789129;202;67;71;64;90;28;49;
Erik Dahlbergsgymnasiet RO 1;67279263;Jönköping;0680;Kommunal;Jönköpings kommun;2120000530;375;129;125;121;21;24;83;
Erik Dahlbergsgymnasiet RO 2;40037982;Jönköping;0680;Kommunal;Jönköpings kommun;2120000530;160;70;49;41;89;41;48;
Erik Dahlbergsgymnasiet RO 3;51210136;Jönköping;0680;Kommunal;Jönköpings kommun;2120000530;352;124;120;108;41;39;73;
Erik Dahlbergsgymnasiet RO 4;73829818;Jönköping;0680;Kommunal;Jönköpings kommun;2120000530;379;159;127;93;46;21;73;
Erik Dahlbergsgymnasiet RO 5;60881275;Jönköping;0680;Kommunal;Jönköpings kommun;2120000530;276;95;86;95;59;49;57;
JENSEN Gymnasium Jönköping;18881773;Jönköping;0680;Enskild;Jensen Education College AB;5566358759;148;43;60;45;64;78;39;
Jönköpings musikgymnasium;50908408;Jönköping;0680;Enskild;Jönköpings Kristna Skolförening;8260017648;43;16;14;13;47;..;67;
LBS Kreativa Gymnasiet Jönköping;18594470;Jönköping;0680;Enskild;Ljud & Bildskolan LBS AB;5564851649;213;80;75;58;25;16;64;
Magelungens Gymnasium Jönköping;69271071;Jönköping;0680;Enskild;Magelungen Utveckling AB;5564891447;68;31;28;9;46;..;60;
Per Brahegymnasiet RO 1;78295411;Jönköping;0680;Kommunal;Jönköpings kommun;2120000530;535;168;176;191;72;32;71;
Per Brahegymnasiet RO 2;80686587;Jönköping;0680;Kommunal;Jönköpings kommun;2120000530;255;68;93;94;55;20;86;
Per Brahegymnasiet RO 3;72232853;Jönköping;0680;Kommunal;Jönköpings kommun;2120000530;274;89;90;95;81;9;83;
Per Brahegymnasiet RO 4;78986011;Jönköping;0680;Kommunal;Jönköpings kommun;2120000530;335;129;84;122;62;32;69;
Praktiska Gymnasiet Jönköping;17849518;Jönköping;0680;Enskild;Praktiska Sverige AB;5562575786;186;82;62;42;34;30;35;
Sandagymnasiet RO 1;64205087;Jönköping;0680;Kommunal;Jönköpings kommun;2120000530;438;128;154;156;47;18;82;
Sandagymnasiet RO 2;50500028;Jönköping;0680;Kommunal;Jönköpings kommun;2120000530;361;128;119;114;57;32;74;
Sandagymnasiet RO 4;94570025;Jönköping;0680;Kommunal;Jönköpings kommun;2120000530;75;28;20;27;56;27;56;
Sandagymnasiet RO 5;91984508;Jönköping;0680;Kommunal;Jönköpings kommun;2120000530;306;118;102;86;44;20;57;
Tenhults naturbruksgymnasium;78659008;Jönköping;0680;Region;Region Jönköpings Län;2321000057;210;78;79;53;77;..;56;
Vettergymnasiet Jönköping;12448823;Jönköping;0680;Enskild;Wetterbygdens Gymnasium AB;5567507420;72;28;26;18;25;43;44;
VFG Jönköping;11518576;Jönköping;0680;Enskild;VFG Utbildning AB;5562496629;91;28;33;30;21;15;32;
Furuhedsskolan 1;40667807;Kalix;2514;Kommunal;Kalix kommun;2120002692;228;101;64;63;47;15;54;
Furuhedsskolan 2;18091973;Kalix;2514;Kommunal;Kalix kommun;2120002692;270;90;95;85;36;8;68;
Calmare Internationella Skola;88466776;Kalmar;0880;Enskild;CIS Kalmar AB;5565896213;365;126;122;117;52;30;69;
Dag Hammarskjöld Gymnasiet;36539945;Kalmar;0880;Enskild;Stiftelsen Kalmar Waldorfskola;8324012288;4;.;2;2;..;..;..;
Fria Läroverken i Kalmar;40634612;Kalmar;0880;Enskild;Gymnasieskolor i Syd AB;5569306979;98;33;33;32;46;12;77;
Jenny Nyströmskolan B;54655009;Kalmar;0880;Kommunal;Kalmarsunds Gymnasieförbund;8324016453;748;309;216;223;70;25;53;
Lars Kaggskolan;37917591;Kalmar;0880;Kommunal;Kalmarsunds Gymnasieförbund;8324016453;1 283;455;405;423;31;24;64;
Naturbruksgymnasiet Kalmar 1;88624631;Kalmar;0880;Enskild;Hushållningssällskapet Kalmar-Kronoberg-Blekinge;2620000071;157;62;57;38;70;..;55;
Naturbruksgymnasiet Kalmar 2;35390185;Kalmar;0880;Enskild;Hushållningssällskapet Kalmar-Kronoberg-Blekinge;2620000071;30;12;10;8;..;..;47;
Praktiska Gymnasiet Kalmar;31657916;Kalmar;0880;Enskild;Praktiska Sverige AB;5562575786;284;114;105;65;37;38;31;
Stagneliusskolan;23058925;Kalmar;0880;Kommunal;Kalmarsunds Gymnasieförbund;8324016453;1 340;433;437;470;56;21;67;
SYAB Transportgymnasium;46241804;Kalmar;0880;Enskild;SYAB Transportgymnasium AB;5567290035;115;39;37;39;27;..;40;
Vuxenutbildningen i Karlsborg och Karlsborgs gymnasieskola;55870331;Karlsborg;1446;Kommunal;Karlsborgs kommun;2120001629;13;6;2;5;..;..;..;
Fria Läroverken i Karlshamn;42573391;Karlshamn;1082;Enskild;Gymnasieskolor i Syd AB;5569306979;137;54;45;38;58;25;43;
Vägga gymnasieskola 1b;21673083;Karlshamn;1082;Kommunal;Karlshamns kommun;2120000845;57;29;17;11;32;37;26;
Vägga gymnasieskola 2;64574972;Karlshamn;1082;Kommunal;Karlshamns kommun;2120000845;266;76;103;87;84;23;58;
Vägga gymnasieskola 3;19741742;Karlshamn;1082;Kommunal;Karlshamns kommun;2120000845;375;141;114;120;45;26;58;
Vägga gymnasieskola 4;29032715;Karlshamn;1082;Kommunal;Karlshamns kommun;2120000845;334;106;115;113;32;29;68;
Karlskoga Idrottsgymnasium;45830583;Karlskoga;1883;Enskild;Karlskoga Idrottsgymnasium AB;5567823611;66;18;30;18;52;..;59;
Möckelngymnasiet;70669322;Karlskoga;1883;Kommunal;Karlskoga kommun;2120001991;896;335;270;291;45;29;49;
af Chapmangymnasiet;30530571;Karlskrona;1080;Kommunal;Karlskrona kommun;2120000829;781;276;248;257;59;16;76;
Aspero Idrottsgymn. Karlskrona;78839208;Karlskrona;1080;Enskild;Aspero Friskolor AB;5566363973;255;84;86;85;36;7;87;
Ehrensvärdska gymnasiet;96024712;Karlskrona;1080;Kommunal;Karlskrona kommun;2120000829;619;214;220;185;57;30;74;
Fischerströmska gymnasiet;36845597;Karlskrona;1080;Kommunal;Karlskrona kommun;2120000829;172;101;44;27;48;44;35;
Törnströmska gymnasiet;85800840;Karlskrona;1080;Kommunal;Karlskrona kommun;2120000829;614;190;206;218;26;10;61;
Affärsgymnasiet Sports Academy Karlstad;87207941;Karlstad;1780;Enskild;Edukatus AB;5566139290;154;36;60;58;45;43;49;
Drottning Blankas Gymnasieskola Karlstad;93947551;Karlstad;1780;Enskild;DBGY Juvelen AB;5565789129;85;44;41;.;94;14;48;
Fria Läroverken Karlstad;27115998;Karlstad;1780;Enskild;Fria Läroverken i Sverige AB;5569172041;604;206;198;200;42;14;72;
Karlstads Globala Gymnasium;54399371;Karlstad;1780;Enskild;Global bildning AB;5592340144;402;135;131;136;52;32;66;
KLARA Teoretiska Gymnasium Karlstad;79516949;Karlstad;1780;Enskild;KLARA Gymnasium Kunskap AB;5566303938;32;.;.;32;53;44;53;
Lillerudsgymnasiet AB;65662401;Karlstad;1780;Enskild;Lillerudsgymnasiet AB;5566243548;277;111;90;76;79;6;62;
Nobelgymnasiet 1;55654062;Karlstad;1780;Kommunal;Karlstads kommun;2120001850;276;106;93;77;23;7;54;
Nobelgymnasiet 2;82378820;Karlstad;1780;Kommunal;Karlstads kommun;2120001850;281;114;103;64;43;27;47;
Nobelgymnasiet 3;79909954;Karlstad;1780;Kommunal;Karlstads kommun;2120001850;262;126;75;61;28;27;43;
Nobelgymnasiet 4;83612768;Karlstad;1780;Kommunal;Karlstads kommun;2120001850;136;73;39;24;70;14;48;
NTI Gymnasiet Karlstad;41867682;Karlstad;1780;Enskild;NTI Gymnasiet Ellips AB;5565970471;168;58;55;55;13;18;58;
Praktiska Gymnasiet Karlstad;38645259;Karlstad;1780;Enskild;Praktiska Sverige AB;5562575786;366;145;121;100;36;27;37;
Realgymnasiet Karlstad;59571562;Karlstad;1780;Enskild;Lärande i Sverige AB;5565715892;113;48;42;23;74;..;53;
Sundsta-Älvkullegymnasiet 1;99147574;Karlstad;1780;Kommunal;Karlstads kommun;2120001850;435;158;149;128;59;37;83;
Sundsta-Älvkullegymnasiet 2;42168219;Karlstad;1780;Kommunal;Karlstads kommun;2120001850;490;169;160;161;24;16;82;
Sundsta-Älvkullegymnasiet 4;89630390;Karlstad;1780;Kommunal;Karlstads kommun;2120001850;517;180;167;170;71;14;81;
Sundsta-Älvkullegymnasiet 5;65637648;Karlstad;1780;Kommunal;Karlstads kommun;2120001850;353;122;114;117;73;10;74;
Sundsta-Älvkullegymnasiet 6;62272121;Karlstad;1780;Kommunal;Karlstads kommun;2120001850;91;45;20;26;73;26;73;
Tingvallagymnasiet 1;73235474;Karlstad;1780;Kommunal;Karlstads kommun;2120001850;434;128;159;147;54;26;65;
Tingvallagymnasiet 4;83354197;Karlstad;1780;Kommunal;Karlstads kommun;2120001850;82;24;30;28;61;..;50;
Tingvallagymnasiet 6;28667172;Karlstad;1780;Kommunal;Karlstads kommun;2120001850;251;119;61;71;76;35;52;
Duveholmsgymnasiet 1;23836342;Katrineholm;0483;Kommunal;Katrineholms kommun;2120000340;235;75;64;96;72;40;61;
Duveholmsgymnasiet 4;79471219;Katrineholm;0483;Kommunal;Katrineholms kommun;2120000340;148;68;80;.;45;61;15;
Katrineholms Tekniska College 1;63791419;Katrineholm;0483;Kommunal;Katrineholms kommun;2120000340;237;84;81;72;51;42;46;
Katrineholms Tekniska College 2;39805497;Katrineholm;0483;Kommunal;Katrineholms kommun;2120000340;274;90;101;83;8;24;54;
Lindengymnasiet;38400227;Katrineholm;0483;Kommunal;Katrineholms kommun;2120000340;396;138;136;122;52;39;43;
IM;58943570;Kil;1715;Kommunal;Kils kommun;2120001751;18;16;2;.;61;..;..;
Lapplands Gymnasium Kiruna enh. 1;53630885;Kiruna;2584;Kommunal;Lapplands Kommunalförbund;2220000760;187;99;33;55;61;15;58;
Lapplands Gymnasium Kiruna enh. 2;53048977;Kiruna;2584;Kommunal;Lapplands Kommunalförbund;2220000760;241;75;84;82;37;12;54;
Lapplands Gymnasium Kiruna enh. 3;53131149;Kiruna;2584;Kommunal;Lapplands Kommunalförbund;2220000760;254;88;74;92;44;8;49;
Rymdgymnasiet;90006712;Kiruna;2584;Enskild;Malmens Friskola AB;5565528022;86;29;28;29;41;16;80;
Flygteknikcenter, Ljungbyhed;43649848;Klippan;1276;Kommunal;Klippans kommun;2120000928;67;23;24;20;..;24;70;
Kommunala aktivitetsansvaret;68524034;Klippan;1276;Kommunal;Klippans kommun;2120000928;3;3;.;.;..;..;..;
Segragymnasiet Klippan;75344502;Klippan;1276;Enskild;Sveriges Naturbruksgymnasium AB;5569162562;143;51;45;47;67;..;59;
Tegelbruksskolan;84247499;Klippan;1276;Kommunal;Klippans kommun;2120000928;351;140;104;107;16;11;38;
Åbyskolan;27041885;Klippan;1276;Kommunal;Klippans kommun;2120000928;440;162;122;156;55;41;41;
Sjögrenska gymnasiet;97064126;Knivsta;0330;Kommunal;Knivsta kommun;2120003013;103;48;37;18;66;65;29;
Kramfors gymnasium;13754017;Kramfors;2282;Kommunal;Kramfors kommun;2120002429;536;229;165;142;54;24;44;
Academy of Retail and Business (ARB);85014247;Kristianstad;1290;Enskild;Academy of Retail and Business Education Kristianstad AB;5569863433;87;30;33;24;37;29;64;
Christian 4:s Gymnasium 11;84341377;Kristianstad;1290;Kommunal;Kristianstads kommun;2120000951;192;62;55;75;73;19;72;
Christian 4:s Gymnasium 12;20734425;Kristianstad;1290;Kommunal;Kristianstads kommun;2120000951;147;60;50;37;67;33;37;
Christian 4:s Gymnasium 13;71073360;Kristianstad;1290;Kommunal;Kristianstads kommun;2120000951;52;49;3;.;46;33;50;
Drottning Blankas Gymnasieskola Kristianstad;67554405;Kristianstad;1290;Enskild;DBGY Juvelen AB;5565789129;790;284;273;233;73;35;52;
Furuboda Gymnasieskola;10975008;Kristianstad;1290;Enskild;Föreningen Furuboda;8382005281;34;15;13;6;50;..;41;
JENSEN Gymnasium Kristianstad;17666526;Kristianstad;1290;Enskild;Jensen Education College AB;5566358759;108;34;35;39;52;80;41;
LBS Kreativa Gymnasiet Kristianstad;43251309;Kristianstad;1290;Enskild;Ljud & Bildskolan LBS AB;5564851649;121;33;46;42;26;17;60;
NTI Gymnasiet Kristianstad;53691739;Kristianstad;1290;Enskild;NTI Gymnasiet Ellips AB;5565970471;190;68;56;66;15;64;44;
Praktiska Gymnasiet Kristianstad;71571158;Kristianstad;1290;Enskild;Praktiska Studier Riks AB;5565755500;368;135;82;151;40;45;30;
Söderportgymnasiet 31;73944169;Kristianstad;1290;Kommunal;Kristianstads kommun;2120000951;462;142;168;152;76;28;62;
Söderportgymnasiet 32;59849681;Kristianstad;1290;Kommunal;Kristianstads kommun;2120000951;375;124;129;122;46;15;76;
Söderportgymnasiet 33;75105182;Kristianstad;1290;Kommunal;Kristianstads kommun;2120000951;247;80;89;78;54;37;59;
Söderportgymnasiet 36;97727351;Kristianstad;1290;Kommunal;Kristianstads kommun;2120000951;39;.;15;24;64;77;69;
Wendesgymnasiet 51;58368956;Kristianstad;1290;Kommunal;Kristianstads kommun;2120000951;192;65;61;66;6;9;52;
Wendesgymnasiet 52;73567152;Kristianstad;1290;Kommunal;Kristianstads kommun;2120000951;232;85;76;71;13;10;46;
Önnestadsgymnasiet;61547652;Kristianstad;1290;Enskild;Hushållningssällskapets Kompetensutveckling i Syd AB (HUSKAB);5567502777;233;84;74;75;58;4;64;
Österänggymnasiet 61;21702982;Kristianstad;1290;Kommunal;Kristianstads kommun;2120000951;302;121;92;89;51;43;75;
Österänggymnasiet 62;39329121;Kristianstad;1290;Kommunal;Kristianstads kommun;2120000951;189;126;31;32;31;47;43;
Österänggymnasiet 63;87034307;Kristianstad;1290;Kommunal;Kristianstads kommun;2120000951;169;78;36;55;16;30;68;
Österänggymnasiet 64;62104139;Kristianstad;1290;Kommunal;Kristianstads kommun;2120000951;211;68;62;81;57;31;53;
Brogymnasiet;86972402;Kristinehamn;1781;Kommunal;Kristinehamns kommun;2120001868;4;3;.;1;..;..;..;
Brogymnasiet 1;71457328;Kristinehamn;1781;Kommunal;Kristinehamns kommun;2120001868;137;45;45;47;45;31;60;
Brogymnasiet 2;47820251;Kristinehamn;1781;Kommunal;Kristinehamns kommun;2120001868;225;148;38;39;57;37;37;
Brogymnasiet 3;72832832;Kristinehamn;1781;Kommunal;Kristinehamns kommun;2120001868;254;95;85;74;26;24;50;
Dille Gård Naturbruksgymnasium;62490359;Krokom;2309;Enskild;Dille Gård AB;5564173853;152;54;51;47;68;..;67;
Jämtlands Gymn, Torsta;64725297;Krokom;2309;Kommunal;Jämtlands Gymnasieförbund;2220001636;151;49;52;50;52;..;66;
Jämtlands Gymn, Wången;43362941;Krokom;2309;Kommunal;Jämtlands Gymnasieförbund;2220001636;65;22;20;23;92;42;45;
Kumla gymnasium;23350817;Kumla;1881;Kommunal;Kumla kommun;2120001975;35;19;12;4;54;..;..;
Aranäsgymnasiet Enhet 2;58191646;Kungsbacka;1384;Kommunal;Kungsbacka kommun;2120001256;539;190;187;162;73;9;76;
Aranäsgymnasiet Enhet 3;15567070;Kungsbacka;1384;Kommunal;Kungsbacka kommun;2120001256;367;122;132;113;59;13;82;
Aranäsgymnasiet Enhet 4;56021320;Kungsbacka;1384;Kommunal;Kungsbacka kommun;2120001256;187;73;48;66;44;15;53;
Aranäsgymnasiet Enhet 5;41358402;Kungsbacka;1384;Kommunal;Kungsbacka kommun;2120001256;128;88;17;23;50;55;48;
Aranäsgymnasiet Enhet 6;80405898;Kungsbacka;1384;Kommunal;Kungsbacka kommun;2120001256;256;.;126;130;17;9;92;
Drottning Blankas Gymnasieskola Kungsbacka;64569393;Kungsbacka;1384;Enskild;DBGY Kronan AB;5565668794;222;81;82;59;72;22;64;
Elof Lindälvs Gymnasium Enhet 1;87262566;Kungsbacka;1384;Kommunal;Kungsbacka kommun;2120001256;289;97;91;101;30;12;45;
Elof Lindälvs Gymnasium Enhet 2;64160122;Kungsbacka;1384;Kommunal;Kungsbacka kommun;2120001256;474;158;158;158;44;7;79;
Elof Lindälvs Gymnasium Enhet 3;48217580;Kungsbacka;1384;Kommunal;Kungsbacka kommun;2120001256;266;131;48;87;7;10;70;
Elof Lindälvs Gymnasium Enhet 4;41844601;Kungsbacka;1384;Kommunal;Kungsbacka kommun;2120001256;107;36;43;28;60;18;41;
Elof Lindälvs Gymnasium Enhet 5;51620045;Kungsbacka;1384;Kommunal;Kungsbacka kommun;2120001256;222;126;44;52;41;25;49;
Elof Lindälvs Gymnasium Enhet 6;61252599;Kungsbacka;1384;Kommunal;Kungsbacka kommun;2120001256;29;.;.;29;59;41;79;
LBS Kreativa Gymnasiet Kungsbacka;86888278;Kungsbacka;1384;Enskild;Ljud & Bildskolan LBS AB;5564851649;132;34;67;31;38;12;75;
Praktiska Gymnasiet Kungsbacka;23457902;Kungsbacka;1384;Enskild;Praktiska Sverige AB;5562575786;151;57;46;48;40;23;46;
Sveriges Ridgymnasium Kungsbacka;27597104;Kungsbacka;1384;Enskild;Sveriges Ridgymnasium AB;5566814504;88;41;18;29;99;..;63;
Kungsörs Gymnasium;95992977;Kungsör;1960;Kommunal;Kungsörs kommun;2120002056;28;14;12;2;39;46;..;
Mimers hus Gymnasium, Skolenhet 1;90435000;Kungälv;1482;Kommunal;Kungälvs kommun;2120001371;293;96;102;95;10;11;51;
Mimers hus Gymnasium, Skolenhet 2;75941223;Kungälv;1482;Kommunal;Kungälvs kommun;2120001371;359;122;118;119;43;8;72;
Mimers hus Gymnasium, Skolenhet 3;33720955;Kungälv;1482;Kommunal;Kungälvs kommun;2120001371;257;125;81;51;53;39;40;
Mimers hus Gymnasium, Skolenhet 4;45796620;Kungälv;1482;Kommunal;Kungälvs kommun;2120001371;338;111;125;102;28;22;73;
Mimers hus Gymnasium, Skolenhet 5;38646067;Kungälv;1482;Kommunal;Kungälvs kommun;2120001371;341;116;109;116;65;17;67;
Kävlinge Lärcentrum, Gymnasieskola;88192227;Kävlinge;1261;Kommunal;Kävlinge kommun;2120001058;42;20;16;6;57;40;38;
Ullvi1;35632014;Köping;1983;Kommunal;Köpings kommun;2120002114;279;96;88;95;49;32;49;
Ullvi2;34412858;Köping;1983;Kommunal;Köpings kommun;2120002114;230;115;62;53;50;47;41;
Ullvi3;34931041;Köping;1983;Kommunal;Köpings kommun;2120002114;179;74;52;53;11;37;42;
Ullvi4;34852224;Köping;1983;Kommunal;Köpings kommun;2120002114;248;104;69;75;57;26;40;
Osbecksgymnasiet RO1;71512894;Laholm;1381;Kommunal;Laholms kommun;2120001223;361;122;101;138;44;31;50;
Öresundsgymnasiet;20386768;Landskrona;1282;Kommunal;Landskrona kommun;2120001140;12;7;5;.;..;..;..;
Öresundsgymnasiet Landskrona;28248021;Landskrona;1282;Kommunal;Landskrona kommun;2120001140;505;258;136;111;44;71;35;
Gymnasieutbildning i Lekeberg;24445686;Lekeberg;1814;Kommunal;Lekebergs kommun;2120002981;13;4;6;3;77;..;..;
Leksands gymnasium;44417214;Leksand;2029;Kommunal;Leksands kommun;2120002163;537;220;164;153;49;17;58;
Lerums Gymnasium, skolenhet 1;25025681;Lerum;1441;Kommunal;Lerums kommun;2120001447;233;78;84;71;65;10;66;
Lerums Gymnasium, skolenhet 2;88776535;Lerum;1441;Kommunal;Lerums kommun;2120001447;317;91;97;129;21;14;73;
Lerums Gymnasium, skolenhet 3;29351272;Lerum;1441;Kommunal;Lerums kommun;2120001447;143;143;.;.;45;31;42;
Lerums Gymnasium, skolenhet 4;49488344;Lerum;1441;Kommunal;Lerums kommun;2120001447;69;15;26;28;72;..;81;
Lerums Gymnasium, skolenhet 5;74408578;Lerum;1441;Kommunal;Lerums kommun;2120001447;546;219;174;153;34;14;68;
Lessebo Gymnasium;75395882;Lessebo;0761;Kommunal;Lessebo kommun;2120000613;35;22;10;3;54;60;..;
Christinagymnasiet;76359296;Lidingö;0186;Enskild;Lidingö Gymnasium AB;5592340474;158;52;53;53;24;23;65;
Hersby gymnasium;71043974;Lidingö;0186;Kommunal;Lidingö kommun;2120000191;985;363;309;313;38;10;87;
Lunagymnasiet;57777751;Lidingö;0186;Enskild;Utvecklingspedagogik Sverige Aktiebolag;5564715729;102;32;34;36;49;14;78;
De la Gardiegymnasiet, enhet 1;89807183;Lidköping;1494;Kommunal;Lidköpings kommun;2120001694;350;105;114;131;43;25;75;
De la Gardiegymnasiet, enhet 2;86724994;Lidköping;1494;Kommunal;Lidköpings kommun;2120001694;301;104;103;94;9;10;54;
De la Gardiegymnasiet, enhet 3;61161774;Lidköping;1494;Kommunal;Lidköpings kommun;2120001694;501;168;160;173;66;24;68;
De la Gardiegymnasiet, enhet 4;86158933;Lidköping;1494;Kommunal;Lidköpings kommun;2120001694;210;66;61;83;70;15;59;
De la Gardiegymnasiet, enhet 5;39179525;Lidköping;1494;Kommunal;Lidköpings kommun;2120001694;101;63;25;13;46;34;37;
De la Gardiegymnasiet, enhet 6;14102256;Lidköping;1494;Kommunal;Lidköpings kommun;2120001694;319;114;101;104;71;24;55;
Lindeskolan LS 1;75082280;Lindesberg;1885;Kommunal;Lindesbergs kommun;2120002015;199;66;71;62;62;18;44;
Lindeskolan LS 2;75914181;Lindesberg;1885;Kommunal;Lindesbergs kommun;2120002015;100;99;.;1;44;50;21;
Lindeskolan LS 3;39302565;Lindesberg;1885;Kommunal;Lindesbergs kommun;2120002015;218;81;75;62;21;16;48;
Lindeskolan LS 4;96818167;Lindesberg;1885;Kommunal;Lindesbergs kommun;2120002015;290;97;96;97;58;37;64;
Anders Ljungstedts gymnasium 10;89357497;Linköping;0580;Kommunal;Linköpings kommun;2120000449;77;27;25;25;..;34;49;
Anders Ljungstedts gymnasium 4;61432781;Linköping;0580;Kommunal;Linköpings kommun;2120000449;235;79;79;77;21;30;31;
Anders Ljungstedts gymnasium 7;78287294;Linköping;0580;Kommunal;Linköpings kommun;2120000449;306;150;74;82;75;43;38;
Anders Ljungstedts gymnasium 8;74316305;Linköping;0580;Kommunal;Linköpings kommun;2120000449;115;44;42;29;10;18;64;
Anders Ljungstedts gymnasium 9;39096170;Linköping;0580;Kommunal;Linköpings kommun;2120000449;233;88;75;70;24;18;50;
Berzeliusskolan 1;79527481;Linköping;0580;Kommunal;Linköpings kommun;2120000449;484;164;159;161;21;19;87;
Berzeliusskolan 2;67300857;Linköping;0580;Kommunal;Linköpings kommun;2120000449;470;160;153;157;59;22;92;
Berzeliusskolan 7;67809400;Linköping;0580;Kommunal;Linköpings kommun;2120000449;94;49;24;21;59;53;34;
Birgittaskolan 1;99279503;Linköping;0580;Kommunal;Linköpings kommun;2120000449;64;.;25;39;73;78;53;
Birgittaskolan 2;63653488;Linköping;0580;Kommunal;Linköpings kommun;2120000449;99;45;36;18;45;13;66;
Birgittaskolan 3;50063655;Linköping;0580;Kommunal;Linköpings kommun;2120000449;405;184;106;115;76;47;41;
Drottning Blankas Gymnasieskola Linköping;70412563;Linköping;0580;Enskild;DBGY Kronan AB;5565668794;20;.;.;20;85;..;..;
Folkungaskolan 1;24544503;Linköping;0580;Kommunal;Linköpings kommun;2120000449;321;117;92;112;50;20;71;
Folkungaskolan 2;25392789;Linköping;0580;Kommunal;Linköpings kommun;2120000449;320;96;129;95;80;11;80;
Fria Läroverken Linköping;69240218;Linköping;0580;Enskild;Fria Läroverken i Sverige AB;5569172041;429;154;137;138;32;31;69;
JENSEN Gymnasium Linköping;38460895;Linköping;0580;Enskild;Jensen Education College AB;5566358759;149;51;46;52;69;49;58;
Katedralskolan 1;53821161;Linköping;0580;Kommunal;Linköpings kommun;2120000449;461;175;120;166;61;25;85;
Katedralskolan 2;31199511;Linköping;0580;Kommunal;Linköpings kommun;2120000449;361;111;120;130;65;31;76;
Katedralskolan 3;12934438;Linköping;0580;Kommunal;Linköpings kommun;2120000449;468;154;153;161;60;16;79;
KLARA Teoretiska Gymnasium Linköping;43313366;Linköping;0580;Enskild;KLARA Gymnasium Kunskap AB;5566303938;488;144;164;180;62;50;53;
LBS Kreativa Gymnasiet Linköping;86787111;Linköping;0580;Enskild;Ljud & Bildskolan LBS AB;5564851649;158;66;44;48;34;20;67;
Linköpings idrottsgymnasium;98000262;Linköping;0580;Kommunal;Linköpings kommun;2120000449;204;136;68;.;39;32;64;
Mediateknikerutbildningen, MTU;97868185;Linköping;0580;Enskild;Mediateknikerutbildningen, Mtu AB;5564631983;137;49;42;46;34;20;66;
Praktiska Gymnasiet Linköping;81551726;Linköping;0580;Enskild;Praktiska Sverige AB;5562575786;403;162;142;99;30;16;47;
Realgymnasiet Linköping;77823650;Linköping;0580;Enskild;Lärande i Sverige AB;5565715892;204;82;63;59;54;24;51;
S:t Lars gymnasium;84476205;Linköping;0580;Kommunal;Linköpings kommun;2120000449;129;47;36;46;80;23;69;
Vreta utbildningscentrum;52634142;Linköping;0580;Region;Region Östergötland;2321000040;472;169;150;153;46;..;60;
Yrkesgymnasiet Linköping;76195214;Linköping;0580;Enskild;Edukatus AB;5566139290;178;59;61;58;49;49;31;
RyssbyGymnasiet;32705515;Ljungby;0781;Enskild;Ryssbygymnasiet AB;5566214069;210;71;75;64;26;5;65;
Sunnerbogymnasiet 1;60214465;Ljungby;0781;Kommunal;Ljungby kommun;2120000670;384;153;128;103;54;26;59;
Sunnerbogymnasiet 2;70137084;Ljungby;0781;Kommunal;Ljungby kommun;2120000670;260;99;76;85;19;20;43;
Sunnerbogymnasiet 3;82002016;Ljungby;0781;Kommunal;Ljungby kommun;2120000670;242;82;81;79;53;37;59;
Sunnerbogymnasiet 4;21901328;Ljungby;0781;Kommunal;Ljungby kommun;2120000670;52;19;15;18;90;48;38;
Järvsögymnasiet;93674454;Ljusdal;2161;Enskild;Mästaren 22 AB;5591656151;182;85;60;37;52;7;62;
Slottegymnasiet;23306658;Ljusdal;2161;Kommunal;Ljusdals kommun;2120002320;433;165;148;120;51;17;42;
Träutbildningar i Hälsingland;57350392;Ljusdal;2161;Enskild;Träutbildningar i Hälsingland AB;5567796718;35;8;14;13;..;..;37;
Hitachigymnasiet Ludvika;97535124;Ludvika;2085;Enskild;Industritekniska Gymnasiet Bergslagen AB;5566081740;106;36;36;34;38;32;76;
VBU Högbergsskolan 1;11102578;Ludvika;2085;Kommunal;Västerbergslagens Utbildningsförbund,Vbu;2220000802;342;139;112;91;70;28;51;
VBU Högbergsskolan 2;69306209;Ludvika;2085;Kommunal;Västerbergslagens Utbildningsförbund,Vbu;2220000802;254;87;83;84;21;37;46;
VBU Malmen;92651253;Ludvika;2085;Kommunal;Västerbergslagens Utbildningsförbund,Vbu;2220000802;108;35;36;37;31;..;36;
Luleå gymnasieskola, IB School;42289842;Luleå;2580;Kommunal;Luleå kommun;2120002742;6;6;.;.;..;..;..;
Luleå gymnasieskola, skolenhet A;31740319;Luleå;2580;Kommunal;Luleå kommun;2120002742;147;54;50;43;79;21;61;
Luleå gymnasieskola, skolenhet B;10129345;Luleå;2580;Kommunal;Luleå kommun;2120002742;384;128;129;127;65;9;80;
Luleå gymnasieskola, skolenhet C;17944628;Luleå;2580;Kommunal;Luleå kommun;2120002742;251;80;85;86;67;14;76;
Luleå gymnasieskola, skolenhet D;82826083;Luleå;2580;Kommunal;Luleå kommun;2120002742;198;82;69;47;25;16;51;
Luleå gymnasieskola, skolenhet E;94468610;Luleå;2580;Kommunal;Luleå kommun;2120002742;243;110;77;56;67;30;53;
Luleå gymnasieskola, skolenhet F;94090461;Luleå;2580;Kommunal;Luleå kommun;2120002742;354;122;125;107;36;7;81;
Luleå gymnasieskola, skolenhet G;12954099;Luleå;2580;Kommunal;Luleå kommun;2120002742;275;83;84;108;19;14;76;
Luleå gymnasieskola, skolenhet H;80931789;Luleå;2580;Kommunal;Luleå kommun;2120002742;335;116;102;117;43;16;84;
Luleå Gymnasieskola, skolenhet J;84098842;Luleå;2580;Kommunal;Luleå kommun;2120002742;177;74;68;35;81;14;63;
NTI Gymnasiet Luleå;90473340;Luleå;2580;Enskild;NTI Gymnasiet Macro AB;5561203679;152;54;46;52;23;20;70;
Praktiska Gymnasiet Luleå;26167236;Luleå;2580;Enskild;Praktiska Sverige AB;5562575786;309;107;113;89;45;9;46;
Realgymnasiet i Luleå;27023902;Luleå;2580;Enskild;Lärande i Sverige AB;5565715892;92;23;27;42;93;..;64;
Consensum Gymnasium Lund;69807202;Lund;1281;Enskild;Consensum Lund AB;5566023684;288;76;105;107;73;65;50;
Drottning Blankas Gymnasieskola Lund;64648904;Lund;1281;Enskild;DBGY Kronan AB;5565668794;468;163;162;143;66;24;67;
Flyinge Hästsportgymnasium;43450482;Lund;1281;Enskild;Flyinge Aktiebolag;5563792927;66;33;21;12;94;..;68;
Gymnasieskolan Spyken;75939593;Lund;1281;Kommunal;Lunds kommun;2120001132;1 237;413;415;409;71;15;93;
Gymnasieskolan Vipan;63035915;Lund;1281;Kommunal;Lunds kommun;2120001132;1 176;514;374;288;37;28;54;
Hedda Anderssongymnasiet;20763964;Lund;1281;Kommunal;Lunds kommun;2120001132;974;444;317;213;39;27;78;
JENSEN Gymnasium Lund;26324896;Lund;1281;Enskild;Jensen Education College AB;5566358759;303;113;106;84;47;27;67;
Katedralskolan;56639389;Lund;1281;Kommunal;Lunds kommun;2120001132;1 519;491;530;498;54;25;91;
Lars-Erik Larssongymnasiet;95700485;Lund;1281;Enskild;Lars-Erik Larsson Gymnasiet;8465021015;179;69;45;65;51;12;95;
LBS Kreativa Gymnasiet Lund;51449748;Lund;1281;Enskild;Ljud & Bildskolan LBS AB;5564851649;360;129;123;108;42;20;80;
Lunds Dans- o Musikalgymnasium;28267726;Lund;1281;Enskild;Dans o Musikal i Lund AB;5566981766;190;60;64;66;86;15;82;
Lunds Fordonstekniska Gymn.;28848709;Lund;1281;Enskild;Lunds Fordonstekniska Gymnasium AB;5566426630;71;27;25;19;..;31;44;
NTI Gymnasiet Lund;12613085;Lund;1281;Enskild;NTI Gymnasiet Macro AB;5561203679;131;50;34;47;..;37;73;
NTI Vetenskapsgymnasiet Lund;15783533;Lund;1281;Enskild;NTI Gymnasiet Macro AB;5561203679;10;.;.;10;..;..;100;
Polhemskolan;53896162;Lund;1281;Kommunal;Lunds kommun;2120001132;2 572;859;854;859;45;17;87;
ProCivitas Privata Gymnasium Lund;17779637;Lund;1281;Enskild;ProCivitas Privata Gymnasium AB;5566157102;336;101;99;136;58;22;81;
Realgymnasiet i Lund;11185244;Lund;1281;Enskild;Lärande i Sverige AB;5565715892;406;165;125;116;65;19;55;
Spira Teoretiska Gymnasium Lund;36208931;Lund;1281;Enskild;Eruditia AB;5593786345;231;119;65;47;44;49;59;
Sveriges Ridgymnasium Flyinge;56211717;Lund;1281;Enskild;Sveriges Ridgymnasium AB;5566814504;70;.;35;35;99;..;73;
Tekniska Gymnasiet Lund;66824652;Lund;1281;Enskild;Tekniska Gymnasiet i Sverige AB;5568902653;94;.;35;59;19;70;51;
Tannbergsskolan 1;49168016;Lycksele;2481;Kommunal;Lycksele kommun;2120002635;121;33;34;54;36;27;64;
Tannbergsskolan 2;32042066;Lycksele;2481;Kommunal;Lycksele kommun;2120002635;120;59;31;30;33;13;39;
Tannbergsskolan 3;50821167;Lycksele;2481;Kommunal;Lycksele kommun;2120002635;132;51;48;33;62;23;51;
Tannbergsskolan 4;71929526;Lycksele;2481;Kommunal;Lycksele kommun;2120002635;223;71;82;70;61;15;63;
Gullmarsgymnasiet 1;92814975;Lysekil;1484;Kommunal;Lysekils kommun;2120001389;241;89;80;72;44;22;50;
Gullmarsgymnasiet 2;60873719;Lysekil;1484;Kommunal;Lysekils kommun;2120001389;345;122;121;102;59;23;72;
Affärsgymnasiet Malmö;10481541;Malmö;1280;Enskild;Edukatus AB;5566139290;240;73;82;85;48;89;42;
Agnesfrids gymnasium;28770304;Malmö;1280;Kommunal;Malmö kommun;2120001124;237;134;45;58;10;67;28;
Bellevue gymnasium;86483208;Malmö;1280;Kommunal;Malmö kommun;2120001124;153;85;47;21;46;58;38;
Bladins gymnasium;21938183;Malmö;1280;Enskild;Bladins Skola, Stiftelsen;8460010948;249;104;72;73;58;42;79;
Bryggeriets Gymnasium;71472793;Malmö;1280;Enskild;Bryggeriets Bildnings Byrå (Bbb);8465017070;192;70;64;58;51;36;59;
Designgymnasiet Malmö;42662249;Malmö;1280;Enskild;Designgymnasiet i Sverige AB;5569320681;205;68;70;67;75;43;62;
Drottning Blankas Gymnasieskola Malmö City;77609073;Malmö;1280;Enskild;DBGY Kronan AB;5565668794;500;166;185;149;63;58;45;
Drottning Blankas Gymnasieskola Malmö Söderport;35894996;Malmö;1280;Enskild;DBGY Kronan AB;5565668794;281;82;101;98;88;43;45;
Einar Hansengymnasiet;12926770;Malmö;1280;Enskild;Folkuniversitetet Stiftelsen Kurs- Verksamheten vid Lunds Universitet;8450003481;238;81;74;83;69;87;56;
Fria Läroverken Malmö;68748767;Malmö;1280;Enskild;Fria Läroverken i Sverige AB;5569172041;422;137;155;130;44;59;48;
Gymnasieskolan Gripen;28085125;Malmö;1280;Enskild;Gymnasieskolan Gripen AB;5567622682;181;79;52;50;52;69;47;
JENSEN Gymnasium Malmö;48593439;Malmö;1280;Enskild;Jensen Education College AB;5566358759;431;157;142;132;53;81;46;
KLARA Teoretiska Gymnasium Malmö;23548714;Malmö;1280;Enskild;KLARA Gymnasium Bildning AB;5565286696;269;97;85;87;59;91;35;
Kunskapsgymnasiet Malmö;91773491;Malmö;1280;Enskild;Kunskapsskolan i Sverige Aktiebolag;5565661815;380;155;117;108;54;95;47;
LBS Kreativa Gymnasiet Malmö;97931189;Malmö;1280;Enskild;Ljud & Bildskolan LBS AB;5564851649;253;70;105;78;31;32;70;
Malmö Borgarskola Ro 1;30361243;Malmö;1280;Kommunal;Malmö kommun;2120001124;1 359;470;478;411;54;55;70;
Malmö Citadellsgymnasium;57072964;Malmö;1280;Kommunal;Malmö kommun;2120001124;716;432;151;133;35;47;61;
Malmö Idrottsgymnasium Ro1;25596917;Malmö;1280;Kommunal;Malmö kommun;2120001124;597;213;210;174;38;22;75;
Malmö Latinskola Ro 1;65722876;Malmö;1280;Kommunal;Malmö kommun;2120001124;1 155;386;383;386;72;14;88;
Malmö Neptunigymnasium;90071951;Malmö;1280;Kommunal;Malmö kommun;2120001124;537;294;157;86;68;88;25;
Malmö Restaurangskola;11608031;Malmö;1280;Kommunal;Malmö kommun;2120001124;282;136;87;59;45;37;55;
NTI Gymnasiet Malmö;52129378;Malmö;1280;Enskild;NTI Gymnasiet Macro AB;5561203679;214;75;71;68;6;57;51;
Pauliskolan;65381163;Malmö;1280;Kommunal;Malmö kommun;2120001124;1 191;430;377;384;46;63;52;
Peabskolan Malmö;98541468;Malmö;1280;Enskild;Peabskolan AB;5564427432;96;31;31;34;..;46;32;
Praktiska Gymnasiet Malmö City;25648215;Malmö;1280;Enskild;Praktiska Sverige AB;5562575786;264;108;90;66;52;84;22;
Praktiska Gymnasiet Malmö Limhamn;61823258;Malmö;1280;Enskild;Praktiska Sverige AB;5562575786;274;98;84;92;35;49;39;
Praktiska Gymnasiet Malmö Norra;17119840;Malmö;1280;Enskild;Praktiska Studier Riks AB;5565755500;109;1;59;49;..;75;22;
ProCivitas Privata Gymnasium Malmö;84424083;Malmö;1280;Enskild;ProCivitas Privata Gymnasium AB;5566157102;715;251;247;217;63;24;85;
Realgymnasiet Malmö;39178171;Malmö;1280;Enskild;Lärande i Sverige AB;5565715892;111;52;28;31;65;20;51;
Rytmus Malmö;49231191;Malmö;1280;Enskild;Rytmus AB;5564648979;175;51;64;60;48;22;67;
Sjölins Gymnasium Malmö;37692021;Malmö;1280;Enskild;Sjölins Gymnasium AB;5563758399;277;93;90;94;59;59;65;
S:t Petri skola;78231062;Malmö;1280;Kommunal;Malmö kommun;2120001124;849;285;283;281;61;23;88;
Universitetsholmens gymnasium;68006362;Malmö;1280;Kommunal;Malmö kommun;2120001124;643;259;206;178;29;49;40;
Yrkesgymnasiet Malmö;86762103;Malmö;1280;Enskild;Edukatus AB;5566139290;271;115;71;85;37;49;39;
Malung-Sälens gymnasieskola;68381790;Malung-Sälen;2023;Kommunal;Malung-Sälens kommun;2120002148;329;104;94;131;34;15;55;
Malå gymnasieskola;73138140;Malå;2418;Kommunal;Malå kommun;2120002866;10;8;.;2;..;..;..;
Vadsbogymnasiet enhet 1;14384562;Mariestad;1493;Kommunal;Mariestads kommun;2120001686;277;97;85;95;42;16;60;
Vadsbogymnasiet enhet 2;14414747;Mariestad;1493;Kommunal;Mariestads kommun;2120001686;195;81;58;56;28;19;62;
Vadsbogymnasiet enhet 3;14550581;Mariestad;1493;Kommunal;Mariestads kommun;2120001686;218;103;56;59;52;39;59;
Vänergymnasiet;76007769;Mariestad;1493;Enskild;Vänergymnasiet AB;5566269014;153;57;47;49;35;8;30;
Marks Gymnasieskola, enhet A;60294546;Mark;1463;Kommunal;Marks kommun;2120001504;180;60;63;57;43;32;55;
Marks Gymnasieskola, enhet B1;12793324;Mark;1463;Kommunal;Marks kommun;2120001504;135;60;45;30;51;36;20;
Marks Gymnasieskola, enhet B2;51629043;Mark;1463;Kommunal;Marks kommun;2120001504;156;56;48;52;66;28;68;
Marks Gymnasieskola, enhet C;60155358;Mark;1463;Kommunal;Marks kommun;2120001504;229;67;91;71;48;19;66;
Marks Gymnasieskola, enhet D;60878131;Mark;1463;Kommunal;Marks kommun;2120001504;303;119;93;91;28;14;51;
Strömma Naturbrukscentrum;93486713;Mark;1463;Enskild;Strömma Naturbrukscentrum AB;5590488465;184;58;61;65;71;..;56;
Gymnasieskolan;58187973;Markaryd;0767;Kommunal;Markaryds kommun;2120000654;294;121;95;78;50;36;43;
Dahlstiernska gymnasiet;88894245;Mellerud;1461;Kommunal;Melleruds kommun;2120001488;96;43;26;27;43;32;28;
Dackeskolan MG3;80376589;Mjölby;0586;Kommunal;Mjölby kommun;2120000480;113;42;33;38;26;10;50;
Dackeskolan MG4;67752682;Mjölby;0586;Kommunal;Mjölby kommun;2120000480;129;47;41;41;15;12;48;
Kungshögaskolan MG1;31870541;Mjölby;0586;Kommunal;Mjölby kommun;2120000480;183;69;69;45;42;36;43;
Kungshögaskolan MG2;71160225;Mjölby;0586;Kommunal;Mjölby kommun;2120000480;257;94;76;87;61;25;51;
Mora gymnasium ro 1;47864830;Mora;2062;Kommunal;Mora kommun;2120002213;887;311;292;284;47;13;62;
Mora gymnasium ro 2;74128230;Mora;2062;Kommunal;Mora kommun;2120002213;140;68;47;25;45;36;35;
Carlsund utbildningscentrum 1;36670439;Motala;0583;Kommunal;Motala kommun;2120002817;177;59;59;59;38;16;43;
Carlsund utbildningscentrum 2;22220001;Motala;0583;Kommunal;Motala kommun;2120002817;204;71;65;68;36;18;47;
Carlsund utbildningscentrum 3;72351233;Motala;0583;Kommunal;Motala kommun;2120002817;167;80;59;28;36;40;29;
Platengymnasiet 1;31822012;Motala;0583;Kommunal;Motala kommun;2120002817;350;127;112;111;53;35;61;
Platengymnasiet 2;83161201;Motala;0583;Kommunal;Motala kommun;2120002817;241;91;72;78;45;34;73;
Platengymnasiet 4;94843889;Motala;0583;Kommunal;Motala kommun;2120002817;64;33;15;16;88;42;44;
Dinglegymnasiet;97090958;Munkedal;1430;Enskild;Naturbruk Väst AB;5590475611;86;33;26;27;84;..;62;
Kunskapens hus, IM;58583587;Munkedal;1430;Kommunal;Munkedals kommun;2120001330;41;11;19;11;34;46;..;
Processtekniska Gymnasiet;55421481;Munkedal;1430;Kommunal;Munkedals kommun;2120001330;32;7;17;8;..;..;41;
Yrkesgymnasiet Munkedal;15100079;Munkedal;1430;Enskild;Lärlingsgymnasiet i Sverige AB;5567628176;108;49;30;29;20;16;39;
Franklins gymnasium;76562396;Mölndal;1481;Kommunal;Mölndals kommun;2120001363;297;126;85;86;41;23;86;
Krokslättsgymnasiet Skolenhet 1;76470241;Mölndal;1481;Kommunal;Mölndals kommun;2120001363;230;125;58;47;38;40;46;
Krokslättsgymnasiet Skolenhet 2;99356671;Mölndal;1481;Kommunal;Mölndals kommun;2120001363;239;155;46;38;71;39;49;
Designgymnasiet Sickla;14355031;Nacka;0182;Enskild;Designgymnasiet i Sverige AB;5569320681;310;108;106;96;76;19;75;
Drottning Blankas Gymnasieskola Nacka;68602647;Nacka;0182;Enskild;DBGY Kronan AB;5565668794;624;239;199;186;64;18;58;
Drottning Blankas Gymnasieskola Nacka 2;31071774;Nacka;0182;Enskild;NTI Gymnasiet Macro AB;5561203679;148;28;49;71;..;22;68;
Ebba Brahe Gymnasium;16755988;Nacka;0182;Enskild;Ebba Braheskolan AB;5590468624;310;117;108;85;46;13;78;
JENSEN gymnasium Nacka strand;42053960;Nacka;0182;Enskild;Jensen Education College AB;5566358759;284;118;103;63;47;30;71;
Magelungens Gymnasium Danvikstull;71353314;Nacka;0182;Enskild;Magelungen Utveckling AB;5564891447;110;46;35;29;63;22;57;
Nacka Enskilda Gymnasium;62855448;Nacka;0182;Enskild;Nacka Enskilda Gymnasium AB;5567841977;158;52;51;55;20;20;62;
Nacka Gymnasium;92506886;Nacka;0182;Kommunal;Nacka kommun;2120000167;2 200;760;726;714;35;15;82;
Nacka Idrottsgymnasium;35265260;Nacka;0182;Enskild;Idrottsgymnasiet i Nacka AB;5592790397;306;129;108;69;16;18;72;
Nacka Strands Gymnasium;29449669;Nacka;0182;Enskild;Nacka Strands Gymnasium AB;5566765995;452;181;140;131;36;25;66;
Praktiska Gymnasiet Nacka;72891848;Nacka;0182;Enskild;Praktiska Sverige AB;5562575786;490;214;149;127;42;31;40;
Rytmus Stockholm;46611859;Nacka;0182;Enskild;Rytmus AB;5564648979;639;214;204;221;45;14;78;
Sjölins Gymnasium Nacka;58907711;Nacka;0182;Enskild;Sjölins Gymnasium AB;5563758399;479;160;159;160;51;11;80;
YBC, Young Business Creatives;68285560;Nacka;0182;Kommunal;Nacka kommun;2120000167;831;326;316;189;54;8;83;
IM-programmet i Nora;71728074;Nora;1884;Kommunal;Nora kommun;2120002007;18;8;2;8;61;..;..;
Nordanstigs gymnasium RO9;16374064;Nordanstig;2132;Kommunal;Hälsinglands Utbildningsförbund;2220003111;20;10;9;1;50;..;..;
Bråvallagymnasiet 1;83805032;Norrköping;0581;Kommunal;Norrköpings kommun;2120000456;241;87;82;72;17;14;39;
Bråvallagymnasiet 2;48862305;Norrköping;0581;Kommunal;Norrköpings kommun;2120000456;197;65;64;68;22;15;36;
Bråvallagymnasiet 3;32887559;Norrköping;0581;Kommunal;Norrköpings kommun;2120000456;176;72;44;60;9;27;47;
Bråvallagymnasiet 4;85586216;Norrköping;0581;Kommunal;Norrköpings kommun;2120000456;53;28;13;12;..;28;25;
De Geergymnasiet 1;58544422;Norrköping;0581;Kommunal;Norrköpings kommun;2120000456;346;119;122;105;69;34;57;
De Geergymnasiet 3;65150019;Norrköping;0581;Kommunal;Norrköpings kommun;2120000456;317;111;101;105;70;11;79;
De Geergymnasiet 6;22426680;Norrköping;0581;Kommunal;Norrköpings kommun;2120000456;60;19;24;17;90;22;83;
Drottning Blankas Gymnasieskola Norrköping;28023078;Norrköping;0581;Enskild;DBGY Juvelen AB;5565789129;238;89;87;62;82;44;37;
Ebersteinska gymnasiet  4;53832505;Norrköping;0581;Kommunal;Norrköpings kommun;2120000456;227;62;85;80;30;63;61;
Ebersteinska gymnasiet 5;71541108;Norrköping;0581;Kommunal;Norrköpings kommun;2120000456;147;50;52;45;74;64;41;
Ebersteinska gymnasiet 6;62956050;Norrköping;0581;Kommunal;Norrköpings kommun;2120000456;162;58;50;54;34;45;42;
Ebersteinska gymnasiet 7;88412374;Norrköping;0581;Kommunal;Norrköpings kommun;2120000456;50;34;13;3;52;88;20;
Film & Musikgymnasiet;47537928;Norrköping;0581;Enskild;Studiefrämjandet Östergötland;8220038460;110;41;28;41;48;9;57;
Fria Läroverken Norrköping;69471748;Norrköping;0581;Enskild;Fria Läroverken i Sverige AB;5569172041;313;120;90;103;52;54;38;
Hagagymnasiet skolenhet Blå;49750031;Norrköping;0581;Kommunal;Norrköpings kommun;2120000456;352;99;123;130;67;30;74;
Hagagymnasiet skolenhet grön;76485705;Norrköping;0581;Kommunal;Norrköpings kommun;2120000456;179;59;65;55;61;56;72;
Hagagymnasiet skolenhet gul;31771188;Norrköping;0581;Kommunal;Norrköpings kommun;2120000456;69;33;21;15;54;..;46;
Hagagymnasiet skolenhet röd;93239262;Norrköping;0581;Kommunal;Norrköpings kommun;2120000456;162;59;58;45;60;33;48;
Himmelstalunds utbildningscentrum;25745773;Norrköping;0581;Region;Region Östergötland;2321000040;228;78;80;70;81;7;58;
JENSEN Gymnasium Norrköping;97378761;Norrköping;0581;Enskild;Jensen Education College AB;5566358759;190;82;53;55;61;58;53;
Kungsgårdsgymnasiet 1;99976753;Norrköping;0581;Kommunal;Norrköpings kommun;2120000456;344;128;125;91;51;32;67;
Kungsgårdsgymnasiet 2;58037626;Norrköping;0581;Kommunal;Norrköpings kommun;2120000456;109;63;35;11;53;88;12;
Kungsgårdsgymnasiet 3;14278480;Norrköping;0581;Kommunal;Norrköpings kommun;2120000456;166;56;59;51;85;11;52;
Kunskapsgymnasiet Norrköping;75575321;Norrköping;0581;Enskild;Kunskapsskolan i Sverige Aktiebolag;5565661815;639;216;209;214;61;19;77;
Norrköpings Lärlingsgymnasium 1;17204216;Norrköping;0581;Kommunal;Norrköpings kommun;2120000456;153;63;40;50;65;27;35;
Praktiska Gymnasiet Norrköping;62458752;Norrköping;0581;Enskild;Praktiska Sverige AB;5562575786;364;142;110;112;27;41;34;
Realgymnasiet Norrköping;43284031;Norrköping;0581;Enskild;Lärande i Sverige AB;5565715892;286;106;95;85;29;23;63;
Second chance School 1;96786102;Norrköping;0581;Kommunal;Norrköpings kommun;2120000456;70;36;28;6;51;23;21;
Yrkesgymnasiet Norrköping;67842103;Norrköping;0581;Enskild;Edukatus AB;5566139290;146;54;56;36;34;16;42;
Carl Wahren Gymnasium;13963517;Norrtälje;0188;Enskild;C W Education AB;5568027378;75;23;25;27;44;37;21;
Ekebyholmsskolan, gy;24194577;Norrtälje;0188;Enskild;Ekebyholmsskolan Aktiebolag;5562512425;7;.;.;7;..;..;..;
Rodengymnasiet;42258644;Norrtälje;0188;Kommunal;Norrtälje kommun;2120000217;1 210;449;395;366;44;23;51;
Skärgårdsgymnasiet Norrtälje;26267406;Norrtälje;0188;Enskild;Norrtelje teknikgymnasium AB;5567916761;292;103;99;90;45;9;41;
Norsjö gymnasium;25985417;Norsjö;2417;Kommunal;Norsjö kommun;2120002858;1;1;.;.;..;..;..;
Åkrahällskolan Akra01;35035671;Nybro;0881;Kommunal;Nybro kommun;2120000753;196;76;78;42;48;12;52;
Åkrahällskolan Akra02;12130801;Nybro;0881;Kommunal;Nybro kommun;2120000753;212;73;73;66;26;31;58;
Åkrahällskolan Akra03;51736304;Nybro;0881;Kommunal;Nybro kommun;2120000753;48;28;17;3;38;58;25;
Praktiska Gymnasiet Nykvarn;53180719;Nykvarn;0140;Enskild;Praktiska Sverige AB;5562575786;244;101;84;59;35;43;31;
Elteknikbranschens gymnasium;27489137;Nyköping;0480;Enskild;Elteknikbranschens Gymnasium i Nyköping AB;5567106637;88;30;30;28;..;..;68;
LBS Kreativa Gymnasiet Nyköping;44285075;Nyköping;0480;Enskild;Ljud & Bildskolan LBS AB;5564851649;200;68;74;58;44;17;61;
Nyköping Strand Utbildn.center;60424371;Nyköping;0480;Enskild;Nyköping Strand Utbildningscentrum AB;5564710795;152;47;57;48;57;11;53;
Nyköpings Enskilda Gymnasium;95785055;Nyköping;0480;Enskild;Erastos AB;5564418449;550;202;176;172;59;18;78;
Nyköpings gymnasium Gripen;68655578;Nyköping;0480;Kommunal;Nyköpings kommun;2120002940;989;349;323;317;49;36;49;
Nyköpings gymnasium Nico;68741484;Nyköping;0480;Kommunal;Nyköpings kommun;2120002940;381;130;124;127;48;39;54;
Nyköpings gymnasium Skavsta;17062663;Nyköping;0480;Kommunal;Nyköpings kommun;2120002940;208;75;76;57;18;13;47;
Praktiska Gymnasiet Nyköping;15609112;Nyköping;0480;Enskild;Praktiska Lärande AB;5565304481;225;74;82;69;28;34;35;
Realgymnasiet Nyköping;56267421;Nyköping;0480;Enskild;Lärande i Sverige AB;5565715892;90;34;31;25;83;..;56;
Öknaskolan;34990065;Nyköping;0480;Region;Region Sörmland;2321000032;251;97;84;70;53;4;57;
Nynäshamns gymnasium;37054246;Nynäshamn;0192;Kommunal;Nynäshamns kommun;2120000233;328;130;115;83;36;37;44;
Brinellgymnasiet 1;48738629;Nässjö;0682;Kommunal;Nässjö kommun;2120000548;73;42;23;8;40;63;25;
Brinellgymnasiet 2;56739540;Nässjö;0682;Kommunal;Nässjö kommun;2120000548;431;156;147;128;34;33;56;
Brinellgymnasiet 3;37220633;Nässjö;0682;Kommunal;Nässjö kommun;2120000548;533;184;178;171;61;44;45;
Klaragymnasiet med internat;15763669;Olofström;1060;Kommunal;Kommunsamverkan Cura Individutveckling;2220000711;56;15;13;28;50;..;54;
Nordenbergsskolan 1;59655752;Olofström;1060;Kommunal;Olofströms kommun;2120000811;270;115;68;87;25;27;51;
Nordenbergsskolan 2;88750078;Olofström;1060;Kommunal;Olofströms kommun;2120000811;185;71;67;47;65;23;54;
Gymnasiet;41878314;Orust;1421;Kommunal;Orust kommun;2120001314;22;21;1;.;45;..;..;
Ekbackeskolan;41555549;Osby;1273;Kommunal;Osby kommun;2120000902;291;76;114;101;46;36;42;
Yrkesskolan, introduktionsprogrammet;19878579;Osby;1273;Kommunal;Osby kommun;2120000902;15;.;6;9;..;..;..;
Etec Teknikutbildning AB;22383788;Oskarshamn;0882;Enskild;Etec Teknikutbildning AB;5562216027;81;28;27;26;..;..;67;
Oscarsgymnasiet;24709894;Oskarshamn;0882;Kommunal;Oskarshamns kommun;2120000761;955;326;309;320;50;25;52;
Oscarsgymnasiet E;67167389;Oskarshamn;0882;Kommunal;Oskarshamns kommun;2120000761;71;47;16;8;37;48;23;
Voxnadalens gymnasium;67071618;Ovanåker;2121;Kommunal;Ovanåkers kommun;2120002304;278;92;91;95;38;20;48;
Lapplands Gymnasium Pajala;75324351;Pajala;2521;Kommunal;Lapplands Kommunalförbund;2220000760;120;43;38;39;48;17;44;
Partille Gymnasium;61229217;Partille;1402;Kommunal;Partille kommun;2120001272;477;176;183;118;34;33;54;
Perstorp Tekniska Gymnasium;58929357;Perstorp;1275;Enskild;Perstorp Aktiebolag;5560246513;76;24;22;30;14;21;64;
Grans naturbruksgymnasium;42517257;Piteå;2581;Kommunal;Piteå kommun;2120002759;143;50;47;46;76;..;53;
Strömbacka Hugin;59575030;Piteå;2581;Kommunal;Piteå kommun;2120002759;274;94;82;98;45;12;72;
Strömbacka Magne;93503103;Piteå;2581;Kommunal;Piteå kommun;2120002759;170;60;60;50;16;6;52;
Strömbacka Mimer;18617410;Piteå;2581;Kommunal;Piteå kommun;2120002759;304;125;97;82;71;18;61;
Strömbacka Mjölner;41697930;Piteå;2581;Kommunal;Piteå kommun;2120002759;287;99;93;95;14;7;60;
Strömbacka Munin;28025244;Piteå;2581;Kommunal;Piteå kommun;2120002759;297;103;90;104;64;10;67;
Jämtlands Gymn, Bispgården;17184072;Ragunda;2303;Kommunal;Jämtlands Gymnasieförbund;2220001636;80;40;21;19;41;..;33;
Blekinge Naturbruksgymnasium;86896907;Ronneby;1081;Kommunal;Ronneby kommun;2120000837;102;36;36;30;54;..;59;
Gymnasieskolan Knut Hahn 1;40338843;Ronneby;1081;Kommunal;Ronneby kommun;2120000837;422;136;139;147;65;32;57;
Gymnasieskolan Knut Hahn 2;77440824;Ronneby;1081;Kommunal;Ronneby kommun;2120000837;286;98;94;94;27;29;58;
Gymnasieskolan Knut Hahn 3;13883567;Ronneby;1081;Kommunal;Ronneby kommun;2120000837;124;60;38;26;44;56;31;
Gymnasieskolan Knut Hahn 4;71069359;Ronneby;1081;Kommunal;Ronneby kommun;2120000837;60;22;18;20;27;18;77;
Stiernhööksgymnasiet;14292382;Rättvik;2031;Kommunal;Rättviks kommun;2120002171;465;166;137;162;53;7;57;
Kungsängsgymnasiet;87859089;Sala;1981;Kommunal;Sala kommun;2120002098;457;171;143;143;41;32;50;
Ösby naturbruksgymnasium;54764253;Sala;1981;Kommunal;Sala kommun;2120002098;244;82;82;80;44;..;54;
Rönninge gymnasium;98908403;Salem;0128;Kommunal;Salems kommun;2120002874;351;141;122;88;56;70;47;
Bessemerskolan;16493131;Sandviken;2181;Kommunal;Sandvikens kommun;2120002346;788;273;256;259;46;22;53;
Bessemerskolan_IM;33528519;Sandviken;2181;Kommunal;Sandvikens kommun;2120002346;138;78;43;17;49;47;21;
Göranssonska skolan;41119610;Sandviken;2181;Enskild;Sandvik Utbildningsaktiebolag;5563048791;199;66;66;67;30;13;74;
Arlandagymnasiet 1;83272868;Sigtuna;0191;Kommunal;Sigtuna kommun;2120000225;625;240;199;186;48;51;54;
Arlandagymnasiet 2;66912789;Sigtuna;0191;Kommunal;Sigtuna kommun;2120000225;135;82;36;17;38;89;19;
Arlandagymnasiet 3;48304166;Sigtuna;0191;Kommunal;Sigtuna kommun;2120000225;408;173;133;102;28;52;41;
Bergstrands Gymnasium Sigtuna;11674477;Sigtuna;0191;Enskild;Bergstrands Gymnasium AB;5566753736;57;22;25;10;..;..;33;
JENSEN Gymnasium Wenngarn;65615078;Sigtuna;0191;Enskild;Jensen Education College AB;5566358759;87;30;27;30;93;14;59;
Praktiska Gymnasiet Märsta;24982097;Sigtuna;0191;Enskild;Praktiska Sverige AB;5562575786;145;57;47;41;34;46;34;
Sigtunaskolan hum. läroverket, gy;45552626;Sigtuna;0191;Enskild;Sigtuna Skolstiftelse;8148002879;349;138;122;89;45;23;74;
Sigtunaskolan hum. läroverket, int gy;50906954;Sigtuna;0191;Enskild;Sigtuna Skolstiftelse;8148002879;140;40;51;49;54;66;49;
Nova gymnasium;16748680;Simrishamn;1291;Kommunal;Simrishamns kommun;2120000969;225;89;87;49;57;34;46;
Malenagymnasiet;27964873;Sjöbo;1265;Kommunal;Sjöbo kommun;2120001090;195;87;53;55;33;10;32;
Axevalla Hästcentrum;86825268;Skara;1495;Region;Västra Götalandsregionen;2321000131;122;58;38;26;98;..;68;
Katedralskolan Skara Enhet 1;65674821;Skara;1495;Kommunal;Skara kommun;2120001702;70;50;14;6;44;49;29;
Katedralskolan Skara Enhet 2;30706655;Skara;1495;Kommunal;Skara kommun;2120001702;157;56;55;46;29;25;38;
Katedralskolan Skara Enhet 3;92332557;Skara;1495;Kommunal;Skara kommun;2120001702;183;51;62;70;47;40;60;
Katedralskolan Skara Enhet 4;25535510;Skara;1495;Kommunal;Skara kommun;2120001702;173;54;65;54;73;28;54;
Naturbruksskolan Uddetorp;46332927;Skara;1495;Region;Västra Götalandsregionen;2321000131;187;66;57;64;36;..;45;
Olinsgymnasiet i Skara;16555851;Skara;1495;Enskild;Olinsgymnasiet i Skara AB;5569998932;123;40;35;48;69;17;71;
Anderstorpsgymnasiet;45034559;Skellefteå;2482;Kommunal;Skellefteå kommun;2120002643;858;312;284;262;54;8;66;
Anderstorpsgymnasiet Hammarängen;24653673;Skellefteå;2482;Kommunal;Skellefteå kommun;2120002643;92;20;36;36;36;..;57;
Baldergymnasiet;56831840;Skellefteå;2482;Kommunal;Skellefteå kommun;2120002643;812;348;224;240;41;24;62;
Guldstadsgymnasiet i Skellefteå;90990441;Skellefteå;2482;Enskild;Honesta Skolutveckling AB;5569173635;179;60;58;61;42;21;58;
Kanalskolan;85015577;Skellefteå;2482;Kommunal;Skellefteå kommun;2120002643;436;168;135;133;52;19;71;
Naturbruksgymnasiet i Burträsk;86319615;Skellefteå;2482;Kommunal;Skellefteå kommun;2120002643;79;26;27;26;38;..;42;
Praktiska Gymnasiet Skellefteå;87303004;Skellefteå;2482;Enskild;Praktiska Sverige AB;5562575786;128;45;53;30;45;24;35;
Yrkesgymnasiet Skellefteå;97835550;Skellefteå;2482;Enskild;Edukatus AB;5566139290;85;27;26;32;28;20;25;
Nils Holgerssongymnasiet i Skurup;70463529;Skurup;1264;Kommunal;Skurups kommun;2120001082;242;85;76;81;36;5;38;
Drottning Blankas Gymnasieskola Skövde;26508763;Skövde;1496;Enskild;DBGY Juvelen AB;5565789129;401;126;127;148;78;39;45;
Kavelbro 1;42287353;Skövde;1496;Kommunal;Skövde kommun;2120001710;257;95;90;72;37;4;51;
Kavelbro 2;43998440;Skövde;1496;Kommunal;Skövde kommun;2120001710;154;95;40;19;50;42;28;
Kavelbro 3;42911621;Skövde;1496;Kommunal;Skövde kommun;2120001710;285;84;101;100;16;11;54;
Lichron Teknikgymnasium Skövde;75027822;Skövde;1496;Enskild;Lichron Teknik AB;5567560635;101;30;35;36;..;17;50;
NTI Gymnasiet Skövde;26671095;Skövde;1496;Enskild;NTI Gymnasiet Ellips AB;5565970471;169;47;51;71;12;32;50;
Olinsgymnasiet Sparresäter;89287364;Skövde;1496;Enskild;Olinsgymnasiet i Skara AB;5569998932;17;8;9;.;..;..;59;
Praktiska Gymnasiet Skövde;14504503;Skövde;1496;Enskild;Praktiska Sverige AB;5562575786;196;58;75;63;46;36;36;
Realgymnasiet i Skövde;76361202;Skövde;1496;Enskild;Lärande i Sverige AB;5565715892;62;31;31;.;95;..;47;
Volvogymnasiet Skövde;21850904;Skövde;1496;Enskild;Volvo Industrial Academy AB;5592205149;144;48;48;48;25;15;83;
Västerhöjd 1;77544055;Skövde;1496;Kommunal;Skövde kommun;2120001710;364;120;119;125;54;22;68;
Västerhöjd 2;30279258;Skövde;1496;Kommunal;Skövde kommun;2120001710;455;152;150;153;70;18;72;
Västerhöjd 3;65320354;Skövde;1496;Kommunal;Skövde kommun;2120001710;550;185;167;198;55;34;67;
VBU Smeden;12496135;Smedjebacken;2061;Kommunal;Västerbergslagens Utbildningsförbund,Vbu;2220000802;164;83;44;37;61;38;25;
Sollefteå gymnasium;76903284;Sollefteå;2283;Kommunal;Sollefteå kommun;2120002437;619;221;187;211;46;19;55;
Häggviks Gymnasium;43623146;Sollentuna;0163;Enskild;Utvecklingspedagogik Sverige Aktiebolag;5564715729;28;12;11;5;50;..;64;
KLARA Teoretiska Gymnasium Sollentuna;49141105;Sollentuna;0163;Enskild;KLARA Gymnasium Lärande AB;5565583282;216;88;48;80;59;84;46;
NTI Gymnasiet Sollentuna;15870428;Sollentuna;0163;Enskild;NTI Gymnasiet Macro AB;5561203679;154;55;43;56;8;68;43;
Rudbeck AST-enheten;53709553;Sollentuna;0163;Kommunal;Sollentuna kommun;2120000134;47;16;15;16;45;..;85;
Rudbeck Ekonomiprogrammet;26646080;Sollentuna;0163;Kommunal;Sollentuna kommun;2120000134;605;175;212;218;40;22;82;
Rudbeck El- och Teknikprogrammet;26750052;Sollentuna;0163;Kommunal;Sollentuna kommun;2120000134;407;124;124;159;12;28;78;
Rudbeck Humanistiska och Estetiska programmet;26996566;Sollentuna;0163;Kommunal;Sollentuna kommun;2120000134;132;48;46;38;66;24;78;
Rudbeck Introduktionsprogrammet och Löpargymnasiet;15832056;Sollentuna;0163;Kommunal;Sollentuna kommun;2120000134;205;145;37;23;40;51;51;
Rudbeck Naturvetenskapsprogrammet;27704246;Sollentuna;0163;Kommunal;Sollentuna kommun;2120000134;401;140;121;140;48;33;92;
Rudbeck Samhällsvetenskapsprogrammet;57246966;Sollentuna;0163;Kommunal;Sollentuna kommun;2120000134;478;149;157;172;59;25;76;
Svea Gymnasium Sollentuna;66838190;Sollentuna;0163;Enskild;Svea Education AB;5591198220;147;75;72;.;41;77;41;
Vård- och omsorgsgymnasiet Sollentuna AB;68649663;Sollentuna;0163;Enskild;Vård och omsorgsgymnasiet i Sollentuna AB;5592575061;157;49;48;60;89;81;25;
Yrkesgymnasiet Sollentuna;81997762;Sollentuna;0163;Enskild;Edukatus AB;5566139290;282;152;63;67;45;56;34;
Ingridskolan, gymnasiet;28967085;Solna;0184;Enskild;Ingridskolan AB;5566222013;51;11;18;22;55;..;80;
Johan Movingers Gymnasium;69747871;Solna;0184;Enskild;Johan Movingers Gymnasium;8024142781;79;35;23;21;54;73;48;
LBS Kreativa Gymnasiet Stockholm Norra;18106851;Solna;0184;Enskild;Ljud & Bildskolan LBS AB;5564851649;302;110;88;104;23;33;66;
Peabskolan Solna;70119254;Solna;0184;Enskild;Peabskolan AB;5564427432;81;27;17;37;..;37;38;
ProCivitas Privata Gymnasium Karlberg;29733255;Solna;0184;Enskild;ProCivitas Privata Gymnasium AB;5566157102;471;169;168;134;59;26;76;
Psykologigymnasiet;31151740;Solna;0184;Enskild;Psykologigymnasiet Sverige AB;5567295885;170;57;57;56;75;48;55;
Solna Gymnasium;79346084;Solna;0184;Kommunal;Solna kommun;2120000183;706;284;208;214;39;34;68;
Tekniska Gymnasiet Solna;63837179;Solna;0184;Enskild;Tekniska Gymnasiet i Sverige AB;5568902653;85;1;23;61;42;87;51;
Yrkesgymnasiet Solna;63437833;Solna;0184;Enskild;Edukatus AB;5566139290;246;100;72;74;52;63;33;
Sotenäs Gymnasieskola;19456482;Sotenäs;1427;Kommunal;Sotenäs kommun;2120001322;18;8;6;4;..;..;..;
Gymnasieutb. i Staffanstorp;43827700;Staffanstorp;1230;Kommunal;Staffanstorps kommun;2120001017;24;24;.;.;67;54;54;
Hvilangymnasiet;34222422;Staffanstorp;1230;Enskild;Hvilan Utbildning AB;5566066980;47;18;17;12;57;..;62;
Nösnäsgymnasiet 1;42060237;Stenungsund;1415;Kommunal;Stenungsunds kommun;2120001298;223;67;81;75;14;9;55;
Nösnäsgymnasiet 2;89816391;Stenungsund;1415;Kommunal;Stenungsunds kommun;2120001298;384;136;126;122;61;20;64;
Nösnäsgymnasiet 3;14448619;Stenungsund;1415;Kommunal;Stenungsunds kommun;2120001298;371;133;128;110;58;11;69;
Nösnäsgymnasiet 4;12546590;Stenungsund;1415;Kommunal;Stenungsunds kommun;2120001298;345;124;96;125;20;11;78;
Nösnäsgymnasiet 5;38604678;Stenungsund;1415;Kommunal;Stenungsunds kommun;2120001298;131;73;36;22;36;38;24;
Affärsgymnasiet Stockholm;48555205;Stockholm;0180;Enskild;Edukatus AB;5566139290;305;71;92;142;50;74;45;
Amerikanska Gymnasiet Stockholm;16631623;Stockholm;0180;Enskild;Amerikanska Gymnasiet i Sverige AB;5590415591;555;196;175;184;45;50;68;
Amerikanska Gymnasiet Stockholm Campus Frescati Hage;91518288;Stockholm;0180;Enskild;Amerikanska Gymnasiet i Sverige AB;5590415591;270;154;116;.;46;34;73;
Anna Whitlocks gymnasium 54040574;54040574;Stockholm;0180;Kommunal;Stockholms kommun;2120000142;2 216;766;742;708;67;12;90;
Arena Academy Stockholm;35084976;Stockholm;0180;Enskild;Edinit AB;5563114445;318;116;77;125;36;83;61;
Bergstrands Gymnasium Stockholm;26298615;Stockholm;0180;Enskild;Bergstrands Gymnasium AB;5566753736;241;108;69;64;8;36;45;
Bernadottegymnasiet 77176811;77176811;Stockholm;0180;Kommunal;Stockholms kommun;2120000142;442;174;138;130;52;14;80;
Betty Petterssons gymnasium;29445330;Stockholm;0180;Kommunal;Stockholms kommun;2120000142;328;123;118;87;52;48;55;
Birger Jarls Gymnasium (A1);70404319;Stockholm;0180;Enskild;Vasiliou Education AB;5568920218;140;36;52;52;58;54;53;
Birger Jarls Gymnasium (A2);12120212;Stockholm;0180;Enskild;Vasiliou Education AB;5568920218;89;85;2;2;35;35;62;
Blackebergs gymnasium 85152591;85152591;Stockholm;0180;Kommunal;Stockholms kommun;2120000142;1 240;458;404;378;48;22;84;
Bromma gymnasium 54117171;54117171;Stockholm;0180;Kommunal;Stockholms kommun;2120000142;1 377;493;488;396;39;24;80;
Campus Manilla Gymnasium;48120273;Stockholm;0180;Enskild;Campus Manilla Utbildning AB;5568834765;256;91;84;81;58;9;90;
Cybergymnasiet Stockholm;94167577;Stockholm;0180;Enskild;Cybergymnasiet Stockholm AB;5565547964;753;247;228;278;45;65;48;
Designgymnasiet Kungsholmen;27023528;Stockholm;0180;Enskild;Designgymnasiet i Sverige AB;5569320681;343;123;118;102;53;40;55;
Distra Gymnasium;85782695;Stockholm;0180;Enskild;Distra Utbildnings Center AB;5566064209;277;109;86;82;30;49;42;
Djurgymnasiet Stockholm;98815582;Stockholm;0180;Enskild;Animallogos AB;5566205455;322;100;123;99;82;14;69;
Drottning Blankas Gymnasieskola Stockholm Södra;97770837;Stockholm;0180;Enskild;DBGY Kronan AB;5565668794;742;283;246;213;76;33;59;
Drottning Blankas Gymnasieskola Stockholm Vasastan;85516596;Stockholm;0180;Enskild;DBGY Juvelen AB;5565789129;577;213;187;177;64;29;57;
Elektrikergymnasiet;21312503;Stockholm;0180;Enskild;Stockholms El-utbildning AB;5566814801;168;60;55;53;..;22;53;
Enskilda gymnasiet, gy;69650864;Stockholm;0180;Enskild;Enskilda Gymnasiet;8020126531;324;134;93;97;57;9;96;
ESS-gymnasiet 30022894;30022894;Stockholm;0180;Kommunal;Stockholms kommun;2120000142;87;55;19;13;52;48;45;
ESS-gymnasiet 84286715;84286715;Stockholm;0180;Kommunal;Stockholms kommun;2120000142;200;76;75;49;48;19;73;
ESS-gymnasiet 98847548;98847548;Stockholm;0180;Kommunal;Stockholms kommun;2120000142;58;33;22;3;67;33;57;
Franska Skolan/Ecole francaise Gymnasium;41938272;Stockholm;0180;Enskild;Stiftelsen Franska Skolan;8020061530;302;111;107;84;52;17;91;
Fryshuset Gymnasium;24759907;Stockholm;0180;Enskild;Stiftelsen Fryshuset;8020111582;1 063;422;322;319;54;41;60;
Globala gymnasiet 76054399;76054399;Stockholm;0180;Kommunal;Stockholms kommun;2120000142;599;218;201;180;58;22;83;
Grillska Gymnasiet Kungsholmen;21627442;Stockholm;0180;Enskild;Stadsmissionens Skolstiftelse;8020170794;247;92;80;75;44;25;62;
Grillska Gymnasiet Liljeholmen;33132452;Stockholm;0180;Enskild;Stadsmissionens Skolstiftelse;8020170794;458;183;149;126;45;58;40;
Hermods Distansgymnasium;70811222;Stockholm;0180;Enskild;Hermods Aktiebolag;5560440017;157;49;56;52;50;48;61;
International School of the Stockholm Region 25525759;25525759;Stockholm;0180;Kommunal;Stockholms kommun;2120000142;244;68;85;91;52;86;68;
Internationella Engelska Gymnasiet Södermalm;77632411;Stockholm;0180;Enskild;Internationella Engelska Skolan i Sverige AB;5564624368;556;165;179;212;59;73;79;
Internationella Hotell- och Restaurangskolan;56653353;Stockholm;0180;Enskild;Internationella hotell- och restaurangskolan IHR AB;5569828451;306;106;104;96;56;16;65;
JENSEN Gymnasium Gamla stan;97510495;Stockholm;0180;Enskild;Jensen Education College AB;5566358759;717;247;241;229;58;35;70;
JENSEN Gymnasium Norra;38195284;Stockholm;0180;Enskild;Jensen Education College AB;5566358759;658;222;216;220;49;47;67;
Järva Gymnasium;54715314;Stockholm;0180;Enskild;Centrum för gymnasieutbildning i Sverige AB;5591416622;182;96;86;.;40;88;39;
KLARA Teoretiska Gymnasium Stockholm Norra;73812226;Stockholm;0180;Enskild;KLARA Gymnasium Lärande AB;5565583282;558;197;181;180;60;68;64;
KLARA Teoretiska Gymnasium Stockholm Södra;94717858;Stockholm;0180;Enskild;KLARA Gymnasium Kunskap AB;5566303938;675;257;226;192;46;19;79;
KLARA Teoretiska Gymnasium Stockholm Östra;17911161;Stockholm;0180;Enskild;KLARA Gymnasium Bildning AB;5565286696;604;256;204;144;60;73;47;
Kristofferskolan, gy;53760158;Stockholm;0180;Enskild;Stiftelsen Kristofferskolan;8020018720;142;43;41;58;56;11;92;
Kulturama gymnasium;78422467;Stockholm;0180;Enskild;Medborgarskolan Stockholmsregionen;8020060524;588;187;208;193;72;15;75;
Kulturama Gymnasium Natur;37802196;Stockholm;0180;Enskild;Medborgarskolan Stockholmsregionen;8020060524;75;24;28;23;75;17;87;
Kungl. Svenska Balettskolan gy 38683336;38683336;Stockholm;0180;Kommunal;Stockholms kommun;2120000142;48;15;10;23;81;38;71;
Kungsh gy/Sthlms Musikgy 74812809;74812809;Stockholm;0180;Kommunal;Stockholms kommun;2120000142;1 361;486;460;415;63;31;89;
Kungsholmens Västra Gymnasium 95618280;95618280;Stockholm;0180;Kommunal;Stockholms kommun;2120000142;1 033;353;346;334;74;59;59;
Kungstensgymnasiet;75075402;Stockholm;0180;Enskild;Folkuniversitetet Stift Kursverksamheten vid Stockholms Universitet;8020064096;538;179;177;182;68;13;86;
Kunskapsgymnasiet Globen;26326048;Stockholm;0180;Enskild;Kunskapsskolan i Sverige Aktiebolag;5565661815;473;172;155;146;57;54;51;
Kunskapsgymnasiet Liljeholmen;49068301;Stockholm;0180;Enskild;Kunskapsskolan i Sverige Aktiebolag;5565661815;287;110;98;79;56;61;50;
Kärrtorps gymnasium 37839488;37839488;Stockholm;0180;Kommunal;Stockholms kommun;2120000142;305;77;113;115;54;80;34;
LBS Kreativa Gymnasiet Stockholm Södra;46256929;Stockholm;0180;Enskild;Ljud & Bildskolan LBS AB;5564851649;595;203;206;186;33;26;70;
Liljeholmens gymnasium 59409052;59409052;Stockholm;0180;Kommunal;Stockholms kommun;2120000142;128;128;.;.;36;87;16;
Lilla Akademiens Musikgymn.;83374651;Stockholm;0180;Enskild;Musikskolan Lilla Akademien AB;5565510756;161;151;5;5;41;27;93;
Lycée Francais Saint Louis, gy;59796774;Stockholm;0180;Enskild;Lycée Francais Saint-Louis;9020041852;128;53;36;39;40;73;87;
Magelungens Gymnasium Liljeholmen;56942970;Stockholm;0180;Enskild;Magelungen Utveckling AB;5564891447;96;45;27;24;44;28;60;
Magelungens gymnasium Södermalm;24147242;Stockholm;0180;Enskild;Magelungen Utveckling AB;5564891447;149;61;67;21;60;9;78;
Midsommarkransens gy 17675502;17675502;Stockholm;0180;Kommunal;Stockholms kommun;2120000142;697;277;244;176;48;24;63;
Nordiska Musikgymnasiet;30762346;Stockholm;0180;Enskild;Nordiska Musikgymnasiet AB;5565851507;47;24;12;11;53;47;77;
Norra Real 82964090;82964090;Stockholm;0180;Kommunal;Stockholms kommun;2120000142;1 004;336;336;332;64;17;93;
NTI Gymnasiet Stockholm;15390992;Stockholm;0180;Enskild;NTI Gymnasiet Macro AB;5561203679;604;156;200;248;19;36;65;
NTI Handelsgymnasiet Stockholm;15278518;Stockholm;0180;Enskild;NTI Gymnasiet Macro AB;5561203679;366;132;118;116;23;22;60;
NTI Vetenskapsgymnasiet Stockholm;50644850;Stockholm;0180;Enskild;NTI Gymnasiet Macro AB;5561203679;178;41;42;95;28;67;60;
Odengymnasiet;63943560;Stockholm;0180;Enskild;Värmdö Tekniska Utbildningar Aktiebolag, Vtu;5563836757;262;111;80;71;65;68;35;
P A Fogelströms gymnasium 24650116;24650116;Stockholm;0180;Kommunal;Stockholms kommun;2120000142;672;230;220;222;59;9;93;
Praktiska Gymnasiet Bromma;14926020;Stockholm;0180;Enskild;Praktiska Utbildning AB;5564781606;220;92;74;54;9;39;37;
Praktiska Gymnasiet Liljeholmen;38236800;Stockholm;0180;Enskild;Praktiska Sverige AB;5562575786;652;277;209;166;50;44;40;
ProCivitas Privata Gymnasium Stockholm;59359012;Stockholm;0180;Enskild;ProCivitas Privata Gymnasium AB;5566157102;605;204;201;200;69;23;80;
Påhlmans gymnasium;16784385;Stockholm;0180;Enskild;Medborgarskolan Stockholmsregionen;8020060524;424;158;135;131;57;12;74;
Realgymnasiet Stockholm;59026584;Stockholm;0180;Enskild;Lärande i Sverige AB;5565715892;580;233;163;184;79;17;54;
REFIS Rörentr. friskola Sthlm;79829846;Stockholm;0180;Enskild;REFIS Rör- och Elentreprenörernas friskola i Stockholm AB;5566285994;255;95;84;76;..;13;53;
RGRH Stockholm, Riksgymnasium  för rörelsehindrade elever 89963319;89963319;Stockholm;0180;Kommunal;Stockholms kommun;2120000142;26;7;4;15;..;..;69;
Sjölins Gymnasium Södermalm;24339566;Stockholm;0180;Enskild;Sjölins Gymnasium AB;5563758399;957;287;320;350;60;10;87;
Sjölins Gymnasium Vasastan;87844327;Stockholm;0180;Enskild;Sjölins Gymnasium AB;5563758399;811;272;271;268;63;22;81;
Sjömansskolan;20061769;Stockholm;0180;Enskild;Sjömansskolan Stockholm AB;5565662409;56;29;10;17;..;..;68;
Snitz Gymnasium;95154882;Stockholm;0180;Enskild;Swedish Education Group AB;5565042255;174;75;56;43;34;20;62;
Sofiaängens skola;86086213;Stockholm;0180;Enskild;Sofiaängen AB;5565980942;91;38;26;27;57;11;74;
Spira Teoretiska Gymnasium Stora Essingen;24716263;Stockholm;0180;Enskild;Eruditia AB;5593786345;734;245;248;241;51;32;62;
Spånga Gymnasium 52333875;52333875;Stockholm;0180;Kommunal;Stockholms kommun;2120000142;267;125;71;71;59;48;50;
S:t Eriks gymnasium 65666808;65666808;Stockholm;0180;Kommunal;Stockholms kommun;2120000142;1 279;423;437;419;56;25;66;
Sthlm hotell & restaurangsk 30677562;30677562;Stockholm;0180;Kommunal;Stockholms kommun;2120000142;431;161;139;131;50;30;52;
Sthlm Transport- och fordonstekniska gymnasiet 85054102;85054102;Stockholm;0180;Kommunal;Stockholms kommun;2120000142;197;70;70;57;16;26;44;
Stift. Sthlm Intern. School gy;89693952;Stockholm;0180;Enskild;Stiftelsen Stockholm International School;8024264775;193;53;67;73;47;79;55;
Stockholm Science & Innovation School 78433202, SSIS;78433202;Stockholm;0180;Kommunal;Stockholms kommun;2120000142;374;129;118;127;9;34;79;
Stockholms Estetiska Gymnasium;35366805;Stockholm;0180;Enskild;Stockholms Estetiska Gymnasium Ek. För.;7696029995;250;82;82;86;70;13;77;
Stockholms Idrottsgymnasium;31315191;Stockholm;0180;Enskild;Stockholms Idrottsgymnasium AB;5567379226;387;132;127;128;46;11;84;
Södra Latins gymnasium 89370947;89370947;Stockholm;0180;Kommunal;Stockholms kommun;2120000142;1 094;372;365;357;71;15;90;
Teknik & Servicegymnasiet;18451445;Stockholm;0180;Enskild;Ludus AB;5568879018;139;53;46;40;8;35;44;
Thorildsplans gymnasium 32116280;32116280;Stockholm;0180;Kommunal;Stockholms kommun;2120000142;1 409;471;453;485;34;41;66;
Tibble Gymnasium Campus Kista;43565270;Stockholm;0180;Enskild;Tibble Campus Kista AB;5567799035;246;89;102;55;69;79;53;
Tyska skolan;53175499;Stockholm;0180;Enskild;Tyska Skolföreningen;8020056530;98;32;38;28;48;63;83;
Viktor Rydberg gy. Odenplan;52153758;Stockholm;0180;Enskild;Stiftelsen Viktor Rydbergs Skolor;8120005650;1 180;398;365;417;66;17;89;
Yrkesgymnasiet Skarpnäck;16501673;Stockholm;0180;Enskild;Edukatus AB;5566139290;251;113;82;56;50;59;38;
Östra Reals gymnasium 99755443;99755443;Stockholm;0180;Kommunal;Stockholms kommun;2120000142;1 222;427;399;396;60;14;88;
Lundsbergs gymnasieskola;30167976;Storfors;1760;Enskild;Stiftelsen Lundsbergs Skola;8740019362;212;73;75;64;50;19;81;
Luspengymnasiet;50104466;Storuman;2421;Kommunal;Södra Lapplands Gymnasieförbund;2220003293;80;25;35;20;49;..;48;
Tärnaby Alpina Gymnasium;28004794;Storuman;2421;Kommunal;Södra Lapplands Gymnasieförbund;2220003293;38;11;9;18;47;..;92;
Europaskolan Strängnäs;32071849;Strängnäs;0486;Enskild;Europaskolan Utbildning AB;5567478416;497;161;165;171;56;19;82;
Thomasgymnasiet;79845033;Strängnäs;0486;Kommunal;Strängnäs kommun;2120000365;430;156;131;143;46;25;58;
Strömstad Gymnasium, SGY1;70036612;Strömstad;1486;Kommunal;Strömstads kommun;2120001405;129;54;38;37;38;40;33;
Strömstad Gymnasium, SGY2;36936260;Strömstad;1486;Kommunal;Strömstads kommun;2120001405;268;89;84;95;51;36;48;
Hjalmar Strömerskolan;59386837;Strömsund;2313;Kommunal;Strömsunds kommun;2120002486;248;83;67;98;45;24;42;
Realgymnasiet i Sundbyberg;20454041;Sundbyberg;0183;Enskild;Lärande i Sverige AB;5565715892;39;.;11;28;72;..;56;
S:t Martins gymnasium;73217812;Sundbyberg;0183;Kommunal;Sundbybergs kommun;2120000175;272;121;80;71;57;54;31;
Viktor Rydberg gy. Sundbyberg;78825169;Sundbyberg;0183;Enskild;Stiftelsen Viktor Rydbergs Skolor;8120005650;599;199;211;189;43;29;81;
Affärsgymnasiet Sundsvall;59942080;Sundsvall;2281;Enskild;Edukatus AB;5566139290;47;.;.;47;34;53;32;
Drottning Blankas Gymnasieskola Sundsvall;36769815;Sundsvall;2281;Enskild;DBGY Juvelen AB;5565789129;231;99;72;60;74;26;46;
KLARA Teoretiska Gymnasium Sundsvall;21382451;Sundsvall;2281;Enskild;KLARA Gymnasium Lärande AB;5565583282;285;95;96;94;68;20;78;
NTI Gymnasiet Sundsvall;48244956;Sundsvall;2281;Enskild;NTI Gymnasiet Macro AB;5561203679;185;53;51;81;16;13;68;
Praktiska Gymnasiet Sundsvall;16931486;Sundsvall;2281;Enskild;Praktiska Sverige AB;5562575786;377;148;141;88;40;12;46;
Realgymnasiet i Sundsvall;92489953;Sundsvall;2281;Enskild;Lärande i Sverige AB;5565715892;147;59;46;42;84;..;59;
Skvaderns gymnasieskola;43873969;Sundsvall;2281;Enskild;Norrlidens Kunskapscentrum AB;5566178215;576;193;194;189;64;12;83;
Sundsvalls gymn. Hedbergska 1;89793044;Sundsvall;2281;Kommunal;Sundsvalls kommun;2120002411;378;121;135;122;60;12;71;
Sundsvalls Gymn. Hedbergska 2;55825382;Sundsvall;2281;Kommunal;Sundsvalls kommun;2120002411;383;120;138;125;48;10;77;
Sundsvalls Gymn. Hedbergska 3;19306558;Sundsvall;2281;Kommunal;Sundsvalls kommun;2120002411;5;1;2;2;..;..;..;
Sundsvalls Gymn. Hedbergska 4;35301145;Sundsvall;2281;Kommunal;Sundsvalls kommun;2120002411;305;112;118;75;47;18;52;
Sundsvalls gymn. Hedbergska 5;94206100;Sundsvall;2281;Kommunal;Sundsvalls kommun;2120002411;70;32;19;19;37;100;14;
Sundsvalls Gymn. Västermalm 1;24993048;Sundsvall;2281;Kommunal;Sundsvalls kommun;2120002411;263;144;29;90;24;20;79;
Sundsvalls Gymn. Västermalm 2;70132092;Sundsvall;2281;Kommunal;Sundsvalls kommun;2120002411;241;88;75;78;10;10;58;
Sundsvalls Gymn. Västermalm 4;65034473;Sundsvall;2281;Kommunal;Sundsvalls kommun;2120002411;165;109;40;16;46;14;33;
Sundsvalls Gymn. Västermalm 5;13084253;Sundsvall;2281;Kommunal;Sundsvalls kommun;2120002411;222;85;66;71;55;19;38;
Sunne Gymnasieskola / Broby;66273269;Sunne;1766;Kommunal;Sunne kommun;2120001843;152;49;53;50;30;33;41;
Sunne Gymnasieskola / Södra Viken;82888663;Sunne;1766;Kommunal;Sunne kommun;2120001843;243;83;80;80;24;..;51;
Im-enheten;41600127;Surahammar;1907;Kommunal;Surahammars kommun;2120002031;20;20;.;.;60;..;..;
Viljan;23384476;Surahammar;1907;Enskild;Viljan Friskola AB;5567777775;42;17;12;13;40;..;62;
Svalöfs gymnasium;11275959;Svalöv;1214;Kommunal;Svalövs kommun;2120000993;408;165;138;105;34;18;42;
Nils Fredriksson Gymnasium;58518163;Svedala;1263;Kommunal;Svedala kommun;2120001074;218;85;77;56;46;20;60;
Sveriges Ridgymnasium Svedala;50615280;Svedala;1263;Enskild;Sveriges Ridgymnasium AB;5566814504;112;51;22;39;99;10;64;
Gymnasieutbildn. i Svenljunga;11681103;Svenljunga;1465;Kommunal;Svenljunga kommun;2120001512;13;6;2;5;..;..;..;
Naturbruksskolan Svenljunga;19035583;Svenljunga;1465;Region;Västra Götalandsregionen;2321000131;142;48;48;46;13;..;56;
Herrgårdsgymnasiet 1;27993549;Säffle;1785;Kommunal;Säffle kommun;2120001900;297;101;115;81;28;11;37;
Dahlander kunskapscentrum;69985412;Säter;2082;Kommunal;Säters kommun;2120002247;44;22;13;9;59;32;41;
Aleholm 1;47872090;Sävsjö;0684;Kommunal;Sävsjö kommun;2120000563;100;32;25;43;45;43;55;
Aleholm 3;37912396;Sävsjö;0684;Kommunal;Sävsjö kommun;2120000563;140;66;34;40;55;39;49;
Staffangymnasiet RO6;45593337;Söderhamn;2182;Kommunal;Hälsinglands Utbildningsförbund;2220003111;276;117;78;81;47;37;49;
Staffangymnasiet RO7;90312942;Söderhamn;2182;Kommunal;Hälsinglands Utbildningsförbund;2220003111;399;128;145;126;40;18;42;
Nyströmska skolan 1;10226870;Söderköping;0582;Kommunal;Söderköpings kommun;2120000464;63;.;33;30;44;32;67;
Nyströmska skolan 2;19839859;Söderköping;0582;Kommunal;Söderköpings kommun;2120000464;50;39;10;1;38;20;..;
Nyströmska skolan 3;37583611;Söderköping;0582;Kommunal;Söderköpings kommun;2120000464;59;16;22;21;47;..;42;
Järna Naturbruksgymnasium;80280597;Södertälje;0181;Enskild;Nibblestiftelsen;8020024405;36;11;11;14;61;..;56;
Morabergs studiecentrum;97651849;Södertälje;0181;Kommunal;Södertälje kommun;2120000159;201;91;70;40;48;92;16;
Mälardalens Tekniska Gymnasium;67628478;Södertälje;0181;Enskild;Mälardalens Tekniska Gymnasium Aktiebolag;5565484754;210;71;68;71;11;14;80;
Novalisgymnasiet;68485877;Södertälje;0181;Enskild;Stiftelsen Novalis;8156008172;63;19;19;25;38;17;51;
NTI Gymnasiet Södertälje;37517404;Södertälje;0181;Enskild;NTI Gymnasiet Macro AB;5561203679;121;32;38;51;..;60;53;
Praktiska Gymnasiet Södertälje;29159460;Södertälje;0181;Enskild;Praktiska Sverige AB;5562575786;293;118;97;78;52;53;32;
S:ta Ragnhildgymnasiet;32057701;Södertälje;0181;Enskild;S:ta Ragnhildgymnasiet AB;5564065687;232;76;81;75;46;64;61;
Torekällgymnasiet;43601850;Södertälje;0181;Kommunal;Södertälje kommun;2120000159;261;97;73;91;31;34;38;
Täljegymnasiet;30615080;Södertälje;0181;Kommunal;Södertälje kommun;2120000159;682;288;205;189;48;74;51;
Vackstanäsgymnasiet;89630851;Södertälje;0181;Enskild;Stiftelsen Otto och Signe Broms Hemskola Å Vackstanäs;8156000690;252;90;82;80;50;11;70;
Örjanskolan gym;70543431;Södertälje;0181;Enskild;Föreningen Örjanskolan;8156005103;67;10;28;29;52;31;85;
Furubygg;29324709;Sölvesborg;1083;Kommunal;Sölvesborgs kommun;2120000852;44;13;16;15;..;..;48;
Furulundsskolan 1;23476801;Sölvesborg;1083;Kommunal;Sölvesborgs kommun;2120000852;184;78;52;54;26;19;55;
Furulundsskolan 2;86351879;Sölvesborg;1083;Kommunal;Sölvesborgs kommun;2120000852;316;95;114;107;55;16;59;
Tanums Gymnasium;14586562;Tanum;1435;Kommunal;Tanums kommun;2120001348;11;7;3;1;..;..;..;
Fågelvikskolans gymnasie;74322969;Tibro;1472;Kommunal;Tibro kommun;2120001660;20;20;.;.;..;..;..;
Olinsgymnasiet Tibro;69360339;Tibro;1472;Enskild;Olinsgymnasiet i Skara AB;5569998932;138;83;54;1;30;12;46;
Rudbecksgymnasiet 1;90260899;Tidaholm;1498;Kommunal;Tidaholms kommun;2120001736;192;64;63;65;32;22;49;
Rudbecksgymnasiet 2;69302313;Tidaholm;1498;Kommunal;Tidaholms kommun;2120001736;81;34;28;19;60;22;38;
Högbergsskolan;31057219;Tierp;0360;Kommunal;Tierps kommun;2120000266;405;171;105;129;41;27;38;
Timrå gymnasium 1;27079521;Timrå;2262;Kommunal;Timrå kommun;2120002395;412;173;115;124;41;11;54;
Timrå gymnasium 2;47864446;Timrå;2262;Kommunal;Timrå kommun;2120002395;27;27;.;.;59;37;37;
Academy of Music and Business Tingsryd;33572033;Tingsryd;0763;Enskild;Academy of Music and Business Education Tingsryd AB;5568792997;122;43;37;42;52;11;60;
Wasaskolan;64579522;Tingsryd;0763;Kommunal;Tingsryds kommun;2120000621;161;49;49;63;32;26;37;
Bollerups Lantbruksinstitut;65234368;Tomelilla;1270;Enskild;Bollerups Lantbruksinstitut;8388001177;189;63;62;64;62;..;75;
Stjerneskolan;34381901;Torsby;1737;Kommunal;Torsby kommun;2120001777;430;135;137;158;45;18;56;
Torsås korrespondensgymnasium 1;55150847;Torsås;0834;Kommunal;Torsås kommun;2120000696;251;55;110;86;65;17;77;
Torsås Korrespondensgymnasium 2;90076461;Torsås;0834;Kommunal;Torsås kommun;2120000696;241;62;106;73;78;18;72;
Tranemo gymnasieskola;60513602;Tranemo;1452;Kommunal;Tranemo kommun;2120001462;317;132;85;100;38;35;42;
Holavedsgymnasiet RO1;14853321;Tranås;0687;Kommunal;Tranås kommun;2120000597;297;108;97;92;64;31;55;
Holavedsgymnasiet RO2;95368476;Tranås;0687;Kommunal;Tranås kommun;2120000597;202;81;51;70;27;22;61;
Holavedsgymnasiet RO3;76342612;Tranås;0687;Kommunal;Tranås kommun;2120000597;244;87;74;83;36;20;62;
Söderslättsgymnasiet;26072400;Trelleborg;1287;Kommunal;Trelleborgs kommun;2120001199;1 108;409;356;343;39;24;58;
Drottning Blankas Gymnasieskola Trollhättan;25156286;Trollhättan;1488;Enskild;DBGY Kronan AB;5565668794;178;60;66;52;83;40;54;
Folkuniversitetets gymnasium i Trollhättan;28081446;Trollhättan;1488;Enskild;Folkuniversitetet Stiftelsen Kursver Ksamheten vid Göteborgs Universitet;8572006313;325;109;105;111;62;14;76;
LBS Kreativa Gymnasiet Trollhättan;21400668;Trollhättan;1488;Enskild;Ljud & Bildskolan LBS AB;5564851649;168;47;68;53;26;13;65;
Magnus Åbergsgymnasiet 1;92949043;Trollhättan;1488;Kommunal;Kunskapsförbundet Väst;2220002998;806;318;248;240;53;34;54;
Nils Ericsonsgymnasiet 1;84329061;Trollhättan;1488;Kommunal;Kunskapsförbundet Väst;2220002998;742;254;253;235;37;38;65;
Nils Ericsonsgymnasiet 2;84225089;Trollhättan;1488;Kommunal;Kunskapsförbundet Väst;2220002998;167;94;50;23;47;56;29;
Praktiska Gymnasiet Trollhättan;71969230;Trollhättan;1488;Enskild;Praktiska Sverige AB;5562575786;144;56;49;39;42;42;31;
Realgymnasiet Trollhättan;42500145;Trollhättan;1488;Enskild;Lärande i Sverige AB;5565715892;88;30;30;28;76;..;68;
Trosa Gymnasium;20862637;Trosa;0488;Kommunal;Trosa kommun;2120002957;10;5;4;1;..;..;..;
Tyresö gymnasium;91048178;Tyresö;0138;Kommunal;Tyresö kommun;2120000092;415;193;132;90;39;34;36;
Mimers Gymnasium Täby;82718660;Täby;0160;Enskild;Adinova AB;5567797831;111;52;28;31;36;15;76;
Praktiska Gymnasiet Täby;76942525;Täby;0160;Enskild;Praktiska Sverige AB;5562575786;200;72;80;48;55;21;51;
Sparre Gymnasium;12399380;Täby;0160;Enskild;Upplevelse Utbildning i Täby AB;5567875413;130;44;30;56;45;26;57;
Tibble Gymnasium Campus Täby;31486865;Täby;0160;Enskild;Tibble Campus Täby AB;5566978556;1 810;613;596;601;54;10;85;
Täby Enskilda gymnasium;97265732;Täby;0160;Enskild;Täby Enskilda Gymnasium AB;5565680112;973;359;310;304;62;16;90;
Täby språkintroduktion;86923395;Täby;0160;Kommunal;Täby kommun;2120000118;31;12;19;.;39;100;..;
Yrkesgymnasiet  Täby;10373112;Täby;0160;Enskild;Täby Yrkesgymnasium AB;5562629179;122;46;36;40;30;26;42;
Åva gymnasium;61720981;Täby;0160;Kommunal;Täby kommun;2120000118;1 395;474;465;456;37;22;80;
Gymn.utb. Töreboda Kanalskola;57446690;Töreboda;1473;Kommunal;Töreboda kommun;2120001678;23;23;.;.;57;48;..;
Naturbruksskolan Sötåsen;25698509;Töreboda;1473;Region;Västra Götalandsregionen;2321000131;147;56;50;41;67;..;52;
Drottning Blankas Gymnasieskola Uddevalla;50424828;Uddevalla;1485;Enskild;DBGY Juvelen AB;5565789129;153;51;44;58;75;44;35;
Tekniska Gymnasiet Uddevalla;82931004;Uddevalla;1485;Enskild;Tekniska Gymnasiet i Sverige AB;5568902653;73;.;24;49;22;55;59;
Uddevalla gymnasieskola, Agneberg EK;95024660;Uddevalla;1485;Kommunal;Uddevalla kommun;2120001397;416;142;138;136;51;24;66;
Uddevalla gymnasieskola, Agneberg GLU;16496466;Uddevalla;1485;Kommunal;Uddevalla kommun;2120001397;189;65;66;58;60;14;50;
Uddevalla gymnasieskola, Agneberg IM;67785826;Uddevalla;1485;Kommunal;Uddevalla kommun;2120001397;124;60;47;17;42;48;31;
Uddevalla gymnasieskola, Agneberg RL;62300682;Uddevalla;1485;Kommunal;Uddevalla kommun;2120001397;75;30;24;21;49;..;57;
Uddevalla gymnasieskola, Agneberg SA;47393891;Uddevalla;1485;Kommunal;Uddevalla kommun;2120001397;261;92;87;82;66;36;54;
Uddevalla gymnasieskola, Agneberg SA/EK internationell;32263814;Uddevalla;1485;Kommunal;Uddevalla kommun;2120001397;15;.;.;15;73;..;80;
Uddevalla gymnasieskola, Agneberg SAFS;48846872;Uddevalla;1485;Kommunal;Uddevalla kommun;2120001397;33;15;10;8;61;..;58;
Uddevalla gymnasieskola, Sinclair BF;83584125;Uddevalla;1485;Kommunal;Uddevalla kommun;2120001397;89;24;30;35;80;20;56;
Uddevalla gymnasieskola, Sinclair ES;11533776;Uddevalla;1485;Kommunal;Uddevalla kommun;2120001397;249;84;87;78;73;13;65;
Uddevalla gymnasieskola, Sinclair FS;12075195;Uddevalla;1485;Kommunal;Uddevalla kommun;2120001397;246;110;83;53;54;28;50;
Uddevalla gymnasieskola, Östrabo 1 IN;71938440;Uddevalla;1485;Kommunal;Uddevalla kommun;2120001397;62;15;27;20;..;16;55;
Uddevalla gymnasieskola, Östrabo 1 TE;28829503;Uddevalla;1485;Kommunal;Uddevalla kommun;2120001397;273;89;89;95;25;19;77;
Uddevalla gymnasieskola, Östrabo 1 VO;97191332;Uddevalla;1485;Kommunal;Uddevalla kommun;2120001397;89;28;28;33;81;53;34;
Uddevalla gymnasieskola, Östrabo Y BA;22811839;Uddevalla;1485;Kommunal;Uddevalla kommun;2120001397;206;74;72;60;9;10;53;
Uddevalla gymnasieskola, Östrabo Y EE;33205596;Uddevalla;1485;Kommunal;Uddevalla kommun;2120001397;89;36;34;19;..;20;48;
Uddevalla gymnasieskola, Östrabo Y FT;19930101;Uddevalla;1485;Kommunal;Uddevalla kommun;2120001397;253;88;84;81;26;6;40;
Uddevalla Gymnasieskola, Östrabo Y GLU;60727136;Uddevalla;1485;Kommunal;Uddevalla kommun;2120001397;43;15;18;10;30;..;56;
Uddevalla gymnasieskola, Östrabo Y HV;45132264;Uddevalla;1485;Kommunal;Uddevalla kommun;2120001397;115;44;34;37;89;10;52;
Uddevalla gymnasieskola, Östrabo Y VF;61647360;Uddevalla;1485;Kommunal;Uddevalla kommun;2120001397;53;19;17;17;..;..;55;
Uddevalla gymnasieskola,Östrabo 1 NA;98651664;Uddevalla;1485;Kommunal;Uddevalla kommun;2120001397;176;64;58;54;60;42;76;
Introduktionsprogrammet;69504751;Ulricehamn;1491;Kommunal;Ulricehamns kommun;2120001579;42;37;4;1;43;45;24;
Tingsholmsgymnasiets nationella program;33657492;Ulricehamn;1491;Kommunal;Ulricehamns kommun;2120001579;437;145;153;139;42;23;60;
Affärsgymnasiet Sports Academy Umeå;69040241;Umeå;2480;Enskild;Edukatus AB;5566139290;113;50;35;28;34;27;60;
Dragonskolan EE;93659517;Umeå;2480;Kommunal;Umeå kommun;2120002627;1;1;.;.;..;..;..;
Dragonskolan GY1;95422674;Umeå;2480;Kommunal;Umeå kommun;2120002627;224;64;69;91;65;19;66;
Dragonskolan GY2;88038823;Umeå;2480;Kommunal;Umeå kommun;2120002627;464;140;133;191;47;9;71;
Dragonskolan GY3;74819699;Umeå;2480;Kommunal;Umeå kommun;2120002627;492;154;164;174;27;8;72;
Dragonskolan GY4;22103276;Umeå;2480;Kommunal;Umeå kommun;2120002627;608;262;169;177;63;20;63;
Dragonskolan VO;17812651;Umeå;2480;Kommunal;Umeå kommun;2120002627;2;1;1;.;..;..;..;
Forslundagymnasiet GY;63451147;Umeå;2480;Kommunal;Umeå kommun;2120002627;193;72;53;68;60;5;60;
Idrottsgymnasiet Dragonskolan;10425474;Umeå;2480;Kommunal;Umeå kommun;2120002627;273;96;95;82;37;15;76;
Maja Beskowgymnasiet GY1;53889000;Umeå;2480;Kommunal;Umeå kommun;2120002627;355;157;94;104;39;21;75;
Maja Beskowgymnasiet GY2;26375935;Umeå;2480;Kommunal;Umeå kommun;2120002627;50;24;26;.;54;100;..;
Midgårdsskolan GY;45652254;Umeå;2480;Kommunal;Umeå kommun;2120002627;758;306;244;208;70;13;79;
Minervagymnasium;23544320;Umeå;2480;Enskild;Minervaskolan i Umeå AB;5565735049;682;268;236;178;48;23;85;
NTI Gymnasiet Umeå;57668673;Umeå;2480;Enskild;NTI Gymnasiet Macro AB;5561203679;136;46;43;47;17;18;69;
Umeå Elitidrottsgymnasium;77713695;Umeå;2480;Kommunal;Umeå kommun;2120002627;395;129;139;127;44;6;88;
Yrkesgymnasiet Umeå;91905819;Umeå;2480;Enskild;Edukatus AB;5566139290;178;67;46;65;51;13;53;
Väsby Nya Gymnasium;20855811;Upplands Väsby;0114;Kommunal;Upplands Väsby kommun;2120000019;521;235;154;132;46;64;49;
Yrkesgymnasiet  Väsby;54882637;Upplands Väsby;0114;Enskild;Väsby Yrkesgymnasium AB;5568089246;147;56;44;47;33;35;31;
Upplands-Brogymnasiet;53923398;Upplands-Bro;0139;Kommunal;Upplands-Bro kommun;2120000100;868;355;247;266;39;38;51;
Affärsgymnasiet Uppsala;90509211;Uppsala;0380;Enskild;Edukatus AB;5566139290;287;90;116;81;52;36;56;
Amerikanska Gymnasiet Uppsala;42063970;Uppsala;0380;Enskild;Amerikanska Gymnasiet i Sverige AB;5590415591;256;95;75;86;58;49;55;
Ansgargymnasiet;74560191;Uppsala;0380;Enskild;Ansgarskolorna AB;5565835146;100;31;37;32;37;43;61;
Bergstrands Gymnasium Uppsala;39147056;Uppsala;0380;Enskild;Bergstrands Gymnasium AB;5566753736;271;111;92;68;23;23;45;
Celsiusskolan;47844862;Uppsala;0380;Kommunal;Uppsala kommun;2120003005;1 055;364;344;347;42;13;80;
Cultus gymnasium;22239675;Uppsala;0380;Enskild;Folkuniversitetet Stiftelsen Kursverksamheten vid Uppsala Universitet;8176007055;94;64;2;28;73;63;27;
Drottning Blankas Gymnasieskola Uppsala;55472112;Uppsala;0380;Enskild;DBGY Juvelen AB;5565789129;287;120;97;70;77;25;57;
Ellen Fries gymnasium;56050416;Uppsala;0380;Kommunal;Uppsala kommun;2120003005;613;267;200;146;45;41;47;
Grillska Gymnasiet Uppsala;36480690;Uppsala;0380;Enskild;Stadsmissionens Skolstiftelse;8020170794;378;137;131;110;33;24;59;
Internationella gymnasiet;32995170;Uppsala;0380;Enskild;Folkuniversitetet Stiftelsen Kursverksamheten vid Uppsala Universitet;8176007055;75;30;18;27;72;69;43;
JENSEN Gymnasium Uppsala;61674097;Uppsala;0380;Enskild;Jensen Education College AB;5566358759;388;140;110;138;57;60;59;
Katedralskolan;32550660;Uppsala;0380;Kommunal;Uppsala kommun;2120003005;1 443;479;495;469;64;29;81;
Kunskapsgymnasiet Uppsala;93488613;Uppsala;0380;Enskild;Kunskapsskolan i Sverige Aktiebolag;5565661815;188;67;62;59;57;82;38;
Lundellska skolan;59599256;Uppsala;0380;Kommunal;Uppsala kommun;2120003005;1 471;535;498;438;53;17;82;
Magelungens Gymnasium Uppsala;45466628;Uppsala;0380;Enskild;Magelungen Utveckling AB;5564891447;140;61;56;23;42;16;69;
NTI Gymnasiet Uppsala;52048443;Uppsala;0380;Enskild;NTI Gymnasiet Ellips AB;5565970471;535;180;175;180;18;30;73;
Praktiska Gymnasiet Uppsala;69865450;Uppsala;0380;Enskild;Praktiska Sverige AB;5562575786;244;91;84;69;22;21;45;
ProCivitas Privata Gymnasium Uppsala;69618988;Uppsala;0380;Enskild;ProCivitas Privata Gymnasium AB;5566157102;278;94;91;93;52;30;70;
Realgymnasiet Uppsala;31112935;Uppsala;0380;Enskild;Lärande i Sverige AB;5565715892;193;67;74;52;95;10;45;
Rosendalsgymnasiet;26957025;Uppsala;0380;Kommunal;Uppsala kommun;2120003005;910;375;286;249;54;31;79;
Uppsala estetiska gymnasium;43277545;Uppsala;0380;Kommunal;Uppsala kommun;2120003005;341;108;114;119;66;13;73;
Uppsala International School (UIS);76938456;Uppsala;0380;Enskild;British International Schools of Sweden AB;5591668248;1;.;.;1;..;..;..;
Uppsala yrkesgymnasium Ekeby;37316242;Uppsala;0380;Kommunal;Uppsala kommun;2120003005;93;35;30;28;52;16;47;
Uppsala yrkesgymnasium Jälla;20173336;Uppsala;0380;Kommunal;Uppsala kommun;2120003005;680;272;215;193;29;11;40;
Yrkesgymnasiet Uppsala;49872493;Uppsala;0380;Enskild;Edukatus AB;5566139290;134;60;30;44;46;53;25;
Uppvidinge Lärcenter;11953769;Uppvidinge;0760;Kommunal;Uppvidinge kommun;2120000605;8;8;.;.;..;..;..;
Fenix Gymnasium 1;32492188;Vaggeryd;0665;Kommunal;Vaggeryds kommun;2120000522;319;109;113;97;42;33;49;
Vallentuna gymnasium;85788659;Vallentuna;0115;Kommunal;Vallentuna kommun;2120000027;456;184;147;125;38;21;51;
Vansbro utbildningscenter gy.;95340745;Vansbro;2021;Kommunal;Vansbro kommun;2120002130;145;55;42;48;57;17;32;
Academy of Music and Business Vara;54382141;Vara;1470;Enskild;Academy of Music and Business Education Vara AB;5590489760;119;34;46;39;50;8;62;
Lagmansgymnasiet1;59521477;Vara;1470;Kommunal;Vara kommun;2120002924;256;94;87;75;47;6;53;
Lagmansgymnasiet2;29221653;Vara;1470;Kommunal;Vara kommun;2120002924;209;94;64;51;26;17;44;
Drottning Blankas Gymnasieskola Varberg;92442684;Varberg;1383;Enskild;DBGY Kronan AB;5565668794;147;47;27;73;68;31;46;
LBS Kreativa Gymnasiet Varberg;66095163;Varberg;1383;Enskild;Ljud & Bildskolan LBS AB;5564851649;80;13;28;39;25;21;60;
Munkagårdsgymnasiet;38544187;Varberg;1383;Region;Region Halland;2321000115;316;118;102;96;55;4;59;
PS Enhet 1;89315947;Varberg;1383;Kommunal;Varbergs kommun;2120001249;615;263;172;180;22;15;51;
PS Enhet 2;63770160;Varberg;1383;Kommunal;Varbergs kommun;2120001249;1 330;483;411;436;54;15;74;
Sveriges Ridgymnasium Varberg;23517683;Varberg;1383;Enskild;Sveriges Ridgymnasium AB;5566814504;87;32;26;29;99;..;66;
Sundsgymnasiet;31975673;Vellinge;1233;Kommunal;Vellinge kommun;2120001033;850;317;269;264;41;12;80;
Njudungsgymnasiet 1;61119556;Vetlanda;0685;Kommunal;Vetlanda kommun;2120000571;87;51;23;13;44;52;23;
Njudungsgymnasiet 2;82251333;Vetlanda;0685;Kommunal;Vetlanda kommun;2120000571;228;89;72;67;24;33;55;
Njudungsgymnasiet 3;99864908;Vetlanda;0685;Kommunal;Vetlanda kommun;2120000571;232;87;85;60;84;27;55;
Njudungsgymnasiet 4;27106031;Vetlanda;0685;Kommunal;Vetlanda kommun;2120000571;280;102;93;85;53;32;51;
Njudungsgymnasiet 5;59463950;Vetlanda;0685;Kommunal;Vetlanda kommun;2120000571;212;82;61;69;19;23;65;
Malgomajskolan 1;63931325;Vilhelmina;2462;Kommunal;Södra Lapplands Gymnasieförbund;2220003293;64;20;23;21;52;30;52;
Malgomajskolan 2;98702729;Vilhelmina;2462;Kommunal;Södra Lapplands Gymnasieförbund;2220003293;193;73;55;65;42;6;53;
Vimmerby gymnasium 1;44586618;Vimmerby;0884;Kommunal;Vimmerby kommun;2120000787;45;30;7;8;47;42;..;
Vimmerby gymnasium 2;57391913;Vimmerby;0884;Kommunal;Vimmerby kommun;2120000787;222;71;76;75;63;32;62;
Vimmerby gymnasium 3;75374280;Vimmerby;0884;Kommunal;Vimmerby kommun;2120000787;157;63;48;46;16;27;52;
Dammsdalskolan gymnasieskola;12807435;Vingåker;0428;Region;Region Sörmland;2321000032;11;5;4;2;..;..;..;
Sundlergymnasiet;46148350;Vårgårda;1442;Kommunal;Vårgårda kommun;2120001454;368;158;109;101;55;31;46;
Birger Sjöberggymnasiet 1;50133877;Vänersborg;1487;Kommunal;Kunskapsförbundet Väst;2220002998;771;268;245;258;46;34;61;
Birger Sjöberggymnasiet 2;49868916;Vänersborg;1487;Kommunal;Kunskapsförbundet Väst;2220002998;121;58;46;17;41;64;21;
Fridagymnasiet, Vänersborg;74919147;Vänersborg;1487;Enskild;Fridaskolorna AB;5564515988;225;72;75;78;52;25;81;
Nuntorpsgymnasiet;16093109;Vänersborg;1487;Enskild;Naturbruk Väst AB;5590475611;69;29;21;19;54;..;48;
Liljaskolan, Järnvägsteknik;33022817;Vännäs;2460;Kommunal;Vännäs kommun;2120002841;35;12;11;12;..;..;66;
Liljaskolan, sektor A;90240730;Vännäs;2460;Kommunal;Vännäs kommun;2120002841;98;18;22;58;23;..;55;
Liljaskolan, sektor B;84908877;Vännäs;2460;Kommunal;Vännäs kommun;2120002841;256;119;85;52;30;13;41;
Liljaskolan, sektor C;78389879;Vännäs;2460;Kommunal;Vännäs kommun;2120002841;160;62;53;45;41;23;58;
Gustavsbergs gymnasium ,G2,;24277564;Värmdö;0120;Kommunal;Värmdö kommun;2120000035;144;71;34;39;53;46;51;
Mälardalens Ridgymnasium Gustavsberg;88956420;Värmdö;0120;Enskild;Mälardalens Ridgymnasium AB;5569516742;53;20;20;13;100;..;68;
Värmdö gymnasium;44412461;Värmdö;0120;Kommunal;Värmdö kommun;2120000035;1 327;487;409;431;44;15;89;
Värmdö Tekniska gymnasieskola;34002355;Värmdö;0120;Enskild;Värmdö Tekniska Utbildningar Aktiebolag, Vtu;5563836757;162;54;55;53;10;23;46;
Finnvedens Gymnasium 1;16577552;Värnamo;0683;Kommunal;Värnamo kommun;2120000555;163;76;49;38;31;36;33;
Finnvedens Gymnasium 2;36355200;Värnamo;0683;Kommunal;Värnamo kommun;2120000555;283;94;94;95;73;41;48;
Finnvedens Gymnasium 3;96920524;Värnamo;0683;Kommunal;Värnamo kommun;2120000555;342;105;121;116;41;27;51;
Finnvedens Gymnasium 4;18217765;Värnamo;0683;Kommunal;Värnamo kommun;2120000555;310;111;107;92;35;34;61;
Gamlebygymnasiet;14677676;Västervik;0883;Enskild;Hushållningssällskapet Kalmar-Kronoberg-Blekinge;2620000071;181;55;69;57;54;..;57;
Västerviks gymnasium Rektorsområde 1;96152872;Västervik;0883;Kommunal;Västerviks kommun;2120000779;241;85;85;71;17;14;54;
Västerviks gymnasium Rektorsområde 2;49576295;Västervik;0883;Kommunal;Västerviks kommun;2120000779;153;44;56;53;71;33;58;
Västerviks gymnasium Rektorsområde 3;70803636;Västervik;0883;Kommunal;Västerviks kommun;2120000779;375;116;134;125;60;19;71;
Västerviks gymnasium Rektorsområde 4;44041939;Västervik;0883;Kommunal;Västerviks kommun;2120000779;215;87;80;48;53;27;33;
Affärsgymnasiet Västerås;18042101;Västerås;1980;Enskild;Edukatus AB;5566139290;215;81;67;67;69;86;31;
Carlforsska gymnasiet;95805896;Västerås;1980;Kommunal;Västerås kommun;2120002080;1 107;385;370;352;61;36;58;
Designgymnasiet Västerås;85993600;Västerås;1980;Enskild;Designgymnasiet i Sverige AB;5569320681;40;40;.;.;78;..;55;
Edströmska;92009807;Västerås;1980;Kommunal;Västerås kommun;2120002080;415;145;149;121;24;13;46;
Grillska Gymnasiet Västerås;10433896;Västerås;1980;Enskild;Stadsmissionens Skolstiftelse;8020170794;571;211;203;157;39;27;73;
Hahrska gymnasiet;10342448;Västerås;1980;Kommunal;Västerås kommun;2120002080;327;129;114;84;8;29;42;
Hitachigymnasiet Västerås;66028861;Västerås;1980;Enskild;Industritekniska Gymnasiet Bergslagen AB;5566081740;376;125;123;128;28;29;89;
JENSEN Gymnasium Västerås;49170638;Västerås;1980;Enskild;Jensen Education College AB;5566358759;199;71;55;73;64;46;55;
KLARA Teoretiska Gymnasium Västerås;69270944;Västerås;1980;Enskild;KLARA Gymnasium Kunskap AB;5566303938;151;40;61;50;67;70;52;
Kopparlundsgymnasiet;46379730;Västerås;1980;Enskild;Västerås Entreprenörsgymnasium;8176058942;145;68;56;21;67;54;48;
Kunskapsgymnasiet Västerås;25379974;Västerås;1980;Enskild;Kunskapsskolan i Sverige Aktiebolag;5565661815;257;91;78;88;68;75;47;
Mälardalens Ridgymnasium Västerås;98032567;Västerås;1980;Enskild;Mälardalens Ridgymnasium Västerås Handelsbolag;9165808479;64;24;25;15;98;..;63;
NTI Gymnasiet Västerås;43154449;Västerås;1980;Enskild;NTI Gymnasiet Ellips AB;5565970471;209;50;72;87;10;27;61;
Praktiska Gymnasiet Västerås;96194948;Västerås;1980;Enskild;Praktiska Sverige AB;5562575786;264;89;84;91;52;25;43;
Realgymnasiet  Västerås;25955541;Västerås;1980;Enskild;Lärande i Sverige AB;5565715892;215;81;72;62;90;5;56;
Rudbeckianska gymnasiet;88025221;Västerås;1980;Kommunal;Västerås kommun;2120002080;1 283;473;436;374;56;40;65;
Skultuna gymnasieenhet;33537203;Västerås;1980;Kommunal;Västerås kommun;2120002080;20;15;4;1;..;..;..;
Tranellska gymnasiet;14799321;Västerås;1980;Kommunal;Västerås kommun;2120002080;248;97;80;71;66;25;48;
Västerås Idrottsgymnasium;45111086;Västerås;1980;Enskild;Västerås Idrottsgymnasium AB;5567802144;80;28;23;29;36;..;71;
Widénska gymnasiet;70955448;Västerås;1980;Kommunal;Västerås kommun;2120002080;586;198;196;192;43;10;81;
Yrkesgymnasiet Västerås;90685868;Västerås;1980;Enskild;Edukatus AB;5566139290;332;117;106;109;51;27;41;
Ingelstadgymnasiet;24501884;Växjö;0780;Enskild;Hushållningssällskapet Kalmar-Kronoberg-Blekinge;2620000071;282;105;90;87;65;4;60;
Katedralskolan 1;46707989;Växjö;0780;Kommunal;Växjö kommun;2120000662;387;120;127;140;54;32;81;
Katedralskolan 2;46986216;Växjö;0780;Kommunal;Växjö kommun;2120000662;204;66;66;72;80;19;73;
Katedralskolan 3;67924816;Växjö;0780;Kommunal;Växjö kommun;2120000662;222;63;64;95;63;26;77;
Katedralskolan 4;92805465;Växjö;0780;Kommunal;Växjö kommun;2120000662;428;130;150;148;56;42;73;
Katedralskolan 5;72276266;Växjö;0780;Kommunal;Växjö kommun;2120000662;118;72;27;19;70;52;54;
Kungsmadskolan 1;56084099;Växjö;0780;Kommunal;Växjö kommun;2120000662;264;89;84;91;66;28;68;
Kungsmadskolan 2;80711021;Växjö;0780;Kommunal;Växjö kommun;2120000662;443;156;160;127;52;26;57;
Kungsmadskolan 3;54927401;Växjö;0780;Kommunal;Växjö kommun;2120000662;137;63;43;31;11;34;42;
Kungsmadskolan 5;17648596;Växjö;0780;Kommunal;Växjö kommun;2120000662;256;88;86;82;9;16;57;
Kungsmadskolan 6;16720048;Växjö;0780;Kommunal;Växjö kommun;2120000662;230;81;77;72;74;11;57;
LBS Kreativa Gymnasiet Växjö;17083056;Växjö;0780;Enskild;Ljud & Bildskolan LBS AB;5564851649;142;54;31;57;34;25;60;
Praktiska Gymnasiet Växjö;39341381;Växjö;0780;Enskild;Praktiska Sverige AB;5562575786;163;74;48;41;29;64;36;
ProCivitas Privata Gymnasium Växjö;61176909;Växjö;0780;Enskild;ProCivitas Privata Gymnasium AB;5566157102;495;169;157;169;43;33;67;
Realgymnasiet i Växjö;50772536;Växjö;0780;Enskild;Lärande i Sverige AB;5565715892;83;41;27;15;88;17;59;
Skanskagymnasiet;43479922;Växjö;0780;Enskild;Skanskaskolan i Växjö AB;5567435994;18;.;.;18;..;..;78;
Teknikum 1;60088179;Växjö;0780;Kommunal;Växjö kommun;2120000662;224;74;84;66;79;47;37;
Teknikum 2;28391147;Växjö;0780;Kommunal;Växjö kommun;2120000662;155;56;50;49;12;43;59;
Teknikum 3;77843821;Växjö;0780;Kommunal;Växjö kommun;2120000662;163;162;1;.;58;45;41;
Teknikum 4;90347955;Växjö;0780;Kommunal;Växjö kommun;2120000662;209;61;74;74;..;33;54;
Växjö Fria Fordongymnasium;29209307;Växjö;0780;Enskild;VFG Utbildning AB;5562496629;232;89;77;66;20;25;38;
Växjö Fria Gymnasium;21778322;Växjö;0780;Enskild;Växjö Fria Gymnasium AB;5565847836;593;201;189;203;57;30;61;
Fria Läroverken i Ystad;31380193;Ystad;1286;Enskild;Gymnasieskolor i Syd AB;5569306979;167;66;57;44;47;31;34;
Praktiska Gymnasiet Ystad;90290154;Ystad;1286;Enskild;Praktiska Sverige AB;5562575786;299;107;103;89;35;21;38;
Ystad Gymnasium, Område 1;25847233;Ystad;1286;Kommunal;Ystad kommun;2120001181;332;116;110;106;70;12;54;
Ystad Gymnasium, Område 2;62612992;Ystad;1286;Kommunal;Ystad kommun;2120001181;319;106;102;111;38;22;65;
Ystad Gymnasium, Område 3;85485803;Ystad;1286;Kommunal;Ystad kommun;2120001181;559;201;179;179;57;12;74;
Ystad Gymnasium, Område 4;16161214;Ystad;1286;Kommunal;Ystad kommun;2120001181;90;55;22;13;39;39;20;
Ystad Gymnasium, Område 5;92816527;Ystad;1286;Kommunal;Ystad kommun;2120001181;414;160;128;126;27;12;53;
Karlbergsgymnasiet 1;16848652;Åmål;1492;Kommunal;Åmåls kommun;2120001587;126;56;33;37;78;37;38;
Karlbergsgymnasiet 2;88429477;Åmål;1492;Kommunal;Åmåls kommun;2120001587;223;78;71;74;70;42;52;
Karlbergsgymnasiet 3;94975733;Åmål;1492;Kommunal;Åmåls kommun;2120001587;244;92;64;88;56;34;56;
Karlbergsgymnasiet 4;65044452;Åmål;1492;Kommunal;Åmåls kommun;2120001587;232;87;74;71;4;28;49;
Bobergsgymnasiet;56802300;Ånge;2260;Kommunal;Ånge kommun;2120002387;228;81;79;68;36;18;43;
Jämtlands Gymn, Åre 1;15149235;Åre;2321;Kommunal;Jämtlands Gymnasieförbund;2220001636;205;63;69;73;50;12;75;
Jämtlands Gymn, Åre 2;48336642;Åre;2321;Kommunal;Jämtlands Gymnasieförbund;2220001636;68;22;18;28;22;15;54;
Årjängs gymnasieskola;77379848;Årjäng;1765;Kommunal;Årjängs kommun;2120001835;56;27;12;17;38;32;29;
Vuxenutbildningscentrum IM;29535640;Åstorp;1277;Kommunal;Åstorps kommun;2120000936;57;51;6;.;65;58;..;
Bildningscentrum Facetten;24538846;Åtvidaberg;0561;Kommunal;Åtvidabergs kommun;2120000415;263;98;73;92;37;19;51;
Haganässkolan 1;67422309;Älmhult;0765;Kommunal;Älmhults kommun;2120000647;399;189;130;80;44;37;49;
Haganässkolan2;67058407;Älmhult;0765;Kommunal;Älmhults kommun;2120000647;21;2;14;5;57;100;48;
Älvdalens Utbildningscentrum;34421265;Älvdalen;2039;Enskild;Älvdalens Utbildningscentrum AB;5567759120;331;119;101;111;29;..;52;
Gymnasieutb. Älvkarleby komvux;49279427;Älvkarleby;0319;Kommunal;Älvkarleby kommun;2120000258;30;23;6;1;37;..;..;
Älvsbyns gymnasium;15791044;Älvsbyn;2560;Kommunal;Älvsbyns kommun;2120002734;147;46;51;50;42;24;48;
Ängelholms gymnasieskola Ro 2;65392939;Ängelholm;1292;Kommunal;Ängelholms kommun;2120000977;558;189;196;173;55;18;72;
Ängelholms gymnasieskola Ro 3;98696836;Ängelholm;1292;Kommunal;Ängelholms kommun;2120000977;217;62;89;66;51;19;52;
Ängelholms gymnasieskola Ro 4;82160887;Ängelholm;1292;Kommunal;Ängelholms kommun;2120000977;358;189;98;71;30;21;42;
Ängelholms gymnasieskola Ro 6;27527812;Ängelholm;1292;Kommunal;Ängelholms kommun;2120000977;327;119;94;114;50;20;75;
Öckerö Seglande gymnasieskola;77358716;Öckerö;1407;Kommunal;Öckerö kommun;2120001280;315;113;103;99;57;3;88;
Affärsgymnasiet Örebro;72071234;Örebro;1880;Enskild;Edukatus AB;5566139290;721;221;259;241;53;54;57;
Drottning Blankas Gymnasieskola Örebro;64648566;Örebro;1880;Enskild;DBGY Juvelen AB;5565789129;311;118;97;96;79;52;34;
Grillska Gymnasiet Örebro;49739986;Örebro;1880;Enskild;Stadsmissionens Skolstiftelse;8020170794;392;131;140;121;27;42;55;
JENSEN Gymnasium Örebro;92192566;Örebro;1880;Enskild;Jensen Education College AB;5566358759;227;81;85;61;68;66;48;
Karolinska gymnasiet;56886667;Örebro;1880;Kommunal;Örebro kommun;2120001967;951;324;324;303;67;21;77;
LBS Kreativa Gymnasiet Örebro;94207720;Örebro;1880;Enskild;Ljud & Bildskolan LBS AB;5564851649;186;50;67;69;38;18;68;
NTI Gymnasiet Örebro;29225010;Örebro;1880;Enskild;NTI Gymnasiet Ellips AB;5565970471;158;57;52;49;16;46;53;
Praktiska Gymnasiet Örebro;18691102;Örebro;1880;Enskild;Praktiska Sverige AB;5562575786;306;123;103;80;10;46;33;
Proffsgymnasiet;70302356;Örebro;1880;Enskild;Proffsgymnasiet Örebro AB;5564869161;167;65;62;40;16;34;25;
Realgymnasiet i Örebro;28482422;Örebro;1880;Enskild;Lärande i Sverige AB;5565715892;129;55;40;34;88;..;60;
Rudbecksgymnasiet;65421426;Örebro;1880;Kommunal;Örebro kommun;2120001967;1 257;475;405;377;62;26;71;
Rudbecksgymnasiet RGD-RGH;62394916;Örebro;1880;Kommunal;Örebro kommun;2120001967;79;28;28;23;57;46;42;
Rytmus Örebro;67908927;Örebro;1880;Enskild;Rytmus AB;5564648979;108;36;35;37;56;9;77;
Tullängsgymnasiet;24349146;Örebro;1880;Kommunal;Örebro kommun;2120001967;987;340;325;322;16;15;63;
Tullängsgymnasiet RGD-RGH;83605345;Örebro;1880;Kommunal;Örebro kommun;2120001967;93;40;25;28;..;46;38;
Virginska gymnasiet;15933512;Örebro;1880;Kommunal;Örebro kommun;2120001967;1 445;771;345;329;59;22;61;
Virginska gymnasiet RGD-RGH;12198363;Örebro;1880;Kommunal;Örebro kommun;2120001967;92;18;44;30;63;52;30;
Yrkesgymnasiet Örebro;47692481;Örebro;1880;Enskild;Edukatus AB;5566139290;212;78;71;63;66;59;28;
Örkelljunga Utb.centrum, gy;64693272;Örkelljunga;1257;Kommunal;Örkelljunga kommun;2120000878;25;20;3;2;..;..;..;
Hampnäs gymnasium;18072172;Örnsköldsvik;2284;Enskild;Impius Vård och Utbildning AB;5566824693;68;23;18;27;31;..;66;
Höga kustens teoretiska gymnasium;65833454;Örnsköldsvik;2284;Enskild;Honesta Gymnasieskolor AB;5590258108;136;62;34;40;56;24;64;
Praktiska Gymnasiet Örnsköldsvik;85188855;Örnsköldsvik;2284;Enskild;Praktiska Sverige AB;5562575786;175;60;65;50;41;15;45;
Örnsköldsviks Gymnasium Alfa;11341077;Örnsköldsvik;2284;Kommunal;Örnsköldsviks kommun;2120002445;146;48;52;46;82;12;64;
Örnsköldsviks Gymnasium Beta;39528347;Örnsköldsvik;2284;Kommunal;Örnsköldsviks kommun;2120002445;202;70;69;63;11;7;59;
Örnsköldsviks Gymnasium Delta;34988313;Örnsköldsvik;2284;Kommunal;Örnsköldsviks kommun;2120002445;231;90;73;68;63;15;68;
Örnsköldsviks Gymnasium Epsilon;56274556;Örnsköldsvik;2284;Kommunal;Örnsköldsviks kommun;2120002445;81;24;27;30;90;22;48;
Örnsköldsviks Gymnasium Gamma;85473846;Örnsköldsvik;2284;Kommunal;Örnsköldsviks kommun;2120002445;154;56;58;40;40;12;54;
Örnsköldsviks Gymnasium Jota;71011494;Örnsköldsvik;2284;Kommunal;Örnsköldsviks kommun;2120002445;139;67;29;43;41;32;34;
Örnsköldsviks Gymnasium Kappa;29744774;Örnsköldsvik;2284;Kommunal;Örnsköldsviks kommun;2120002445;18;5;7;6;..;..;56;
Örnsköldsviks Gymnasium Lambda;89690587;Örnsköldsvik;2284;Kommunal;Örnsköldsviks kommun;2120002445;334;106;92;136;51;9;72;
Örnsköldsviks Gymnasium Omega;28045567;Örnsköldsvik;2284;Kommunal;Örnsköldsviks kommun;2120002445;265;90;88;87;67;11;76;
Örnsköldsviks Gymnasium Sigma;20768651;Örnsköldsvik;2284;Kommunal;Örnsköldsviks kommun;2120002445;204;74;63;67;18;24;59;
Jämtlands Gymn, Fyrvalla 3A;32239920;Östersund;2380;Kommunal;Jämtlands Gymnasieförbund;2220001636;261;93;82;86;31;..;51;
Jämtlands Gymn, Fyrvalla 3B;68310175;Östersund;2380;Kommunal;Jämtlands Gymnasieförbund;2220001636;180;63;60;57;6;11;56;
Jämtlands Gymn, Fyrvalla 3C;33467604;Östersund;2380;Kommunal;Jämtlands Gymnasieförbund;2220001636;236;84;77;75;36;6;58;
Jämtlands Gymn, Wargentin 1A;38880984;Östersund;2380;Kommunal;Jämtlands Gymnasieförbund;2220001636;198;73;66;59;76;42;36;
Jämtlands Gymn, Wargentin 1B;28872974;Östersund;2380;Kommunal;Jämtlands Gymnasieförbund;2220001636;475;160;165;150;36;15;85;
Jämtlands Gymn, Wargentin 1C;85760240;Östersund;2380;Kommunal;Jämtlands Gymnasieförbund;2220001636;44;24;9;11;57;..;70;
Jämtlands Gymn, Wargentin 1D;83581734;Östersund;2380;Kommunal;Jämtlands Gymnasieförbund;2220001636;1;.;1;.;..;..;..;
Jämtlands Gymn, Wargentin 1E;69812576;Östersund;2380;Kommunal;Jämtlands Gymnasieförbund;2220001636;452;159;142;151;50;14;74;
Jämtlands Gymn, Wargentin 2A;18686599;Östersund;2380;Kommunal;Jämtlands Gymnasieförbund;2220001636;308;101;106;101;31;11;79;
Jämtlands Gymn, Wargentin 2B;93779220;Östersund;2380;Kommunal;Jämtlands Gymnasieförbund;2220001636;422;147;139;136;74;14;72;
Jämtlands Gymn, Wargentin 2C;77797484;Östersund;2380;Kommunal;Jämtlands Gymnasieförbund;2220001636;251;108;81;62;59;10;67;
Jämtlands Gymn, Wargentin 2D;53279140;Östersund;2380;Kommunal;Jämtlands Gymnasieförbund;2220001636;243;128;68;47;80;12;48;
Storsjögymnasiet, Östersund;80785976;Östersund;2380;Enskild;Honesta Skolutveckling AB;5569173635;244;86;67;91;45;14;58;
Östersunds Gymnasieskola;47559319;Östersund;2380;Enskild;Östersunds gymnasieskola AB;5567212641;136;51;42;43;56;25;51;
Skärgårdsgymnasiet;56187883;Österåker;0117;Enskild;Au Claves AB;5567284822;471;170;164;137;39;17;47;
Österåkers gymnasium;20752831;Österåker;0117;Kommunal;Österåkers kommun;2120002890;587;204;189;194;44;25;64;
Bruksgymnasiet/Gimo utb.centr.;51023367;Östhammar;0382;Kommunal;Östhammars kommun;2120000290;368;138;117;113;53;15;44;
Vattenfallgymnasiet;34739511;Östhammar;0382;Enskild;Forsmarks Gymnasium AB;5566597885;79;25;25;29;..;..;76;
Wilhelm Haglunds Gymnasium;95069937;Östhammar;0382;Enskild;Gimo UtbildningsAktiebolag;5560614041;44;20;17;7;..;..;45;
Göinge utbildningscenter, Gymnasium;84200045;Östra Göinge;1256;Kommunal;Östra Göinge kommun;2120000860;55;25;26;4;49;60;..;
Gymnasieskolan;55295253;Överkalix;2513;Kommunal;Överkalix kommun;2120002684;2;2;.;.;..;..;..;
Gränsälvsgymnasiet;52690153;Övertorneå;2518;Kommunal;Övertorneå kommun;2120002700;109;34;34;41;45;19;42;

Rapportbeskrivning och definitioner etc.  
  
Rapporten visar antal elever totalt, andel kvinnor, andel med utländsk bakgrund, andel med högutbildade föräldrar samt antal elever i skolår 1 till 3. 
Uppgifterna avser oktober det valda året.
 
Observera att uppgifter avseende kön, utländsk bakgrund samt föräldrarnas utbildningsnivå dubbelprickas om de baseras på färre än 10 elever.
Då visas två prickar (..) istället för utfall. Om data saknas visas en prick (.)  istället för utfall.
 




