Statistik från Skolverket, https://www.skolverket.se

Gymnasieskola - Antal elever
Valt läsår: 2018/19


Skola;Skol-enhetskod;Skolkommun;Kommun-kod;Typ av huvudman;Huvudman;Huvudman orgnr;Antal elever;Antal elever skolår 1;Antal elever skolår 2;Antal elever skolår 3;Andel kvinnor (%);Andel m utl bakgr (%);Andel m högutb föräldrar (%);
Ale gymnasium;17221836;Ale;1440;Kommunal;Ale;2120001439;69;25;28;16;22;59;..;
Lärlingsgymnasiet i Ale;93221031;Ale;1440;Enskild;Lärlingsgymnasiet i Sverige AB;5567628176;240;89;79;72;24;21;29;
Alingsås Yrkesgymnasium;17474377;Alingsås;1489;Enskild;Alingsås Yrkesgymnasium AB;5567290548;62;24;21;17;48;..;42;
Alströmergymnasiet sektor 1;74776778;Alingsås;1489;Kommunal;Alingsås;2120001553;199;68;57;74;48;15;59;
Alströmergymnasiet sektor 2;18345915;Alingsås;1489;Kommunal;Alingsås;2120001553;342;135;110;97;19;20;50;
Alströmergymnasiet sektor 3;68229719;Alingsås;1489;Kommunal;Alingsås;2120001553;259;77;82;100;64;22;50;
Alströmergymnasiet sektor 4;61004230;Alingsås;1489;Kommunal;Alingsås;2120001553;257;93;96;68;52;22;65;
Alströmergymnasiet sektor 5;67768292;Alingsås;1489;Kommunal;Alingsås;2120001553;110;109;.;1;32;74;12;
Allbo Lärcenter;75459583;Alvesta;0764;Kommunal;Alvesta;2120000639;73;27;16;30;56;86;14;
Vasagymnasiet;71262305;Arboga;1984;Kommunal;Arboga;2120002122;383;161;123;99;47;33;49;
Hornavanskolan;55795961;Arjeplog;2506;Kommunal;Arjeplog;2120002668;78;33;22;23;35;49;33;
Sandbackaskolan;84947634;Arvidsjaur;2505;Kommunal;Arvidsjaur;2120002650;204;72;55;77;37;32;31;
Estetiska skolan, gymnasiet;23517336;Arvika;1784;Enskild;Estetiska Skolan Arvika;8740020212;49;10;16;23;80;..;51;
Solbergagymnasiet;48009865;Arvika;1784;Kommunal;Arvika;2120001892;358;133;110;115;58;20;65;
Taserudsgymnasiet;68518617;Arvika;1784;Kommunal;Arvika;2120001892;465;167;154;144;34;28;25;
Karlfeldtgymnasiet ro 1;82840198;Avesta;2084;Kommunal;Avesta;2120002262;313;157;99;57;48;51;32;
Karlfeldtgymnasiet ro 2;18208087;Avesta;2084;Kommunal;Avesta;2120002262;247;103;66;78;23;23;45;
Karlfeldtgymnasiet ro 3;89982804;Avesta;2084;Kommunal;Avesta;2120002262;197;69;68;60;54;17;38;
Strömkullegymnasiet;19464342;Bengtsfors;1460;Kommunal;Bengtsfors;2120001470;205;86;65;54;48;61;34;
Fjällgymnasiet;60743463;Berg;2326;Kommunal;Berg;2120002502;114;35;32;47;39;43;32;
Gymnasieutbildningen i Bjuv;70011480;Bjuv;1260;Kommunal;Bjuv;2120001041;32;32;.;.;38;81;..;
Björknäsgymnasiet sektor 1;32960825;Boden;2582;Kommunal;Boden;2120002767;218;87;66;65;50;26;59;
Björknäsgymnasiet sektor 2;43609520;Boden;2582;Kommunal;Boden;2120002767;91;38;21;32;70;18;49;
Björknäsgymnasiet sektor 3;41416934;Boden;2582;Kommunal;Boden;2120002767;243;94;70;79;16;10;44;
Björknäsgymnasiet sektor 4;97968599;Boden;2582;Kommunal;Boden;2120002767;174;72;52;50;71;10;70;
Björknäsgymnasiet Sektor 5;64685315;Boden;2582;Kommunal;Boden;2120002767;163;163;.;.;19;77;13;
Bollebygds gymnasieskola;35225375;Bollebygd;1443;Kommunal;Bollebygd;2120002973;13;12;1;.;..;..;..;
Friskolan Nytorp;21567982;Bollnäs;2183;Enskild;Friskolan Nytorp AB;5568813561;69;27;23;19;16;..;26;
Hälsingegymnasiet;91748148;Bollnäs;2183;Enskild;Hälsingegymnasiet AB;5567600886;307;119;107;81;41;26;58;
Naturlära i Hälsingland;49379603;Bollnäs;2183;Enskild;NaturLära i Hälsingland AB;5568554314;19;8;8;3;100;..;..;
Nytorps Hästgymnasium;80167319;Bollnäs;2183;Enskild;Nytorps Hästgymnasium AB;5569063455;19;9;2;8;100;..;..;
Torsbergsgymnasiet RO3;42218661;Bollnäs;2183;Kommunal;Hälsinglands utbildningsförbund;2220003111;194;68;55;71;60;32;46;
Torsbergsgymnasiet RO4;73171934;Bollnäs;2183;Kommunal;Hälsinglands utbildningsförbund;2220003111;167;113;31;23;49;64;21;
Torsbergsgymnasiet RO5;83474173;Bollnäs;2183;Kommunal;Hälsinglands utbildningsförbund;2220003111;210;82;64;64;41;17;31;
Ölands Gymnasium 1;91487291;Borgholm;0885;Kommunal;Kalmarsunds gymnasieförbund;8324016453;19;2;17;.;..;100;..;
Erikslundsgymnasiet;21866405;Borlänge;2081;Kommunal;Borlänge;2120002239;178;64;59;55;15;25;30;
Hagagymnasiet;74434644;Borlänge;2081;Kommunal;Borlänge;2120002239;612;214;215;183;61;32;37;
Helixgymnasiet Borlänge;42022406;Borlänge;2081;Enskild;Helixutbildningar AB;5566747290;253;90;90;73;30;35;48;
Hushagsgymnasiet;88445871;Borlänge;2081;Kommunal;Borlänge;2120002239;323;117;104;102;22;9;41;
Introduktionsprogrammen;19100658;Borlänge;2081;Kommunal;Borlänge;2120002239;262;98;105;59;31;76;9;
Rytmus Borlänge;31322470;Borlänge;2081;Enskild;Rytmus AB;5564648979;94;44;50;.;53;..;59;
Soltorgsgymnasiet;65192707;Borlänge;2081;Kommunal;Borlänge;2120002239;513;184;154;175;50;17;69;
Almåsgymnasiet A;18425335;Borås;1490;Kommunal;Borås;2120001561;248;91;82;75;72;28;28;
Almåsgymnasiet B;93281974;Borås;1490;Kommunal;Borås;2120001561;262;95;82;85;67;58;27;
Almåsgymnasiet C;23424275;Borås;1490;Kommunal;Borås;2120001561;220;84;77;59;62;21;38;
Björkängsgymnasiet A;14701551;Borås;1490;Kommunal;Borås;2120001561;117;56;47;14;38;100;..;
Björkängsgymnasiet B;33201730;Borås;1490;Kommunal;Borås;2120001561;132;95;27;10;37;61;16;
Bäckängsgymnasiet A;43634528;Borås;1490;Kommunal;Borås;2120001561;502;179;162;161;58;29;77;
Bäckängsgymnasiet B;36263479;Borås;1490;Kommunal;Borås;2120001561;527;180;170;177;77;21;61;
Bäckängsgymnasiet C;56679384;Borås;1490;Kommunal;Borås;2120001561;220;95;69;56;77;15;54;
Bäckängsgymnasiet D;30538202;Borås;1490;Kommunal;Borås;2120001561;170;78;42;50;67;45;49;
Drottning Blankas Gymnasieskola Borås;19150273;Borås;1490;Enskild;Drottning Blankas Gymnasieskola AB;5565668794;163;69;65;29;75;39;36;
LBS Ljud & Bildskolan Borås;69018222;Borås;1490;Enskild;Ljud & Bildskolan Lbs AB;5564851649;197;78;66;53;26;13;54;
Praktiska Borås;25624692;Borås;1490;Enskild;Praktiska Sverige AB;5562575786;189;84;52;53;15;43;25;
Realgymnasiet Borås;88534520;Borås;1490;Enskild;Lärande i Sverige AB;5565715892;133;50;35;48;82;11;40;
Sven Eriksonsgymnasiet A;12889940;Borås;1490;Kommunal;Borås;2120001561;370;141;111;118;25;25;68;
Sven Eriksonsgymnasiet B;16554575;Borås;1490;Kommunal;Borås;2120001561;232;119;53;60;31;65;39;
Sven Eriksonsgymnasiet C;34076477;Borås;1490;Kommunal;Borås;2120001561;513;175;172;166;45;27;52;
Sven Eriksonsgymnasiet D;54896448;Borås;1490;Kommunal;Borås;2120001561;69;24;23;22;65;..;70;
Viskastrandsgymnasiet A;25356960;Borås;1490;Kommunal;Borås;2120001561;232;78;87;67;13;15;28;
Viskastrandsgymnasiet B;64284020;Borås;1490;Kommunal;Borås;2120001561;274;89;92;93;20;20;34;
Viskastrandsgymnasiet C;98132436;Borås;1490;Kommunal;Borås;2120001561;288;105;88;95;6;13;33;
Viskastrandsgymnasiet D;67692516;Borås;1490;Kommunal;Borås;2120001561;54;54;.;.;..;100;..;
Skyttbrinks gymnasium;60096875;Botkyrka;0127;Kommunal;Botkyrka;2120002882;168;93;35;40;39;58;25;
S:t Botvids gymnasium;97758137;Botkyrka;0127;Kommunal;Botkyrka;2120002882;503;181;182;140;44;89;25;
Södertörns Gymnasium;53400472;Botkyrka;0127;Enskild;STEG för framtiden Aktiebolag;5567538383;76;37;17;22;66;91;29;
Tullinge gymnasium;26334561;Botkyrka;0127;Kommunal;Botkyrka;2120002882;705;250;225;230;51;32;65;
Tumba gymnasium;40386043;Botkyrka;0127;Kommunal;Botkyrka;2120002882;1 257;477;378;402;49;46;53;
Furubygg;29324709;Bromölla;1272;Kommunal;Sölvesborgs-bromöllas kommunalförbund;2220001222;49;18;16;15;..;..;41;
Jämtlands Gymn, Bräcke 4A;26864271;Bräcke;2305;Kommunal;Jämtlands gymnasieförbund;2220001636;82;29;31;22;..;..;33;
Jämtlands Gymn, Bräcke 4B;64411379;Bräcke;2305;Kommunal;Jämtlands gymnasieförbund;2220001636;53;16;23;14;23;85;..;
Gymnasieutbildningen i Burlöv;73416853;Burlöv;1231;Kommunal;Burlöv;2120001025;91;53;33;5;34;89;11;
Akademi Båstad Gymnasium;59483268;Båstad;1278;Kommunal;Båstad;2120000944;217;88;68;61;49;42;41;
Apelrydsskolan;33685428;Båstad;1278;Enskild;Stiftelsen Apelrydsskolan;8024247234;112;39;30;43;68;14;46;
Apelrydsskolan i Båstad;32879845;Båstad;1278;Enskild;Stiftelsen Apelryd International;8024778402;59;24;17;18;71;..;54;
Utsikten, Dals-Eds gymnasium;88573795;Dals-Ed;1438;Kommunal;Dals-Ed;2120001413;96;42;21;33;38;36;34;
Danderyds Gymnasium Ekonomi;20699742;Danderyd;0162;Kommunal;Danderyd;2120000126;499;198;149;152;43;14;83;
Danderyds Gymnasium Naturvetenskap och Teknik;21663998;Danderyd;0162;Kommunal;Danderyd;2120000126;424;144;139;141;26;25;86;
Danderyds Gymnasium Samhällsvetenskap, Naturvetenskap- och Samhällsvetenskap med varianterna bild, m;20595770;Danderyd;0162;Kommunal;Danderyd;2120000126;344;113;115;116;55;15;77;
Marina läroverket i Danderyd;82814120;Danderyd;0162;Enskild;Klart Skepp Marinteknik AB;5565160669;498;173;161;164;42;6;78;
Viktor Rydberg gy. Djursholm;45164827;Danderyd;0162;Enskild;Stiftelsen Viktor Rydbergs Skola;8120005650;535;181;178;176;55;15;93;
Möckelngymnasiet Degerfors;10924758;Degerfors;1862;Kommunal;Karlskoga;2120001991;308;100;143;65;35;44;28;
Individuella Gymnasiet;55711881;Ekerö;0125;Kommunal;Ekerö;2120000050;32;21;9;2;47;50;..;
Eksjö Gymnasium 2;88259298;Eksjö;0686;Kommunal;Eksjö;2120000589;274;107;94;73;38;23;65;
Eksjö Gymnasium 3;73098153;Eksjö;0686;Kommunal;Eksjö;2120000589;337;131;132;74;59;52;37;
Nifsarpsskolan fri;44240250;Eksjö;0686;Enskild;Eksjö Fordonsutbildning AB;5565848537;235;81;79;75;23;8;30;
Vilhelm Mobergsgymnasiet;17846181;Emmaboda;0862;Kommunal;Emmaboda;2120000738;223;81;68;74;32;61;28;
Westerlundska gymnasiet;75082798;Enköping;0381;Kommunal;Enköping;2120000282;1 253;541;358;354;41;30;41;
Grillska Gymnasiet Eskilstuna;23555409;Eskilstuna;0484;Enskild;Stadsmissionens Skolstiftelse;8020170794;644;235;216;193;54;21;54;
Kunskapscompaniets Gymnasium i Eskilstuna;91333138;Eskilstuna;0484;Enskild;Kunskapscompaniet Gymnasium KCGY AB;5561383885;160;65;55;40;27;18;26;
NTI Gymnasiet Eskilstuna;30341162;Eskilstuna;0484;Enskild;Nordens Teknikerinstitut Aktiebolag (Nti);5561203679;172;60;59;53;10;27;47;
Realgymnasiet Eskilstuna;39936461;Eskilstuna;0484;Enskild;Lärande i Sverige AB;5565715892;133;38;50;45;83;10;42;
Rekarnegymnasiet 1;72266906;Eskilstuna;0484;Kommunal;Eskilstuna;2120000357;623;198;223;202;33;28;44;
Rekarnegymnasiet 2;27030026;Eskilstuna;0484;Kommunal;Eskilstuna;2120000357;736;277;223;236;35;44;37;
Rinmangymnasiet RI 1;16950252;Eskilstuna;0484;Kommunal;Eskilstuna;2120000357;684;279;223;182;31;51;44;
Rinmangymnasiet RI 2;34637764;Eskilstuna;0484;Kommunal;Eskilstuna;2120000357;572;216;172;184;57;55;48;
S:t Eskils gymnasium 1;19912478;Eskilstuna;0484;Kommunal;Eskilstuna;2120000357;558;205;184;169;63;47;55;
S:t Eskils gymnasium 2;73255276;Eskilstuna;0484;Kommunal;Eskilstuna;2120000357;368;135;121;112;55;70;20;
Bergagymnasiet;15077883;Eslöv;1285;Kommunal;Eslöv;2120001173;656;322;190;144;39;47;35;
NVU, Brinellskolan 1;32420077;Fagersta;1982;Kommunal;Norra västmanlands utbildningsförbund;2220000927;153;144;9;.;35;83;8;
NVU, Brinellskolan 2;48434184;Fagersta;1982;Kommunal;Norra västmanlands utbildningsförbund;2220000927;401;160;117;124;43;33;33;
Drottning Blankas Gymnasieskola Falkenberg;58724424;Falkenberg;1382;Enskild;Drottning Blankas Gymnasieskola AB;5565668794;148;54;46;48;75;26;34;
Falkenbergs Gymnasieskola 1;95684185;Falkenberg;1382;Kommunal;Falkenberg;2120001231;357;126;111;120;50;53;39;
Falkenbergs Gymnasieskola 2;51138448;Falkenberg;1382;Kommunal;Falkenberg;2120001231;255;109;74;72;68;25;44;
Falkenbergs Gymnasieskola 3;19647256;Falkenberg;1382;Kommunal;Falkenberg;2120001231;188;73;58;57;21;11;38;
Falkenbergs Gymnasieskola 4;56421429;Falkenberg;1382;Kommunal;Falkenberg;2120001231;219;70;73;76;11;18;58;
Falkenbergs Gymnasieskola 5;39911065;Falkenberg;1382;Kommunal;Falkenberg;2120001231;232;80;73;79;58;36;44;
Ållebergsgymnasiet A;17008320;Falköping;1499;Kommunal;Falköping;2120001744;241;93;81;67;32;27;66;
Ållebergsgymnasiet B;56737496;Falköping;1499;Kommunal;Falköping;2120001744;263;99;86;78;47;18;56;
Ållebergsgymnasiet C;88850910;Falköping;1499;Kommunal;Falköping;2120001744;247;92;86;69;40;78;19;
Ållebergsgymnasiet E;93939982;Falköping;1499;Kommunal;Falköping;2120001744;286;94;95;97;63;18;40;
Falu Frigymnasium;25720752;Falun;2080;Enskild;Falu Frigymnasium Aktiebolag;5566112834;398;146;140;112;64;24;61;
Hagströmska gymnasiet Falun;55155562;Falun;2080;Enskild;Hagströmska Gymnasiet AB;5567550461;718;291;229;198;31;10;50;
Kristinegymnasiet RO1;31533003;Falun;2080;Kommunal;Falun;2120002221;278;91;80;107;65;18;51;
Kristinegymnasiet RO2;31429031;Falun;2080;Kommunal;Falun;2120002221;141;55;39;47;77;35;28;
Kristinegymnasiet RO3;16361868;Falun;2080;Kommunal;Falun;2120002221;265;99;92;74;75;13;51;
Lugnetgymnasiet RO1;23164911;Falun;2080;Kommunal;Falun;2120002221;434;154;127;153;42;16;74;
Lugnetgymnasiet RO2;24008049;Falun;2080;Kommunal;Falun;2120002221;197;74;58;65;12;16;44;
Lugnetgymnasiet RO3;72661886;Falun;2080;Kommunal;Falun;2120002221;371;242;66;63;52;41;37;
Mikael Elias Gymnasium, Falun;19981611;Falun;2080;Enskild;Mikael Elias Gymnasium AB;5565583282;92;38;30;24;65;51;35;
Musikkonservatoriet Falun;54481243;Falun;2080;Landsting;Landstinget Dalarna;2321000180;47;11;18;18;49;..;83;
NTI Gymnasiet Falun;36680097;Falun;2080;Enskild;Nordens Teknikerinstitut Aktiebolag (Nti);5561203679;85;18;33;34;19;28;48;
Plusgymnasiet Falun;87756916;Falun;2080;Enskild;Plusgymnasiet AB;5565789129;152;54;53;45;70;38;25;
Praktiska Falun;59734510;Falun;2080;Enskild;Praktiska Sverige AB;5562575786;129;53;44;32;47;23;25;
Spångbergsgymnasiet;19586169;Filipstad;1782;Kommunal;Filipstad;2120001876;407;139;134;134;39;45;26;
Bergska gymnasiet Bergska skolan;17643936;Finspång;0562;Kommunal;Finspång;2120000423;129;112;12;5;20;75;10;
Bergska gymnasiet Bildningen;24273261;Finspång;0562;Kommunal;Finspång;2120000423;261;91;74;96;48;33;40;
Curt Nicolin-gymnasiet;95683850;Finspång;0562;Enskild;Curt Nicolin Gymnasiet AB;5566431044;510;186;174;150;30;13;60;
Prins Wilhelm gymnasiet;59455288;Flen;0482;Kommunal;Flen;2120000332;285;120;86;79;44;69;22;
ForshagaAkademin;82163292;Forshaga;1763;Enskild;ForshagaAkademin AB;5566205737;263;97;88;78;35;23;40;
Gymnasieutbildningen i Gagnef;19599583;Gagnef;2026;Kommunal;Gagnef;2120002155;17;7;9;1;..;71;..;
Gislaveds gymnasium Ekonomisk sektor;25679488;Gislaved;0662;Kommunal;Gislaved;2120000514;353;122;114;117;62;31;38;
Gislaveds gymnasium NEO sektor;25677996;Gislaved;0662;Kommunal;Gislaved;2120000514;374;210;84;80;52;64;31;
Gislaveds gymnasium Teknisk sektor;89888648;Gislaved;0662;Kommunal;Gislaved;2120000514;320;144;90;86;17;31;37;
Motorsportsgymnasiet i Anderstorp;90003262;Gislaved;0662;Enskild;Värmdö Tekniska Utbildningar Aktiebolag, Vtu;5563836757;73;29;18;26;..;..;41;
Stora Segerstad Naturbrukscentrum;88163512;Gislaved;0662;Landsting;Jönköpings Läns Landsting;2321000057;172;57;64;51;33;..;35;
Introduktionsprogram Gnesta kommun;35191755;Gnesta;0461;Kommunal;Gnesta;2120002965;25;16;9;.;..;56;..;
Gnosjöandans kunskapsc. gy;35063170;Gnosjö;0617;Kommunal;Gnosjö;2120000506;256;104;69;83;48;52;32;
Gutegymnasiet;31279294;Gotland;0980;Enskild;Guteskolan AB;5567044267;272;130;68;74;44;36;33;
Wisbygymnasiet;36782335;Gotland;0980;Kommunal;Gotland;2120000803;1 510;667;422;421;45;13;47;
Introduktionsprogrammet Språkintroduktion;42892954;Gullspång;1447;Kommunal;Gullspång;2120001637;18;18;.;.;..;83;..;
Välkommaskolan enhet 1;20666515;Gällivare;2523;Kommunal;Lapplands kommunalförbund;2220000760;185;61;53;71;50;14;48;
Välkommaskolan enhet 2;37906565;Gällivare;2523;Kommunal;Lapplands kommunalförbund;2220000760;184;77;45;62;27;28;34;
Välkommaskolan enhet 3;23063954;Gällivare;2523;Kommunal;Lapplands kommunalförbund;2220000760;182;63;57;62;46;12;37;
Borgarskolan;21648755;Gävle;2180;Kommunal;Gävle;2120002338;879;339;310;230;42;28;47;
Drottning Blankas Gymnasieskola Gävle;11111710;Gävle;2180;Enskild;Plusgymnasiet AB;5565789129;193;79;69;45;79;41;37;
NTI Gymnasiet Gävle;86547467;Gävle;2180;Enskild;Nordens Teknikerinstitut Aktiebolag (Nti);5561203679;20;20;.;.;..;..;55;
Polhemsskolan;90551279;Gävle;2180;Kommunal;Gävle;2120002338;1 526;838;365;323;37;35;42;
Praktiska Gävle;93062368;Gävle;2180;Enskild;Praktiska Sverige AB;5562575786;108;55;27;26;26;54;17;
Realgymnasiet Gävle;69686851;Gävle;2180;Enskild;Lärande i Sverige AB;5565715892;424;152;147;125;64;14;38;
Thoren Business School Gävle;49616977;Gävle;2180;Enskild;Thorengruppen AB;5566139290;246;91;70;85;61;26;44;
Vasaskolan;54965510;Gävle;2180;Kommunal;Gävle;2120002338;1 021;327;327;367;67;32;65;
Yrkesgymnasiet Gävle;90267145;Gävle;2180;Enskild;Thorengruppen AB;5566139290;165;66;54;45;24;19;30;
Angeredsgymnasiet 1;72998905;Göteborg;1480;Kommunal;Göteborg;2120001355;231;118;62;51;55;94;16;
Angeredsgymnasiet 2;84835666;Göteborg;1480;Kommunal;Göteborg;2120001355;222;96;77;49;41;71;28;
Angeredsgymnasiet 3;24685151;Göteborg;1480;Kommunal;Göteborg;2120001355;284;283;1;.;33;100;6;
Angeredsgymnasiet 4;25872338;Göteborg;1480;Kommunal;Göteborg;2120001355;103;38;22;43;49;82;36;
Angeredsgymnasiet 5;54164490;Göteborg;1480;Kommunal;Göteborg;2120001355;179;113;34;32;49;95;26;
Aniaragymnasiet;69481650;Göteborg;1480;Enskild;AF Affärseffekt Framtidsskola AB;5566666789;295;134;84;77;52;45;44;
Aspero Idrottsgymn. Göteborg;20319353;Göteborg;1480;Enskild;Aspero Friskolor AB;5566363973;252;88;81;83;31;28;49;
Bernadottegymnasiet;92194545;Göteborg;1480;Kommunal;Göteborg;2120001355;248;96;88;64;38;14;65;
Bräckegymnasiet 1;88153340;Göteborg;1480;Kommunal;Göteborg;2120001355;213;88;63;62;7;40;28;
Bräckegymnasiet 2;94353434;Göteborg;1480;Kommunal;Göteborg;2120001355;194;70;77;47;6;34;37;
Bräckegymnasiet 4;84978846;Göteborg;1480;Kommunal;Göteborg;2120001355;184;115;39;30;28;61;15;
Bräckegymnasiet 5;11179442;Göteborg;1480;Kommunal;Göteborg;2120001355;127;78;25;24;9;99;..;
Burgårdens Gymnasium 1;59396229;Göteborg;1480;Kommunal;Göteborg;2120001355;312;92;113;107;89;26;40;
Burgårdens Gymnasium 2;95165649;Göteborg;1480;Kommunal;Göteborg;2120001355;289;129;129;31;50;84;15;
Burgårdens Gymnasium 3;64740897;Göteborg;1480;Kommunal;Göteborg;2120001355;192;157;35;.;59;72;17;
Burgårdens Gymnasium 4;78979604;Göteborg;1480;Kommunal;Göteborg;2120001355;190;89;67;34;38;44;52;
Burgårdens Gymnasium 5;69626109;Göteborg;1480;Kommunal;Göteborg;2120001355;362;152;122;88;73;40;35;
Center för språkintroduktion Lindholmen 1;53432700;Göteborg;1480;Kommunal;Göteborg;2120001355;167;114;53;.;44;100;10;
Center för Språkintroduktion Lindholmen 2;22601648;Göteborg;1480;Kommunal;Göteborg;2120001355;122;101;21;.;48;100;..;
Cybergymnasiet Göteborg;85068812;Göteborg;1480;Enskild;Cybergymnasiet Göteborg AB;5565693297;257;95;72;90;38;83;33;
Donnergymnasiet;78397312;Göteborg;1480;Enskild;Donnergymnasiet AB;5565408381;568;198;187;183;65;22;75;
Drottning Blankas Gymnasieskola Göteborg;36444853;Göteborg;1480;Enskild;Drottning Blankas Gymnasieskola AB;5565668794;397;155;122;120;91;21;52;
Ester Mosessons gymnasium 1;15414001;Göteborg;1480;Kommunal;Göteborg;2120001355;234;110;65;59;41;21;47;
Ester Mosessons gymnasium 2;38311488;Göteborg;1480;Kommunal;Göteborg;2120001355;155;92;28;35;48;60;24;
Framtidsgymnasiet Göteborg;16819383;Göteborg;1480;Enskild;Framtidsgymnasiet i Göteborg Aktiebolag;5564781606;377;127;149;101;8;96;11;
GTI:s gymnasieskola;89837629;Göteborg;1480;Enskild;Göteborgs Tekniska Institut Aktiebolag;5562358993;386;125;143;118;46;84;37;
Gymnasieakademin;12994441;Göteborg;1480;Enskild;IEAB International Education AB;5567265979;315;89;101;125;63;73;41;
Göteborgregionens tekniska gy;53660780;Göteborg;1480;Enskild;Göteborgs Tekniska College Aktiebolag;5565706768;473;176;159;138;21;18;69;
Göteborgs Högre Samskola gy.;88774402;Göteborg;1480;Enskild;Stiftelsen Göteborgs Högre Samskola;8572059197;559;198;181;180;63;14;83;
Hermods Gymnasium Göteborg;75141151;Göteborg;1480;Enskild;Hermods Gymnasium AB;5565286696;310;128;110;72;63;46;55;
Hvitfeldtska gymnasiet 1;61701709;Göteborg;1480;Kommunal;Göteborg;2120001355;386;128;129;129;60;25;68;
Hvitfeldtska gymnasiet 2;61469192;Göteborg;1480;Kommunal;Göteborg;2120001355;235;85;74;76;57;14;73;
Hvitfeldtska gymnasiet 3;84306392;Göteborg;1480;Kommunal;Göteborg;2120001355;463;157;148;158;53;34;84;
Hvitfeldtska gymnasiet 4;28627819;Göteborg;1480;Kommunal;Göteborg;2120001355;434;187;133;114;70;37;62;
Hvitfeldtska gymnasiet 5;30086854;Göteborg;1480;Kommunal;Göteborg;2120001355;352;109;127;116;57;42;65;
IHGR-gymnasiet;26627862;Göteborg;1480;Kommunal;Göteborg;2120001355;378;142;112;124;63;52;72;
Ingrid Segerstedts gymnasium;48847282;Göteborg;1480;Enskild;Stiftelsen Ingrid Segerstedts Gymnasium;8572088824;358;125;129;104;78;10;73;
International IT College of Sweden Gothenburg;72517762;Göteborg;1480;Enskild;Edinit AB;5563114445;134;97;22;15;38;88;36;
JENSEN Gymnasium Göteborg;38684438;Göteborg;1480;Enskild;Jensen Education College AB;5566358759;444;176;124;144;53;55;52;
Katrinelundsgymnasiet 1;31251822;Göteborg;1480;Kommunal;Göteborg;2120001355;296;98;99;99;55;46;52;
Katrinelundsgymnasiet 2;90099336;Göteborg;1480;Kommunal;Göteborg;2120001355;8;.;.;8;..;..;..;
Katrinelundsgymnasiet 3;96590873;Göteborg;1480;Kommunal;Göteborg;2120001355;387;161;118;108;79;73;21;
Katrinelundsgymnasiet 4;35647481;Göteborg;1480;Kommunal;Göteborg;2120001355;275;128;92;55;49;66;61;
Katrinelundsgymnasiet 5;39549479;Göteborg;1480;Kommunal;Göteborg;2120001355;376;128;128;120;37;36;59;
Kitas Ekonomi;73147554;Göteborg;1480;Enskild;Kitas utbildning AB;5567097117;259;92;66;101;58;8;68;
Kitas Frisörgymnasium;65752105;Göteborg;1480;Enskild;Kimuo frisörutbildning AB;5567385330;36;14;10;12;97;..;31;
Kitas Gymnasium;69983740;Göteborg;1480;Enskild;Kitas utbildning AB;5567097117;334;102;138;94;69;17;73;
Kitas Natur;66491596;Göteborg;1480;Enskild;Kitas utbildning AB;5567097117;287;98;87;102;50;18;83;
KLARA Teoretiska Gymnasium Göteborg;40690520;Göteborg;1480;Enskild;Mikael Elias Gymnasium AB;5565583282;592;192;232;168;62;30;78;
Kunskapsgymnasiet Göteborg;12052268;Göteborg;1480;Enskild;Kunskapsskolan i Sverige Aktiebolag;5565661815;353;126;112;115;54;81;46;
L M Engströms gymnasium;71597051;Göteborg;1480;Enskild;Peter Isaac Béens Utbildningsstiftelse;8572003666;568;190;188;190;74;8;87;
LBS Ljud & Bildskolan Göteborg;53231578;Göteborg;1480;Enskild;Ljud & Bildskolan Lbs AB;5564851649;441;191;142;108;18;15;65;
Lindholmens tekn gymnasium 1;11274830;Göteborg;1480;Kommunal;Göteborg;2120001355;255;93;81;81;..;36;38;
Lindholmens tekn gymnasium 2;51321260;Göteborg;1480;Kommunal;Göteborg;2120001355;264;112;84;68;5;32;34;
Lindholmens tekn gymnasium 3;96279444;Göteborg;1480;Kommunal;Göteborg;2120001355;334;116;113;105;10;24;68;
Magelungens Gymnasium Göteborg;27268498;Göteborg;1480;Enskild;Magelungen Utveckling AB;5564891447;61;39;20;2;36;..;57;
Motorbranschens Tekniska gymn.;61880907;Göteborg;1480;Kommunal;Göteborg;2120001355;292;127;78;87;9;35;29;
NTI Gymnasiet Johanneberg;79094701;Göteborg;1480;Enskild;IT Gymnasiet Sverige AB;5565970471;477;159;156;162;20;15;78;
NTI Gymnasiet Kronhus;35006050;Göteborg;1480;Enskild;Nordens Teknikerinstitut Aktiebolag (Nti);5561203679;460;184;144;132;22;35;60;
NTI Mediegymnasiet;97382366;Göteborg;1480;Enskild;Nordens Teknikerinstitut Aktiebolag (Nti);5561203679;445;180;131;134;66;25;52;
Peabskolan Göteborg;88886610;Göteborg;1480;Enskild;Peabskolan AB;5564427432;178;49;60;69;6;61;21;
Plusgymnasiet Göteborg;10638939;Göteborg;1480;Enskild;Plusgymnasiet AB;5565789129;242;100;72;70;64;48;36;
Polhemsgymnasiet 1;21505555;Göteborg;1480;Kommunal;Göteborg;2120001355;363;127;130;106;42;31;78;
Polhemsgymnasiet 2;34336190;Göteborg;1480;Kommunal;Göteborg;2120001355;377;130;122;125;47;11;70;
Polhemsgymnasiet 3;21052710;Göteborg;1480;Kommunal;Göteborg;2120001355;387;131;131;125;53;13;82;
Praktiska Göteborg;88556189;Göteborg;1480;Enskild;Praktiska Sverige AB;5562575786;231;110;65;56;28;63;25;
Realgymnasiet Göteborg;35236491;Göteborg;1480;Enskild;Lärande i Sverige AB;5565715892;239;75;86;78;82;8;52;
Rytmus Göteborg;69739484;Göteborg;1480;Enskild;Rytmus AB;5564648979;266;99;82;85;56;12;67;
Schillerska gymnasiet 1;92887917;Göteborg;1480;Kommunal;Göteborg;2120001355;292;104;86;102;80;16;72;
Schillerska gymnasiet 2;88834120;Göteborg;1480;Kommunal;Göteborg;2120001355;338;129;115;94;57;36;54;
Schillerska gymnasiet 3;36748805;Göteborg;1480;Kommunal;Göteborg;2120001355;132;89;37;6;41;61;23;
Schillerska gymnasiet 4;70066748;Göteborg;1480;Kommunal;Göteborg;2120001355;273;99;86;88;65;40;67;
Sigrid Rudebecks gymnasium;19207279;Göteborg;1480;Enskild;Aktiebolaget Sigrid Rudebecks Skola;5563571248;471;175;143;153;70;13;89;
Sjölins Gymnasium Göteborg;53640774;Göteborg;1480;Enskild;Sjölins Gymnasium AB;5563758399;446;158;152;136;43;15;70;
SKF Tekniska Gymnasium;58502307;Göteborg;1480;Enskild;Skf Sverige Aktiebolag;5562408301;91;32;32;27;11;21;70;
Thoren Innovation School Göteborg;97177328;Göteborg;1480;Enskild;Thoren Innovation School AB;5568902653;294;100;79;115;13;34;53;
Västsvenska Gymnasiet;34831349;Göteborg;1480;Enskild;Idrottens Skola i Göteborg AB;5562035906;194;106;88;.;20;91;20;
Yrkesgymnasiet Göteborg;63511898;Göteborg;1480;Enskild;Thorengruppen AB;5566139290;320;163;104;53;38;54;20;
Älvstrandsgymn. komvux;64550468;Hagfors;1783;Kommunal;Hagfors;2120001884;79;79;.;.;30;76;20;
Älvstrandsgymnasiet;72127035;Hagfors;1783;Kommunal;Hagfors;2120001884;341;128;114;99;40;22;32;
Alléskolan 1;70969714;Hallsberg;1861;Kommunal;Sydnärkes utbildningsförbund;2220001180;241;79;68;94;24;16;45;
Alléskolan 2;85003442;Hallsberg;1861;Kommunal;Sydnärkes utbildningsförbund;2220001180;134;64;40;30;70;41;23;
Alléskolan 3;22752398;Hallsberg;1861;Kommunal;Sydnärkes utbildningsförbund;2220001180;281;111;78;92;10;19;23;
Alléskolan 4;68734112;Hallsberg;1861;Kommunal;Sydnärkes utbildningsförbund;2220001180;141;53;38;50;65;18;52;
Alléskolan 5;71922787;Hallsberg;1861;Kommunal;Sydnärkes utbildningsförbund;2220001180;183;71;49;63;51;23;37;
Alléskolan 6;31843016;Hallsberg;1861;Kommunal;Sydnärkes utbildningsförbund;2220001180;200;90;63;47;25;24;24;
Alléskolan 7;74148070;Hallsberg;1861;Kommunal;Sydnärkes utbildningsförbund;2220001180;148;48;48;52;65;30;51;
Alléskolan 8;24357034;Hallsberg;1861;Kommunal;Sydnärkes utbildningsförbund;2220001180;138;31;31;76;28;100;12;
Ridsportsgymnasiet;50696507;Hallstahammar;1961;Enskild;Ridskolan Strömsholm RS AB;5566940408;85;22;32;31;92;..;73;
Aspero Idrottsgymn. Halmstad;92507006;Halmstad;1380;Enskild;Aspero Friskolor AB;5566363973;279;110;84;85;47;6;70;
Drottning Blankas Gymnasieskola Halmstad;44653962;Halmstad;1380;Enskild;Drottning Blankas Gymnasieskola AB;5565668794;197;69;63;65;80;41;38;
Kattegattgymnasiet 1;20100577;Halmstad;1380;Kommunal;Halmstad;2120001215;262;99;87;76;47;21;61;
Kattegattgymnasiet 2;81993306;Halmstad;1380;Kommunal;Halmstad;2120001215;355;118;117;120;12;21;63;
Kattegattgymnasiet 3;19051089;Halmstad;1380;Kommunal;Halmstad;2120001215;375;210;80;85;41;57;60;
Kattegattgymnasiet 4;29097621;Halmstad;1380;Kommunal;Halmstad;2120001215;272;112;87;73;7;16;34;
Kattegattgymnasiet 5;61195886;Halmstad;1380;Kommunal;Halmstad;2120001215;107;41;35;31;11;20;34;
LBS Ljud & Bildskolan Halmstad;47264019;Halmstad;1380;Enskild;Ljud & Bildskolan Lbs AB;5564851649;174;54;39;81;23;19;50;
Praktiska Halmstad;87764775;Halmstad;1380;Enskild;Praktiska Sverige AB;5562575786;226;87;77;62;41;57;23;
Sannarpsgymnasiet 2;50198492;Halmstad;1380;Kommunal;Halmstad;2120001215;339;115;100;124;65;32;53;
Sannarpsgymnasiet 3;48438396;Halmstad;1380;Kommunal;Halmstad;2120001215;278;125;79;74;59;32;52;
Sannarpsgymnasiet 4;98052678;Halmstad;1380;Kommunal;Halmstad;2120001215;318;112;90;116;59;38;61;
Sannarpsgymnasiet 5;95993832;Halmstad;1380;Kommunal;Halmstad;2120001215;99;97;2;.;41;93;27;
Sturegymnasiet 1;20099064;Halmstad;1380;Kommunal;Halmstad;2120001215;268;107;93;68;69;19;59;
Sturegymnasiet 2;44341171;Halmstad;1380;Kommunal;Halmstad;2120001215;189;157;13;19;43;71;15;
Sturegymnasiet 3;77130356;Halmstad;1380;Kommunal;Halmstad;2120001215;101;38;36;27;36;32;31;
Sturegymnasiet 4;32671805;Halmstad;1380;Kommunal;Halmstad;2120001215;176;81;48;47;68;22;41;
Berga naturbruksgymnasium;38448056;Haninge;0136;Landsting;Stockholms Läns Landsting;2321000016;144;67;52;25;83;10;43;
Fredrika Bremergymnasiet;16313848;Haninge;0136;Kommunal;Haninge;2120000084;2 006;823;604;579;34;36;38;
Riksäpplet;79606767;Haninge;0136;Kommunal;Haninge;2120000084;446;149;173;124;38;60;23;
Tornedalsskolan;11294673;Haparanda;2583;Kommunal;Haparanda;2120002775;301;88;102;111;47;44;32;
CLL/Gymnasieutbildningen;86212202;Heby;0331;Kommunal;Heby;2120002049;23;23;.;.;..;100;..;
Martin Koch-gymnasiet;86327236;Hedemora;2083;Kommunal;Hedemora;2120002254;373;213;90;70;43;41;30;
Campeon Frigymnasium;41745951;Helsingborg;1283;Enskild;Campeon Frigymnasium AB;5566264056;213;71;70;72;77;13;76;
Cultura Gymnasium;83137205;Helsingborg;1283;Enskild;Cultura Utbildning AB;5567127237;166;55;56;55;57;90;48;
Drottning Blankas Gymnasieskola Helsingborg Prästgatan;66335258;Helsingborg;1283;Enskild;Drottning Blankas Gymnasieskola AB;5565668794;276;106;91;79;78;31;39;
Drottning Blankas Gymnasieskola Helsingborg S:a Kyrkogatan;28398531;Helsingborg;1283;Enskild;Hermods Design & Construction College AB;5569828451;255;82;92;81;57;44;36;
Filbornaskolan;54172830;Helsingborg;1283;Kommunal;Helsingborg;2120001157;589;257;149;183;37;32;50;
G.O. Kompetens Transportgymnasium;86310217;Helsingborg;1283;Enskild;G.O. Kompetens Transportgymnasium AB;5566412549;147;65;46;36;20;14;16;
Helsingborgs Lärlingsgymnasium;77352223;Helsingborg;1283;Kommunal;Helsingborg;2120001157;207;116;71;20;48;44;29;
Helsingborgs Ridgymnasium;83085136;Helsingborg;1283;Enskild;Humeq Education AB;5565974671;142;42;45;55;96;..;40;
Helsingborgs Sportgymnasium;75458014;Helsingborg;1283;Enskild;Helsingborgs Sportgymnasium AB;5591204101;101;35;36;30;30;32;36;
Impius gymnasium;65136104;Helsingborg;1283;Enskild;Impius Utvecklings AB;5565523858;123;49;34;40;31;11;55;
International school of Hbg/Gy;61826221;Helsingborg;1283;Kommunal;Helsingborg;2120001157;130;48;41;41;58;75;67;
JENSEN Gymnasium Helsingborg;56330385;Helsingborg;1283;Enskild;Jensen Education College AB;5566358759;202;71;51;80;63;78;44;
Johannes Hedberggymnasiet;20228162;Helsingborg;1283;Enskild;Folkuniversitetet Stiftelsen Kurs- Verksamheten Vid Lunds Universitet;8450003481;306;115;97;94;59;31;69;
LBS Ljud & Bildskolan Helsingborg;68240485;Helsingborg;1283;Enskild;Ljud & Bildskolan Lbs AB;5564851649;278;69;103;106;29;18;53;
Mega Musik gymnasium;95046058;Helsingborg;1283;Enskild;Mega Musik Gymnasieskola AB;5565956553;117;41;34;42;60;15;53;
Nicolaiskolan;44392995;Helsingborg;1283;Kommunal;Helsingborg;2120001157;549;230;197;122;68;41;41;
NTI Gymnasiet Helsingborg;79033948;Helsingborg;1283;Enskild;IT Gymnasiet Sverige AB;5565970471;390;138;145;107;15;35;46;
Olympiaskolan;53462953;Helsingborg;1283;Kommunal;Helsingborg;2120001157;611;231;181;199;52;60;44;
Praktiska Helsingborg;69241230;Helsingborg;1283;Enskild;Praktiska Sverige AB;5562575786;119;55;31;33;15;44;26;
ProCivitas Privata Gymnasium Helsingborg;60730660;Helsingborg;1283;Enskild;ProCivitas Privata Gymnasium AB;5566157102;529;180;173;176;64;15;79;
Realgymnasiet Helsingborg;85544331;Helsingborg;1283;Enskild;Lärande i Sverige AB;5565715892;107;40;31;36;69;..;36;
Rönnowska skolan;80327946;Helsingborg;1283;Kommunal;Helsingborg;2120001157;837;372;241;224;18;47;26;
Thoren Business School Helsingborg;82592568;Helsingborg;1283;Enskild;Thorengruppen AB;5566139290;476;154;169;153;55;27;65;
Thoren Innovation School Helsingborg;30359269;Helsingborg;1283;Enskild;Thoren Innovation School AB;5568902653;66;66;.;.;38;41;65;
Tycho Braheskolan;78875918;Helsingborg;1283;Kommunal;Helsingborg;2120001157;553;229;173;151;43;41;59;
Victum Gymnasium;78023197;Helsingborg;1283;Enskild;Victum Gymnasium Aktiebolag;5564889482;193;80;56;57;80;38;29;
Kunskapskällan;86385479;Herrljunga;1466;Kommunal;Herrljunga;2120001520;243;97;84;62;22;28;36;
Individuella programmet;53494028;Hjo;1497;Kommunal;Hjo;2120001728;21;20;.;1;..;..;..;
Björkhagsskolan, gymnasium;40991561;Hofors;2104;Kommunal;Hofors;2120002296;34;11;7;16;41;85;..;
Huddingegymnasiet;49862313;Huddinge;0126;Kommunal;Huddinge;2120000068;566;258;162;146;41;68;39;
NTI Gymnasiet Södertörn;99838438;Huddinge;0126;Enskild;IT Gymnasiet Sverige AB;5565970471;273;88;87;98;9;47;54;
Sjödalsgymnasiet;42859669;Huddinge;0126;Kommunal;Huddinge;2120000068;993;328;339;326;41;50;43;
Sågbäcksgymnasiet;70923626;Huddinge;0126;Kommunal;Huddinge;2120000068;629;311;172;146;37;66;23;
Yrkesgymnasiet Huddinge;92905347;Huddinge;0126;Enskild;Thorengruppen AB;5566139290;239;97;71;71;30;49;28;
Östra gymnasiet;99592025;Huddinge;0126;Kommunal;Huddinge;2120000068;830;338;254;238;47;32;64;
Bromangymnasiet 1;34247736;Hudiksvall;2184;Kommunal;Hudiksvall;2120002379;398;170;106;122;67;19;51;
Bromangymnasiet 2;47550455;Hudiksvall;2184;Kommunal;Hudiksvall;2120002379;601;224;201;176;36;21;46;
Bromangymnasiet 3;30329172;Hudiksvall;2184;Kommunal;Hudiksvall;2120002379;173;86;45;42;13;14;44;
Bromangymnasiet 4;82423815;Hudiksvall;2184;Kommunal;Hudiksvall;2120002379;174;174;.;.;29;72;10;
Hudikgymnasiet;76877530;Hudiksvall;2184;Enskild;Hudiksvalls Gymnasieskola AB;5590053723;129;34;42;53;53;16;50;
Hultsfreds gymnasium 1;47046103;Hultsfred;0860;Kommunal;Hultsfred;2120000712;197;76;64;57;33;36;30;
Hultsfreds gymnasium 2;56664512;Hultsfred;0860;Kommunal;Hultsfred;2120000712;175;73;56;46;35;81;13;
Hultsfreds gymnasium 3;38167912;Hultsfred;0860;Kommunal;Hultsfred;2120000712;132;55;39;38;55;33;38;
IM Gymnasieenhet;83501757;Hylte;1315;Kommunal;Hylte;2120001207;91;28;32;31;35;95;13;
Labora Gymnasium;43826783;Hylte;1315;Enskild;Laboraskolan AB;5566657515;22;10;7;5;45;45;..;
Fridegårdsgymnasiet;58125096;Håbo;0305;Kommunal;Håbo;2120000241;460;214;139;107;49;24;48;
Fridegårdsgymnasiet- AST-programmen;82914148;Håbo;0305;Kommunal;Håbo;2120000241;73;37;21;15;32;15;56;
Pihlskolan gymnasium;20620556;Hällefors;1863;Kommunal;Hällefors;2120001942;143;77;45;21;31;68;16;
Härjedalens gymnasium;17173461;Härjedalen;2361;Kommunal;Härjedalen;2120002510;231;67;90;74;41;37;31;
Härnösands gymnasium 1;55535552;Härnösand;2280;Kommunal;Härnösand;2120002403;256;216;21;19;42;71;27;
Härnösands gymnasium 2;19560192;Härnösand;2280;Kommunal;Härnösand;2120002403;260;96;83;81;41;18;37;
Härnösands gymnasium 3;30468157;Härnösand;2280;Kommunal;Härnösand;2120002403;369;123;114;132;49;18;70;
Hulebäcksgymnasiet 1;98053087;Härryda;1401;Kommunal;Härryda;2120001264;262;97;79;86;37;14;50;
Hulebäcksgymnasiet 2;92533079;Härryda;1401;Kommunal;Härryda;2120001264;215;77;55;83;75;12;72;
Hulebäcksgymnasiet 3;61528940;Härryda;1401;Kommunal;Härryda;2120001264;332;122;92;118;50;17;88;
Hulebäcksgymnasiet 4;23681822;Härryda;1401;Kommunal;Härryda;2120001264;346;172;88;86;47;25;60;
Hulebäcksgymnasiet 5;66861851;Härryda;1401;Kommunal;Härryda;2120001264;364;123;109;132;62;12;70;
Hulebäcksgymnasiet 6;72206824;Härryda;1401;Kommunal;Härryda;2120001264;181;62;57;62;22;6;90;
Hässleholms Tekniska Skola;92858957;Hässleholm;1293;Kommunal;Hässleholm;2120000985;920;330;293;297;54;26;59;
IM Jacobsskolan;23372675;Hässleholm;1293;Kommunal;Hässleholm;2120000985;112;58;33;21;46;99;11;
Jacobsskolan;46660042;Hässleholm;1293;Kommunal;Hässleholm;2120000985;480;193;156;131;31;29;34;
Norrängsskolan;33678402;Hässleholm;1293;Kommunal;Hässleholm;2120000985;37;8;7;22;..;..;30;
Kullagymnasiet 1;44113417;Höganäs;1284;Kommunal;Höganäs;2120001165;250;131;62;57;16;38;46;
Kullagymnasiet 2;43627097;Höganäs;1284;Kommunal;Höganäs;2120001165;238;85;75;78;51;18;67;
Högsby utbildningscenter;67783774;Högsby;0821;Kommunal;Högsby;2120000688;122;91;16;15;43;80;11;
Hörby Lärcenter, Gymnasieutb.;95324620;Hörby;1266;Kommunal;Hörby;2120001108;41;18;13;10;29;83;24;
Hörby Yrkesgymnasium;38917647;Hörby;1266;Enskild;Hörby Yrkesgymnasium AB;5568212939;46;12;15;19;..;24;..;
Gymnasieutbildningen i Höör;45101776;Höör;1267;Kommunal;Höör;2120001116;37;21;11;5;27;51;..;
Karolinaskolan;21363125;Höör;1267;Enskild;Föreningen Fogdaröd omsorg, vård & utbildning utan personligt ansvar;7420002045;25;13;5;7;..;..;40;
Bokenskolan;39555838;Jokkmokk;2510;Kommunal;Lapplands kommunalförbund;2220000760;132;58;43;31;40;39;39;
Didaktus Jakobsberg;85214294;Järfälla;0123;Enskild;Didaktus Skolor AB;5564732856;432;185;128;119;61;85;25;
Järfälla gymnasium;82084961;Järfälla;0123;Kommunal;Järfälla;2120000043;1 055;503;260;292;30;61;38;
Järfälla Vägledningsc. IMIND;23849498;Järfälla;0123;Kommunal;Järfälla;2120000043;22;22;.;.;50;..;..;
Bäckadalsgymn RO 1;46162400;Jönköping;0680;Kommunal;Jönköping;2120000530;277;99;92;86;4;24;51;
Bäckadalsgymn RO 2;39565412;Jönköping;0680;Kommunal;Jönköping;2120000530;202;57;55;90;19;78;9;
Bäckadalsgymn RO 3;98369689;Jönköping;0680;Kommunal;Jönköping;2120000530;240;82;84;74;18;12;28;
Bäckadalsgymn RO 4;56529916;Jönköping;0680;Kommunal;Jönköping;2120000530;244;98;78;68;23;9;32;
Bäckadalsgymn RO 5;40810950;Jönköping;0680;Kommunal;Jönköping;2120000530;137;86;27;24;60;20;42;
Drottning Blankas Gymnasieskola Jönköping;12279302;Jönköping;0680;Enskild;Plusgymnasiet AB;5565789129;217;88;55;74;76;47;30;
Erik Dahlbergsgymnasiet Ro 1;67279263;Jönköping;0680;Kommunal;Jönköping;2120000530;374;127;126;121;21;21;75;
Erik Dahlbergsgymnasiet RO 2;40037982;Jönköping;0680;Kommunal;Jönköping;2120000530;225;129;52;44;64;60;23;
Erik Dahlbergsgymnasiet RO 3;51210136;Jönköping;0680;Kommunal;Jönköping;2120000530;369;125;122;122;56;32;80;
Erik Dahlbergsgymnasiet RO 4;73829818;Jönköping;0680;Kommunal;Jönköping;2120000530;271;92;88;91;41;17;63;
Erik Dahlbergsgymnasiet RO 5;60881275;Jönköping;0680;Kommunal;Jönköping;2120000530;222;95;63;64;68;22;63;
Grennaskolan GY;54395430;Jönköping;0680;Kommunal;Jönköping;2120000530;8;.;.;8;..;..;..;
JENSEN Gymnasium Jönköping;18881773;Jönköping;0680;Enskild;Jensen Education College AB;5566358759;64;23;24;17;56;52;45;
Kungsgymnasiet;50908408;Jönköping;0680;Enskild;Jönköpings Kristna Skolförening;8260017648;60;20;26;14;50;33;48;
LBS Ljud & Bildskolan Jönköping;18594470;Jönköping;0680;Enskild;Ljud & Bildskolan Lbs AB;5564851649;244;92;68;84;26;18;55;
Magelungens Gymnasium Jönköping;69271071;Jönköping;0680;Enskild;Magelungen Utveckling AB;5564891447;38;19;10;9;32;..;58;
Mottagningsskola gymn;54946505;Jönköping;0680;Kommunal;Jönköping;2120000530;21;21;.;.;..;100;..;
Per Brahegymnasiet RO 1;78295411;Jönköping;0680;Kommunal;Jönköping;2120000530;464;231;127;106;57;35;53;
Per Brahegymnasiet RO 2;80686587;Jönköping;0680;Kommunal;Jönköping;2120000530;421;174;143;104;66;35;64;
Per Brahegymnasiet RO 3;72232853;Jönköping;0680;Kommunal;Jönköping;2120000530;282;99;95;88;81;11;72;
Praktiska Jönköping;17849518;Jönköping;0680;Enskild;Praktiska Sverige AB;5562575786;111;62;31;18;15;44;14;
Sandagymnasiet RO 1 Ny fr lå 17/18;64205087;Jönköping;0680;Kommunal;Jönköping;2120000530;404;128;123;153;45;18;64;
Sandagymnasiet RO 2 Ny fr lå 17/18;50500028;Jönköping;0680;Kommunal;Jönköping;2120000530;270;96;84;90;63;25;55;
Sandagymnasiet RO 4 Ny fr lå 17/18;94570025;Jönköping;0680;Kommunal;Jönköping;2120000530;134;27;52;55;42;21;43;
Sandagymnasiet RO 5;91984508;Jönköping;0680;Kommunal;Jönköping;2120000530;328;134;117;77;50;33;54;
Tenhults naturbruksgymnasium;78659008;Jönköping;0680;Landsting;Jönköpings Läns Landsting;2321000057;194;75;57;62;79;7;44;
Vettergymnasiet Jönköping;12448823;Jönköping;0680;Enskild;Wetterbygdens Gymnasium AB;5567507420;75;45;20;10;20;45;28;
Furuhed 3;73008905;Kalix;2514;Kommunal;Kalix;2120002692;37;24;10;3;43;..;35;
Furuhedsskolan 1;40667807;Kalix;2514;Kommunal;Kalix;2120002692;252;105;85;62;46;30;37;
Furuhedsskolan 2;18091973;Kalix;2514;Kommunal;Kalix;2120002692;326;100;110;116;41;10;52;
Calmare Internationella Skola;88466776;Kalmar;0880;Enskild;CIS Kalmar AB;5565896213;190;52;72;66;56;25;66;
Dag Hammarskjöld Gymnasiet;36539945;Kalmar;0880;Enskild;Stiftelsen Kalmar Waldorfskola;8324012288;14;5;7;2;..;..;..;
Fria Läroverken i Kalmar;40634612;Kalmar;0880;Enskild;Gymnasieskolor i Syd AB;5569306979;183;59;65;59;42;29;43;
Jenny Nyströmsskolan 1 HT, IM;62439199;Kalmar;0880;Kommunal;Kalmarsunds gymnasieförbund;8324016453;148;103;22;23;48;65;28;
Jenny Nyströmsskolan 2 ES, RL;66132676;Kalmar;0880;Kommunal;Kalmarsunds gymnasieförbund;8324016453;311;121;91;99;74;14;51;
Jenny Nyströmsskolan 3 NA, GYSÄR;57942242;Kalmar;0880;Kommunal;Kalmarsunds gymnasieförbund;8324016453;94;30;29;35;54;44;62;
Jenny Nyströmsskolan 4 BF, VO;80762863;Kalmar;0880;Kommunal;Kalmarsunds gymnasieförbund;8324016453;249;95;89;65;68;35;31;
Lars Kaggskolan 1 NA, HV;77688926;Kalmar;0880;Kommunal;Kalmarsunds gymnasieförbund;8324016453;377;127;138;112;69;18;71;
Lars Kaggskolan 2 TE, VF;14508922;Kalmar;0880;Kommunal;Kalmarsunds gymnasieförbund;8324016453;379;139;136;104;24;16;68;
Lars Kaggskolan 3 IM;89409574;Kalmar;0880;Kommunal;Kalmarsunds gymnasieförbund;8324016453;190;190;.;.;33;83;14;
Lars Kaggskolan 4 BA, EE, FT;69629086;Kalmar;0880;Kommunal;Kalmarsunds gymnasieförbund;8324016453;380;145;114;121;6;10;40;
Naturbruksgymnasiet Kalmar 1;88624631;Kalmar;0880;Enskild;Hushållningssällskapet Kalmar-Kronoberg-Blekinge;2620000071;91;46;21;24;63;..;36;
Naturbruksgymnasiet Kalmar 2;35390185;Kalmar;0880;Enskild;Hushållningssällskapet Kalmar-Kronoberg-Blekinge;2620000071;15;5;5;5;..;..;..;
Plusgymnasiet Kalmar;37358234;Kalmar;0880;Enskild;Plusgymnasiet AB;5565789129;19;.;3;16;95;..;..;
Praktiska Kalmar;31657916;Kalmar;0880;Enskild;Praktiska Sverige AB;5562575786;126;52;40;34;48;32;28;
Stagneliusskolan 1 SA, SA-A, HA-A, IMIND-A;21008461;Kalmar;0880;Kommunal;Kalmarsunds gymnasieförbund;8324016453;248;81;82;85;57;16;60;
Stagneliusskolan 2 EK, HA;54606928;Kalmar;0880;Kommunal;Kalmarsunds gymnasieförbund;8324016453;492;180;174;138;54;21;57;
Stagneliusskolan 3, SA;53893730;Kalmar;0880;Kommunal;Kalmarsunds gymnasieförbund;8324016453;382;151;121;110;59;14;64;
SYAB Transportgymnasium;46241804;Kalmar;0880;Enskild;SYAB Transportgymnasium AB;5567290035;107;38;36;33;16;..;31;
Vuxenutbildningen i Karlsborg och Karlsborgs gymnasieskola;55870331;Karlsborg;1446;Kommunal;Karlsborg;2120001629;25;23;1;1;..;100;..;
Fria Läroverken i Karlshamn;42573391;Karlshamn;1082;Enskild;Gymnasieskolor i Syd AB;5569306979;107;33;48;26;50;16;45;
Vägga gymnasieskola 1b;21673083;Karlshamn;1082;Kommunal;Karlshamn;2120000845;141;43;50;48;27;79;9;
Vägga gymnasieskola 2;64574972;Karlshamn;1082;Kommunal;Karlshamn;2120000845;277;96;107;74;69;21;49;
Vägga gymnasieskola 3;19741742;Karlshamn;1082;Kommunal;Karlshamn;2120000845;270;104;78;88;41;19;46;
Vägga gymnasieskola 4;29032715;Karlshamn;1082;Kommunal;Karlshamn;2120000845;303;95;115;93;33;24;62;
Karlskoga Idrottsgymnasium;45830583;Karlskoga;1883;Enskild;Karlskoga Idrottsgymnasium AB;5567823611;57;25;26;6;58;..;61;
Möckelngymnasiet Ro 2;48931433;Karlskoga;1883;Kommunal;Karlskoga;2120001991;302;107;97;98;63;20;53;
Möckelngymnasiet Ro 3;97270136;Karlskoga;1883;Kommunal;Karlskoga;2120001991;307;235;39;33;45;48;21;
Möckelngymnasiet Ro 4;19909435;Karlskoga;1883;Kommunal;Karlskoga;2120001991;237;82;79;76;10;14;48;
af Chapmangymnasiet;30530571;Karlskrona;1080;Kommunal;Karlskrona;2120000829;768;292;234;242;59;14;63;
Aspero Idrottsgymn. Karlskrona;78839208;Karlskrona;1080;Enskild;Aspero Friskolor AB;5566363973;191;75;56;60;51;7;76;
Ehrensvärdska gymnasiet;96024712;Karlskrona;1080;Kommunal;Karlskrona;2120000829;624;238;208;178;50;23;69;
Fischerströmska gymnasiet;36845597;Karlskrona;1080;Kommunal;Karlskrona;2120000829;266;202;48;16;32;77;15;
Mikael Elias Gymnasium, Karlskrona;30458073;Karlskrona;1080;Enskild;Mikael Elias Gymnasium AB;5565583282;7;.;.;7;..;..;..;
Praktiska Karlskrona;40829056;Karlskrona;1080;Enskild;Praktiska Sverige AB;5562575786;97;13;41;43;40;37;27;
Törnströmska gymnasiet;85800840;Karlskrona;1080;Kommunal;Karlskrona;2120000829;475;189;124;162;23;10;52;
Fria Läroverken Karlstad;27115998;Karlstad;1780;Enskild;Fria Läroverken i Sverige AB;5569172041;527;167;206;154;41;11;58;
KLARA Teoretiska Gymnasium Karlstad;79516949;Karlstad;1780;Enskild;Klaragymnasium AB;5566303938;392;138;131;123;57;23;65;
Lillerudsgymnasiet;65662401;Karlstad;1780;Enskild;Lillerudsgymnasiet AB;5566243548;220;88;62;70;85;7;47;
Nobelgymnasiet;39583059;Karlstad;1780;Kommunal;Karlstad;2120001850;1 042;384;334;324;32;29;31;
NTI Gymnasiet Karlstad;41867682;Karlstad;1780;Enskild;IT Gymnasiet Sverige AB;5565970471;124;41;42;41;..;23;46;
Praktiska Karlstad;38645259;Karlstad;1780;Enskild;Praktiska Sverige AB;5562575786;225;98;72;55;41;34;24;
Sundstagymnasiet;96684210;Karlstad;1780;Kommunal;Karlstad;2120001850;925;327;305;293;73;16;71;
Thoren Business School Karlstad;87207941;Karlstad;1780;Enskild;Thorengruppen AB;5566139290;319;87;111;121;54;19;61;
Tingvallagymnasiet;11673760;Karlstad;1780;Kommunal;Karlstad;2120001850;728;296;223;209;59;26;47;
Älvkullegymnasiet;46574937;Karlstad;1780;Kommunal;Karlstad;2120001850;983;325;346;312;39;27;75;
Duveholmsgymnasiet 1;23836342;Katrineholm;0483;Kommunal;Katrineholm;2120000340;500;170;187;143;57;54;35;
Duveholmsgymnasiet 3;10193789;Katrineholm;0483;Kommunal;Katrineholm;2120000340;28;11;13;4;43;..;..;
Katrineholms Tekniska College 1;63791419;Katrineholm;0483;Kommunal;Katrineholm;2120000340;304;112;102;90;53;42;42;
Katrineholms Tekniska College 2;39805497;Katrineholm;0483;Kommunal;Katrineholm;2120000340;223;84;81;58;13;21;43;
Lindengymnasiet;38400227;Katrineholm;0483;Kommunal;Katrineholm;2120000340;369;141;113;115;46;19;48;
KInda lärcentrum;94660328;Kinda;0513;Kommunal;Kinda;2120000399;13;2;11;.;..;100;..;
Hjalmar Lundbohmsskolan enhet 1;81619482;Kiruna;2584;Kommunal;Lapplands kommunalförbund;2220000760;215;77;70;68;48;17;60;
Hjalmar Lundbohmsskolan enhet 2;83829189;Kiruna;2584;Kommunal;Lapplands kommunalförbund;2220000760;151;56;54;41;34;9;30;
Hjalmar Lundbohmsskolan enhet 3;46145886;Kiruna;2584;Kommunal;Lapplands kommunalförbund;2220000760;228;82;78;68;42;12;38;
Hjalmar Lundbohmsskolan enhet 4;12395564;Kiruna;2584;Kommunal;Lapplands kommunalförbund;2220000760;159;58;48;53;59;38;31;
Rymdgymnasiet;90006712;Kiruna;2584;Enskild;Malmens Friskola AB;5565528022;84;30;25;29;44;14;82;
Flygteknikcenter, Ljungbyhed;43649848;Klippan;1276;Kommunal;Klippan;2120000928;67;24;23;20;..;22;69;
Segragymnasiet Klippan;75344502;Klippan;1276;Enskild;Sveriges Naturbruksgymnasium AB;5569162562;116;48;36;32;70;..;34;
Tegelbruksskolan;84247499;Klippan;1276;Kommunal;Klippan;2120000928;336;132;107;97;14;19;26;
Åbyskolan 1;27041885;Klippan;1276;Kommunal;Klippan;2120000928;150;56;45;49;65;36;24;
Åbyskolan 2;39149668;Klippan;1276;Kommunal;Klippan;2120000928;270;105;80;85;53;28;50;
Åbyskolan 3;13509408;Klippan;1276;Kommunal;Klippan;2120000928;158;57;58;43;35;82;8;
Sjögrenska gymnasiet;97064126;Knivsta;0330;Kommunal;Knivsta;2120003013;83;40;28;15;40;88;..;
Räddningsgymnasiet Sandö;38233622;Kramfors;2282;Kommunal;Kramfors;2120002429;66;18;18;30;61;17;67;
Ådalsskolan 2;48722826;Kramfors;2282;Kommunal;Kramfors;2120002429;635;315;176;144;45;33;34;
Academy of Retail and Business (ARB);85014247;Kristianstad;1290;Enskild;Academy of Retail and Business Education Kristianstad AB;5569863433;29;29;.;.;..;..;52;
Christian 4:s Gymnasium ES;73063662;Kristianstad;1290;Kommunal;Kristianstad;2120000951;171;53;54;64;71;17;64;
Christian 4:s Gymnasium HA, HT;20734425;Kristianstad;1290;Kommunal;Kristianstad;2120000951;22;22;.;.;73;..;..;
Christian 4:s Gymnasium IM;71073360;Kristianstad;1290;Kommunal;Kristianstad;2120000951;54;52;.;2;35;20;39;
Drottning Blankas Gymnasieskola Kristianstad;67554405;Kristianstad;1290;Enskild;Plusgymnasiet AB;5565789129;566;211;193;162;68;31;39;
Framtidsgymnasiet Kristianstad;71571158;Kristianstad;1290;Enskild;Framtidsgymnasiet i Sverige AB;5565755500;342;146;121;75;8;75;12;
LBS Ljud & Bildskolan Kristianstad;43251309;Kristianstad;1290;Enskild;Ljud & Bildskolan Lbs AB;5564851649;150;74;38;38;15;21;59;
Milnergymnasiet BF, HV, VO;97596286;Kristianstad;1290;Kommunal;Kristianstad;2120000951;296;111;99;86;76;28;40;
NTI Gymnasiet Kristianstad;53691739;Kristianstad;1290;Enskild;IT Gymnasiet Sverige AB;5565970471;154;53;48;53;..;53;39;
Praktiska Kristianstad;86473502;Kristianstad;1290;Enskild;Praktiska Sverige AB;5562575786;112;45;34;33;62;56;21;
Söderportgymnasiet EK;59849681;Kristianstad;1290;Kommunal;Kristianstad;2120000951;96;93;3;.;58;18;70;
Söderportgymnasiet HA, IB, NA;98239050;Kristianstad;1290;Kommunal;Kristianstad;2120000951;195;61;62;72;57;63;52;
Söderportgymnasiet HU, SA;73944169;Kristianstad;1290;Kommunal;Kristianstad;2120000951;464;93;204;167;56;23;65;
Söderportgymnasiet IM;13520728;Kristianstad;1290;Kommunal;Kristianstad;2120000951;125;125;.;.;27;95;13;
Söderportgymnasiet RG;94455820;Kristianstad;1290;Kommunal;Kristianstad;2120000951;14;2;3;9;..;..;..;
Wendesgymnasiet BA, HV;58368956;Kristianstad;1290;Kommunal;Kristianstad;2120000951;178;58;61;59;..;10;38;
Wendesgymnasiet FT, VF;73567152;Kristianstad;1290;Kommunal;Kristianstad;2120000951;169;61;48;60;10;14;38;
Önnestadsgymnasiet;61547652;Kristianstad;1290;Enskild;Hushållningssällskapets Kompetensutveckling i Syd AB (HUSKAB);5567502777;168;61;57;50;60;..;36;
Österänggymnasiet EE, IN, RL;60209222;Kristianstad;1290;Kommunal;Kristianstad;2120000951;222;81;70;71;23;22;39;
Österänggymnasiet HT, SA;62104139;Kristianstad;1290;Kommunal;Kristianstad;2120000951;156;6;76;74;71;26;60;
Österänggymnasiet IM;21702982;Kristianstad;1290;Kommunal;Kristianstad;2120000951;166;166;.;.;35;92;10;
Österänggymnasiet NA, TE;87034307;Kristianstad;1290;Kommunal;Kristianstad;2120000951;494;210;142;142;41;28;74;
Brogårdsgymnasiet;78872213;Kristinehamn;1781;Kommunal;Kristinehamn;2120001868;429;186;118;125;46;34;48;
Presterudsgymnasiet;84286698;Kristinehamn;1781;Kommunal;Kristinehamn;2120001868;186;100;55;31;33;32;20;
Dille Gård Naturbruksgymnasium;62490359;Krokom;2309;Enskild;Dille Gård AB;5564173853;94;44;22;28;65;..;56;
Jämtlands Gymn, Torsta;64725297;Krokom;2309;Kommunal;Jämtlands gymnasieförbund;2220001636;108;41;32;35;34;..;53;
Jämtlands Gymn, Wången;43362941;Krokom;2309;Kommunal;Jämtlands gymnasieförbund;2220001636;72;20;26;26;88;19;43;
John Norlandergymnasiet;23350817;Kumla;1881;Kommunal;Kumla;2120001975;130;56;45;29;35;52;12;
Aranäsgymnasiet Enhet 1;76860623;Kungsbacka;1384;Kommunal;Kungsbacka;2120001256;283;124;90;69;58;17;63;
Aranäsgymnasiet Enhet 2;58191646;Kungsbacka;1384;Kommunal;Kungsbacka;2120001256;371;130;128;113;68;9;68;
Aranäsgymnasiet Enhet 3;80405898;Kungsbacka;1384;Kommunal;Kungsbacka;2120001256;346;193;89;64;31;23;64;
Aranäsgymnasiet Enhet 4;56021320;Kungsbacka;1384;Kommunal;Kungsbacka;2120001256;241;86;79;76;66;16;59;
Aranäsgymnasiet Enhet 5;41358402;Kungsbacka;1384;Kommunal;Kungsbacka;2120001256;92;31;33;28;..;..;37;
Beda Hallbergs gymnasium;63179610;Kungsbacka;1384;Kommunal;Kungsbacka;2120001256;79;25;25;29;49;16;54;
Drottning Blankas Gymnasieskola Kungsbacka;64569393;Kungsbacka;1384;Enskild;Drottning Blankas Gymnasieskola AB;5565668794;167;78;45;44;82;17;46;
Elof Lindälvs gymn Enhet 1;87262566;Kungsbacka;1384;Kommunal;Kungsbacka;2120001256;217;95;68;54;21;11;29;
Elof Lindälvs gymn Enhet 2;64160122;Kungsbacka;1384;Kommunal;Kungsbacka;2120001256;204;99;51;54;42;24;72;
Elof Lindälvs gymn Enhet 3;48217580;Kungsbacka;1384;Kommunal;Kungsbacka;2120001256;449;149;150;150;45;6;65;
Elof Lindälvs gymn Enhet 4;41844601;Kungsbacka;1384;Kommunal;Kungsbacka;2120001256;229;86;66;77;51;14;37;
Elof Lindälvs gymn Enhet 5;51620045;Kungsbacka;1384;Kommunal;Kungsbacka;2120001256;323;102;111;110;4;11;68;
LBS Ljud & Bildskolan Kungsbacka;86888278;Kungsbacka;1384;Enskild;Ljud & Bildskolan Lbs AB;5564851649;81;29;26;26;17;14;59;
Praktiska Kungsbacka;23457902;Kungsbacka;1384;Enskild;Praktiska Sverige AB;5562575786;110;46;36;28;37;28;21;
Språkintroduktion Kungsbacka;30375335;Kungsbacka;1384;Kommunal;Kungsbacka;2120001256;81;81;.;.;27;100;..;
Sveriges Ridgymnasium Kungsbacka;27597104;Kungsbacka;1384;Enskild;Sveriges Ridgymnasium AB;5566814504;77;22;32;23;100;..;43;
Kungsörs Gymnasium;95992977;Kungsör;1960;Kommunal;Kungsör;2120002056;40;6;14;20;33;100;..;
Mimers Hus gymnasium Hugin;57397381;Kungälv;1482;Kommunal;Kungälv;2120001371;652;230;221;201;60;17;55;
Mimers Hus gymnasium Munin;56947954;Kungälv;1482;Kommunal;Kungälv;2120001371;876;316;292;268;24;26;45;
Kävlinge Lärcentrum, gymn.;88192227;Kävlinge;1261;Kommunal;Kävlinge;2120001058;65;65;.;.;42;77;15;
Ullvigymnasiet;72022487;Köping;1983;Kommunal;Köping;2120002114;1 003;464;272;267;40;32;40;
Osbecksgymnasiet RO1;71512894;Laholm;1381;Kommunal;Laholm;2120001223;288;117;74;97;47;16;56;
Osbecksgymnasiet RO2;70969556;Laholm;1381;Kommunal;Laholm;2120001223;136;64;40;32;29;22;35;
Osbecksgymnasiet RO3;11311971;Laholm;1381;Kommunal;Laholm;2120001223;86;24;29;33;37;77;22;
Öresundsgymnasiet Landskrona;28248021;Landskrona;1282;Kommunal;Landskrona;2120001140;486;185;152;149;42;74;28;
Gymnasieutbildning i Lekeberg;24445686;Lekeberg;1814;Kommunal;Lekeberg;2120002981;14;6;8;.;..;79;..;
Leksands gymnasium;44417214;Leksand;2029;Kommunal;Leksand;2120002163;524;173;174;177;46;19;52;
Lerums Gymnasium, skolenhet 1;25025681;Lerum;1441;Kommunal;Lerum;2120001447;234;86;73;75;57;15;56;
Lerums Gymnasium, skolenhet 2;88776535;Lerum;1441;Kommunal;Lerum;2120001447;269;92;81;96;35;10;84;
Lerums Gymnasium, skolenhet 3;29351272;Lerum;1441;Kommunal;Lerum;2120001447;145;128;17;.;23;66;13;
Lerums Gymnasium, skolenhet 4;49488344;Lerum;1441;Kommunal;Lerum;2120001447;174;56;62;56;61;17;51;
Lerums Gymnasium, skolenhet 5;74408578;Lerum;1441;Kommunal;Lerum;2120001447;425;175;144;106;24;14;52;
Lessebo Gymnasium;75395882;Lessebo;0761;Kommunal;Lessebo;2120000613;82;36;42;4;38;89;17;
Hersby gymnasium;71043974;Lidingö;0186;Kommunal;Lidingö;2120000191;1 069;446;303;320;39;18;76;
Lunagymnasiet;57777751;Lidingö;0186;Enskild;Utvecklingspedagogik Sverige Aktiebolag;5564715729;51;18;16;17;47;..;76;
Stillerska filmgymnasiet;38732602;Lidingö;0186;Enskild;Stillerska AB;5567777270;55;21;15;19;29;20;53;
De la Gardiegymnasiet, enhet 1;89807183;Lidköping;1494;Kommunal;Lidköping;2120001694;348;135;106;107;39;14;75;
De la Gardiegymnasiet, enhet 2;86724994;Lidköping;1494;Kommunal;Lidköping;2120001694;294;105;95;94;8;5;45;
De la Gardiegymnasiet, enhet 3;61161774;Lidköping;1494;Kommunal;Lidköping;2120001694;509;148;194;167;63;15;62;
De la Gardiegymnasiet, enhet 4;86158933;Lidköping;1494;Kommunal;Lidköping;2120001694;255;84;94;77;73;9;46;
De la Gardiegymnasiet, enhet 5;39179525;Lidköping;1494;Kommunal;Lidköping;2120001694;219;71;91;57;25;79;11;
De la Gardiegymnasiet, enhet 6;14102256;Lidköping;1494;Kommunal;Lidköping;2120001694;316;138;99;79;66;21;37;
Lindeskolan LS 1;75082280;Lindesberg;1885;Kommunal;Lindesberg;2120002015;74;42;25;7;42;16;14;
Lindeskolan LS 2;75914181;Lindesberg;1885;Kommunal;Lindesberg;2120002015;273;96;86;91;65;21;44;
Lindeskolan LS 3;39302565;Lindesberg;1885;Kommunal;Lindesberg;2120002015;236;92;64;80;13;14;43;
Lindeskolan LS 4;96818167;Lindesberg;1885;Kommunal;Lindesberg;2120002015;323;92;94;137;45;69;29;
Anders Ljungstedts gymnasium 10;89357497;Linköping;0580;Kommunal;Linköping;2120000449;61;27;18;16;..;44;36;
Anders Ljungstedts gymnasium 3;36072799;Linköping;0580;Kommunal;Linköping;2120000449;153;64;47;42;87;23;35;
Anders Ljungstedts gymnasium 4;61432781;Linköping;0580;Kommunal;Linköping;2120000449;253;88;83;82;9;19;36;
Anders Ljungstedts gymnasium 7;78287294;Linköping;0580;Kommunal;Linköping;2120000449;122;45;45;32;48;18;39;
Anders Ljungstedts gymnasium 8;74316305;Linköping;0580;Kommunal;Linköping;2120000449;158;66;49;43;6;28;49;
Anders Ljungstedts gymnasium 9;39096170;Linköping;0580;Kommunal;Linköping;2120000449;297;104;104;89;44;75;14;
Berzeliusskolan 1;79527481;Linköping;0580;Kommunal;Linköping;2120000449;476;159;157;160;19;15;80;
Berzeliusskolan 2;67300857;Linköping;0580;Kommunal;Linköping;2120000449;333;129;117;87;51;25;81;
Berzeliusskolan 3;55047771;Linköping;0580;Kommunal;Linköping;2120000449;11;4;4;3;..;..;..;
Berzeliusskolan 7;67809400;Linköping;0580;Kommunal;Linköping;2120000449;38;8;11;19;..;100;..;
Birgittaskolan 1;99279503;Linköping;0580;Kommunal;Linköping;2120000449;331;138;87;106;64;56;40;
Birgittaskolan 2;63653488;Linköping;0580;Kommunal;Linköping;2120000449;74;25;18;31;24;..;66;
Björkö Fria Gymnasium;84476205;Linköping;0580;Enskild;Stiftelsen Waldorfpedagogik i Vreta Kloster;8220027596;136;56;45;35;69;50;50;
Drottning Blankas Gymnasieskola Linköping;70412563;Linköping;0580;Enskild;Drottning Blankas Gymnasieskola AB;5565668794;68;29;39;.;74;57;31;
Folkungaskolan 1;24544503;Linköping;0580;Kommunal;Linköping;2120000449;271;85;90;96;59;11;72;
Folkungaskolan 2;25392789;Linköping;0580;Kommunal;Linköping;2120000449;452;158;124;170;70;15;70;
Folkungaskolan 3;64394770;Linköping;0580;Kommunal;Linköping;2120000449;41;17;9;15;..;100;..;
Framtidsgymnasiet Linköping;72109637;Linköping;0580;Enskild;Framtidsgymnasiet Öst AB;5565304481;124;59;22;43;15;56;15;
Fria Läroverken Linköping;69240218;Linköping;0580;Enskild;Fria Läroverken i Sverige AB;5569172041;368;149;100;119;42;27;55;
Hagströmska gymnasiet Linköping;14057258;Linköping;0580;Enskild;Hagströmska Gymnasiet AB;5567550461;84;30;31;23;25;12;19;
JENSEN Gymnasium Linköping;38460895;Linköping;0580;Enskild;Jensen Education College AB;5566358759;58;22;20;16;78;53;33;
Katedralskolan 1;53821161;Linköping;0580;Kommunal;Linköping;2120000449;37;8;21;8;32;100;..;
Katedralskolan 2;31199511;Linköping;0580;Kommunal;Linköping;2120000449;456;183;124;149;73;38;68;
Katedralskolan 3;12934438;Linköping;0580;Kommunal;Linköping;2120000449;763;281;249;233;57;19;81;
KLARA Teoretiska Gymnasium Linköping;43313366;Linköping;0580;Enskild;Klaragymnasium AB;5566303938;458;163;149;146;63;25;55;
LBS Ljud & Bildskolan Linköping;86787111;Linköping;0580;Enskild;Ljud & Bildskolan Lbs AB;5564851649;207;70;58;79;26;15;55;
Mediateknikerutbildningen, MTU;97868185;Linköping;0580;Enskild;Mediateknikerutbildningen, MTU AB;5564631983;146;53;50;43;38;21;55;
Praktiska Linköping;81551726;Linköping;0580;Enskild;Praktiska Sverige AB;5562575786;145;58;54;33;28;31;23;
Realgymnasiet Linköping;77823650;Linköping;0580;Enskild;Lärande i Sverige AB;5565715892;191;90;53;48;40;21;40;
Thoren Business School Linköping;37550979;Linköping;0580;Enskild;Thorengruppen AB;5566139290;187;51;53;83;59;66;35;
Vreta Utbildningscentrum;52634142;Linköping;0580;Landsting;Östergötlands Läns Landsting;2321000040;405;153;130;122;46;..;40;
Yrkesgymnasiet Linköping;76195214;Linköping;0580;Enskild;Thorengruppen AB;5566139290;280;122;86;72;45;23;32;
RyssbyGymnasiet;32705515;Ljungby;0781;Enskild;Ryssbygymnasiet AB;5566214069;217;80;69;68;27;7;49;
Sunnerbogymnasiet 1;60214465;Ljungby;0781;Kommunal;Ljungby;2120000670;307;176;68;63;39;52;33;
Sunnerbogymnasiet 2;70137084;Ljungby;0781;Kommunal;Ljungby;2120000670;273;101;85;87;27;26;44;
Sunnerbogymnasiet 3;82002016;Ljungby;0781;Kommunal;Ljungby;2120000670;238;90;76;72;51;31;57;
Sunnerbogymnasiet 4;21901328;Ljungby;0781;Kommunal;Ljungby;2120000670;61;19;24;18;92;31;38;
Slottegymnasiet;23306658;Ljusdal;2161;Kommunal;Ljusdal;2120002320;529;217;163;149;47;29;32;
Träutbildningar i Hälsingland;57350392;Ljusdal;2161;Enskild;Träutbildningar i Hälsingland AB;5567796718;67;25;16;26;..;16;30;
ABB Industrigymnasium Ludvika;97535124;Ludvika;2085;Enskild;Industritekniska Gymnasiet Bergslagen AB;5566081740;99;35;32;32;42;12;73;
VBU Högbergsskolan 1;11102578;Ludvika;2085;Kommunal;Västerbergslagens utbildningsförbund,vbu;2220000802;356;124;119;113;65;20;43;
VBU Högbergsskolan 2;69306209;Ludvika;2085;Kommunal;Västerbergslagens utbildningsförbund,vbu;2220000802;305;116;102;87;21;33;41;
VBU Högbergsskolan 3;34488594;Ludvika;2085;Kommunal;Västerbergslagens utbildningsförbund,vbu;2220000802;2;2;.;.;..;..;..;
VBU Malmen;92651253;Ludvika;2085;Kommunal;Västerbergslagens utbildningsförbund,vbu;2220000802;111;42;38;31;20;14;32;
Luleå gymnasieskola, skolenhet A;31740319;Luleå;2580;Kommunal;Luleå;2120002742;137;55;46;36;74;20;42;
Luleå gymnasieskola, skolenhet B;10129345;Luleå;2580;Kommunal;Luleå;2120002742;331;123;92;116;60;19;56;
Luleå gymnasieskola, skolenhet C;17944628;Luleå;2580;Kommunal;Luleå;2120002742;420;141;145;134;73;14;63;
Luleå gymnasieskola, skolenhet D;82826083;Luleå;2580;Kommunal;Luleå;2120002742;212;101;67;44;22;15;42;
Luleå gymnasieskola, skolenhet E;94468610;Luleå;2580;Kommunal;Luleå;2120002742;257;80;53;124;49;53;37;
Luleå gymnasieskola, skolenhet F;94090461;Luleå;2580;Kommunal;Luleå;2120002742;304;101;104;99;42;9;71;
Luleå gymnasieskola, skolenhet G;12954099;Luleå;2580;Kommunal;Luleå;2120002742;298;108;98;92;22;8;75;
Luleå gymnasieskola, skolenhet H;80931789;Luleå;2580;Kommunal;Luleå;2120002742;367;125;127;115;43;18;74;
Luleå Gymnasieskola, skolenhet J;84098842;Luleå;2580;Kommunal;Luleå;2120002742;110;51;44;15;54;10;49;
NTI Gymnasiet Luleå;90473340;Luleå;2580;Enskild;Nordens Teknikerinstitut Aktiebolag (Nti);5561203679;181;56;75;50;19;19;56;
Praktiska Luleå;26167236;Luleå;2580;Enskild;Praktiska Sverige AB;5562575786;203;68;54;81;60;14;30;
Consensum Gymnasium Lund;69807202;Lund;1281;Enskild;Consensum Lund AB;5566023684;244;82;88;74;62;48;42;
Drottning Blankas Gymnasieskola Lund;64648904;Lund;1281;Enskild;Drottning Blankas Gymnasieskola AB;5565668794;249;114;70;65;67;16;53;
Gymnasieskolan Spyken;75939593;Lund;1281;Kommunal;Lund;2120001132;1 175;411;401;363;70;15;85;
Gymnasieskolan Vipan;63035915;Lund;1281;Kommunal;Lund;2120001132;1 193;620;311;262;34;30;35;
Hedda Anderssongymnasiet;20763964;Lund;1281;Kommunal;Lund;2120001132;158;158;.;.;17;32;60;
JENSEN Gymnasium Lund;26324896;Lund;1281;Enskild;Jensen Education College AB;5566358759;232;83;73;76;48;27;58;
Katedralskolan;56639389;Lund;1281;Kommunal;Lund;2120001132;1 478;492;509;477;58;20;86;
Lars-Erik Larssongymnasiet;95700485;Lund;1281;Enskild;Lars-Erik Larsson Gymnasiet;8465021015;176;52;73;51;57;18;88;
LBS Ljud & Bildskolan Lund;51449748;Lund;1281;Enskild;Ljud & Bildskolan Lbs AB;5564851649;400;137;130;133;25;16;70;
Lunds Dans- o Musikalgymnasium;28267726;Lund;1281;Enskild;Dans o Musikal i Lund AB;5566981766;190;60;69;61;86;12;75;
Lunds Fordonstekniska Gymn.;28848709;Lund;1281;Enskild;Lunds Fordonstekniska Gymnasium AB;5566426630;45;23;13;9;..;33;40;
NTI Gymnasiet Lund;12613085;Lund;1281;Enskild;Nordens Teknikerinstitut Aktiebolag (Nti);5561203679;183;64;52;67;6;27;57;
Polhemskolan;53896162;Lund;1281;Kommunal;Lund;2120001132;2 577;1 021;791;765;45;19;74;
ProCivitas Privata Gymnasium Lund;17779637;Lund;1281;Enskild;ProCivitas Privata Gymnasium AB;5566157102;330;102;96;132;58;14;72;
Realgymnasiet i Lund;11185244;Lund;1281;Enskild;Lärande i Sverige AB;5565715892;222;106;62;54;79;8;42;
Sveriges Ridgymnasium Flyinge;56211717;Lund;1281;Enskild;Sveriges Ridgymnasium AB;5566814504;75;23;30;22;95;15;47;
Thoren Innovation School Lund;66824652;Lund;1281;Enskild;Thoren Innovation School AB;5568902653;253;109;76;68;15;47;61;
Tannbergsskolan 1;49168016;Lycksele;2481;Kommunal;Lycksele;2120002635;241;79;77;85;26;15;54;
Tannbergsskolan 2;32042066;Lycksele;2481;Kommunal;Lycksele;2120002635;127;46;46;35;12;11;28;
Tannbergsskolan 3;50821167;Lycksele;2481;Kommunal;Lycksele;2120002635;94;41;27;26;63;39;21;
Tannbergsskolan 4;71929526;Lycksele;2481;Kommunal;Lycksele;2120002635;111;35;33;43;77;9;54;
Tannbergsskolan 6;54461375;Lycksele;2481;Kommunal;Lycksele;2120002635;90;33;39;18;52;63;20;
Gullmarsgymnasiet 1;92814975;Lysekil;1484;Kommunal;Lysekil;2120001389;242;83;83;76;24;41;29;
Gullmarsgymnasiet 2;60873719;Lysekil;1484;Kommunal;Lysekil;2120001389;350;108;128;114;53;15;57;
4ans Gymnasium;28085125;Malmö;1280;Enskild;4ans Gymnasium AB;5567622682;99;31;32;36;57;70;39;
Agnesfrids gymnasium;28770304;Malmö;1280;Kommunal;Malmö;2120001124;226;142;51;33;9;71;18;
Bellevue gymnasium;86483208;Malmö;1280;Kommunal;Malmö;2120001124;168;87;57;24;54;63;26;
Bladins gymnasium;21938183;Malmö;1280;Enskild;Bladins Skola, Stiftelsen;8460010948;201;64;67;70;47;32;73;
Bladins International School of Malmö;78986228;Malmö;1280;Enskild;Bladins Skola, Stiftelsen;8460010948;60;22;21;17;53;82;60;
Bryggeriets Gymnasium;71472793;Malmö;1280;Enskild;Bryggeriets Bildnings Byrå (Bbb);8465017070;156;54;53;49;42;44;46;
Cybergymnasiet Malmö;69063711;Malmö;1280;Enskild;Cybergymnasiet Malmö AB;5565693289;348;129;118;101;43;59;42;
Drottning Blankas Gymnasieskola Malmö Slussen;77609073;Malmö;1280;Enskild;Hermods Design & Construction College AB;5569828451;131;56;44;31;63;56;27;
Drottning Blankas Gymnasieskola Malmö Söderport;35894996;Malmö;1280;Enskild;Drottning Blankas Gymnasieskola AB;5565668794;302;125;100;77;77;36;44;
Einar Hansengymnasiet;12926770;Malmö;1280;Enskild;Folkuniversitetet Stiftelsen Kurs- Verksamheten Vid Lunds Universitet;8450003481;217;80;69;68;73;80;51;
Framtidsgymnasiet Malmö;17119840;Malmö;1280;Enskild;Framtidsgymnasiet i Sverige AB;5565755500;224;135;61;28;..;79;13;
Fria Läroverken Malmö;68748767;Malmö;1280;Enskild;Fria Läroverken i Sverige AB;5569172041;357;138;120;99;46;62;34;
JENSEN Gymnasium Malmö;48593439;Malmö;1280;Enskild;Jensen Education College AB;5566358759;214;82;67;65;54;74;47;
KLARA Teoretiska Gymnasium Malmö;23548714;Malmö;1280;Enskild;Hermods Gymnasium AB;5565286696;235;79;64;92;57;64;45;
Kunskapsgymnasiet Malmö;91773491;Malmö;1280;Enskild;Kunskapsskolan i Sverige Aktiebolag;5565661815;295;147;85;63;59;97;42;
Lärlingscenter Norra Sorgenfri gymnasium;20984584;Malmö;1280;Kommunal;Malmö;2120001124;165;79;58;28;52;39;38;
Malmö Borgarskola Ro 1;30361243;Malmö;1280;Kommunal;Malmö;2120001124;1 212;455;382;375;54;54;63;
Malmö Idrottsgymnasium Ro1;25596917;Malmö;1280;Kommunal;Malmö;2120001124;440;161;141;138;34;22;62;
Malmö Latinskola Ro 1;65722876;Malmö;1280;Kommunal;Malmö;2120001124;1 021;381;333;307;68;27;71;
Norra Sorgenfri gymnasium;64123241;Malmö;1280;Kommunal;Malmö;2120001124;372;372;.;.;39;100;8;
NTI Gymnasiet Malmö;52129378;Malmö;1280;Enskild;Nordens Teknikerinstitut Aktiebolag (Nti);5561203679;247;95;78;74;5;54;45;
Pauliskolan;65381163;Malmö;1280;Kommunal;Malmö;2120001124;881;396;257;228;38;54;53;
Peabskolan Malmö;98541468;Malmö;1280;Enskild;Peabskolan AB;5564427432;99;43;28;28;..;49;30;
Plusgymnasiet Malmö;31155312;Malmö;1280;Enskild;Plusgymnasiet AB;5565789129;68;.;.;68;65;74;41;
Praktiska Malmö City;25648215;Malmö;1280;Enskild;Praktiska Sverige AB;5562575786;238;106;71;61;49;76;16;
Praktiska Malmö Limhamn;61823258;Malmö;1280;Enskild;Praktiska Sverige AB;5562575786;164;79;50;35;45;67;30;
ProCivitas Privata Gymnasium Malmö;84424083;Malmö;1280;Enskild;ProCivitas Privata Gymnasium AB;5566157102;683;254;245;184;56;16;80;
Realgymnasiet Malmö;39178171;Malmö;1280;Enskild;Lärande i Sverige AB;5565715892;124;35;40;49;77;22;46;
Rytmus Malmö;49231191;Malmö;1280;Enskild;Rytmus AB;5564648979;169;63;62;44;57;21;57;
S:t Petri skola;78231062;Malmö;1280;Kommunal;Malmö;2120001124;825;282;302;241;64;25;80;
TAU Hantverksskola Gymnasium;79994304;Malmö;1280;Enskild;TAU Learning Aktiebolag;5566866082;142;108;18;16;30;83;13;
Thoren Business School Malmö;10481541;Malmö;1280;Enskild;Thorengruppen AB;5566139290;417;129;144;144;53;75;37;
Thoren Innovation School Malmö 2;45355980;Malmö;1280;Enskild;Thoren Innovation School AB;5568902653;49;49;.;.;31;49;45;
Universitetsholmens gymnasium;68006362;Malmö;1280;Kommunal;Malmö;2120001124;528;213;174;141;35;53;29;
Valdemarsro gymnasium;70200717;Malmö;1280;Kommunal;Malmö;2120001124;8;4;4;.;..;..;..;
Värnhemsskolan;11608031;Malmö;1280;Kommunal;Malmö;2120001124;302;143;70;89;54;65;25;
Yrkesgymnasiet Malmö;86762103;Malmö;1280;Enskild;Thorengruppen AB;5566139290;208;116;47;45;23;56;27;
Malung-Sälens gymnasieskola;68381790;Malung-Sälen;2023;Kommunal;Västerdalarnas utbildningsförbund;2220003145;381;127;128;126;33;21;48;
Malå gymnasieskola;73138140;Malå;2418;Kommunal;Malå;2120002866;31;10;19;2;48;87;..;
Vadsbogymnasiet;13006857;Mariestad;1493;Kommunal;Mariestad;2120001686;726;327;200;199;43;24;48;
Vänergymnasiet;76007769;Mariestad;1493;Enskild;Vänergymnasiet AB;5566269014;125;56;36;33;34;..;28;
Marks Gymnasieskola;16956086;Mark;1463;Kommunal;Mark;2120001504;883;327;285;271;44;24;42;
Strömma Naturbrukscentrum;93486713;Mark;1463;Enskild;Strömma Naturbrukscentrum AB;5590488465;103;65;38;.;80;..;49;
Gymnasieskolan;58187973;Markaryd;0767;Kommunal;Markaryd;2120000654;323;104;118;101;48;41;36;
Dahlstiernska gymnasiet;88894245;Mellerud;1461;Kommunal;Mellerud;2120001488;186;69;62;55;34;46;14;
Mjölby gymnasium 1;31870541;Mjölby;0586;Kommunal;Mjölby;2120000480;234;86;77;71;48;27;54;
Mjölby gymnasium 2;71160225;Mjölby;0586;Kommunal;Mjölby;2120000480;134;54;53;27;60;52;17;
Mjölby gymnasium 3;80376589;Mjölby;0586;Kommunal;Mjölby;2120000480;87;55;29;3;32;77;..;
Mjölby gymnasium 4;67752682;Mjölby;0586;Kommunal;Mjölby;2120000480;136;47;45;44;8;7;44;
Mjölby gymnasium 5;47884009;Mjölby;0586;Kommunal;Mjölby;2120000480;149;53;52;44;34;8;25;
Mora gymnasium, ro 1;44672598;Mora;2062;Kommunal;Mora;2120002213;602;224;173;205;51;10;62;
Mora gymnasium, ro 2;75340089;Mora;2062;Kommunal;Mora;2120002213;407;145;103;159;28;38;27;
Carlsund utbildningscentrum 1;36670439;Motala;0583;Kommunal;Motala;2120002817;202;80;46;76;48;26;28;
Carlsund utbildningscentrum 2;22220001;Motala;0583;Kommunal;Motala;2120002817;223;92;70;61;37;19;36;
Carlsund utbildningscentrum IM;15644006;Motala;0583;Kommunal;Motala;2120002817;143;62;48;33;42;71;10;
Platengymnasiet 1;31822012;Motala;0583;Kommunal;Motala;2120002817;314;105;100;109;56;27;50;
Platengymnasiet 2;83161201;Motala;0583;Kommunal;Motala;2120002817;315;110;92;113;43;18;74;
Platengymnasiet IM;77681909;Motala;0583;Kommunal;Motala;2120002817;70;6;29;35;23;100;..;
Dinglegymnasiet;97090958;Munkedal;1430;Enskild;Dinglegymnasiet AB;5590475611;52;27;25;.;79;..;40;
Lärlingsgymnasiet i Håby;15100079;Munkedal;1430;Enskild;Lärlingsgymnasiet i Sverige AB;5567628176;77;22;19;36;25;22;18;
Processtekniska Gymnasiet;55421481;Munkedal;1430;Kommunal;Munkedal;2120001330;37;13;15;9;..;..;43;
Ungdomsgymnasiet;58583587;Munkedal;1430;Kommunal;Munkedal;2120001330;72;27;28;17;21;85;..;
Krokslättsgymnasiet Skolenhet 1;76470241;Mölndal;1481;Kommunal;Mölndal;2120001363;123;116;6;1;24;98;..;
Krokslättsgymnasiet Skolenhet 2;99356671;Mölndal;1481;Kommunal;Mölndal;2120001363;157;83;49;25;60;51;33;
Mönsteråsgymnasiet;16702464;Mönsterås;0861;Kommunal;Mönsterås;2120000720;129;46;43;40;45;36;36;
Mönsteråsgymnasiet IM;43762671;Mönsterås;0861;Kommunal;Mönsterås;2120000720;80;19;39;22;30;85;..;
Magelungens Gymnasium Danvikstull;71353314;Nacka;0182;Enskild;Magelungen Utveckling AB;5564891447;93;44;25;24;68;18;43;
MediaGymnasiet i Nacka Strand;29449669;Nacka;0182;Enskild;MediaGymnasiet Nacka Strand AB;5566765995;405;120;151;134;34;16;63;
Nacka Enskilda Gymnasium;62855448;Nacka;0182;Enskild;Nacka Enskilda Gymnasium AB;5567841977;164;56;60;48;27;24;54;
Nacka gymnasium, Natur & Teknik;36252055;Nacka;0182;Kommunal;Nacka;2120000167;1 048;359;348;341;31;13;77;
Nacka gymnasium, Samhälle;91812793;Nacka;0182;Kommunal;Nacka;2120000167;1 110;397;350;363;59;18;71;
Nya DesignGymnasiet;14355031;Nacka;0182;Enskild;Nya Designgymnasiet i Nacka AB;5569320681;213;84;65;64;59;16;74;
Praktiska Nacka;72891848;Nacka;0182;Enskild;Praktiska Sverige AB;5562575786;365;202;94;69;38;56;22;
Rytmus Stockholm;46611859;Nacka;0182;Enskild;Rytmus AB;5564648979;682;235;218;229;54;13;72;
Sjölins gymnasium Nacka;58907711;Nacka;0182;Enskild;Sjölins Gymnasium AB;5563758399;375;128;124;123;59;10;74;
YBC, Young Business Creatives;68285560;Nacka;0182;Kommunal;Nacka;2120000167;522;163;184;175;44;17;61;
IV-programmet i Nora;71728074;Nora;1884;Kommunal;Nora;2120002007;28;6;18;4;..;75;..;
Gymnasieutbildn. i Nordanstig RO9;16374064;Nordanstig;2132;Kommunal;Hälsinglands utbildningsförbund;2220003111;25;10;14;1;40;72;..;
Nordmalings gymnasieskola;47070220;Nordmaling;2401;Kommunal;Nordmaling;2120002536;39;18;11;10;33;97;..;
De Geergymnasiet 1;58544422;Norrköping;0581;Kommunal;Norrköping;2120000456;355;118;118;119;63;39;55;
De Geergymnasiet 2;40549870;Norrköping;0581;Kommunal;Norrköping;2120000456;45;26;16;3;58;64;..;
De Geergymnasiet 3;65150019;Norrköping;0581;Kommunal;Norrköping;2120000456;268;95;86;87;71;12;74;
De Geergymnasiet 4;31796890;Norrköping;0581;Kommunal;Norrköping;2120000456;54;20;21;13;46;..;33;
De Geergymnasiet 6;22426680;Norrköping;0581;Kommunal;Norrköping;2120000456;65;32;17;16;80;18;22;
Drottning Blankas Gymnasieskola Norrköping;28023078;Norrköping;0581;Enskild;Plusgymnasiet AB;5565789129;255;97;81;77;86;41;33;
Ebersteinska gymnasiet 1;83805032;Norrköping;0581;Kommunal;Norrköping;2120000456;131;52;43;36;15;24;28;
Ebersteinska gymnasiet 2;48862305;Norrköping;0581;Kommunal;Norrköping;2120000456;314;115;100;99;6;23;29;
Ebersteinska gymnasiet 3;32887559;Norrköping;0581;Kommunal;Norrköping;2120000456;200;75;55;70;..;26;34;
Ebersteinska gymnasiet 5;71541108;Norrköping;0581;Kommunal;Norrköping;2120000456;154;63;48;43;68;60;34;
Ebersteinska gymnasiet 6;62956050;Norrköping;0581;Kommunal;Norrköping;2120000456;148;135;11;2;32;88;16;
Ebersteinska gymnasiet 7;35230892;Norrköping;0581;Kommunal;Norrköping;2120000456;31;12;17;2;..;35;..;
Eberstienska gymnasiet 4;53832505;Norrköping;0581;Kommunal;Norrköping;2120000456;245;89;79;77;26;42;60;
Film & Musikgymnasiet;47537928;Norrköping;0581;Enskild;Studiefrämjandet i Östergötland;8220038460;141;43;47;51;56;12;57;
Fria Läroverken Norrköping;69471748;Norrköping;0581;Enskild;Fria Läroverken i Sverige AB;5569172041;404;141;111;152;50;53;40;
Hagagymnasiet skolenhet Blå;49750031;Norrköping;0581;Kommunal;Norrköping;2120000456;341;98;121;122;68;25;67;
Hagagymnasiet skolenhet grön;76485705;Norrköping;0581;Kommunal;Norrköping;2120000456;182;64;58;60;51;43;75;
Hagagymnasiet skolenhet gul;31771188;Norrköping;0581;Kommunal;Norrköping;2120000456;80;43;26;11;45;26;26;
Hagagymnasiet skolenhet röd;93239262;Norrköping;0581;Kommunal;Norrköping;2120000456;171;59;56;56;66;23;37;
Himmelstalunds Utbildningscentrum;25745773;Norrköping;0581;Landsting;Östergötlands Läns Landsting;2321000040;252;104;84;64;81;6;46;
Kungsgårdsgymnasiet 1;99976753;Norrköping;0581;Kommunal;Norrköping;2120000456;287;97;93;97;53;37;55;
Kungsgårdsgymnasiet 2;58037626;Norrköping;0581;Kommunal;Norrköping;2120000456;266;66;69;131;29;100;9;
Kungsgårdsgymnasiet 3;14278480;Norrköping;0581;Kommunal;Norrköping;2120000456;168;61;55;52;68;21;37;
Kunskapsgymnasiet Norrköping;75575321;Norrköping;0581;Enskild;Kunskapsskolan i Sverige Aktiebolag;5565661815;442;137;134;171;66;14;74;
Norrköpings Lärlingsgymnasium;17204216;Norrköping;0581;Kommunal;Norrköping;2120000456;157;96;50;11;41;20;28;
Realgymnasiet Norrköping;43284031;Norrköping;0581;Enskild;Lärande i Sverige AB;5565715892;298;121;96;81;25;19;52;
Carl Wahren Gymnasium;13963517;Norrtälje;0188;Enskild;Roslagen Education AB;5568027378;151;54;55;42;42;36;15;
Ekebyholmsskolan, gy;24194577;Norrtälje;0188;Enskild;Ekebyholmsskolan Aktiebolag;5562512425;42;11;12;19;52;52;64;
Norrtelje Teknik- och Naturbruksgymnasium;26267406;Norrtälje;0188;Enskild;Norrtelje teknikgymnasium AB;5567916761;175;100;47;28;26;43;18;
Rodengymnasiet;42258644;Norrtälje;0188;Kommunal;Norrtälje;2120000217;1 208;457;442;309;40;23;39;
Norsjö gymnasium;25985417;Norsjö;2417;Kommunal;Norsjö;2120002858;12;12;.;.;..;..;..;
Åkrahällskolan Akra01;35035671;Nybro;0881;Kommunal;Nybro;2120000753;139;52;48;39;17;63;19;
Åkrahällskolan Akra02;12130801;Nybro;0881;Kommunal;Nybro;2120000753;197;75;52;70;48;37;37;
Åkrahällskolan Akra03;51736304;Nybro;0881;Kommunal;Nybro;2120000753;186;87;49;50;19;37;51;
Praktiska Nykvarn;53180719;Nykvarn;0140;Enskild;Praktiska Sverige AB;5562575786;240;86;83;71;35;56;18;
Elteknikbranschens gymnasium;27489137;Nyköping;0480;Enskild;Elteknikbranschens Gymnasium i Nyköping AB;5567106637;81;27;28;26;..;..;41;
Framtidsgymnasiet Nyköping;15609112;Nyköping;0480;Enskild;Framtidsgymnasiet Öst AB;5565304481;147;66;56;25;..;46;16;
LBS Ljud & Bildskolan Nyköping;44285075;Nyköping;0480;Enskild;Ljud & Bildskolan Lbs AB;5564851649;152;56;52;44;32;18;51;
Nyköping Strand Utbildn.center;60424371;Nyköping;0480;Enskild;Nyköping Strand Utbildningscentrum AB;5564710795;148;53;49;46;58;9;48;
Nyköpings Enskilda Gymnasium;95785055;Nyköping;0480;Enskild;Erastos AB;5564418449;514;170;174;170;65;13;72;
Nyköpings gymnasium Gripen;68655578;Nyköping;0480;Kommunal;Nyköping;2120002940;754;264;242;248;40;26;49;
Nyköpings gymnasium Gripen2;99946034;Nyköping;0480;Kommunal;Nyköping;2120002940;289;97;93;99;38;81;12;
Nyköpings gymnasium Nico;68741484;Nyköping;0480;Kommunal;Nyköping;2120002940;316;130;108;78;53;47;34;
Nyköpings gymnasium Skavsta;17062663;Nyköping;0480;Kommunal;Nyköping;2120002940;191;73;63;55;12;21;37;
Realgymnasiet Nyköping;56267421;Nyköping;0480;Enskild;Lärande i Sverige AB;5565715892;78;30;21;27;85;..;32;
Öknaskolan;34990065;Nyköping;0480;Landsting;Södermanlands Läns Landsting;2321000032;235;76;84;75;62;6;47;
Nynäshamns gymnasium;37054246;Nynäshamn;0192;Kommunal;Nynäshamn;2120000233;438;236;107;95;37;34;37;
Brinellgymnasiet 1;96383883;Nässjö;0682;Kommunal;Nässjö;2120000548;133;49;50;34;38;94;14;
Brinellgymnasiet 2;39199869;Nässjö;0682;Kommunal;Nässjö;2120000548;250;87;81;82;36;31;55;
Brinellgymnasiet 3;62216381;Nässjö;0682;Kommunal;Nässjö;2120000548;200;76;65;59;7;23;29;
Brinellgymnasiet 4;31179045;Nässjö;0682;Kommunal;Nässjö;2120000548;362;123;114;125;62;41;36;
Brinellgymnasiet 5;72421673;Nässjö;0682;Kommunal;Nässjö;2120000548;281;98;96;87;80;21;47;
Klaragymnasiet med internat;15763669;Olofström;1060;Kommunal;Kommunsamverkan cura individutveckling;2220000711;50;11;13;26;24;..;48;
Nordenbergsskolan 1;59655752;Olofström;1060;Kommunal;Olofström;2120000811;207;78;70;59;30;42;35;
Nordenbergsskolan 2;88750078;Olofström;1060;Kommunal;Olofström;2120000811;184;81;58;45;30;23;45;
Nordenbergsskolan 3;50108759;Olofström;1060;Kommunal;Olofström;2120000811;113;44;31;38;62;23;48;
Gymnasiet;41878314;Orust;1421;Kommunal;Orust;2120001314;58;35;10;13;31;52;17;
Ekbackeskolan gymnasium;41555549;Osby;1273;Kommunal;Osby;2120000902;422;203;108;111;46;32;43;
Naturbruksgymnasiet Osby;32003298;Osby;1273;Kommunal;Osby;2120000902;22;.;.;22;..;..;59;
Yrkesskolan, introduktionsprogrammet;19878579;Osby;1273;Kommunal;Osby;2120000902;24;8;9;7;..;..;..;
Elajo Technical Edu. Center;22383788;Oskarshamn;0882;Enskild;Elajo Technical Education Center AB;5562216027;80;26;28;26;..;..;40;
Oscarsgymnasiet A;85459854;Oskarshamn;0882;Kommunal;Oskarshamn;2120000761;349;150;103;96;50;15;47;
Oscarsgymnasiet B;81876614;Oskarshamn;0882;Kommunal;Oskarshamn;2120000761;315;113;92;110;31;30;51;
Oscarsgymnasiet C;44963095;Oskarshamn;0882;Kommunal;Oskarshamn;2120000761;84;84;.;.;38;86;13;
Oscarsgymnasiet D;18711877;Oskarshamn;0882;Kommunal;Oskarshamn;2120000761;232;86;76;70;67;17;39;
Voxnadalens gymnasium;67071618;Ovanåker;2121;Kommunal;Ovanåker;2120002304;332;141;92;99;38;30;31;
Laestadiusskolan;75324351;Pajala;2521;Kommunal;Lapplands kommunalförbund;2220000760;143;66;37;40;38;40;32;
Partille gymnasium/IM;21862642;Partille;1402;Kommunal;Partille;2120001272;158;58;58;42;28;77;17;
Partille Gymnasium/Nat. Prg.;61229217;Partille;1402;Kommunal;Partille;2120001272;299;114;102;83;25;44;44;
Perstorp Gymnasium;58929357;Perstorp;1275;Enskild;Perstorp Aktiebolag;5560246513;77;25;21;31;34;18;56;
Grans naturbruksgymnasium;42517257;Piteå;2581;Kommunal;Piteå;2120002759;147;58;54;35;84;..;40;
Strömbacka Frigg;70376604;Piteå;2581;Kommunal;Piteå;2120002759;224;88;67;69;75;12;54;
Strömbacka Hugin;59575030;Piteå;2581;Kommunal;Piteå;2120002759;256;84;92;80;29;9;71;
Strömbacka Magne;93503103;Piteå;2581;Kommunal;Piteå;2120002759;173;69;54;50;17;10;40;
Strömbacka Mimer;18617410;Piteå;2581;Kommunal;Piteå;2120002759;307;138;85;84;64;33;46;
Strömbacka Mjölner;41697930;Piteå;2581;Kommunal;Piteå;2120002759;295;103;98;94;11;9;49;
Strömbacka Munin;28025244;Piteå;2581;Kommunal;Piteå;2120002759;230;60;81;89;62;15;48;
Jämtlands Gymn, Bispgården;17184072;Ragunda;2303;Kommunal;Jämtlands gymnasieförbund;2220001636;54;16;13;25;..;52;..;
Lärcentrum;34838015;Robertsfors;2409;Kommunal;Robertsfors;2120002551;14;1;12;1;..;93;..;
Gymnasieskolan Knut Hahn 1;40338843;Ronneby;1081;Kommunal;Ronneby;2120000837;304;116;96;92;62;18;51;
Gymnasieskolan Knut Hahn 2;77440824;Ronneby;1081;Kommunal;Ronneby;2120000837;254;98;78;78;21;27;54;
Gymnasieskolan Knut Hahn 3;13883567;Ronneby;1081;Kommunal;Ronneby;2120000837;234;234;.;.;29;87;24;
Gymnasieskolan Knut Hahn 4;71069359;Ronneby;1081;Kommunal;Ronneby;2120000837;56;20;18;18;..;25;71;
Naturbruksgymnasiet i Blekinge;86896907;Ronneby;1081;Kommunal;Ronneby;2120000837;104;38;32;34;59;..;41;
Stiernhööksgymnasiet;14292382;Rättvik;2031;Kommunal;Rättvik;2120002171;420;171;126;123;53;10;40;
Kungsängsgymnasiet;87859089;Sala;1981;Kommunal;Sala;2120002098;469;211;147;111;38;43;30;
Västmanland naturbruksgy. Ösby;54764253;Sala;1981;Kommunal;Sala;2120002098;205;70;72;63;36;15;35;
Rönninge gymnasium;98908403;Salem;0128;Kommunal;Salem;2120002874;588;216;183;189;49;59;49;
Bessemerskolan;16493131;Sandviken;2181;Kommunal;Sandviken;2120002346;855;292;287;276;42;24;48;
Bessemerskolan_IM;33528519;Sandviken;2181;Kommunal;Sandviken;2120002346;242;133;65;44;35;79;14;
Göranssonska skolan;41119610;Sandviken;2181;Enskild;Sandvik Utbildningsaktiebolag;5563048791;194;66;65;63;37;16;71;
Arlandagymnasiet 1;83272868;Sigtuna;0191;Kommunal;Sigtuna;2120000225;548;207;172;169;46;30;51;
Arlandagymnasiet 3;48304166;Sigtuna;0191;Kommunal;Sigtuna;2120000225;302;116;101;85;29;53;31;
Arlandagymnasiet 4;66912789;Sigtuna;0191;Kommunal;Sigtuna;2120000225;136;135;1;.;32;89;10;
Praktiska Märsta;24982097;Sigtuna;0191;Enskild;Praktiska Sverige AB;5562575786;134;59;36;39;25;51;25;
Sigtunaskolan hum. läroverket, gy;45552626;Sigtuna;0191;Enskild;Sigtuna Skolstiftelse;8148002879;294;96;100;98;51;17;71;
Sigtunaskolan hum. läroverket, int gy;50906954;Sigtuna;0191;Enskild;Sigtuna Skolstiftelse;8148002879;161;43;56;62;52;69;43;
Sveriges Ridgymnasium Sigtuna;97104132;Sigtuna;0191;Enskild;Sveriges Ridgymnasium AB;5566814504;50;21;14;15;100;..;62;
Nova Academy;16748680;Simrishamn;1291;Kommunal;Simrishamn;2120000969;197;66;69;62;60;21;60;
Österlengymnasiet;68597767;Simrishamn;1291;Kommunal;Simrishamn;2120000969;126;57;44;25;46;55;27;
Malenagymnasiet;27964873;Sjöbo;1265;Kommunal;Sjöbo;2120001090;223;89;70;64;24;14;18;
Katedralskolan Skara Ro B;30706655;Skara;1495;Kommunal;Skara;2120001702;201;76;64;61;47;50;29;
Katedralskolan Skara Ro C;65674821;Skara;1495;Kommunal;Skara;2120001702;254;106;70;78;73;30;50;
Katedralskolan Skara Ro D;92332557;Skara;1495;Kommunal;Skara;2120001702;234;73;75;86;32;24;44;
Naturbruksskolan Uddetorp;46332927;Skara;1495;Landsting;Västra Götalands Läns Landsting;2321000131;121;47;49;25;25;..;45;
Olinsgymnasiet;16555851;Skara;1495;Enskild;Olinsgymnasiet i Skara AB;5569998932;56;31;25;.;48;..;59;
Anderstorpsgymnasiet 1;78821574;Skellefteå;2482;Kommunal;Skellefteå;2120002643;123;39;43;41;9;..;50;
Anderstorpsgymnasiet 2;70408763;Skellefteå;2482;Kommunal;Skellefteå;2120002643;336;126;117;93;62;9;63;
Anderstorpsgymnasiet 3;99620228;Skellefteå;2482;Kommunal;Skellefteå;2120002643;222;89;66;67;59;14;50;
Anderstorpsgymnasiet 4;42440084;Skellefteå;2482;Kommunal;Skellefteå;2120002643;157;56;56;45;62;9;53;
Anderstorpsgymnasiet 5;70815774;Skellefteå;2482;Kommunal;Skellefteå;2120002643;250;91;62;97;66;16;60;
Anderstorpsgymnasiet 6;21080571;Skellefteå;2482;Kommunal;Skellefteå;2120002643;55;50;4;1;36;67;..;
Anderstorpsgymnasiet Hammarängen;24653673;Skellefteå;2482;Kommunal;Skellefteå;2120002643;72;29;24;19;17;..;40;
Baldergymnasiet 1;58200871;Skellefteå;2482;Kommunal;Skellefteå;2120002643;161;53;60;48;35;9;50;
Baldergymnasiet 3;90505849;Skellefteå;2482;Kommunal;Skellefteå;2120002643;190;171;17;2;35;87;7;
Baldergymnasiet 4;83880861;Skellefteå;2482;Kommunal;Skellefteå;2120002643;284;135;69;80;20;15;64;
Baldergymnasiet 5;71099568;Skellefteå;2482;Kommunal;Skellefteå;2120002643;336;124;119;93;67;28;54;
Baldergymnasiet 6;51145165;Skellefteå;2482;Kommunal;Skellefteå;2120002643;142;50;56;36;65;7;39;
Guldstadsgymnasiet i Skellefteå;90990441;Skellefteå;2482;Enskild;Honesta Skolutveckling AB;5569173635;141;51;51;39;45;33;32;
Naturbruksgymnasiet i Burträsk;86319615;Skellefteå;2482;Kommunal;Skellefteå;2120002643;68;26;28;14;47;..;31;
Praktiska Skellefteå;87303004;Skellefteå;2482;Enskild;Praktiska Sverige AB;5562575786;173;79;51;43;36;55;16;
Yrkesgymnasiet Skellefteå;97835550;Skellefteå;2482;Enskild;Thorengruppen AB;5566139290;130;42;50;38;15;44;21;
Nils Holgerssongy i Skurup;22446331;Skurup;1264;Kommunal;Skurup;2120001082;182;71;62;49;29;7;18;
Drottning Blankas Gymnasieskola Skövde;26508763;Skövde;1496;Enskild;Plusgymnasiet AB;5565789129;259;98;83;78;77;31;29;
Kavelbro enhet 876;42911621;Skövde;1496;Kommunal;Skövde;2120001710;298;109;94;95;26;6;48;
Kavelbro enhet 877;40575001;Skövde;1496;Kommunal;Skövde;2120001710;250;78;77;95;40;14;32;
Kavelbro enhet 878;43998440;Skövde;1496;Kommunal;Skövde;2120001710;219;96;78;45;36;68;16;
Lichron Teknikgymnasium Skövde;75027822;Skövde;1496;Enskild;Lichron Teknik AB;5567560635;105;36;36;33;13;10;47;
NTI Gymnasiet Skövde;26671095;Skövde;1496;Enskild;IT Gymnasiet Sverige AB;5565970471;207;81;70;56;17;25;47;
Praktiska Skövde;14504503;Skövde;1496;Enskild;Praktiska Sverige AB;5562575786;151;60;36;55;38;43;19;
Volvogymnasiet Skövde;21850904;Skövde;1496;Enskild;Volvo Personvagnar Aktiebolag;5560743089;144;48;48;48;31;7;74;
Västerhöjd enhet 871;65320354;Skövde;1496;Kommunal;Skövde;2120001710;457;158;153;146;49;27;74;
Västerhöjd enhet 872;77544055;Skövde;1496;Kommunal;Skövde;2120001710;365;126;117;122;56;18;56;
Västerhöjd enhet 873;49112879;Skövde;1496;Kommunal;Skövde;2120001710;145;47;46;52;75;8;61;
Västerhöjd enhet 874;30279258;Skövde;1496;Kommunal;Skövde;2120001710;344;122;118;104;64;21;65;
Västerhöjd enhet 875;16198647;Skövde;1496;Kommunal;Skövde;2120001710;207;73;68;66;61;20;36;
VBU Smeden;12496135;Smedjebacken;2061;Kommunal;Västerbergslagens utbildningsförbund,vbu;2220000802;92;23;47;22;53;50;15;
VBU Stegelbacken;29220606;Smedjebacken;2061;Kommunal;Västerbergslagens utbildningsförbund,vbu;2220000802;152;33;47;72;23;97;9;
Sollefteå gymnasium;76903284;Sollefteå;2283;Kommunal;Sollefteå;2120002437;695;243;239;213;37;35;34;
Consensum Gymnasium Sollentuna;68649663;Sollentuna;0163;Enskild;Consensum Lund AB;5566023684;140;52;30;58;71;59;36;
Häggviks Gymnasium;43623146;Sollentuna;0163;Enskild;Utvecklingspedagogik Sverige Aktiebolag;5564715729;25;13;7;5;48;..;56;
KLARA Teoretiska Gymnasium Sollentuna;49141105;Sollentuna;0163;Enskild;Mikael Elias Gymnasium AB;5565583282;205;67;74;64;53;80;48;
NTI Gymnasiet Sollentuna;15870428;Sollentuna;0163;Enskild;Nordens Teknikerinstitut Aktiebolag (Nti);5561203679;198;69;66;63;16;43;45;
Rudbeck Ekonomiprogrammet;26646080;Sollentuna;0163;Kommunal;Sollentuna;2120000134;468;154;157;157;52;21;73;
Rudbeck El- och energi & Teknikprogrammet;26750052;Sollentuna;0163;Kommunal;Sollentuna;2120000134;346;122;106;118;12;18;75;
Rudbeck Estetiska & Samhällsvetenskapsprogrammet;18974693;Sollentuna;0163;Kommunal;Sollentuna;2120000134;503;169;172;162;68;21;69;
Rudbeck Humanistiska programmet & AST-enheten;26996566;Sollentuna;0163;Kommunal;Sollentuna;2120000134;60;15;22;23;48;18;75;
Rudbeck Introduktionsprogrammen;15832056;Sollentuna;0163;Kommunal;Sollentuna;2120000134;185;72;72;41;30;70;31;
Rudbeck Naturvetenskapsprogrammet;27704246;Sollentuna;0163;Kommunal;Sollentuna;2120000134;413;140;119;154;54;31;81;
Yrkesgymnasiet Sollentuna;81997762;Sollentuna;0163;Enskild;Thorengruppen AB;5566139290;241;97;75;69;43;50;26;
Ingridskolan, gymnasiet;28967085;Solna;0184;Enskild;Ingridskolan AB;5566222013;46;24;15;7;46;..;76;
Johan Movingers Gymnasium;69747871;Solna;0184;Enskild;Johan Movingers Gymnasium;8024142781;80;34;18;28;54;74;49;
LBS Ljud & Bildskolan Stockholm Norra;18106851;Solna;0184;Enskild;Ljud & Bildskolan Lbs AB;5564851649;114;114;.;.;12;20;61;
Peabskolan Solna;70119254;Solna;0184;Enskild;Peabskolan AB;5564427432;74;38;17;19;..;30;32;
Psykologigymnasiet;31151740;Solna;0184;Enskild;Psykologigymnasiet Sverige AB;5567295885;126;78;19;29;49;63;36;
Solna Gymnasium;79346084;Solna;0184;Kommunal;Solna;2120000183;788;312;242;234;42;47;54;
Sorsele gymnasieskola;98927766;Sorsele;2422;Kommunal;Sorsele;2120002585;35;35;.;.;..;94;..;
KC-gymnasiet;19456482;Sotenäs;1427;Kommunal;Sotenäs;2120001322;46;13;9;24;35;61;..;
Hvilan Utbildning;34222422;Staffanstorp;1230;Enskild;Hvilan Utbildning AB;5566066980;99;67;19;13;49;49;35;
Kometskolan Introduktionsprogram;31688123;Staffanstorp;1230;Kommunal;Staffanstorp;2120001017;35;15;1;19;43;63;..;
Munkeröds utb.c., Stenungsund;84230226;Stenungsund;1415;Enskild;Munkeröds Utbildningscenter Aktiebolag;5562067495;14;6;5;3;100;..;..;
Nösnäsgymnasiet 1;42060237;Stenungsund;1415;Kommunal;Stenungsund;2120001298;359;146;130;83;25;41;25;
Nösnäsgymnasiet 2;89816391;Stenungsund;1415;Kommunal;Stenungsund;2120001298;214;78;73;63;55;10;50;
Nösnäsgymnasiet 3;14448619;Stenungsund;1415;Kommunal;Stenungsund;2120001298;328;107;130;91;55;10;61;
Nösnäsgymnasiet 4;12546590;Stenungsund;1415;Kommunal;Stenungsund;2120001298;293;107;95;91;20;8;66;
Anna Whitlocks gymnasium 54040574;54040574;Stockholm;0180;Kommunal;Stockholm;2120000142;725;725;.;.;64;17;82;
Atleticagymnasiet;43565270;Stockholm;0180;Enskild;Atleticagymnasiet AB;5567799035;402;135;134;133;45;83;35;
Bernadottegymnasiet 77176811;77176811;Stockholm;0180;Kommunal;Stockholm;2120000142;370;153;126;91;36;24;57;
Blackebergs gymnasium 52791537;52791537;Stockholm;0180;Kommunal;Stockholm;2120000142;379;131;125;123;68;12;83;
Blackebergs gymnasium 85152591;85152591;Stockholm;0180;Kommunal;Stockholm;2120000142;444;163;158;123;48;33;64;
Blackebergs gymnasium 85819857;85819857;Stockholm;0180;Kommunal;Stockholm;2120000142;395;132;132;131;47;23;87;
Bromma gymnasium 40600798;40600798;Stockholm;0180;Kommunal;Stockholm;2120000142;472;163;156;153;39;16;74;
Bromma gymnasium 52942981;52942981;Stockholm;0180;Kommunal;Stockholm;2120000142;371;190;92;89;39;36;56;
Bromma gymnasium 54117171;54117171;Stockholm;0180;Kommunal;Stockholm;2120000142;386;124;123;139;22;28;82;
Campus Manilla Gymnasium;48120273;Stockholm;0180;Enskild;Campus Manilla Utbildning AB;5568834765;248;87;79;82;58;8;88;
Carlgrenska Waldorfgymnasiet;33233228;Stockholm;0180;Enskild;Stockholms Fria Waldorfgymnasium;8024530647;40;10;13;17;65;25;75;
Cybergymnasiet Stockholm;94167577;Stockholm;0180;Enskild;Cybergymnasiet Stockholm AB;5565547964;1 074;382;367;325;41;56;44;
Dansgymnasiet Stockholm;70404319;Stockholm;0180;Enskild;Vasiliou Education AB;5568920218;56;56;.;.;75;63;46;
Designgymnasiet Kungsholmen;27023528;Stockholm;0180;Enskild;Hermods Design & Construction College AB;5569828451;291;122;85;84;49;39;46;
Didaktus Liljeholmen;53903798;Stockholm;0180;Enskild;Didaktus Skolor AB;5564732856;577;248;159;170;60;81;26;
Distra Gymnasium;85782695;Stockholm;0180;Enskild;Distra Utbildnings Center AB;5566064209;196;83;63;50;19;64;18;
Djurgymnasiet Stockholm;98815582;Stockholm;0180;Enskild;Animallogos AB;5566205455;294;117;91;86;88;12;53;
Drottning Blankas Gymnasieskola Stockholm;97770837;Stockholm;0180;Enskild;Drottning Blankas Gymnasieskola AB;5565668794;363;149;92;122;73;39;49;
Elektrikergymnasiet;21312503;Stockholm;0180;Enskild;Stockholms El-utbildning AB;5566814801;161;55;54;52;..;17;47;
Enskede Gårds gymnasium 35541921;35541921;Stockholm;0180;Kommunal;Stockholm;2120000142;310;129;121;60;34;78;18;
Enskilda gymnasiet, gy;69650864;Stockholm;0180;Enskild;Enskilda Gymnasiet;8020126531;281;91;93;97;60;12;94;
ESS-gymnasiet 59581397;59581397;Stockholm;0180;Kommunal;Stockholm;2120000142;177;94;39;44;46;20;61;
ESS-gymnasiet 84286715;84286715;Stockholm;0180;Kommunal;Stockholm;2120000142;109;109;.;.;52;48;39;
Framtidsgymnasiet Stockholm;14926020;Stockholm;0180;Enskild;Framtidsgymnasiet i Göteborg Aktiebolag;5564781606;152;55;48;49;..;70;22;
Franska Skolan/Ecole francaise Gymnasium;41938272;Stockholm;0180;Enskild;Stiftelsen Franska Skolan;8020061530;304;98;105;101;62;21;88;
Globala gymnasiet 29423248;29423248;Stockholm;0180;Kommunal;Stockholm;2120000142;391;154;121;116;69;18;75;
Globala gymnasiet 76054399;76054399;Stockholm;0180;Kommunal;Stockholm;2120000142;272;153;64;55;54;49;60;
Grillska Gymnasiet Stockholm;33132452;Stockholm;0180;Enskild;Stadsmissionens Skolstiftelse;8020170794;600;254;186;160;53;54;36;
Gymnasieskolan Futurum;56942970;Stockholm;0180;Enskild;Sociala Missionen;8020031178;56;24;15;17;45;59;34;
Gymnasieskolan Metapontum;60142020;Stockholm;0180;Enskild;Metapontum AB;5566641691;27;8;6;13;44;67;70;
Hermods Distansgymnasium;70811222;Stockholm;0180;Enskild;Hermods Aktiebolag;5560440017;21;4;7;10;..;..;71;
International IT College of Sweden Stockholm;35084976;Stockholm;0180;Enskild;Edinit AB;5563114445;319;115;108;96;44;51;60;
International School of the Stockholm Region 25525759;25525759;Stockholm;0180;Kommunal;Stockholm;2120000142;258;87;75;96;45;66;72;
Internationella Engelska Gymnasiet Södermalm;77632411;Stockholm;0180;Enskild;Internationella Engelska Skolan i Sverige AB;5564624368;726;256;226;244;67;47;78;
Internationella Hotell- och Restaurangskolan;56653353;Stockholm;0180;Enskild;Klaragymnasium AB;5566303938;169;60;55;54;38;28;51;
Internationella Kunskapsgymnasiet;49068301;Stockholm;0180;Enskild;Kunskapsskolan i Sverige Aktiebolag;5565661815;266;98;88;80;55;45;61;
JENSEN Gymnasium Internationella;59898194;Stockholm;0180;Enskild;Jensen Education College AB;5566358759;244;79;88;77;62;53;52;
JENSEN Gymnasium Norra;38195284;Stockholm;0180;Enskild;Jensen Education College AB;5566358759;504;189;170;145;60;33;57;
JENSEN Gymnasium Södra;97510495;Stockholm;0180;Enskild;Jensen Education College AB;5566358759;595;221;209;165;59;41;49;
KLARA Teoretiska Gymnasium Stockholm Norra;89461767;Stockholm;0180;Enskild;Klaragymnasium AB;5566303938;256;90;85;81;61;46;55;
KLARA Teoretiska Gymnasium Stockholm Södra;94717858;Stockholm;0180;Enskild;Klaragymnasium AB;5566303938;414;128;151;135;42;19;71;
KLARA Teoretiska Gymnasium Stockholm Västra;73812226;Stockholm;0180;Enskild;Mikael Elias Gymnasium AB;5565583282;344;101;129;114;44;38;65;
KLARA Teoretiska Gymnasium Stockholm Östra;17911161;Stockholm;0180;Enskild;Hermods Gymnasium AB;5565286696;346;108;137;101;57;77;38;
Kristofferskolan, gy;53760158;Stockholm;0180;Enskild;Stiftelsen Kristofferskolan;8020018720;153;49;55;49;52;14;86;
Kulturama gymnasium;78422467;Stockholm;0180;Enskild;Medborgarskolan Stockholmsregionen;8020060524;509;186;174;149;73;11;73;
Kulturama Gymnasium Natur;37802196;Stockholm;0180;Enskild;Medborgarskolans Friskolor i Stockholm AB;5565684965;38;19;19;.;74;..;89;
Kungl. Svenska Balettskolan gy 38683336;38683336;Stockholm;0180;Kommunal;Stockholm;2120000142;47;12;22;13;77;38;57;
Kungsh gy/Sthlms Musikgy 36288955;36288955;Stockholm;0180;Kommunal;Stockholm;2120000142;429;127;155;147;66;42;87;
Kungsh gy/Sthlms Musikgy 74812809;74812809;Stockholm;0180;Kommunal;Stockholm;2120000142;315;116;97;102;58;22;85;
Kungsh gy/Sthlms Musikgy 88839172;88839172;Stockholm;0180;Kommunal;Stockholm;2120000142;514;163;191;160;70;21;85;
Kungsholmens västra gymnasium;69053034;Stockholm;0180;Kommunal;Stockholm;2120000142;240;91;78;71;60;73;57;
Kungsholmens Västra Gymnasium 48412612;48412612;Stockholm;0180;Kommunal;Stockholm;2120000142;439;215;143;81;67;63;44;
Kungsholmens Västra Gymnasium 95618280;95618280;Stockholm;0180;Kommunal;Stockholm;2120000142;257;113;72;72;80;75;29;
Kungstensgymnasiet;75075402;Stockholm;0180;Enskild;Folkuniversitetet Stift Kursverksamheten Vid Stockholms Universitet;8020064096;435;143;141;151;72;14;75;
Kunskapsgymnasiet Globen;26326048;Stockholm;0180;Enskild;Kunskapsskolan i Sverige Aktiebolag;5565661815;417;152;138;127;57;45;53;
Kärrtorps gymnasium 37839488;37839488;Stockholm;0180;Kommunal;Stockholm;2120000142;385;228;74;83;42;81;33;
LBS Ljud & Bildskolan Stockholm Södra;46256929;Stockholm;0180;Enskild;Ljud & Bildskolan Lbs AB;5564851649;359;129;121;109;26;22;64;
Liljeholmens gymnasium 59409052;59409052;Stockholm;0180;Kommunal;Stockholm;2120000142;121;121;.;.;36;99;..;
Lilla Akademiens Musikgymn.;83374651;Stockholm;0180;Enskild;Musikskolan Lilla Akademien AB;5565510756;120;46;36;38;61;28;81;
Lycée Francais Saint Louis, gy;59796774;Stockholm;0180;Enskild;Lycée Francais Saint-Louis;9020041852;126;45;45;36;43;69;79;
Magelungens gymnasium Södermalm;24147242;Stockholm;0180;Enskild;Magelungen Utveckling AB;5564891447;119;60;45;14;56;29;48;
Midsommarkransens gy 17675502;17675502;Stockholm;0180;Kommunal;Stockholm;2120000142;410;184;118;108;50;42;41;
Midsommarkransens gy 75600007;75600007;Stockholm;0180;Kommunal;Stockholm;2120000142;187;59;77;51;32;50;59;
Nordiska Musikgymnasiet;30762346;Stockholm;0180;Enskild;Nordiska Musikgymnasiet AB;5565851507;42;13;14;15;83;26;79;
Norra Real 82964090;82964090;Stockholm;0180;Kommunal;Stockholm;2120000142;580;195;201;184;55;20;92;
Norra Real 88955893;88955893;Stockholm;0180;Kommunal;Stockholm;2120000142;425;129;162;134;79;15;84;
NTI Gymnasiet Gärdet;92204274;Stockholm;0180;Enskild;IT Gymnasiet Sverige AB;5565970471;123;66;57;.;9;37;62;
NTI Gymnasiet Stockholm;15390992;Stockholm;0180;Enskild;Nordens Teknikerinstitut Aktiebolag (Nti);5561203679;856;299;278;279;21;16;73;
NTI Handelsgymnasiet Stockholm;15278518;Stockholm;0180;Enskild;Nordens Teknikerinstitut Aktiebolag (Nti);5561203679;363;127;123;113;39;25;50;
NTI Vetenskapsgymnasiet Stockholm;50644850;Stockholm;0180;Enskild;Nordens Teknikerinstitut Aktiebolag (Nti);5561203679;117;58;59;.;13;43;67;
Odengymnasiet;63943560;Stockholm;0180;Enskild;Värmdö Tekniska Utbildningar Aktiebolag, Vtu;5563836757;196;79;58;59;56;47;37;
P A Fogelströms gymnasium 24650116;24650116;Stockholm;0180;Kommunal;Stockholm;2120000142;343;224;119;.;35;14;76;
Plusgymnasiet Stockholm;85516596;Stockholm;0180;Enskild;Plusgymnasiet AB;5565789129;376;153;106;117;72;58;32;
Praktiska Bromma;31998226;Stockholm;0180;Enskild;Praktiska Sverige AB;5562575786;87;42;29;16;16;44;14;
Praktiska Liljeholmen;38236800;Stockholm;0180;Enskild;Praktiska Sverige AB;5562575786;373;174;111;88;33;51;29;
ProCivitas Privata Gymnasium Stockholm;59359012;Stockholm;0180;Enskild;ProCivitas Privata Gymnasium AB;5566157102;221;129;92;.;61;14;68;
Påhlmans gymnasium;16784385;Stockholm;0180;Enskild;Medborgarskolans Friskolor i Stockholm AB;5565684965;398;127;115;156;50;19;63;
Realgymnasiet Stockholm;59026584;Stockholm;0180;Enskild;Lärande i Sverige AB;5565715892;669;266;232;171;84;15;43;
REFIS Rörentr. friskola Sthlm;79829846;Stockholm;0180;Enskild;REFIS Rörentreprenörernas Friskola i Stockholm A;5566285994;120;39;44;37;..;17;37;
RGRH Stockholm, Riksgymnasium  för rörelsehindrade elever 89963319;89963319;Stockholm;0180;Kommunal;Stockholm;2120000142;22;8;7;7;..;..;50;
Sjölins Gymnasium Kungsholmen;87844327;Stockholm;0180;Enskild;Sjölins Gymnasium AB;5563758399;155;95;60;.;49;27;59;
Sjölins gymnasium Södermalm;24339566;Stockholm;0180;Enskild;Sjölins Gymnasium AB;5563758399;624;186;219;219;63;13;76;
Sjömansskolan;20061769;Stockholm;0180;Enskild;Sjömansskolan Stockholm AB;5565662409;50;22;15;13;..;22;46;
Skolslussen 65458415;65458415;Stockholm;0180;Kommunal;Stockholm;2120000142;32;16;11;5;72;31;56;
Skärholmens gymnasium 91478173;91478173;Stockholm;0180;Kommunal;Stockholm;2120000142;175;172;.;3;21;100;6;
Snitz Gymnasium;95154882;Stockholm;0180;Enskild;PPS Power Planning System Aktiebolag;5565042255;195;78;69;48;24;16;55;
Sofiaängens skola gy;25074310;Stockholm;0180;Enskild;Sofiaängen AB;5565980942;17;7;6;4;94;..;65;
Spånga Gymnasium 52333875;52333875;Stockholm;0180;Kommunal;Stockholm;2120000142;498;155;192;151;54;60;39;
S:t Eriks gymnasium 65666808;65666808;Stockholm;0180;Kommunal;Stockholm;2120000142;1 037;406;355;276;51;43;51;
Sthlm hotell & restaurangsk 24397215;24397215;Stockholm;0180;Kommunal;Stockholm;2120000142;237;89;75;73;32;19;47;
Sthlm hotell & restaurangsk 30677562;30677562;Stockholm;0180;Kommunal;Stockholm;2120000142;305;135;85;85;64;40;33;
Sthlm Transp&Fordon 85054102;85054102;Stockholm;0180;Kommunal;Stockholm;2120000142;148;61;49;38;..;57;33;
Sthlm Transp&Fordon 87274273;87274273;Stockholm;0180;Kommunal;Stockholm;2120000142;64;22;22;20;33;..;23;
Stift. Sthlm Intern. School gy;89693952;Stockholm;0180;Enskild;Stiftelsen Stockholm International School;8024264775;150;43;53;54;49;71;54;
Stiftelsen KFUM Söder Fryshuset, Fryshusets Gymnasium;24759907;Stockholm;0180;Enskild;Stiftelsen Fryshuset;8020111582;901;415;239;247;52;44;49;
Stockholm Science & Innovation School 78433202, SSIS;78433202;Stockholm;0180;Kommunal;Stockholm;2120000142;330;136;125;69;13;30;78;
Stockholms byggtekniska gymnasium 41631104;41631104;Stockholm;0180;Kommunal;Stockholm;2120000142;151;75;34;42;..;52;28;
Stockholms Estetiska Gymnasium;35366805;Stockholm;0180;Enskild;Stockholms Estetiska Gymnasium Ek. För.;7696029995;227;72;76;79;81;13;66;
Stockholms Idrottsgymnasium;31315191;Stockholm;0180;Enskild;Stockholms Idrottsgymnasium AB;5567379226;358;125;117;116;39;11;75;
Stockholms Tillskärarakademis Gymnasium;80357110;Stockholm;0180;Enskild;Medborgarskolans Friskolor i Stockholm AB;5565684965;24;.;10;14;88;..;50;
Södra Latins gymnasium 42775003;42775003;Stockholm;0180;Kommunal;Stockholm;2120000142;441;160;127;154;83;11;85;
Södra Latins gymnasium 56670842;56670842;Stockholm;0180;Kommunal;Stockholm;2120000142;284;126;93;65;61;43;75;
Södra Latins gymnasium 89370947;89370947;Stockholm;0180;Kommunal;Stockholm;2120000142;388;131;127;130;68;8;89;
Teknik & Service Gymnasiet;18451445;Stockholm;0180;Enskild;Ludus AB;5568879018;97;42;31;24;..;43;36;
Tensta gymnasium 42985608;42985608;Stockholm;0180;Kommunal;Stockholm;2120000142;112;109;3;.;26;99;..;
Thoren Business School Stockholm;48555205;Stockholm;0180;Enskild;Thorengruppen AB;5566139290;776;269;278;229;59;36;58;
Thoren Innovation School Stockholm;31313926;Stockholm;0180;Enskild;Thoren Innovation School AB;5568902653;100;11;12;77;10;39;57;
Thorildsplans gymnasium 30312720;30312720;Stockholm;0180;Kommunal;Stockholm;2120000142;402;126;155;121;26;34;75;
Thorildsplans gymnasium 32116280;32116280;Stockholm;0180;Kommunal;Stockholm;2120000142;288;94;99;95;30;34;69;
Thorildsplans gymnasium 57143976;57143976;Stockholm;0180;Kommunal;Stockholm;2120000142;426;129;153;144;58;27;71;
Thorildsplans gymnasium 93367005;93367005;Stockholm;0180;Kommunal;Stockholm;2120000142;373;162;111;100;5;36;53;
Tyska skolan;53175499;Stockholm;0180;Enskild;Tyska Skolföreningen;8020056530;120;44;37;39;50;62;84;
Viktor Rydberg gy. Jarlaplan;64388538;Stockholm;0180;Enskild;Stiftelsen Viktor Rydbergs Skola;8120005650;538;181;175;182;82;9;87;
Viktor Rydberg gy. Odenplan;52153758;Stockholm;0180;Enskild;Stiftelsen Viktor Rydbergs Skola;8120005650;613;221;186;206;68;19;86;
Yrkesgymnasiet Stockholm;16501673;Stockholm;0180;Enskild;Thorengruppen AB;5566139290;223;94;75;54;34;58;29;
Yrkesplugget;26298615;Stockholm;0180;Enskild;Yrkesplugget i Sverige AB;5566753736;239;98;75;66;8;44;26;
Östra Reals gymnasium 22116645;22116645;Stockholm;0180;Kommunal;Stockholm;2120000142;608;225;177;206;60;23;83;
Östra Reals gymnasium 99755443;99755443;Stockholm;0180;Kommunal;Stockholm;2120000142;547;217;153;177;59;22;74;
Gymnasieutbildn. i Storfors;19005839;Storfors;1760;Kommunal;Storfors;2120001785;21;21;.;.;..;76;..;
Lundsbergs gymnasieskola;30167976;Storfors;1760;Enskild;Stiftelsen Lundsbergs Skola;8740019362;174;62;62;50;48;17;71;
Luspengymnasiet;50104466;Storuman;2421;Kommunal;Storuman;2120002577;110;44;37;29;39;47;15;
Tärnaby Alpina Gymnasium;28004794;Storuman;2421;Kommunal;Storuman;2120002577;25;6;5;14;40;..;84;
Europaskolan Strängnäs;32071849;Strängnäs;0486;Enskild;Europaskolan Utbildning AB;5567478416;450;160;152;138;63;18;75;
Thomasgymnasiet;79845033;Strängnäs;0486;Kommunal;Strängnäs;2120000365;540;263;150;127;37;30;39;
Strömstad Gymnasium;41099519;Strömstad;1486;Kommunal;Strömstad;2120001405;411;126;137;148;44;43;35;
Hjalmar Strömerskolan;59386837;Strömsund;2313;Kommunal;Strömsund;2120002486;281;103;80;98;39;36;30;
Grillska Gymnasiet Sundbyberg;21627442;Sundbyberg;0183;Enskild;Stadsmissionens Skolstiftelse;8020170794;152;73;49;30;55;28;44;
NTI Gymnasiet Sundbyberg;17276047;Sundbyberg;0183;Enskild;IT Gymnasiet Sverige AB;5565970471;196;71;65;60;10;47;48;
S:t Martins gymnasium;73217812;Sundbyberg;0183;Kommunal;Sundbyberg;2120000175;395;146;124;125;49;61;23;
Drottning Blankas Gymnasieskola Sundsvall;36769815;Sundsvall;2281;Enskild;Plusgymnasiet AB;5565789129;89;38;25;26;97;..;27;
KLARA Teoretiska Gymnasium Sundsvall;21382451;Sundsvall;2281;Enskild;Mikael Elias Gymnasium AB;5565583282;283;96;92;95;74;22;63;
NTI Gymnasiet Sundsvall;48244956;Sundsvall;2281;Enskild;Nordens Teknikerinstitut Aktiebolag (Nti);5561203679;249;119;74;56;16;10;57;
Praktiska Sundsvall;16931486;Sundsvall;2281;Enskild;Praktiska Sverige AB;5562575786;251;99;82;70;25;36;29;
Realgymnasiet i Sundsvall;92489953;Sundsvall;2281;Enskild;Lärande i Sverige AB;5565715892;108;42;32;34;77;..;43;
Skvaderns gymnasieskola;43873969;Sundsvall;2281;Enskild;Norrlidens Kunskapscentrum AB;5566178215;504;183;174;147;69;12;82;
Sundsvalls Gymn. Hedbergska 2;55825382;Sundsvall;2281;Kommunal;Sundsvall;2120002411;369;120;116;133;53;9;62;
Sundsvalls Gymn. Hedbergska 3;19306558;Sundsvall;2281;Kommunal;Sundsvall;2120002411;133;65;51;17;62;26;35;
Sundsvalls Gymn. Västermalm 1;24993048;Sundsvall;2281;Kommunal;Sundsvall;2120002411;202;77;64;61;45;15;61;
Sundsvalls Gymn. Västermalm 2;70132092;Sundsvall;2281;Kommunal;Sundsvall;2120002411;250;95;81;74;4;8;44;
Sundsvalls Gymn. Västermalm 3;36290964;Sundsvall;2281;Kommunal;Sundsvall;2120002411;262;262;.;.;26;100;5;
Sundsvalls Gymn. Västermalm 4;65034473;Sundsvall;2281;Kommunal;Sundsvall;2120002411;176;101;48;27;63;20;26;
Sundsvalls Gymn. Västermalm 5;13084253;Sundsvall;2281;Kommunal;Sundsvall;2120002411;399;140;126;133;23;9;66;
Sundsvalls Gymn. Västermalm 6;32321364;Sundsvall;2281;Kommunal;Sundsvall;2120002411;69;30;20;19;86;52;32;
Sundsvalls gymnasium, Hedbergska 1;89793044;Sundsvall;2281;Kommunal;Sundsvall;2120002411;343;128;119;96;58;15;57;
Thoren Business School Sundsvall;59942080;Sundsvall;2281;Enskild;Thorengruppen AB;5566139290;205;93;53;59;50;37;36;
Sunne Gymnasieskola / Broby;66273269;Sunne;1766;Kommunal;Sunne;2120001843;277;75;114;88;29;43;33;
Sunne Gymnasieskola / Södra Viken;82888663;Sunne;1766;Kommunal;Sunne;2120001843;183;66;57;60;24;..;33;
Viljan;23384476;Surahammar;1907;Enskild;Viljan Friskola AB;5567777775;41;16;18;7;24;..;56;
Svalöfs gymnasium;11275959;Svalöv;1214;Kommunal;Svalöv;2120000993;502;187;164;151;35;25;30;
Nils Fredriksson Utbildning;58518163;Svedala;1263;Kommunal;Svedala;2120001074;220;98;73;49;47;27;45;
Sveriges Ridgymnasium Svedala;50615280;Svedala;1263;Enskild;Sveriges Ridgymnasium AB;5566814504;84;32;28;24;96;..;45;
Gymnasieutbildn. i Svenljunga;11681103;Svenljunga;1465;Kommunal;Svenljunga;2120001512;64;20;44;.;23;86;..;
Naturbruksskolan Svenljunga;19035583;Svenljunga;1465;Landsting;Västra Götalands Läns Landsting;2321000131;101;39;30;32;14;..;41;
Herrgårdsgymnasiet A;27993549;Säffle;1785;Kommunal;Säffle;2120001900;437;223;101;113;29;33;27;
Dahlander kunskapscentrum;69985412;Säter;2082;Kommunal;Säter;2120002247;48;24;11;13;33;79;..;
Aleholm;37912396;Sävsjö;0684;Kommunal;Sävsjö;2120000563;354;188;78;88;42;43;40;
Staffangymnasiet RO6;45593337;Söderhamn;2182;Kommunal;Hälsinglands utbildningsförbund;2220003111;332;116;98;118;48;20;60;
Staffangymnasiet RO7;90312942;Söderhamn;2182;Kommunal;Hälsinglands utbildningsförbund;2220003111;294;107;102;85;23;14;28;
Staffangymnasiet RO8;18768922;Söderhamn;2182;Kommunal;Hälsinglands utbildningsförbund;2220003111;93;61;23;9;51;80;13;
Nyströmska skolan 1;10226870;Söderköping;0582;Kommunal;Söderköping;2120000464;187;66;54;67;42;59;41;
Nyströmska skolan 2;19839859;Söderköping;0582;Kommunal;Söderköping;2120000464;112;58;35;19;29;33;21;
Järna Naturbruksgymnasium;80280597;Södertälje;0181;Enskild;Nibblestiftelsen;8020024405;26;12;7;7;46;..;46;
Morabergs studiecentrum;97651849;Södertälje;0181;Kommunal;Södertälje;2120000159;257;247;10;.;37;95;18;
Mälardalens Tekniska Gymnasium;67628478;Södertälje;0181;Enskild;Mälardalens Tekniska Gymnasium Aktiebolag;5565484754;217;72;72;73;20;15;79;
Novalisgymnasiet;68485877;Södertälje;0181;Enskild;Stiftelsen Novalis;8156008172;32;11;11;10;34;..;44;
NTI Gymnasiet Södertälje;37517404;Södertälje;0181;Enskild;Nordens Teknikerinstitut Aktiebolag (Nti);5561203679;124;40;45;39;..;73;38;
Praktiska Södertälje;29159460;Södertälje;0181;Enskild;Praktiska Sverige AB;5562575786;251;96;80;75;50;71;25;
S:ta Ragnhildgymnasiet;32057701;Södertälje;0181;Enskild;S:ta Ragnhildgymnasiet AB;5564065687;231;87;87;57;58;52;65;
Torekällgymnasiet;43601850;Södertälje;0181;Kommunal;Södertälje;2120000159;194;74;65;55;14;55;21;
Täljegymnasiet;30615080;Södertälje;0181;Kommunal;Södertälje;2120000159;536;231;138;167;50;76;43;
Vackstanäsgymnasiet;89630851;Södertälje;0181;Enskild;Vackstanäsgymnasiet;8156000690;214;78;61;75;57;13;47;
Wendela Hebbe gymnasiet;25178582;Södertälje;0181;Kommunal;Södertälje;2120000159;257;82;95;80;51;37;49;
Örjanskolan gym;70543431;Södertälje;0181;Enskild;Föreningen Örjanskolan;8156005103;66;28;23;15;56;33;70;
Furulundsskolan 1;23476801;Sölvesborg;1083;Kommunal;Sölvesborgs-bromöllas kommunalförbund;2220001222;200;85;46;69;28;25;52;
Furulundsskolan 2;86351879;Sölvesborg;1083;Kommunal;Sölvesborgs-bromöllas kommunalförbund;2220001222;447;215;104;128;53;30;40;
Tanums Gymnasium;14586562;Tanum;1435;Kommunal;Tanum;2120001348;34;17;15;2;..;94;..;
Fågelvik, gymnasieskola;74322969;Tibro;1472;Kommunal;Tibro;2120001660;73;30;26;17;29;86;..;
Rudbecksgymnasiet 1;90260899;Tidaholm;1498;Kommunal;Tidaholm;2120001736;199;71;78;50;37;16;44;
Rudbecksgymnasiet 2;69302313;Tidaholm;1498;Kommunal;Tidaholm;2120001736;78;40;12;26;76;24;19;
Rudbecksgymnasiet 3;88770449;Tidaholm;1498;Kommunal;Tidaholm;2120001736;50;7;8;35;20;100;..;
Högbergsskolan;31057219;Tierp;0360;Kommunal;Tierp;2120000266;569;295;149;125;35;40;28;
Timrå Gymnasium;27079521;Timrå;2262;Kommunal;Timrå;2120002395;432;216;112;104;32;31;35;
AMB Education;33572033;Tingsryd;0763;Enskild;Academy of Music and Business Education Tingsryd AB;5568792997;159;47;52;60;58;8;61;
Wasaskolan;64579522;Tingsryd;0763;Kommunal;Tingsryd;2120000621;264;153;48;63;29;48;28;
Bollerups lantbruksinstitut;65234368;Tomelilla;1270;Enskild;Bollerups Lantbruksinstitut;8388001177;242;96;73;73;67;7;60;
Stjerneskolan;34381901;Torsby;1737;Kommunal;Torsby;2120001777;506;152;168;186;46;21;41;
Torsås korrespondensgymnasium 1;55150847;Torsås;0834;Kommunal;Torsås;2120000696;330;74;100;156;66;16;67;
Torsås Korrespondensgymnasium 2;90076461;Torsås;0834;Kommunal;Torsås;2120000696;337;77;99;161;81;13;63;
Tranemo gymnasieskola 1;96414537;Tranemo;1452;Kommunal;Tranemo;2120001462;181;66;60;55;34;53;17;
Tranemo gymnasieskola 2;53069733;Tranemo;1452;Kommunal;Tranemo;2120001462;223;83;70;70;47;25;44;
Holavedsgymnasiet ASB;99394620;Tranås;0687;Kommunal;Tranås;2120000597;191;73;63;55;20;18;64;
Holavedsgymnasiet CAX;95368476;Tranås;0687;Kommunal;Tranås;2120000597;280;101;103;76;46;18;49;
Holavedsgymnasiet SCD;76342612;Tranås;0687;Kommunal;Tranås;2120000597;146;144;2;.;27;96;7;
Holavedsgymnasiet TYM;14853321;Tranås;0687;Kommunal;Tranås;2120000597;226;80;70;76;59;33;30;
Söderslättsgymnasiet Ro 1;76448076;Trelleborg;1287;Kommunal;Trelleborg;2120001199;338;114;113;111;22;18;46;
Söderslättsgymnasiet Ro 2;31537066;Trelleborg;1287;Kommunal;Trelleborg;2120001199;152;48;57;47;37;24;53;
Söderslättsgymnasiet Ro 3;86488203;Trelleborg;1287;Kommunal;Trelleborg;2120001199;641;228;226;187;48;34;39;
Drottning Blankas Gymnasieskola Trollhättan;25156286;Trollhättan;1488;Enskild;Drottning Blankas Gymnasieskola AB;5565668794;236;82;92;62;87;19;36;
Folkuniversitetets gymnasium i Trollhättan;28081446;Trollhättan;1488;Enskild;Folkuniversitetet Stiftelsen Kursver Ksamheten Vid Göteborgs Universitet;8572006313;257;89;85;83;75;21;66;
LBS Ljud & Bildskolan Trollhättan;21400668;Trollhättan;1488;Enskild;Ljud & Bildskolan Lbs AB;5564851649;162;65;49;48;20;12;56;
Magnus Åbergsgymnasiet 1;92949043;Trollhättan;1488;Kommunal;Kunskapsförbundet väst;2220002998;549;188;198;163;44;36;41;
Magnus Åbergsgymnasiet 3;92712591;Trollhättan;1488;Kommunal;Kunskapsförbundet väst;2220002998;219;120;62;37;36;95;13;
Nils Ericsonsgymnasiet 1;84329061;Trollhättan;1488;Kommunal;Kunskapsförbundet väst;2220002998;778;267;262;249;38;33;61;
Nils Ericsonsgymnasiet 2;84225089;Trollhättan;1488;Kommunal;Kunskapsförbundet väst;2220002998;112;68;27;17;38;56;22;
Praktiska Trollhättan;71969230;Trollhättan;1488;Enskild;Praktiska Sverige AB;5562575786;145;65;32;48;64;56;21;
Trosa Gymnasium;20862637;Trosa;0488;Kommunal;Trosa;2120002957;4;1;2;1;..;..;..;
Tyresö Gymnasium 1;91048178;Tyresö;0138;Kommunal;Tyresö;2120000092;491;209;181;101;29;44;27;
Mimers Gymnasium Täby;82718660;Täby;0160;Enskild;Adinova AB;5567797831;83;36;26;21;31;17;76;
Praktiska Täby;76942525;Täby;0160;Enskild;Praktiska Sverige AB;5562575786;166;80;54;32;42;40;30;
Sparre Gymnasium;12399380;Täby;0160;Enskild;Upplevelse Utbildning i Täby AB;5567875413;111;40;41;30;36;37;52;
Tibble Fristående Gymnasium;31486865;Täby;0160;Enskild;Tibble Fristående Gymnasium TFG AB;5566978556;1 436;549;489;398;53;11;79;
Täby Enskilda gymnasium;97265732;Täby;0160;Enskild;Täby Enskilda Gymnasium AB;5565680112;847;297;289;261;65;10;82;
Täby språkintroduktion;86923395;Täby;0160;Kommunal;Täby;2120000118;80;20;60;.;26;100;..;
Täby Yrkesgymnasium;10373112;Täby;0160;Enskild;Utbildningscentret för yrkestrafik i Sverige AB;5562629179;110;47;36;27;13;40;27;
Åva gymnasium;61720981;Täby;0160;Kommunal;Täby;2120000118;1 160;416;388;356;32;22;65;
Gymn.utb. Töreboda Kanalskolan;57446690;Töreboda;1473;Kommunal;Töreboda;2120001678;41;41;.;.;51;68;..;
Naturbruksskolan Sötåsen;25698509;Töreboda;1473;Landsting;Västra Götalands Läns Landsting;2321000131;213;76;69;68;72;..;43;
Drottning Blankas Gymnasieskola Uddevalla;50424828;Uddevalla;1485;Enskild;Plusgymnasiet AB;5565789129;273;105;83;85;62;45;28;
Thoren Innovation School Uddevalla;82931004;Uddevalla;1485;Enskild;Thoren Innovation School AB;5568902653;124;57;29;38;12;23;45;
Uddevalla gymnasieskola, Agneberg BF;83584125;Uddevalla;1485;Kommunal;Uddevalla;2120001397;77;27;25;25;71;25;35;
Uddevalla gymnasieskola, Agneberg EK;95024660;Uddevalla;1485;Kommunal;Uddevalla;2120001397;301;108;95;98;53;16;61;
Uddevalla gymnasieskola, Agneberg EKSPINT;32263814;Uddevalla;1485;Kommunal;Uddevalla;2120001397;72;26;21;25;54;24;69;
Uddevalla gymnasieskola, Agneberg GLU;16496466;Uddevalla;1485;Kommunal;Uddevalla;2120001397;40;11;11;18;80;..;35;
Uddevalla gymnasieskola, Agneberg HA;12075195;Uddevalla;1485;Kommunal;Uddevalla;2120001397;71;23;26;22;48;23;45;
Uddevalla gymnasieskola, Agneberg RL;62300682;Uddevalla;1485;Kommunal;Uddevalla;2120001397;54;25;13;16;72;..;35;
Uddevalla gymnasieskola, Agneberg SA;47393891;Uddevalla;1485;Kommunal;Uddevalla;2120001397;237;91;80;66;63;23;59;
Uddevalla gymnasieskola, Agneberg SASPINT;48414975;Uddevalla;1485;Kommunal;Uddevalla;2120001397;64;16;20;28;64;17;73;
Uddevalla gymnasieskola, Margaretegärde GLU;65265211;Uddevalla;1485;Kommunal;Uddevalla;2120001397;135;48;39;48;51;27;29;
Uddevalla gymnasieskola, Margaretegärde IM;67785826;Uddevalla;1485;Kommunal;Uddevalla;2120001397;305;94;86;125;33;72;18;
Uddevalla gymnasieskola, Sinclair ES;11533776;Uddevalla;1485;Kommunal;Uddevalla;2120001397;251;99;64;88;71;16;57;
Uddevalla gymnasieskola, Östabo 1 VO;97191332;Uddevalla;1485;Kommunal;Uddevalla;2120001397;213;80;65;68;79;50;30;
Uddevalla gymnasieskola, Östrabo 1 IN;71938440;Uddevalla;1485;Kommunal;Uddevalla;2120001397;53;30;15;8;..;45;23;
Uddevalla gymnasieskola, Östrabo 1 TE;28829503;Uddevalla;1485;Kommunal;Uddevalla;2120001397;247;92;79;76;21;16;70;
Uddevalla gymnasieskola, Östrabo Y BA;22811839;Uddevalla;1485;Kommunal;Uddevalla;2120001397;235;85;73;77;16;10;32;
Uddevalla gymnasieskola, Östrabo Y EE;33205596;Uddevalla;1485;Kommunal;Uddevalla;2120001397;68;19;30;19;..;22;38;
Uddevalla gymnasieskola, Östrabo Y ES;99622695;Uddevalla;1485;Kommunal;Uddevalla;2120001397;19;.;8;11;95;..;..;
Uddevalla gymnasieskola, Östrabo Y FT;19930101;Uddevalla;1485;Kommunal;Uddevalla;2120001397;237;88;75;74;19;13;27;
Uddevalla Gymnasieskola, Östrabo Y GLU;60727136;Uddevalla;1485;Kommunal;Uddevalla;2120001397;39;18;5;16;44;..;33;
Uddevalla gymnasieskola, Östrabo Y HV;45132264;Uddevalla;1485;Kommunal;Uddevalla;2120001397;88;37;33;18;88;19;32;
Uddevalla gymnasieskola, Östrabo Y VF;61647360;Uddevalla;1485;Kommunal;Uddevalla;2120001397;49;18;13;18;..;..;39;
Uddevalla gymnasieskola,Östrabo 1 NA;98651664;Uddevalla;1485;Kommunal;Uddevalla;2120001397;247;77;87;83;68;36;68;
Tingsholmsgymnasiets introduktionsprogram gymnasiesärskola;69504751;Ulricehamn;1491;Kommunal;Ulricehamn;2120001579;97;96;1;.;25;75;..;
Tingsholmsgymnasiets nationella program;33657492;Ulricehamn;1491;Kommunal;Ulricehamn;2120001579;468;190;139;139;45;25;49;
Dragonskolan BA;61622991;Umeå;2480;Kommunal;Umeå;2120002627;189;63;63;63;14;..;47;
Dragonskolan BF;66644568;Umeå;2480;Kommunal;Umeå;2120002627;158;63;53;42;64;15;46;
Dragonskolan EE;93659517;Umeå;2480;Kommunal;Umeå;2120002627;170;59;53;58;8;9;54;
Dragonskolan EK;79309485;Umeå;2480;Kommunal;Umeå;2120002627;372;126;126;120;60;6;72;
Dragonskolan GL;61175914;Umeå;2480;Kommunal;Umeå;2120002627;144;71;47;26;57;21;47;
Dragonskolan HV;73316818;Umeå;2480;Kommunal;Umeå;2120002627;96;32;32;32;99;..;69;
Dragonskolan IM;80027750;Umeå;2480;Kommunal;Umeå;2120002627;62;.;16;46;26;100;..;
Dragonskolan IN;27859889;Umeå;2480;Kommunal;Umeå;2120002627;54;22;21;11;..;35;30;
Dragonskolan NA;16130958;Umeå;2480;Kommunal;Umeå;2120002627;254;96;86;72;50;26;67;
Dragonskolan RH;29161632;Umeå;2480;Kommunal;Umeå;2120002627;9;2;2;5;..;..;..;
Dragonskolan SA;82195565;Umeå;2480;Kommunal;Umeå;2120002627;282;97;97;88;65;14;71;
Dragonskolan TE;33596572;Umeå;2480;Kommunal;Umeå;2120002627;264;94;90;80;18;9;81;
Dragonskolan VF;45541222;Umeå;2480;Kommunal;Umeå;2120002627;37;12;13;12;..;..;70;
Dragonskolans Elitidrottsgymnasium;77713695;Umeå;2480;Kommunal;Umeå;2120002627;331;123;100;108;42;4;76;
Forslundagymnasiet GY;63451147;Umeå;2480;Kommunal;Umeå;2120002627;147;72;44;31;52;10;44;
Midgårdsskolan ESBIL;51131594;Umeå;2480;Kommunal;Umeå;2120002627;66;27;23;16;80;..;71;
Midgårdsskolan ESDAN;89680395;Umeå;2480;Kommunal;Umeå;2120002627;43;17;12;14;98;..;79;
Midgårdsskolan ESEST;53696633;Umeå;2480;Kommunal;Umeå;2120002627;61;23;17;21;70;..;72;
Midgårdsskolan ESMUS;27440210;Umeå;2480;Kommunal;Umeå;2120002627;160;55;51;54;63;6;81;
Midgårdsskolan ESTEA;62758285;Umeå;2480;Kommunal;Umeå;2120002627;41;6;16;19;88;..;76;
Midgårdsskolan IM;37471443;Umeå;2480;Kommunal;Umeå;2120002627;230;122;58;50;35;72;17;
Midgårdsskolan NA;16218090;Umeå;2480;Kommunal;Umeå;2120002627;85;25;29;31;45;22;73;
Midgårdsskolan RL;61197669;Umeå;2480;Kommunal;Umeå;2120002627;12;.;.;12;..;..;..;
Midgårdsskolan SA;64667996;Umeå;2480;Kommunal;Umeå;2120002627;122;46;44;32;65;11;72;
Midgårdsskolan VO;17812651;Umeå;2480;Kommunal;Umeå;2120002627;59;22;22;15;68;47;32;
Minervagymnasium;23544320;Umeå;2480;Enskild;Minervaskolan i Umeå AB;5565735049;517;161;179;177;61;21;81;
NTI Gymnasiet Umeå;57668673;Umeå;2480;Enskild;Nordens Teknikerinstitut Aktiebolag (Nti);5561203679;196;69;71;56;19;11;62;
Thoren Business School Umeå;69040241;Umeå;2480;Enskild;Thorengruppen AB;5566139290;114;49;40;25;60;40;39;
Umeå Internationella Gymnasium;63993414;Umeå;2480;Enskild;Folkuniversitetet Uppdrag Norr Aktiebolag;5566199260;69;22;24;23;68;19;59;
Umeå Waldorfskola, gy;49136871;Umeå;2480;Enskild;Stiftelsen Umeå Waldorfskola R Karlsson Mfl;8940012076;27;11;7;9;63;..;56;
Yrkesgymnasiet Umeå;91905819;Umeå;2480;Enskild;Thorengruppen AB;5566139290;130;54;42;34;31;33;35;
Väsby Nya Gymnasium;20855811;Upplands Väsby;0114;Kommunal;Upplands Väsby;2120000019;671;229;222;220;41;70;35;
Väsby Yrkesgymnasium;82372485;Upplands Väsby;0114;Enskild;Energy Maintenance Sweden AB;5568089246;29;6;17;6;..;100;..;
Väsby Yrkesgymnasium (f.d. Peabskolan);54882637;Upplands Väsby;0114;Enskild;Energy Maintenance Sweden AB;5568089246;115;45;41;29;..;43;23;
Upplands-Brogymnasiet;53923398;Upplands-Bro;0139;Kommunal;Upplands-Bro;2120000100;994;425;314;255;35;40;42;
Ansgargymnasiet;74560191;Uppsala;0380;Enskild;Ansgarskolorna AB;5565835146;114;40;35;39;40;28;62;
Celsiusskolan;47844862;Uppsala;0380;Kommunal;Uppsala;2120003005;1 071;343;373;355;42;20;62;
CULTUS Gymnasieskola;22239675;Uppsala;0380;Enskild;Victum Utveckling AB;5566793492;73;27;23;23;56;36;34;
Fyrisskolan;72984079;Uppsala;0380;Kommunal;Uppsala;2120003005;635;268;174;193;28;49;51;
Grillska Gymnasiet Uppsala;36480690;Uppsala;0380;Enskild;Stadsmissionens Skolstiftelse;8020170794;375;160;132;83;47;20;50;
Hagströmska gymnasiet Uppsala;24787883;Uppsala;0380;Enskild;Hagströmska Gymnasiet AB;5567550461;104;51;36;17;93;36;41;
Internationella Gymnasiet;32995170;Uppsala;0380;Enskild;Folkuniversitetet Stiftelsen Kursverksamheten Vid Uppsala Universitet;8176007055;180;76;62;42;46;66;38;
JENSEN Gymnasium Uppsala;61674097;Uppsala;0380;Enskild;Jensen Education College AB;5566358759;363;141;130;92;61;38;54;
Katedralskolan;32550660;Uppsala;0380;Kommunal;Uppsala;2120003005;1 204;391;389;424;62;26;77;
Kunskapsgymnasiet Uppsala;93488613;Uppsala;0380;Enskild;Kunskapsskolan i Sverige Aktiebolag;5565661815;185;69;63;53;39;48;49;
Linnégymnasiet;45600034;Uppsala;0380;Kommunal;Uppsala;2120003005;134;51;40;43;57;26;54;
Lundellska skolan;59599256;Uppsala;0380;Kommunal;Uppsala;2120003005;1 160;417;401;342;50;27;65;
Magelungens Gymnasium Uppsala;45466628;Uppsala;0380;Enskild;Magelungen Utveckling AB;5564891447;51;29;22;.;45;..;61;
NTI Gymnasiet Uppsala;52048443;Uppsala;0380;Enskild;IT Gymnasiet Sverige AB;5565970471;398;146;135;117;13;19;62;
Praktiska Uppsala;69865450;Uppsala;0380;Enskild;Praktiska Sverige AB;5562575786;215;87;68;60;23;31;22;
Realgymnasiet Uppsala;31112935;Uppsala;0380;Enskild;Lärande i Sverige AB;5565715892;157;66;49;42;92;10;44;
Rosendalsgymnasiet;26957025;Uppsala;0380;Kommunal;Uppsala;2120003005;922;285;296;341;53;25;82;
Sprintgymnasiet;82849173;Uppsala;0380;Kommunal;Uppsala;2120003005;258;55;54;149;26;100;5;
Thoren Business School Uppsala;90509211;Uppsala;0380;Enskild;Thorengruppen AB;5566139290;286;81;95;110;58;36;45;
Uppsala estetiska gymnasium;43277545;Uppsala;0380;Kommunal;Uppsala;2120003005;227;99;69;59;57;13;61;
Uppsala yrkesgymnasium Ekeby;37316242;Uppsala;0380;Kommunal;Uppsala;2120003005;417;161;125;131;41;28;32;
Uppsala yrkesgymnasium Jälla;20173336;Uppsala;0380;Kommunal;Uppsala;2120003005;449;199;141;109;28;26;27;
Uven gymnasiet;34672151;Uppsala;0380;Kommunal;Uppsala;2120003005;139;90;32;17;41;55;31;
Yrkesgymnasiet Uppsala;49872493;Uppsala;0380;Enskild;Thorengruppen AB;5566139290;158;79;51;28;34;29;19;
Yrkesplugget Uppsala;39147056;Uppsala;0380;Enskild;Yrkesplugget i Sverige AB;5566753736;228;84;77;67;16;18;29;
Uppvidinge gymnasieskola;11953769;Uppvidinge;0760;Kommunal;Uppvidinge;2120000605;126;55;52;19;37;66;17;
Fenix kunskapscentrum/gymn;50393060;Vaggeryd;0665;Kommunal;Vaggeryd;2120000522;223;81;72;70;43;30;50;
Fenix kunskapscentrum/IM;50146546;Vaggeryd;0665;Kommunal;Vaggeryd;2120000522;121;43;64;14;25;79;14;
Vallentuna gymnasium;85788659;Vallentuna;0115;Kommunal;Vallentuna;2120000027;352;122;129;101;27;43;28;
Vansbro utbildningscenter gy.;95340745;Vansbro;2021;Kommunal;Västerdalarnas utbildningsförbund;2220003145;185;95;86;4;35;45;23;
Academy of Music and Business Vara;54382141;Vara;1470;Enskild;Academy of Music and Business Education Vara AB;5590489760;58;29;29;.;69;..;57;
Lagmansgymnasiet;59521477;Vara;1470;Kommunal;Vara;2120002924;392;172;145;75;34;21;32;
Drottning Blankas Gymnasieskola Varberg;92442684;Varberg;1383;Enskild;Drottning Blankas Gymnasieskola AB;5565668794;218;69;73;76;69;24;40;
LBS Ljud & Bildskolan Varberg;66095163;Varberg;1383;Enskild;Ljud & Bildskolan Lbs AB;5564851649;136;44;47;45;23;13;51;
Munkagårdsgymnasiet;38544187;Varberg;1383;Landsting;Hallands Läns Landsting;2321000115;289;108;99;82;49;4;37;
Peder Skrivares skola Enhet 1;54599691;Varberg;1383;Kommunal;Varberg;2120001249;534;202;167;165;59;14;57;
Peder Skrivares skola Enhet 2;54004368;Varberg;1383;Kommunal;Varberg;2120001249;525;199;169;157;45;14;74;
Peder Skrivares skola Enhet 3;54467211;Varberg;1383;Kommunal;Varberg;2120001249;385;139;132;114;17;9;38;
Peder Skrivares skola Enhet 4;54361562;Varberg;1383;Kommunal;Varberg;2120001249;143;53;48;42;29;67;12;
Sveriges Ridgymnasium Varberg;23517683;Varberg;1383;Enskild;Sveriges Ridgymnasium AB;5566814504;87;42;23;22;98;..;49;
Sundsgymnasiet;31975673;Vellinge;1233;Kommunal;Vellinge;2120001033;826;328;251;247;45;15;72;
Njudungsgymnasiet 1;61119556;Vetlanda;0685;Kommunal;Vetlanda;2120000571;166;51;67;48;33;80;10;
Njudungsgymnasiet 2;82251333;Vetlanda;0685;Kommunal;Vetlanda;2120000571;237;86;74;77;32;22;42;
Njudungsgymnasiet 3;99864908;Vetlanda;0685;Kommunal;Vetlanda;2120000571;210;85;64;61;75;25;45;
Njudungsgymnasiet 4;27106031;Vetlanda;0685;Kommunal;Vetlanda;2120000571;231;89;83;59;57;14;47;
Njudungsgymnasiet 5;59463950;Vetlanda;0685;Kommunal;Vetlanda;2120000571;217;73;74;70;11;27;56;
Malgomajskolan;63931325;Vilhelmina;2462;Kommunal;Vilhelmina;2120002601;359;127;111;121;44;27;32;
Vimmerby gymnasium 1;44586618;Vimmerby;0884;Kommunal;Vimmerby;2120000787;98;50;48;.;23;80;..;
Vimmerby gymnasium 2;57391913;Vimmerby;0884;Kommunal;Vimmerby;2120000787;292;92;99;101;61;22;47;
Vimmerby gymnasium 3;75374280;Vimmerby;0884;Kommunal;Vimmerby;2120000787;142;56;43;43;13;20;34;
Dammsdal gymnasieskola;12807435;Vingåker;0428;Landsting;Södermanlands Läns Landsting;2321000032;17;8;3;6;..;..;65;
Slottsskolan 7-9;52426554;Vingåker;0428;Kommunal;Vingåker;2120000308;4;4;.;.;..;..;..;
Sundlergymnasiet;46148350;Vårgårda;1442;Kommunal;Vårgårda;2120001454;377;175;101;101;45;38;33;
Birger Sjöberggymnasiet 1;50133877;Vänersborg;1487;Kommunal;Kunskapsförbundet väst;2220002998;1 045;415;332;298;40;42;44;
Fridagymnasiet, Vänersborg;74919147;Vänersborg;1487;Enskild;Fridaskolorna AB;5564515988;224;76;73;75;53;13;72;
Liljaskolan, sektor A;90240730;Vännäs;2460;Kommunal;Vännäs;2120002841;192;49;75;68;21;9;38;
Liljaskolan, sektor B;84908877;Vännäs;2460;Kommunal;Vännäs;2120002841;225;117;49;59;38;33;26;
Liljaskolan, sektor C;78389879;Vännäs;2460;Kommunal;Vännäs;2120002841;205;156;23;26;23;61;25;
Gustavsbergs gymnasium ,G2,;24277564;Värmdö;0120;Kommunal;Värmdö;2120000035;317;140;76;101;41;66;25;
Mälardalens Ridgymnasium Gustavsberg;88956420;Värmdö;0120;Enskild;Mälardalens Ridgymnasium AB;5569516742;28;11;10;7;100;..;54;
Värmdö gymnasium;44412461;Värmdö;0120;Kommunal;Värmdö;2120000035;1 212;437;384;391;62;12;82;
Värmdö Tekniska gymnasieskola;34002355;Värmdö;0120;Enskild;Värmdö Tekniska Utbildningar Aktiebolag, Vtu;5563836757;228;72;89;67;5;50;21;
Finnvedens Gymnasium 1;16577552;Värnamo;0683;Kommunal;Värnamo;2120000555;186;152;12;22;25;74;16;
Finnvedens Gymnasium 2;36355200;Värnamo;0683;Kommunal;Värnamo;2120000555;330;137;99;94;66;31;46;
Finnvedens Gymnasium 3;96920524;Värnamo;0683;Kommunal;Värnamo;2120000555;284;101;89;94;38;24;40;
Finnvedens Gymnasium 4;18217765;Värnamo;0683;Kommunal;Värnamo;2120000555;439;157;171;111;36;26;59;
Gamlebygymnasiet;14677676;Västervik;0883;Enskild;Hushållningssällskapet Kalmar-Kronoberg-Blekinge;2620000071;137;61;37;39;58;..;27;
Västerviks gymnasium Ro 1;96152872;Västervik;0883;Kommunal;Västervik;2120000779;191;70;63;58;14;20;38;
Västerviks gymnasium Ro 2;77835341;Västervik;0883;Kommunal;Västervik;2120000779;67;24;26;17;75;48;18;
Västerviks gymnasium Ro 3;70803636;Västervik;0883;Kommunal;Västervik;2120000779;435;150;136;149;54;14;50;
Västerviks gymnasium Ro 4;44041939;Västervik;0883;Kommunal;Västervik;2120000779;170;76;42;52;31;76;12;
Västerviks gymnasium RO5;49576295;Västervik;0883;Kommunal;Västervik;2120000779;186;57;56;73;47;21;74;
ABB Industrigymnasium Västerås;66028861;Västerås;1980;Enskild;Industritekniska Gymnasiet Bergslagen AB;5566081740;330;126;95;109;43;21;83;
Carlforsska gymnasiet;77712952;Västerås;1980;Kommunal;Västerås;2120002080;456;151;151;154;73;40;49;
Carlforsska gymnasiet EK HA;23797825;Västerås;1980;Kommunal;Västerås;2120002080;319;117;107;95;50;25;57;
Carlforsska gymnasiet IM;57999564;Västerås;1980;Kommunal;Västerås;2120002080;275;97;77;101;35;64;17;
Edströmska;92009807;Västerås;1980;Kommunal;Västerås;2120002080;344;133;108;103;12;29;28;
Grillska Gymnasiet Västerås;10433896;Västerås;1980;Enskild;Stadsmissionens Skolstiftelse;8020170794;394;141;126;127;43;12;70;
Hahrska gymnasiet;10342448;Västerås;1980;Kommunal;Västerås;2120002080;379;159;134;86;26;34;30;
JENSEN Gymnasium Västerås;49170638;Västerås;1980;Enskild;Jensen Education College AB;5566358759;116;52;40;24;60;66;46;
Kopparlundsgymnasiet;46379730;Västerås;1980;Enskild;Västerås Entreprenörsgymnasium;8176058942;135;62;40;33;66;39;37;
Kunskapsgymnasiet Västerås;25379974;Västerås;1980;Enskild;Kunskapsskolan i Sverige Aktiebolag;5565661815;257;125;66;66;59;55;57;
Mälardalens Ridgymnasium Västerås;98032567;Västerås;1980;Enskild;Mälardalens Ridgymnasium Västerås Handelsbolag;9165808479;44;16;15;13;98;..;55;
NTI Gymnasiet Västerås;43154449;Västerås;1980;Enskild;IT Gymnasiet Sverige AB;5565970471;178;70;61;47;16;25;50;
Praktiska Västerås;96194948;Västerås;1980;Enskild;Praktiska Sverige AB;5562575786;185;75;66;44;54;30;26;
Realgymnasiet  Västerås;25955541;Västerås;1980;Enskild;Lärande i Sverige AB;5565715892;200;78;66;56;90;7;39;
Rudbeckianska gymnasiet;88025221;Västerås;1980;Kommunal;Västerås;2120002080;1 341;470;463;408;57;41;60;
Skultuna gymnasieenhet;33537203;Västerås;1980;Kommunal;Västerås;2120002080;11;3;5;3;..;..;..;
Thoren Business School Västerås;18042101;Västerås;1980;Enskild;Thorengruppen AB;5566139290;337;104;114;119;57;57;44;
Tranellska gymnasiet;14799321;Västerås;1980;Kommunal;Västerås;2120002080;163;81;46;36;53;26;31;
Västerås Citygymnasium;56041699;Västerås;1980;Enskild;Västerås Citygymnasium AB;5567503890;263;97;94;72;49;83;12;
Västerås Idrottsgymnasium;45111086;Västerås;1980;Enskild;Västerås Idrottsgymnasium AB;5567802144;80;24;28;28;28;16;50;
Widénska gymnasiet;70955448;Västerås;1980;Kommunal;Västerås;2120002080;561;197;175;189;45;8;70;
Wijkmanska gymnasiet;68824244;Västerås;1980;Kommunal;Västerås;2120002080;301;113;83;105;13;41;41;
Yrkesgymnasiet Västerås;90685868;Västerås;1980;Enskild;Thorengruppen AB;5566139290;220;86;78;56;44;34;29;
Ingelstadgymnasiet;24501884;Växjö;0780;Enskild;Hushållningssällskapet Kalmar-Kronoberg-Blekinge;2620000071;232;81;76;75;73;..;44;
Katedralskolan 1;46707989;Växjö;0780;Kommunal;Växjö;2120000662;358;120;127;111;52;25;80;
Katedralskolan 2;46986216;Växjö;0780;Kommunal;Växjö;2120000662;235;88;70;77;76;22;66;
Katedralskolan 3;67924816;Växjö;0780;Kommunal;Växjö;2120000662;376;157;102;117;65;26;64;
Katedralskolan 4;92805465;Växjö;0780;Kommunal;Växjö;2120000662;357;93;150;114;59;22;69;
Kungsmadskolan 1;56084099;Växjö;0780;Kommunal;Växjö;2120000662;230;80;74;76;57;29;57;
Kungsmadskolan 2;80711021;Växjö;0780;Kommunal;Växjö;2120000662;296;114;88;94;47;28;37;
Kungsmadskolan 3;54927401;Växjö;0780;Kommunal;Växjö;2120000662;228;62;96;70;24;91;13;
Kungsmadskolan 5;17648596;Växjö;0780;Kommunal;Växjö;2120000662;195;70;65;60;8;16;38;
Kungsmadskolan 6;16720048;Växjö;0780;Kommunal;Växjö;2120000662;187;66;64;57;79;17;35;
LBS Ljud & Bildskolan Växjö;17083056;Växjö;0780;Enskild;Ljud & Bildskolan Lbs AB;5564851649;74;43;31;.;16;26;61;
Praktiska Växjö;39341381;Växjö;0780;Enskild;Praktiska Sverige AB;5562575786;187;80;55;52;26;80;14;
ProCivitas Privata Gymnasium Växjö;61176909;Växjö;0780;Enskild;ProCivitas Privata Gymnasium AB;5566157102;394;165;127;102;51;12;67;
Skanskagymnasiet;43479922;Växjö;0780;Enskild;Skanskaskolan i Växjö AB;5567435994;87;30;27;30;40;14;71;
Teknikum 1;60088179;Växjö;0780;Kommunal;Växjö;2120000662;245;102;72;71;61;40;39;
Teknikum 2;28391147;Växjö;0780;Kommunal;Växjö;2120000662;385;130;140;115;7;31;54;
Teknikum 3;77843821;Växjö;0780;Kommunal;Växjö;2120000662;148;109;23;16;39;63;25;
Växjö Fria Fordongymnasium;29209307;Växjö;0780;Enskild;VFG Utbildning AB;5562496629;221;119;52;50;10;48;19;
Växjö Fria Gymnasium;21778322;Växjö;0780;Enskild;Växjö Fria Gymnasium AB;5565847836;465;216;147;102;57;41;49;
Fria Läroverken i Ystad;31380193;Ystad;1286;Enskild;Gymnasieskolor i Syd AB;5569306979;130;56;50;24;47;21;35;
Praktiska Ystad;90290154;Ystad;1286;Enskild;Praktiska Sverige AB;5562575786;178;77;61;40;38;31;23;
Ystad Gymnasium, område 1;25847233;Ystad;1286;Kommunal;Ystad;2120001181;238;89;75;74;65;26;36;
Ystad Gymnasium, område 2;62612992;Ystad;1286;Kommunal;Ystad;2120001181;318;114;110;94;34;25;70;
Ystad Gymnasium, område 3;85485803;Ystad;1286;Kommunal;Ystad;2120001181;254;98;72;84;68;13;54;
Ystad Gymnasium, område 4;16161214;Ystad;1286;Kommunal;Ystad;2120001181;183;107;49;27;31;81;13;
Ystad Gymnasium, område 5;92816527;Ystad;1286;Kommunal;Ystad;2120001181;342;139;118;85;21;14;38;
Ystad Gymnasium, område 6;98387869;Ystad;1286;Kommunal;Ystad;2120001181;244;88;84;72;49;14;54;
Karlbergsgymnasiet 1;16848652;Åmål;1492;Kommunal;Åmål;2120001587;275;113;104;58;60;29;40;
Karlbergsgymnasiet 2;88429477;Åmål;1492;Kommunal;Åmål;2120001587;214;113;52;49;54;39;41;
Karlbergsgymnasiet 3;94975733;Åmål;1492;Kommunal;Åmål;2120001587;287;103;79;105;29;22;59;
Bobergsgymnasiet;56802300;Ånge;2260;Kommunal;Ånge;2120002387;215;109;52;54;42;37;27;
Jämtlands Gymn, Åre;15149235;Åre;2321;Kommunal;Jämtlands gymnasieförbund;2220001636;181;69;52;60;43;20;63;
Jämtlands Gymn, Åre 2;48336642;Åre;2321;Kommunal;Jämtlands gymnasieförbund;2220001636;159;59;78;22;28;52;22;
Årjängs gymnasieskola;77379848;Årjäng;1765;Kommunal;Årjäng;2120001835;113;47;33;33;26;66;15;
Vuxenutbildningscentrum IM;29535640;Åstorp;1277;Kommunal;Åstorp;2120000936;79;76;.;3;30;76;..;
Bildningscentrum Facetten 1;11620837;Åtvidaberg;0561;Kommunal;Åtvidaberg;2120000415;23;7;15;1;..;70;..;
Bildningscentrum Facetten 2;13981977;Åtvidaberg;0561;Kommunal;Åtvidaberg;2120000415;57;30;12;15;..;30;51;
Bildningscentrum Facetten 3;24538846;Åtvidaberg;0561;Kommunal;Åtvidaberg;2120000415;126;42;44;40;21;11;52;
Bildningscentrum Facetten 4;36886750;Åtvidaberg;0561;Kommunal;Åtvidaberg;2120000415;56;17;21;18;57;20;27;
Haganässkolan 1;67422309;Älmhult;0765;Kommunal;Älmhult;2120000647;213;88;61;64;36;52;17;
Haganässkolan2;67058407;Älmhult;0765;Kommunal;Älmhult;2120000647;310;99;125;86;45;40;50;
Älvdalens Utbildningscentrum;34421265;Älvdalen;2039;Enskild;Älvdalens Utbildningscentrum AB;5567759120;228;82;78;68;21;..;34;
Gymnasieutb. Älvkarleby komvux;49279427;Älvkarleby;0319;Kommunal;Älvkarleby;2120000258;13;8;2;3;..;..;..;
Älvsbyns gymnasium;15791044;Älvsbyn;2560;Kommunal;Älvsbyn;2120002734;206;59;63;84;37;41;43;
Ängelholms gymnasieskola Ro 1;55010709;Ängelholm;1292;Kommunal;Ängelholm;2120000977;111;111;.;.;30;86;12;
Ängelholms gymnasieskola Ro 2;65392939;Ängelholm;1292;Kommunal;Ängelholm;2120000977;440;152;137;151;50;18;65;
Ängelholms gymnasieskola Ro 3;98696836;Ängelholm;1292;Kommunal;Ängelholm;2120000977;356;120;119;117;59;14;50;
Ängelholms gymnasieskola Ro 4;82160887;Ängelholm;1292;Kommunal;Ängelholm;2120000977;213;88;66;59;29;10;44;
Ängelholms gymnasieskola Ro 5;23175129;Ängelholm;1292;Kommunal;Ängelholm;2120000977;68;25;20;23;..;15;43;
Ängelholms gymnasieskola Ro 7;99710631;Ängelholm;1292;Kommunal;Ängelholm;2120000977;15;5;3;7;..;..;..;
Öckerö Seglande gymnasieskola;77358716;Öckerö;1407;Kommunal;Öckerö;2120001280;302;109;104;89;58;7;76;
Drottning Blankas Gymnasieskola Örebro;64648566;Örebro;1880;Enskild;Plusgymnasiet AB;5565789129;270;90;83;97;66;50;27;
Grillska Gymnasiet Örebro;49739986;Örebro;1880;Enskild;Stadsmissionens Skolstiftelse;8020170794;375;140;117;118;31;41;41;
JENSEN Gymnasium Örebro;92192566;Örebro;1880;Enskild;Jensen Education College AB;5566358759;196;87;68;41;67;43;51;
Karolinska gymnasiet;56886667;Örebro;1880;Kommunal;Örebro;2120001967;1 144;438;374;332;66;36;59;
Kvinnerstagymnasiet;33249781;Örebro;1880;Kommunal;Örebro;2120001967;217;70;73;74;41;..;40;
LBS Ljud & Bildskolan Örebro;94207720;Örebro;1880;Enskild;Ljud & Bildskolan Lbs AB;5564851649;42;42;.;.;..;..;55;
NTI Gymnasiet Örebro;29225010;Örebro;1880;Enskild;IT Gymnasiet Sverige AB;5565970471;165;56;54;55;6;24;49;
Praktiska Örebro;18691102;Örebro;1880;Enskild;Praktiska Sverige AB;5562575786;190;84;59;47;6;59;18;
Proffsgymnasiet;70302356;Örebro;1880;Enskild;Fordonsutbildningar i Örebro Aktiebolag;5564869161;71;31;23;17;..;44;20;
Rudbecksgymnasiet;65421426;Örebro;1880;Kommunal;Örebro;2120001967;1 197;400;412;385;59;37;60;
Rudbecksgymnasiet RGD-RGH;62394916;Örebro;1880;Kommunal;Örebro;2120001967;56;19;23;14;73;45;54;
Rytmus Örebro;67908927;Örebro;1880;Enskild;Rytmus AB;5564648979;96;33;28;35;56;..;65;
Thoren Business School Örebro;72071234;Örebro;1880;Enskild;Thorengruppen AB;5566139290;547;199;162;186;57;38;55;
Tullängsgymnasiet;24349146;Örebro;1880;Kommunal;Örebro;2120001967;969;322;305;342;18;14;55;
Tullängsgymnasiet RGD-RGH;83605345;Örebro;1880;Kommunal;Örebro;2120001967;101;39;32;30;10;45;36;
Virginska gymnasiet;15933512;Örebro;1880;Kommunal;Örebro;2120001967;1 405;753;358;294;57;32;44;
Virginska gymnasiet RGD-RGH;12198363;Örebro;1880;Kommunal;Örebro;2120001967;142;46;44;52;54;49;28;
Yrkesgymnasiet Örebro;47692481;Örebro;1880;Enskild;Thorengruppen AB;5566139290;196;78;66;52;38;58;21;
Örkelljunga Utb.centrum, gy.;64693272;Örkelljunga;1257;Kommunal;Örkelljunga;2120000878;173;64;51;58;42;45;31;
Hampnäs gymnasium;18072172;Örnsköldsvik;2284;Enskild;Impius Vård och Utbildning AB;5566824693;56;20;15;21;34;..;46;
Höga kustens teoretiska gymnasium;65833454;Örnsköldsvik;2284;Enskild;Honesta Gymnasieskolor AB;5590258108;134;40;56;38;67;24;63;
Praktiska Örnsköldsvik;85188855;Örnsköldsvik;2284;Enskild;Praktiska Sverige AB;5562575786;159;77;50;32;41;21;33;
Örnsköldsviks Gymnasium Alfa 1;11341077;Örnsköldsvik;2284;Kommunal;Örnsköldsvik;2120002445;141;28;49;64;31;100;..;
Örnsköldsviks Gymnasium Beta;39528347;Örnsköldsvik;2284;Kommunal;Örnsköldsvik;2120002445;195;87;56;52;20;27;37;
Örnsköldsviks Gymnasium Delta;34988313;Örnsköldsvik;2284;Kommunal;Örnsköldsvik;2120002445;165;48;58;59;55;15;73;
Örnsköldsviks Gymnasium Gamma;85473846;Örnsköldsvik;2284;Kommunal;Örnsköldsvik;2120002445;235;78;77;80;34;6;42;
Örnsköldsviks Gymnasium Kappa;29744774;Örnsköldsvik;2284;Kommunal;Örnsköldsvik;2120002445;39;11;14;14;..;..;38;
Örnsköldsviks Gymnasium Lambda;89690587;Örnsköldsvik;2284;Kommunal;Örnsköldsvik;2120002445;385;146;120;119;64;14;52;
Örnsköldsviks Gymnasium Omega;28045567;Örnsköldsvik;2284;Kommunal;Örnsköldsvik;2120002445;315;112;99;104;68;10;58;
Örnsköldsviks Gymnasium Sigma;20768651;Örnsköldsvik;2284;Kommunal;Örnsköldsvik;2120002445;233;94;69;70;20;16;60;
Jämtlands Gymn, Fyrvalla 3A;32239920;Östersund;2380;Kommunal;Jämtlands gymnasieförbund;2220001636;295;109;99;87;21;10;36;
Jämtlands Gymn, Fyrvalla 3B;98781765;Östersund;2380;Kommunal;Jämtlands gymnasieförbund;2220001636;148;55;45;48;17;..;44;
Jämtlands Gymn, Fyrvalla 3C;33467604;Östersund;2380;Kommunal;Jämtlands gymnasieförbund;2220001636;105;44;40;21;..;15;36;
Jämtlands Gymn, Wargentin 1A;38880984;Östersund;2380;Kommunal;Jämtlands gymnasieförbund;2220001636;299;106;95;98;57;23;67;
Jämtlands Gymn, Wargentin 1B;28872974;Östersund;2380;Kommunal;Jämtlands gymnasieförbund;2220001636;287;87;96;104;33;19;60;
Jämtlands Gymn, Wargentin 1D;36869352;Östersund;2380;Kommunal;Jämtlands gymnasieförbund;2220001636;161;41;54;66;34;100;..;
Jämtlands Gymn, Wargentin 1E;69812576;Östersund;2380;Kommunal;Jämtlands gymnasieförbund;2220001636;346;178;91;77;53;10;62;
Jämtlands Gymn, Wargentin 2A;18686599;Östersund;2380;Kommunal;Jämtlands gymnasieförbund;2220001636;191;65;68;58;38;..;71;
Jämtlands Gymn, Wargentin 2B;93779220;Östersund;2380;Kommunal;Jämtlands gymnasieförbund;2220001636;417;144;130;143;68;14;62;
Jämtlands Gymn, Wargentin 2C;77797484;Östersund;2380;Kommunal;Jämtlands gymnasieförbund;2220001636;212;71;76;65;66;6;71;
Jämtlands Gymn, Wargentin 2D;53279140;Östersund;2380;Kommunal;Jämtlands gymnasieförbund;2220001636;219;94;56;69;74;21;35;
Storsjögymnasiet, Östersund;80785976;Östersund;2380;Enskild;Honesta Skolutveckling AB;5569173635;318;135;94;89;41;15;51;
Östersunds Gymnasieskola;47559319;Östersund;2380;Enskild;Östersunds gymnasieskola AB;5567212641;160;64;62;34;63;26;46;
Skärgårdsgymnasiet;56187883;Österåker;0117;Enskild;Au Claves AB;5567284822;449;159;150;140;49;17;34;
Österåkers gymnasium;20752831;Österåker;0117;Kommunal;Österåker;2120002890;626;228;200;198;33;27;52;
Bruksgymnasiet/Gimo utb.centr.;51023367;Östhammar;0382;Kommunal;Östhammar;2120000290;332;162;89;81;45;24;35;
Forsmarks skola;34739511;Östhammar;0382;Kommunal;Östhammar;2120000290;33;.;17;16;33;..;67;
Wilhelm Haglunds Gymnasium;95069937;Östhammar;0382;Enskild;Gimo UtbildningsAktiebolag;5560614041;75;28;21;26;..;17;45;
Göinge utbildningscenter;84200045;Östra Göinge;1256;Kommunal;Östra Göinge;2120000860;127;106;14;7;41;83;20;
Gymnasieskolan;55295253;Överkalix;2513;Kommunal;Överkalix;2120002684;10;.;10;.;..;..;..;
Gränsälvsgymnasiet;52690153;Övertorneå;2518;Kommunal;Övertorneå;2120002700;183;60;64;59;38;46;30;

Rapportbeskrivning och definitioner etc.  
  
Rapporten visar antal elever totalt, andel kvinnor, andel med utländsk bakgrund, andel med högutbildade föräldrar samt antal elever i skolår 1 till 3. 
Uppgifterna avser oktober det valda året.
 
Observera att uppgifter avseende kön, utländsk bakgrund samt föräldrarnas utbildningsnivå dubbelprickas om de baseras på färre än 10 elever.
Då visas två prickar (..) istället för utfall. Om data saknas visas en prick (.)  istället för utfall.
 




