Statistik från Skolverket, https://www.skolverket.se

Gymnasieskola - Antal elever
Valt läsår: 2022/23


Skola;Skol-enhetskod;Skolkommun;Kommun-kod;Typ av huvudman;Huvudman;Huvudman orgnr;Antal elever;Antal elever skolår 1;Antal elever skolår 2;Antal elever skolår 3;Andel kvinnor (%);Andel m utl bakgr (%);Andel m högutb föräldrar (%);
Ale gymnasium;17221836;Ale;1440;Kommunal;Ale kommun;2120001439;117;68;40;9;45;37;23;
Lärlingsgymnasiet i Ale;93221031;Ale;1440;Enskild;Lärlingsgymnasiet i Sverige AB;5567628176;295;108;87;100;26;15;38;
Alingsås Yrkesgymnasium;17474377;Alingsås;1489;Enskild;Alingsås Yrkesgymnasium AB;5567290548;64;20;25;19;47;..;41;
Alströmergymnasiet sektor 2;18345915;Alingsås;1489;Kommunal;Alingsås kommun;2120001553;416;183;114;119;31;23;66;
Alströmergymnasiet sektor 3;68229719;Alingsås;1489;Kommunal;Alingsås kommun;2120001553;309;115;95;99;66;19;68;
Alströmergymnasiet sektor 4;61004230;Alingsås;1489;Kommunal;Alingsås kommun;2120001553;470;176;155;139;46;13;65;
Alströmergymnasiet sektor 5;67768292;Alingsås;1489;Kommunal;Alingsås kommun;2120001553;100;76;13;11;43;29;37;
Alvesta Gymnasieskola;75459583;Alvesta;0764;Kommunal;Alvesta kommun;2120000639;91;45;31;15;52;75;19;
Vasagymnasiet;71262305;Arboga;1984;Kommunal;Arboga kommun;2120002122;318;165;79;74;48;39;43;
Hornavanskolan;55795961;Arjeplog;2506;Kommunal;Arjeplogs kommun;2120002668;18;.;2;16;..;..;..;
Sandbackaskolan;84947634;Arvidsjaur;2505;Kommunal;Arvidsjaurs kommun;2120002650;218;81;72;65;45;13;52;
Estetiska skolan, gymnasiet;23517336;Arvika;1784;Enskild;Estetiska Skolan Arvika;8740020212;46;11;15;20;83;..;63;
Solbergagymnasiet;48009865;Arvika;1784;Kommunal;Arvika kommun;2120001892;299;87;92;120;56;25;69;
Taserudsgymnasiet;68518617;Arvika;1784;Kommunal;Arvika kommun;2120001892;430;193;125;112;41;22;35;
Karlfeldtgymnasiet;30376472;Avesta;2084;Kommunal;Avesta kommun;2120002262;868;347;298;223;49;29;43;
Strömkullegymnasiet;19464342;Bengtsfors;1460;Kommunal;Bengtsfors kommun;2120001470;55;5;27;23;40;44;29;
Fjällgymnasiet;60743463;Berg;2326;Kommunal;Bergs kommun;2120002502;108;38;24;46;54;19;57;
Björknäsgymnasiet Enhet 1;32960825;Boden;2582;Kommunal;Bodens kommun;2120002767;170;81;51;38;56;42;32;
Björknäsgymnasiet Enhet 2;43609520;Boden;2582;Kommunal;Bodens kommun;2120002767;257;92;62;103;62;14;72;
Björknäsgymnasiet Enhet 3;41416934;Boden;2582;Kommunal;Bodens kommun;2120002767;368;125;129;114;25;8;60;
Bollebygds gymnasieskola;35225375;Bollebygd;1443;Kommunal;Bollebygds kommun;2120002973;9;5;4;.;..;..;..;
Friskolan Nytorp;21567982;Bollnäs;2183;Enskild;Friskolan Nytorp AB;5568813561;91;32;28;31;27;..;44;
Hälsingegymnasiet;91748148;Bollnäs;2183;Enskild;Hälsingegymnasiet AB;5567600886;225;67;73;85;57;32;61;
Naturlära i Hälsingland;49379603;Bollnäs;2183;Enskild;NaturLära i Hälsingland AB;5568554314;48;19;14;15;98;..;56;
Nytorps Hästgymnasium;80167319;Bollnäs;2183;Enskild;Nytorps Hästgymnasium AB;5569063455;20;9;7;4;95;..;..;
Torsbergsgymnasiet RO4;73171934;Bollnäs;2183;Kommunal;Hälsinglands Utbildningsförbund;2220003111;276;114;92;70;64;29;54;
Torsbergsgymnasiet RO5;83474173;Bollnäs;2183;Kommunal;Hälsinglands Utbildningsförbund;2220003111;284;124;83;77;44;17;33;
Hagagymnasiet;74434644;Borlänge;2081;Kommunal;Borlänge kommun;2120002239;521;167;158;196;61;25;50;
Helixgymnasiet Borlänge;42022406;Borlänge;2081;Enskild;NTI Gymnasiet Helix AB;5566747290;159;55;39;65;18;25;48;
Hushags-Erikslundsgymnasiet;68769650;Borlänge;2081;Kommunal;Borlänge kommun;2120002239;569;210;171;188;20;7;45;
Introduktionsprogrammen;19100658;Borlänge;2081;Kommunal;Borlänge kommun;2120002239;172;83;61;28;52;53;27;
Realgymnasiet i Borlänge;11858071;Borlänge;2081;Enskild;Lärande i Sverige AB;5565715892;95;48;47;.;88;..;44;
Rytmus Borlänge;31322470;Borlänge;2081;Enskild;Rytmus AB;5564648979;137;37;45;55;50;7;58;
Soltorgsgymnasiet;65192707;Borlänge;2081;Kommunal;Borlänge kommun;2120002239;485;173;156;156;51;24;73;
Almåsgymnasiet A;18425335;Borås;1490;Kommunal;Borås kommun;2120001561;191;61;64;66;69;46;30;
Almåsgymnasiet B;93281974;Borås;1490;Kommunal;Borås kommun;2120001561;238;89;76;73;74;62;29;
Almåsgymnasiet C;23424275;Borås;1490;Kommunal;Borås kommun;2120001561;259;128;70;61;68;40;31;
Bäckängsgymnasiet A;43634528;Borås;1490;Kommunal;Borås kommun;2120001561;330;120;111;99;52;54;70;
Bäckängsgymnasiet B;36263479;Borås;1490;Kommunal;Borås kommun;2120001561;393;149;151;93;77;29;64;
Bäckängsgymnasiet C;56679384;Borås;1490;Kommunal;Borås kommun;2120001561;226;97;77;52;84;18;60;
Bäckängsgymnasiet D;30538202;Borås;1490;Kommunal;Borås kommun;2120001561;136;75;21;40;68;49;38;
Bäckängsgymnasiet E;11138440;Borås;1490;Kommunal;Borås kommun;2120001561;407;139;142;126;60;32;69;
Drottning Blankas Gymnasieskola Borås;19150273;Borås;1490;Enskild;DBGY Kronan AB;5565668794;203;76;63;64;77;46;41;
LBS Kreativa Gymnasiet Borås;69018222;Borås;1490;Enskild;Ljud & Bildskolan LBS AB;5564851649;197;63;69;65;26;19;60;
Praktiska Gymnasiet Borås;25624692;Borås;1490;Enskild;Praktiska Sverige AB;5562575786;155;48;69;38;14;48;30;
Realgymnasiet Borås;88534520;Borås;1490;Enskild;Lärande i Sverige AB;5565715892;132;39;45;48;78;..;50;
Sven Eriksonsgymnasiet A;12889940;Borås;1490;Kommunal;Borås kommun;2120001561;374;119;136;119;23;30;65;
Sven Eriksonsgymnasiet B;16554575;Borås;1490;Kommunal;Borås kommun;2120001561;216;117;51;48;45;53;41;
Sven Eriksonsgymnasiet C;34076477;Borås;1490;Kommunal;Borås kommun;2120001561;343;117;111;115;34;21;62;
Sven Eriksonsgymnasiet D;54450836;Borås;1490;Kommunal;Borås kommun;2120001561;354;145;95;114;59;25;60;
Viskastrandsgymnasiet A;25356960;Borås;1490;Kommunal;Borås kommun;2120001561;252;75;88;89;26;9;38;
Viskastrandsgymnasiet B;64284020;Borås;1490;Kommunal;Borås kommun;2120001561;161;70;30;61;48;17;50;
Viskastrandsgymnasiet C;98132436;Borås;1490;Kommunal;Borås kommun;2120001561;226;105;59;62;8;11;42;
Viskastrandsgymnasiet D;67692516;Borås;1490;Kommunal;Borås kommun;2120001561;296;120;95;81;5;30;41;
Yrkesgymnasiet Borås;59082395;Borås;1490;Enskild;Thorengruppen AB;5566139290;71;21;30;20;20;30;21;
Skyttbrinks gymnasium;60096875;Botkyrka;0127;Kommunal;Botkyrka kommun;2120002882;158;92;26;40;38;42;25;
S:t Botvids gymnasium;97758137;Botkyrka;0127;Kommunal;Botkyrka kommun;2120002882;450;165;151;134;55;87;25;
Södertörns Gymnasium;53400472;Botkyrka;0127;Enskild;STEG för framtiden Aktiebolag;5567538383;98;35;32;31;49;86;44;
Tullinge gymnasium;26334561;Botkyrka;0127;Kommunal;Botkyrka kommun;2120002882;730;238;231;261;50;23;76;
Tumba gymnasium;40386043;Botkyrka;0127;Kommunal;Botkyrka kommun;2120002882;1 359;517;413;429;48;47;63;
Bromölla gymnasium;80008140;Bromölla;1272;Kommunal;Bromölla kommun;2120000894;17;17;.;.;..;59;..;
Furubygg;29324709;Bromölla;1272;Kommunal;Sölvesborgs kommun;2120000852;51;18;17;16;..;..;31;
Jämtlands Gymn, Bräcke;26864271;Bräcke;2305;Kommunal;Jämtlands Gymnasieförbund;2220001636;108;41;37;30;20;..;33;
Gymnasieutbildningen i Burlöv;73416853;Burlöv;1231;Kommunal;Burlövs kommun;2120001025;59;38;12;9;37;75;24;
Akademi Båstad Gymnasium;59483268;Båstad;1278;Kommunal;Båstads kommun;2120000944;199;63;70;66;51;36;55;
Apelrydsskolan i Båstad;32879845;Båstad;1278;Enskild;Stiftelsen Apelryd International;8024778402;220;72;75;73;61;15;67;
Utsikten, Dals-Eds gymnasium;88573795;Dals-Ed;1438;Kommunal;Dals-Eds kommun;2120001413;45;18;14;13;36;..;44;
British International School;66620411;Danderyd;0162;Enskild;Stiftelsen Borgen 2 - British International School Stockholm;8024777289;23;11;12;.;48;87;74;
Danderyds Gymnasium;30866364;Danderyd;0162;Kommunal;Danderyds kommun;2120000126;1 330;484;444;402;39;14;80;
Marina läroverket i Danderyd;82814120;Danderyd;0162;Enskild;Klart Skepp Marinteknik AB;5565160669;510;175;170;165;47;6;83;
Viktor Rydberg gy. Djursholm;45164827;Danderyd;0162;Enskild;Stiftelsen Viktor Rydbergs Skolor;8120005650;516;156;181;179;56;12;92;
Degerforsgymnasiet;10924758;Degerfors;1862;Kommunal;Degerfors kommun;2120001934;314;105;115;94;37;29;41;
Individuella Gymnasiet;55711881;Ekerö;0125;Kommunal;Ekerö kommun;2120000050;37;12;19;6;54;78;..;
Eksjö Gymnasium 1;34153869;Eksjö;0686;Kommunal;Eksjö kommun;2120000589;265;96;89;80;37;32;62;
Eksjö Gymnasium 2;88259298;Eksjö;0686;Kommunal;Eksjö kommun;2120000589;222;85;75;62;67;23;60;
Eksjö Gymnasium 3;73098153;Eksjö;0686;Kommunal;Eksjö kommun;2120000589;59;21;15;23;86;27;41;
Nifsarpsskolan fri;44240250;Eksjö;0686;Enskild;Eksjö Fordonsutbildning AB;5565848537;244;82;82;80;22;5;36;
Vilhelm Mobergsgymnasiet;17846181;Emmaboda;0862;Kommunal;Emmaboda kommun;2120000738;150;71;34;45;40;59;40;
Westerlundska gymnasiet;75082798;Enköping;0381;Kommunal;Enköpings kommun;2120000282;1 325;525;409;391;45;29;54;
Grillska Gymnasiet Eskilstuna;23555409;Eskilstuna;0484;Enskild;Stadsmissionens Skolstiftelse;8020170794;678;237;224;217;51;24;56;
JENSEN Gymnasium Eskilstuna;88986563;Eskilstuna;0484;Enskild;Jensen Education College AB;5566358759;255;99;87;69;65;72;54;
Kunskapscompaniets Gymnasium i Eskilstuna;91333138;Eskilstuna;0484;Enskild;Kunskapscompaniet Gymnasium KCGY AB;5561383885;180;72;47;61;38;28;21;
NTI Gymnasiet Eskilstuna;30341162;Eskilstuna;0484;Enskild;NTI Gymnasiet Macro AB;5561203679;191;80;66;45;20;34;52;
Realgymnasiet Eskilstuna;39936461;Eskilstuna;0484;Enskild;Lärande i Sverige AB;5565715892;185;70;60;55;79;5;54;
Rekarnegymnasiet 1;72266906;Eskilstuna;0484;Kommunal;Eskilstuna kommun;2120000357;665;218;214;233;34;27;48;
Rekarnegymnasiet 2;27030026;Eskilstuna;0484;Kommunal;Eskilstuna kommun;2120000357;603;248;190;165;39;35;40;
Rinmangymnasiet RI 1N;16950252;Eskilstuna;0484;Kommunal;Eskilstuna kommun;2120000357;481;169;146;166;25;42;53;
Rinmangymnasiet RI 2N;34637764;Eskilstuna;0484;Kommunal;Eskilstuna kommun;2120000357;511;183;172;156;64;70;54;
Rinmangymnasiet RI3N;44957557;Eskilstuna;0484;Kommunal;Eskilstuna kommun;2120000357;107;45;39;23;48;21;30;
S:t Eskils gymnasium;19912478;Eskilstuna;0484;Kommunal;Eskilstuna kommun;2120000357;722;277;239;206;66;50;55;
Zetterbergsgymnasiet;69396818;Eskilstuna;0484;Kommunal;Eskilstuna kommun;2120000357;329;116;112;101;64;47;40;
Carl Engströmgymnasiet;15077883;Eslöv;1285;Kommunal;Eslövs kommun;2120001173;740;285;233;222;41;34;44;
Brinellskolan 1;32420077;Fagersta;1982;Kommunal;Fagersta kommun;2120002106;188;67;74;47;53;57;19;
Brinellskolan 2;48434184;Fagersta;1982;Kommunal;Fagersta kommun;2120002106;264;89;98;77;34;34;41;
Brinellskolan 3;25167262;Fagersta;1982;Kommunal;Fagersta kommun;2120002106;67;30;23;14;67;30;58;
Drottning Blankas Gymnasieskola Falkenberg;58724424;Falkenberg;1382;Enskild;DBGY Kronan AB;5565668794;128;40;53;35;80;27;38;
Falkenbergs Gymnasieskola 1;95684185;Falkenberg;1382;Kommunal;Falkenbergs kommun;2120001231;135;59;42;34;44;72;16;
Falkenbergs Gymnasieskola 2;51138448;Falkenberg;1382;Kommunal;Falkenbergs kommun;2120001231;714;271;216;227;54;25;62;
Falkenbergs Gymnasieskola 3;19647256;Falkenberg;1382;Kommunal;Falkenbergs kommun;2120001231;400;149;123;128;34;14;42;
Ållebergsgymnasiet A;17008320;Falköping;1499;Kommunal;Falköpings kommun;2120001744;225;90;67;68;38;30;70;
Ållebergsgymnasiet B;56737496;Falköping;1499;Kommunal;Falköpings kommun;2120001744;269;93;97;79;36;26;55;
Ållebergsgymnasiet C;88850910;Falköping;1499;Kommunal;Falköpings kommun;2120001744;170;90;48;32;54;64;25;
Ållebergsgymnasiet E;93939982;Falköping;1499;Kommunal;Falköpings kommun;2120001744;322;107;107;108;63;16;57;
Drottning Blankas Gymnasieskola Falun;34253318;Falun;2080;Enskild;DBGY Kronan AB;5565668794;210;49;79;82;71;59;22;
Falu Frigymnasium;25720752;Falun;2080;Enskild;Falu Frigymnasium Aktiebolag;5566112834;393;124;138;131;64;39;60;
Hagströmska gymnasiet Falun;55155562;Falun;2080;Enskild;Hagströmska Gymnasiet AB;5567550461;660;244;217;199;32;14;57;
Kristinegymnasiet RO1;31533003;Falun;2080;Kommunal;Falu kommun;2120002221;328;128;117;83;70;17;58;
Kristinegymnasiet RO2;31429031;Falun;2080;Kommunal;Falu kommun;2120002221;445;149;150;146;67;19;55;
Lugnetgymnasiet RO1;23164911;Falun;2080;Kommunal;Falu kommun;2120002221;467;147;167;153;40;18;81;
Lugnetgymnasiet RO2;24008049;Falun;2080;Kommunal;Falu kommun;2120002221;240;78;83;79;19;15;46;
Lugnetgymnasiet RO3;72661886;Falun;2080;Kommunal;Falu kommun;2120002221;223;77;70;76;82;11;62;
Lugnetgymnasiet RO4;94144023;Falun;2080;Kommunal;Falu kommun;2120002221;122;62;38;22;39;50;20;
Musikkonservatoriet Falun;54481243;Falun;2080;Region;Region Dalarna;2321000180;37;10;12;15;49;..;89;
Praktiska Gymnasiet Falun;59734510;Falun;2080;Enskild;Praktiska Sverige AB;5562575786;226;78;77;71;39;21;36;
Spångbergsgymnasiet;19586169;Filipstad;1782;Kommunal;Filipstads kommun;2120001876;266;105;78;83;50;30;30;
Bergska gymnasiet Bergska skolan;17643936;Finspång;0562;Kommunal;Finspångs kommun;2120000423;107;48;27;32;33;35;21;
Bergska gymnasiet Bildningen;24273261;Finspång;0562;Kommunal;Finspångs kommun;2120000423;174;64;53;57;67;29;53;
Curt Nicolin-gymnasiet;95683850;Finspång;0562;Enskild;Curt Nicolin Gymnasiet AB;5566431044;533;188;172;173;30;15;66;
Prins Wilhelm gymnasiet;59455288;Flen;0482;Kommunal;Flens kommun;2120000332;195;73;64;58;45;82;23;
ForshagaAkademin;82163292;Forshaga;1763;Enskild;ForshagaAkademin AB;5566205737;238;82;88;68;38;12;50;
Gymnasieutbildningen i Gagnef;19599583;Gagnef;2026;Kommunal;Gagnefs kommun;2120002155;20;11;6;3;..;..;..;
Gislaveds gymnasium Ekonomisk sektor;25679488;Gislaved;0662;Kommunal;Gislaveds kommun;2120000514;365;136;120;109;64;36;39;
Gislaveds gymnasium NEO-sektor;25677996;Gislaved;0662;Kommunal;Gislaveds kommun;2120000514;282;93;96;93;73;47;38;
Gislaveds gymnasium Teknisk sektor;89888648;Gislaved;0662;Kommunal;Gislaveds kommun;2120000514;236;76;75;85;10;28;48;
Gislaveds gymnasium Utvecklingssektor;72644577;Gislaved;0662;Kommunal;Gislaveds kommun;2120000514;79;78;1;.;30;56;14;
Motorsportsgymnasiet i Anderstorp;90003262;Gislaved;0662;Enskild;Värmdö Tekniska Utbildningar Aktiebolag, Vtu;5563836757;95;38;27;30;..;15;41;
Stora Segerstad Naturbrukscentrum;88163512;Gislaved;0662;Region;Region Jönköpings Län;2321000057;182;61;61;60;34;..;38;
Gnosjöandans kunskapsc. gy;35063170;Gnosjö;0617;Kommunal;Gnosjö kommun;2120000506;269;100;82;87;46;50;36;
Gutegymnasiet;31279294;Gotland;0980;Enskild;Guteskolan AB;5567044267;217;83;75;59;45;26;45;
Wisbygymnasiet;36782335;Gotland;0980;Kommunal;Region Gotland;2120000803;1 580;651;506;423;48;11;59;
IM Grums;52054634;Grums;1764;Kommunal;Grums kommun;2120001827;10;10;.;.;..;..;..;
Introduktionsprogrammet Språkintroduktion;42892954;Gullspång;1447;Kommunal;Gullspångs kommun;2120001637;1;1;.;.;..;..;..;
Lapplands Gymnasium Gällivare enhet 1;20666515;Gällivare;2523;Kommunal;Lapplands Kommunalförbund;2220000760;186;61;66;59;36;11;57;
Lapplands Gymnasium Gällivare enhet 2;37906565;Gällivare;2523;Kommunal;Lapplands Kommunalförbund;2220000760;173;73;48;52;57;24;40;
Lapplands Gymnasium Gällivare enhet 3;23063954;Gällivare;2523;Kommunal;Lapplands Kommunalförbund;2220000760;183;65;54;64;46;10;50;
Borgarskolan;21648755;Gävle;2180;Kommunal;Gävle kommun;2120002338;765;275;244;246;46;16;64;
Drottning Blankas Gymnasieskola Gävle;11111710;Gävle;2180;Enskild;DBGY Juvelen AB;5565789129;271;115;85;71;79;45;40;
IM-gymnasiet;83487818;Gävle;2180;Kommunal;Gävle kommun;2120002338;283;165;87;31;42;54;26;
NTI Vetenskapsgymnasiet Gävle;86547467;Gävle;2180;Enskild;NTI Gymnasiet Macro AB;5561203679;186;75;55;56;35;59;44;
Polhemsskolan;90551279;Gävle;2180;Kommunal;Gävle kommun;2120002338;1 200;405;387;408;41;20;57;
Praktiska Gymnasiet Gävle;93062368;Gävle;2180;Enskild;Praktiska Sverige AB;5562575786;183;63;61;59;26;49;33;
Realgymnasiet Gävle;69686851;Gävle;2180;Enskild;Lärande i Sverige AB;5565715892;397;134;135;128;71;14;46;
Thoren Business School Gävle;49616977;Gävle;2180;Enskild;Thorengruppen AB;5566139290;272;116;77;79;58;36;48;
Vasaskolan;54965510;Gävle;2180;Kommunal;Gävle kommun;2120002338;930;306;307;317;67;35;71;
Yrkesgymnasiet Gävle;90267145;Gävle;2180;Enskild;Thorengruppen AB;5566139290;204;66;61;77;24;18;37;
Amerikanska Gymnasiet Göteborg;49918856;Göteborg;1480;Enskild;Amerikanska Gymnasiet i Sverige AB;5590415591;477;171;141;165;53;34;73;
Angeredsgymnasiet 1;72998905;Göteborg;1480;Kommunal;Göteborgs kommun;2120001355;254;120;74;60;67;90;23;
Angeredsgymnasiet 2;84835666;Göteborg;1480;Kommunal;Göteborgs kommun;2120001355;263;120;66;77;52;92;37;
Angeredsgymnasiet 3;24685151;Göteborg;1480;Kommunal;Göteborgs kommun;2120001355;258;258;.;.;50;95;20;
Angeredsgymnasiet 4;25872338;Göteborg;1480;Kommunal;Göteborgs kommun;2120001355;101;31;26;44;49;26;49;
Aniaragymnasiet;69481650;Göteborg;1480;Enskild;AF Affärseffekt Framtidsskola AB;5566666789;357;139;106;112;45;71;37;
Aspero Idrottsgymn. Göteborg;20319353;Göteborg;1480;Enskild;Aspero Friskolor AB;5566363973;259;90;83;86;35;18;62;
Bernadottegymnasiet;92194545;Göteborg;1480;Kommunal;Göteborgs kommun;2120001355;370;123;124;123;46;13;78;
Bräckegymnasiet 1;88153340;Göteborg;1480;Kommunal;Göteborgs kommun;2120001355;165;91;41;33;7;41;32;
Bräckegymnasiet 2;94353434;Göteborg;1480;Kommunal;Göteborgs kommun;2120001355;186;58;61;67;10;30;42;
Bräckegymnasiet 4;84978846;Göteborg;1480;Kommunal;Göteborgs kommun;2120001355;208;195;13;.;26;64;26;
Burgårdens Gymnasium 1;59396229;Göteborg;1480;Kommunal;Göteborgs kommun;2120001355;266;125;71;70;85;39;40;
Burgårdens Gymnasium 2;95165649;Göteborg;1480;Kommunal;Göteborgs kommun;2120001355;202;201;1;.;67;71;24;
Burgårdens Gymnasium 3;64740897;Göteborg;1480;Kommunal;Göteborgs kommun;2120001355;132;80;29;23;28;14;66;
Burgårdens Gymnasium 4;78979604;Göteborg;1480;Kommunal;Göteborgs kommun;2120001355;248;89;89;70;70;71;39;
Burgårdens Gymnasium 5;69626109;Göteborg;1480;Kommunal;Göteborgs kommun;2120001355;229;97;67;65;73;45;42;
Burgårdens Gymnasium 6;21938009;Göteborg;1480;Kommunal;Göteborgs kommun;2120001355;112;71;41;.;89;76;26;
Center för språkintroduktion Lindholmen 1;53432700;Göteborg;1480;Kommunal;Göteborgs kommun;2120001355;246;246;.;.;46;99;11;
Designgymnasiet Göteborg;10968377;Göteborg;1480;Enskild;Designgymnasiet i Sverige AB;5569320681;63;63;.;.;71;29;79;
Donnergymnasiet;78397312;Göteborg;1480;Enskild;Donnergymnasiet AB;5565408381;715;260;226;229;60;21;85;
Drottning Blankas Gymnasieskola Göteborg Centrum;36444853;Göteborg;1480;Enskild;DBGY Kronan AB;5565668794;547;191;186;170;78;23;64;
Drottning Blankas Gymnasieskola Göteborg Gårda;10638939;Göteborg;1480;Enskild;DBGY Juvelen AB;5565789129;745;281;300;164;78;22;57;
Ester Mosessons gymnasium 1;15414001;Göteborg;1480;Kommunal;Göteborgs kommun;2120001355;259;106;79;74;52;14;55;
Ester Mosessons gymnasium 2;38311488;Göteborg;1480;Kommunal;Göteborgs kommun;2120001355;107;72;20;15;73;50;33;
GTI:s gymnasieskola;89837629;Göteborg;1480;Enskild;Göteborgs Tekniska Institut Aktiebolag;5562358993;384;122;107;155;51;85;34;
Gymnasieakademin;12994441;Göteborg;1480;Enskild;IEAB International Education AB;5567265979;419;111;153;155;67;81;41;
Göteborgregionens tekniska gy;53660780;Göteborg;1480;Enskild;Göteborgs Tekniska College Aktiebolag;5565706768;404;133;120;151;12;17;76;
Göteborgs Högre Samskola gy.;88774402;Göteborg;1480;Enskild;Stiftelsen Göteborgs Högre Samskola;8572059197;547;190;176;181;63;13;88;
Hvitfeldtska gymnasiet 1;61701709;Göteborg;1480;Kommunal;Göteborgs kommun;2120001355;413;161;127;125;60;16;84;
Hvitfeldtska gymnasiet 2;61469192;Göteborg;1480;Kommunal;Göteborgs kommun;2120001355;245;89;78;78;48;19;77;
Hvitfeldtska gymnasiet 3;84306392;Göteborg;1480;Kommunal;Göteborgs kommun;2120001355;455;161;144;150;54;23;91;
Hvitfeldtska gymnasiet 4;28627819;Göteborg;1480;Kommunal;Göteborgs kommun;2120001355;441;159;154;128;75;12;82;
Hvitfeldtska gymnasiet 5;30086854;Göteborg;1480;Kommunal;Göteborgs kommun;2120001355;242;68;95;79;57;75;63;
Hvitfeldtska gymnasiet 6;50235617;Göteborg;1480;Kommunal;Göteborgs kommun;2120001355;222;115;55;52;60;35;50;
IHGR-gymnasiet;26627862;Göteborg;1480;Kommunal;Göteborgs kommun;2120001355;354;141;118;95;55;75;65;
Ingrid Segerstedts gymnasium;48847282;Göteborg;1480;Enskild;Stiftelsen Ingrid Segerstedts Gymnasium;8572088824;383;132;129;122;79;10;86;
International IT College of Sweden Gothenburg;72517762;Göteborg;1480;Enskild;Edinit AB;5563114445;177;85;58;34;39;84;36;
JENSEN Gymnasium Göteborg;38684438;Göteborg;1480;Enskild;Jensen Education College AB;5566358759;474;172;161;141;51;74;51;
Katrinelundsgymnasiet 1;31251822;Göteborg;1480;Kommunal;Göteborgs kommun;2120001355;298;97;111;90;55;53;51;
Katrinelundsgymnasiet 2;90099336;Göteborg;1480;Kommunal;Göteborgs kommun;2120001355;5;.;1;4;..;..;..;
Katrinelundsgymnasiet 3;96590873;Göteborg;1480;Kommunal;Göteborgs kommun;2120001355;112;.;.;112;78;64;38;
Katrinelundsgymnasiet 4;35647481;Göteborg;1480;Kommunal;Göteborgs kommun;2120001355;179;63;49;67;55;53;66;
Katrinelundsgymnasiet 5;39549479;Göteborg;1480;Kommunal;Göteborgs kommun;2120001355;421;160;123;138;30;38;63;
Kitas Ekonomi;73147554;Göteborg;1480;Enskild;Kitas utbildning AB;5567097117;252;88;93;71;52;12;79;
Kitas Frisörgymnasium;65752105;Göteborg;1480;Enskild;Kimuo frisörutbildning AB;5567385330;4;.;.;4;..;..;..;
Kitas Gymnasium;69983740;Göteborg;1480;Enskild;Kitas utbildning AB;5567097117;316;98;98;120;71;24;78;
Kitas Natur;66491596;Göteborg;1480;Enskild;Kitas utbildning AB;5567097117;279;81;99;99;41;18;89;
KLARA Teoretiska Gymnasium Göteborg Postgatan;40690520;Göteborg;1480;Enskild;KLARA Gymnasium Lärande AB;5565583282;567;195;181;191;66;31;81;
KLARA Teoretiska Gymnasium Göteborg Vallgatan;75141151;Göteborg;1480;Enskild;KLARA Gymnasium Bildning AB;5565286696;342;122;126;94;67;51;64;
Kunskapsgymnasiet Göteborg;12052268;Göteborg;1480;Enskild;Kunskapsskolan i Sverige Aktiebolag;5565661815;326;106;107;113;58;90;45;
L M Engströms gymnasium;71597051;Göteborg;1480;Enskild;Peter Isaac Béens Utbildningsstiftelse;8572003666;583;225;196;162;68;8;90;
LBS Kreativa Gymnasiet Göteborg;53231578;Göteborg;1480;Enskild;Ljud & Bildskolan LBS AB;5564851649;541;184;178;179;24;22;69;
LBS Mediegymnasiet;97382366;Göteborg;1480;Enskild;Ljud & Bildskolan LBS AB;5564851649;287;102;94;91;58;26;63;
Lindholmens tekn gymnasium 1;11274830;Göteborg;1480;Kommunal;Göteborgs kommun;2120001355;317;114;102;101;3;17;58;
Lindholmens tekn gymnasium 2;51321260;Göteborg;1480;Kommunal;Göteborgs kommun;2120001355;252;99;79;74;..;23;44;
Lindholmens tekn gymnasium 3;96279444;Göteborg;1480;Kommunal;Göteborgs kommun;2120001355;408;151;139;118;16;37;69;
Magelungens Gymnasium Göteborg;27268498;Göteborg;1480;Enskild;Magelungen Utveckling AB;5564891447;86;37;26;23;40;..;73;
Motorbranschens Tekniska gymn.;61880907;Göteborg;1480;Kommunal;Göteborgs kommun;2120001355;292;115;87;90;19;29;35;
NTI Gymnasiet Johanneberg;79094701;Göteborg;1480;Enskild;NTI Gymnasiet Ellips AB;5565970471;472;160;155;157;20;17;78;
NTI Gymnasiet Kronhus;35006050;Göteborg;1480;Enskild;NTI Gymnasiet Macro AB;5561203679;406;104;112;190;17;37;70;
NTI Handelsgymnasiet Göteborg;53698122;Göteborg;1480;Enskild;NTI Gymnasiet Macro AB;5561203679;184;94;90;.;33;34;58;
Peabskolan Göteborg;88886610;Göteborg;1480;Enskild;Peabskolan AB;5564427432;106;35;37;34;..;24;49;
Polhemsgymnasiet 1;21505555;Göteborg;1480;Kommunal;Göteborgs kommun;2120001355;381;130;127;124;38;33;85;
Polhemsgymnasiet 2;34336190;Göteborg;1480;Kommunal;Göteborgs kommun;2120001355;382;128;130;124;41;9;75;
Polhemsgymnasiet 3;21052710;Göteborg;1480;Kommunal;Göteborgs kommun;2120001355;388;130;129;129;61;10;86;
Praktiska Gymnasiet Gamlestaden;16819383;Göteborg;1480;Enskild;Praktiska Utbildning AB;5564781606;262;107;76;79;11;83;16;
Praktiska Gymnasiet Göteborg;88556189;Göteborg;1480;Enskild;Praktiska Sverige AB;5562575786;241;88;80;73;39;56;33;
Realgymnasiet Göteborg;35236491;Göteborg;1480;Enskild;Lärande i Sverige AB;5565715892;290;109;103;78;80;10;62;
Rytmus Göteborg;69739484;Göteborg;1480;Enskild;Rytmus AB;5564648979;291;98;98;95;61;10;78;
Schillerska gymnasiet 1;92887917;Göteborg;1480;Kommunal;Göteborgs kommun;2120001355;445;136;162;147;86;16;80;
Schillerska gymnasiet 2;88834120;Göteborg;1480;Kommunal;Göteborgs kommun;2120001355;278;159;59;60;57;29;63;
Schillerska gymnasiet 3;36748805;Göteborg;1480;Kommunal;Göteborgs kommun;2120001355;371;133;121;117;71;30;75;
Sigrid Rudebecks gymnasium;19207279;Göteborg;1480;Enskild;Aktiebolaget Sigrid Rudebecks Skola;5563571248;476;181;146;149;69;10;93;
Sjölins Gymnasium Göteborg;53640774;Göteborg;1480;Enskild;Sjölins Gymnasium AB;5563758399;478;162;159;157;57;11;76;
SKF Tekniska Gymnasium;58502307;Göteborg;1480;Enskild;SKF Sverige Aktiebolag;5562408301;91;32;28;31;12;25;65;
Thoren Innovation School Göteborg;97177328;Göteborg;1480;Enskild;Thoren Innovation School AB;5568902653;162;47;52;63;9;56;50;
Västsvenska Gymnasiet;34831349;Göteborg;1480;Enskild;Idrottens Skola i Göteborg AB;5562035906;286;112;103;71;41;90;24;
Yrkesgymnasiet Göteborg;63511898;Göteborg;1480;Enskild;Thorengruppen AB;5566139290;336;136;106;94;49;46;40;
Olinsgymnasiet i Götene;77718188;Götene;1471;Enskild;Olinsgymnasiet i Skara AB;5569998932;98;61;37;.;18;29;32;
Älvstrandsgymnasiet;72127035;Hagfors;1783;Kommunal;Hagfors kommun;2120001884;180;83;54;43;64;19;39;
Älvstrandsgymnasiet2;28310176;Hagfors;1783;Kommunal;Hagfors kommun;2120001884;178;49;69;60;18;22;48;
Alléskolan 1;70969714;Hallsberg;1861;Kommunal;Sydnärkes Utbildningsförbund;2220001180;293;125;91;77;25;16;46;
Alléskolan 2;85003442;Hallsberg;1861;Kommunal;Sydnärkes Utbildningsförbund;2220001180;98;39;28;31;74;65;24;
Alléskolan 3;22752398;Hallsberg;1861;Kommunal;Sydnärkes Utbildningsförbund;2220001180;309;101;105;103;15;16;35;
Alléskolan 4;68734112;Hallsberg;1861;Kommunal;Sydnärkes Utbildningsförbund;2220001180;156;48;51;57;60;21;53;
Alléskolan 5;71922787;Hallsberg;1861;Kommunal;Sydnärkes Utbildningsförbund;2220001180;160;66;51;43;51;39;44;
Alléskolan 6;78730011;Hallsberg;1861;Kommunal;Sydnärkes Utbildningsförbund;2220001180;190;114;56;20;44;56;19;
Alléskolan 7;74148070;Hallsberg;1861;Kommunal;Sydnärkes Utbildningsförbund;2220001180;165;60;54;51;58;33;47;
Gymnasieutbildningen Hallstahammar;25253663;Hallstahammar;1961;Kommunal;Hallstahammars kommun;2120002064;36;20;16;.;50;64;..;
Ridsportsgymnasiet;50696507;Hallstahammar;1961;Enskild;Ridskolan Strömsholm RS AB;5566940408;93;31;32;30;94;..;62;
Amerikanska Gymnasiet Halmstad;43657259;Halmstad;1380;Enskild;Amerikanska Gymnasiet i Sverige AB;5590415591;56;56;.;.;73;41;43;
Aspero Idrottsgymn. Halmstad;92507006;Halmstad;1380;Enskild;Aspero Friskolor AB;5566363973;309;107;112;90;38;9;71;
Drottning Blankas Gymnasieskola Halmstad;44653962;Halmstad;1380;Enskild;DBGY Kronan AB;5565668794;248;96;78;74;84;47;46;
Kattegattgymnasiet 1;20100577;Halmstad;1380;Kommunal;Halmstads kommun;2120001215;406;125;152;129;56;20;70;
Kattegattgymnasiet 2;81993306;Halmstad;1380;Kommunal;Halmstads kommun;2120001215;263;81;94;88;25;23;79;
Kattegattgymnasiet 3;19051089;Halmstad;1380;Kommunal;Halmstads kommun;2120001215;278;94;97;87;55;44;75;
Kattegattgymnasiet 4;29097621;Halmstad;1380;Kommunal;Halmstads kommun;2120001215;123;115;5;3;34;89;16;
Kattegattgymnasiet 5;61195886;Halmstad;1380;Kommunal;Halmstads kommun;2120001215;235;94;70;71;6;24;42;
Kattegattgymnasiet 6;19413066;Halmstad;1380;Kommunal;Halmstads kommun;2120001215;193;78;73;42;..;26;54;
LBS Kreativa Gymnasiet Halmstad;47264019;Halmstad;1380;Enskild;Ljud & Bildskolan LBS AB;5564851649;150;51;59;40;21;30;56;
Praktiska Gymnasiet Halmstad;87764775;Halmstad;1380;Enskild;Praktiska Sverige AB;5562575786;278;111;83;84;47;54;31;
Realgymnasiet Halmstad;71401921;Halmstad;1380;Enskild;Lärande i Sverige AB;5565715892;109;30;39;40;90;..;56;
Sannarpsgymnasiet 1;35670336;Halmstad;1380;Kommunal;Halmstads kommun;2120001215;125;51;26;48;56;31;54;
Sannarpsgymnasiet 2;50198492;Halmstad;1380;Kommunal;Halmstads kommun;2120001215;389;124;125;140;59;29;61;
Sannarpsgymnasiet 3;48438396;Halmstad;1380;Kommunal;Halmstads kommun;2120001215;320;121;85;114;63;30;63;
Sannarpsgymnasiet 4;98052678;Halmstad;1380;Kommunal;Halmstads kommun;2120001215;165;47;58;60;19;8;38;
Sannarpsgymnasiet 5;95993832;Halmstad;1380;Kommunal;Halmstads kommun;2120001215;175;83;45;47;53;55;68;
Sturegymnasiet 1;20099064;Halmstad;1380;Kommunal;Halmstads kommun;2120001215;293;95;94;104;73;16;68;
Sturegymnasiet 2;44341171;Halmstad;1380;Kommunal;Halmstads kommun;2120001215;114;61;31;22;66;41;35;
Sturegymnasiet 3;77130356;Halmstad;1380;Kommunal;Halmstads kommun;2120001215;74;23;26;25;46;41;41;
Sturegymnasiet 4;32671805;Halmstad;1380;Kommunal;Halmstads kommun;2120001215;113;39;38;36;48;..;58;
Sturegymnasiet 5;13993712;Halmstad;1380;Kommunal;Halmstads kommun;2120001215;67;22;25;20;63;19;39;
Berga naturbruksgymnasium;38448056;Haninge;0136;Region;Region Stockholm;2321000016;192;75;77;40;84;8;60;
Fredrika Bremergymnasiet;16313848;Haninge;0136;Kommunal;Haninge kommun;2120000084;1 912;715;563;634;38;32;49;
Riksäpplet;79606767;Haninge;0136;Kommunal;Haninge kommun;2120000084;305;190;94;21;45;72;24;
Tornedalsskolan;11294673;Haparanda;2583;Kommunal;Haparanda kommun;2120002775;224;81;85;58;48;36;34;
Martin Koch-gymnasiet;86327236;Hedemora;2083;Kommunal;Hedemora kommun;2120002254;346;168;88;90;48;34;39;
Campeon Frigymnasium;41745951;Helsingborg;1283;Enskild;Campeon Frigymnasium AB;5566264056;210;71;68;71;73;8;75;
Cultura Gymnasium;83137205;Helsingborg;1283;Enskild;Cultura Utbildning AB;5567127237;181;58;65;58;58;91;50;
Drottning Blankas Gymnasieskola Helsingborg Prästgatan;66335258;Helsingborg;1283;Enskild;DBGY Kronan AB;5565668794;332;117;108;107;73;39;45;
Drottning Blankas Gymnasieskola Helsingborg S:a Kyrkogatan;28398531;Helsingborg;1283;Enskild;DBGY Kronan AB;5565668794;246;101;81;64;65;50;43;
Filbornaskolan;54172830;Helsingborg;1283;Kommunal;Helsingborgs kommun;2120001157;577;199;156;222;36;19;66;
G.O. Kompetens Transportgymnasium;86310217;Helsingborg;1283;Enskild;G.O. Kompetens Transportgymnasium AB;5566412549;166;62;60;44;24;18;25;
Helsingborgs Lärlingsgymnasium;77352223;Helsingborg;1283;Kommunal;Helsingborgs kommun;2120001157;337;126;114;97;48;27;42;
Helsingborgs Sportgymnasium;75458014;Helsingborg;1283;Enskild;Helsingborgs Sportgymnasium AB;5591204101;94;31;36;27;23;33;49;
Impius gymnasium;65136104;Helsingborg;1283;Enskild;Impius Utvecklings AB;5565523858;151;57;48;46;34;13;51;
International school of Hbg/Gy;61826221;Helsingborg;1283;Kommunal;Helsingborgs kommun;2120001157;135;43;50;42;50;80;69;
JENSEN Gymnasium Helsingborg;56330385;Helsingborg;1283;Enskild;Jensen Education College AB;5566358759;241;74;81;86;69;67;54;
Johannes Hedberggymnasiet;20228162;Helsingborg;1283;Enskild;Folkuniversitetet Stiftelsen Kurs- Verksamheten vid Lunds Universitet;8450003481;432;145;141;146;67;25;78;
LBS Kreativa Gymnasiet Helsingborg;68240485;Helsingborg;1283;Enskild;Ljud & Bildskolan LBS AB;5564851649;264;99;88;77;35;24;63;
Mega Musik gymnasium;95046058;Helsingborg;1283;Enskild;Mega Musik Gymnasieskola AB;5565956553;136;49;41;46;51;10;67;
Nicolaiskolan;44392995;Helsingborg;1283;Kommunal;Helsingborgs kommun;2120001157;595;228;184;183;67;42;51;
NTI Gymnasiet Helsingborg;79033948;Helsingborg;1283;Enskild;NTI Gymnasiet Ellips AB;5565970471;345;130;105;110;12;46;54;
NTI Vetenskapsgymnasiet Helsingborg;48610406;Helsingborg;1283;Enskild;NTI Gymnasiet Macro AB;5561203679;83;36;30;17;43;81;45;
Olympiaskolan;53462953;Helsingborg;1283;Kommunal;Helsingborgs kommun;2120001157;352;149;78;125;54;55;46;
Praktiska Gymnasiet Helsingborg;69241230;Helsingborg;1283;Enskild;Praktiska Sverige AB;5562575786;206;98;70;38;13;32;35;
ProCivitas Privata Gymnasium Helsingborg;60730660;Helsingborg;1283;Enskild;ProCivitas Privata Gymnasium AB;5566157102;665;247;239;179;66;19;84;
Realgymnasiet Helsingborg;85544331;Helsingborg;1283;Enskild;Lärande i Sverige AB;5565715892;140;50;46;44;83;9;46;
Rid- & Djursjukvårdsgymnasiet, Helsingborg;83085136;Helsingborg;1283;Enskild;Humeq Education AB;5565974671;156;50;48;58;96;12;65;
Rönnowska skolan;80327946;Helsingborg;1283;Kommunal;Helsingborgs kommun;2120001157;851;436;208;207;31;49;28;
Thoren Business School Helsingborg;82592568;Helsingborg;1283;Enskild;Thorengruppen AB;5566139290;498;166;167;165;54;38;66;
Thoren Innovation School Helsingborg;30359269;Helsingborg;1283;Enskild;Thoren Innovation School AB;5568902653;189;55;62;72;27;57;57;
Tycho Braheskolan;78875918;Helsingborg;1283;Kommunal;Helsingborgs kommun;2120001157;552;199;186;167;38;35;73;
Victum Gymnasium;78023197;Helsingborg;1283;Enskild;Victum Gymnasium Aktiebolag;5564889482;223;101;68;54;81;62;30;
Kunskapskällan;86385479;Herrljunga;1466;Kommunal;Herrljunga kommun;2120001520;204;68;65;71;35;23;49;
Individuella programmet;53494028;Hjo;1497;Kommunal;Hjo kommun;2120001728;10;8;2;.;..;..;..;
Björkhagsskolan, gymnasium;40991561;Hofors;2104;Kommunal;Hofors kommun;2120002296;23;20;3;.;43;..;..;
Huddingegymnasiet;49862313;Huddinge;0126;Kommunal;Huddinge kommun;2120000068;574;212;200;162;47;66;52;
NTI Gymnasiet Södertörn;99838438;Huddinge;0126;Enskild;NTI Gymnasiet Ellips AB;5565970471;218;74;65;79;9;49;50;
Sjödalsgymnasiet;42859669;Huddinge;0126;Kommunal;Huddinge kommun;2120000068;601;206;185;210;36;58;44;
Sågbäcksgymnasiet;70923626;Huddinge;0126;Kommunal;Huddinge kommun;2120000068;391;203;78;110;35;58;31;
Widerströmska gymnasiet;55871389;Huddinge;0126;Kommunal;Huddinge kommun;2120000068;414;125;144;145;52;64;54;
Yrkesgymnasiet Huddinge;92905347;Huddinge;0126;Enskild;Thorengruppen AB;5566139290;262;88;90;84;36;52;27;
Östra gymnasiet;99592025;Huddinge;0126;Kommunal;Huddinge kommun;2120000068;842;338;249;255;43;28;72;
Bromangymnasiet 1;34247736;Hudiksvall;2184;Kommunal;Hudiksvalls kommun;2120002379;204;111;44;49;65;27;56;
Bromangymnasiet 2;47550455;Hudiksvall;2184;Kommunal;Hudiksvalls kommun;2120002379;293;107;90;96;44;10;43;
Bromangymnasiet 3;30329172;Hudiksvall;2184;Kommunal;Hudiksvalls kommun;2120002379;72;70;1;1;33;40;28;
Bromangymnasiet 4;82423815;Hudiksvall;2184;Kommunal;Hudiksvalls kommun;2120002379;223;69;82;72;14;20;59;
Bromangymnasiet 5;21798613;Hudiksvall;2184;Kommunal;Hudiksvalls kommun;2120002379;221;74;56;91;59;17;65;
Bromangymnasiet 6;72594971;Hudiksvall;2184;Kommunal;Hudiksvalls kommun;2120002379;159;52;55;52;9;8;50;
Bromangymnasiet 7;91306166;Hudiksvall;2184;Kommunal;Hudiksvalls kommun;2120002379;223;62;86;75;69;15;65;
Hudikgymnasiet;76877530;Hudiksvall;2184;Enskild;Hudiksvalls Gymnasieskola AB;5590053723;128;40;44;44;66;17;45;
Hultsfreds gymnasium 1;47046103;Hultsfred;0860;Kommunal;Hultsfreds kommun;2120000712;262;82;99;81;45;37;32;
Hultsfreds gymnasium 2;56664512;Hultsfred;0860;Kommunal;Hultsfreds kommun;2120000712;149;67;42;40;49;50;39;
Hultsfreds gymnasium 3;38167912;Hultsfred;0860;Kommunal;Hultsfreds kommun;2120000712;20;3;7;10;..;..;..;
Hylte gymnasieskola;83501757;Hylte;1315;Kommunal;Hylte kommun;2120001207;86;49;21;16;41;64;17;
OneSchool Global Nyby Campus Gymnasium;43826783;Hylte;1315;Enskild;OneSchool Global Nyby Campus AB;5566657515;31;12;9;10;42;..;32;
Fridegårdsgymnasiet;58125096;Håbo;0305;Kommunal;Håbo kommun;2120000241;434;153;139;142;53;18;55;
Fridegårdsgymnasiet- AST-programmen;82914148;Håbo;0305;Kommunal;Håbo kommun;2120000241;99;21;35;43;41;13;63;
Pihlskolan gymnasium;20620556;Hällefors;1863;Kommunal;Hällefors kommun;2120001942;107;55;27;25;41;49;34;
Härjedalens gymnasium;17173461;Härjedalen;2361;Kommunal;Härjedalens kommun;2120002510;193;55;64;74;47;15;45;
Härnösands gymnasium 1;55535552;Härnösand;2280;Kommunal;Härnösands kommun;2120002403;167;118;22;27;56;43;41;
Härnösands gymnasium 2;19560192;Härnösand;2280;Kommunal;Härnösands kommun;2120002403;292;96;92;104;42;20;44;
Härnösands gymnasium 3;30468157;Härnösand;2280;Kommunal;Härnösands kommun;2120002403;397;132;133;132;50;27;68;
Fridagymnasiet i Mölnlycke;67286143;Härryda;1401;Enskild;Fridaskolorna AB;5564515988;245;83;82;80;34;15;73;
Hulebäcksgymnasiet 1;98053087;Härryda;1401;Kommunal;Härryda kommun;2120001264;353;119;114;120;50;9;76;
Hulebäcksgymnasiet 2;92533079;Härryda;1401;Kommunal;Härryda kommun;2120001264;206;69;69;68;78;10;72;
Hulebäcksgymnasiet 3;61528940;Härryda;1401;Kommunal;Härryda kommun;2120001264;350;114;116;120;45;15;89;
Hulebäcksgymnasiet 4;23681822;Härryda;1401;Kommunal;Härryda kommun;2120001264;98;98;.;.;33;41;37;
Hulebäcksgymnasiet 5;66861851;Härryda;1401;Kommunal;Härryda kommun;2120001264;433;148;144;141;64;9;77;
Hulebäcksgymnasiet 6;72206824;Härryda;1401;Kommunal;Härryda kommun;2120001264;318;106;103;109;12;10;73;
Hässleholms Tekniska Skola;92858957;Hässleholm;1293;Kommunal;Hässleholms kommun;2120000985;791;267;262;262;53;32;60;
Jacobsskolan;46660042;Hässleholm;1293;Kommunal;Hässleholms kommun;2120000985;541;249;143;149;35;39;34;
Norrängsskolan;33678402;Hässleholm;1293;Kommunal;Hässleholms kommun;2120000985;40;7;8;25;35;..;33;
Kullagymnasiet 1;44113417;Höganäs;1284;Kommunal;Höganäs kommun;2120001165;185;98;46;41;22;34;53;
Kullagymnasiet 2;43627097;Höganäs;1284;Kommunal;Höganäs kommun;2120001165;219;83;75;61;43;20;67;
Högsby utbildningscenter;67783774;Högsby;0821;Kommunal;Högsby kommun;2120000688;30;30;.;.;53;87;..;
Hörby Lärcenter, komvux;39015433;Hörby;1266;Kommunal;Hörby kommun;2120001108;33;12;21;.;67;48;..;
Hörby Yrkesgymnasium;38917647;Hörby;1266;Enskild;Hörby Yrkesgymnasium AB;5568212939;99;34;38;27;29;..;29;
Gymnasieutbildningen i Höör;45101776;Höör;1267;Kommunal;Höörs kommun;2120001116;20;12;5;3;..;..;..;
Karolinaskolan;21363125;Höör;1267;Enskild;Föreningen Fogdaröd omsorg, vård & skola upa ek. för.;7420002045;25;7;10;8;..;..;..;
Lapplands Gymnasium Jokkmokk;39555838;Jokkmokk;2510;Kommunal;Lapplands Kommunalförbund;2220000760;87;34;23;30;46;28;55;
Drottning Blankas Gymnasieskola Jakobsberg;85214294;Järfälla;0123;Enskild;Didaktus Skolor AB;5564732856;336;122;95;119;68;87;27;
Järfälla gymnasium;82084961;Järfälla;0123;Kommunal;Järfälla kommun;2120000043;908;464;220;224;37;55;46;
Bäckadalsgymn RO 1;46162400;Jönköping;0680;Kommunal;Jönköpings kommun;2120000530;334;122;97;115;21;16;51;
Bäckadalsgymn RO 2;39565412;Jönköping;0680;Kommunal;Jönköpings kommun;2120000530;266;141;67;58;48;57;29;
Bäckadalsgymn RO 3;98369689;Jönköping;0680;Kommunal;Jönköpings kommun;2120000530;278;83;98;97;22;6;40;
Bäckadalsgymn RO 4;56529916;Jönköping;0680;Kommunal;Jönköpings kommun;2120000530;307;109;86;112;29;9;53;
Bäckadalsgymn RO 5;40810950;Jönköping;0680;Kommunal;Jönköpings kommun;2120000530;79;26;17;36;63;..;48;
Drottning Blankas Gymnasieskola Jönköping;12279302;Jönköping;0680;Enskild;DBGY Juvelen AB;5565789129;185;82;68;35;90;36;42;
Erik Dahlbergsgymnasiet Ro 1;67279263;Jönköping;0680;Kommunal;Jönköpings kommun;2120000530;383;126;129;128;22;24;78;
Erik Dahlbergsgymnasiet RO 2;40037982;Jönköping;0680;Kommunal;Jönköpings kommun;2120000530;166;54;69;43;83;45;40;
Erik Dahlbergsgymnasiet RO 3;51210136;Jönköping;0680;Kommunal;Jönköpings kommun;2120000530;320;87;113;120;53;44;76;
Erik Dahlbergsgymnasiet RO 4;73829818;Jönköping;0680;Kommunal;Jönköpings kommun;2120000530;336;124;122;90;38;18;70;
Erik Dahlbergsgymnasiet RO 5;60881275;Jönköping;0680;Kommunal;Jönköpings kommun;2120000530;286;96;95;95;59;38;66;
JENSEN Gymnasium Jönköping;18881773;Jönköping;0680;Enskild;Jensen Education College AB;5566358759;113;45;51;17;62;64;40;
Kungsgymnasiet;50908408;Jönköping;0680;Enskild;Jönköpings Kristna Skolförening;8260017648;49;11;18;20;41;..;55;
LBS Kreativa Gymnasiet Jönköping;18594470;Jönköping;0680;Enskild;Ljud & Bildskolan LBS AB;5564851649;230;72;83;75;25;17;58;
Magelungens Gymnasium Jönköping;69271071;Jönköping;0680;Enskild;Magelungen Utveckling AB;5564891447;65;31;21;13;42;..;69;
Per Brahegymnasiet RO 1;78295411;Jönköping;0680;Kommunal;Jönköpings kommun;2120000530;463;155;155;153;78;21;69;
Per Brahegymnasiet RO 2;80686587;Jönköping;0680;Kommunal;Jönköpings kommun;2120000530;383;151;111;121;64;41;75;
Per Brahegymnasiet RO 3;72232853;Jönköping;0680;Kommunal;Jönköpings kommun;2120000530;274;99;85;90;80;9;76;
Per Brahegymnasiet RO 4;78986011;Jönköping;0680;Kommunal;Jönköpings kommun;2120000530;323;131;94;98;61;41;63;
Praktiska Gymnasiet Jönköping;17849518;Jönköping;0680;Enskild;Praktiska Sverige AB;5562575786;164;66;57;41;23;31;34;
Sandagymnasiet RO 1;64205087;Jönköping;0680;Kommunal;Jönköpings kommun;2120000530;412;159;125;128;50;16;74;
Sandagymnasiet RO 2;50500028;Jönköping;0680;Kommunal;Jönköpings kommun;2120000530;341;111;116;114;58;22;78;
Sandagymnasiet RO 4;94570025;Jönköping;0680;Kommunal;Jönköpings kommun;2120000530;106;30;25;51;54;30;53;
Sandagymnasiet RO 5;91984508;Jönköping;0680;Kommunal;Jönköpings kommun;2120000530;235;92;71;72;46;29;56;
Tenhults naturbruksgymnasium;78659008;Jönköping;0680;Region;Region Jönköpings Län;2321000057;197;62;63;72;80;6;52;
Thoren Business School Jönköping;66151516;Jönköping;0680;Enskild;Thorengruppen AB;5566139290;69;16;27;26;41;38;49;
Vettergymnasiet Jönköping;12448823;Jönköping;0680;Enskild;Wetterbygdens Gymnasium AB;5567507420;58;23;18;17;29;57;28;
VFG Jönköping;11518576;Jönköping;0680;Enskild;VFG Utbildning AB;5562496629;46;36;10;.;..;..;35;
Furuhed 3;73008905;Kalix;2514;Kommunal;Kalix kommun;2120002692;155;49;57;49;54;..;54;
Furuhedsskolan 1;40667807;Kalix;2514;Kommunal;Kalix kommun;2120002692;195;92;55;48;47;27;48;
Furuhedsskolan 2;18091973;Kalix;2514;Kommunal;Kalix kommun;2120002692;198;63;69;66;28;9;47;
Calmare Internationella Skola;88466776;Kalmar;0880;Enskild;CIS Kalmar AB;5565896213;308;118;125;65;57;28;70;
Dag Hammarskjöld Gymnasiet;36539945;Kalmar;0880;Enskild;Stiftelsen Kalmar Waldorfskola;8324012288;16;1;7;8;88;..;..;
Fria Läroverken i Kalmar;40634612;Kalmar;0880;Enskild;Gymnasieskolor i Syd AB;5569306979;160;46;60;54;40;41;49;
Jenny Nyströmskolan B;54655009;Kalmar;0880;Kommunal;Kalmarsunds Gymnasieförbund;8324016453;671;267;196;208;73;31;51;
Lars Kaggskolan;37917591;Kalmar;0880;Kommunal;Kalmarsunds Gymnasieförbund;8324016453;1 299;473;410;416;32;24;60;
Naturbruksgymnasiet Kalmar 1;88624631;Kalmar;0880;Enskild;Hushållningssällskapet Kalmar-Kronoberg-Blekinge;2620000071;127;46;37;44;76;..;47;
Naturbruksgymnasiet Kalmar 2;35390185;Kalmar;0880;Enskild;Hushållningssällskapet Kalmar-Kronoberg-Blekinge;2620000071;39;11;16;12;..;..;44;
Praktiska Gymnasiet Kalmar;31657916;Kalmar;0880;Enskild;Praktiska Sverige AB;5562575786;187;91;50;46;42;37;26;
Stagneliusskolan;23058925;Kalmar;0880;Kommunal;Kalmarsunds Gymnasieförbund;8324016453;1 298;484;387;427;55;18;64;
SYAB Transportgymnasium;46241804;Kalmar;0880;Enskild;SYAB Transportgymnasium AB;5567290035;114;39;42;33;39;..;44;
Vuxenutbildningen i Karlsborg och Karlsborgs gymnasieskola;55870331;Karlsborg;1446;Kommunal;Karlsborgs kommun;2120001629;9;4;4;1;..;..;..;
Fria Läroverken i Karlshamn;42573391;Karlshamn;1082;Enskild;Gymnasieskolor i Syd AB;5569306979;124;48;37;39;61;31;47;
Vägga gymnasieskola 1b;21673083;Karlshamn;1082;Kommunal;Karlshamns kommun;2120000845;83;43;26;14;30;53;30;
Vägga gymnasieskola 2;64574972;Karlshamn;1082;Kommunal;Karlshamns kommun;2120000845;312;111;99;102;78;23;52;
Vägga gymnasieskola 3;19741742;Karlshamn;1082;Kommunal;Karlshamns kommun;2120000845;361;135;127;99;40;19;56;
Vägga gymnasieskola 4;29032715;Karlshamn;1082;Kommunal;Karlshamns kommun;2120000845;338;119;117;102;32;31;57;
Karlskoga Idrottsgymnasium;45830583;Karlskoga;1883;Enskild;Karlskoga Idrottsgymnasium AB;5567823611;58;15;23;20;60;17;60;
Möckelngymnasiet Ro 2;48931433;Karlskoga;1883;Kommunal;Karlskoga kommun;2120001991;368;150;128;90;59;32;57;
Möckelngymnasiet Ro 3;97270136;Karlskoga;1883;Kommunal;Karlskoga kommun;2120001991;218;106;43;69;56;44;23;
Möckelngymnasiet Ro 4;19909435;Karlskoga;1883;Kommunal;Karlskoga kommun;2120001991;249;89;81;79;13;14;59;
af Chapmangymnasiet;30530571;Karlskrona;1080;Kommunal;Karlskrona kommun;2120000829;775;281;256;238;60;15;72;
Aspero Idrottsgymn. Karlskrona;78839208;Karlskrona;1080;Enskild;Aspero Friskolor AB;5566363973;249;84;83;82;44;7;83;
Ehrensvärdska gymnasiet;96024712;Karlskrona;1080;Kommunal;Karlskrona kommun;2120000829;667;210;225;232;52;30;73;
Fischerströmska gymnasiet;36845597;Karlskrona;1080;Kommunal;Karlskrona kommun;2120000829;154;109;34;11;44;49;30;
Törnströmska gymnasiet;85800840;Karlskrona;1080;Kommunal;Karlskrona kommun;2120000829;632;231;190;211;32;13;59;
Fria Läroverken Karlstad;27115998;Karlstad;1780;Enskild;Fria Läroverken i Sverige AB;5569172041;591;203;192;196;42;12;69;
Karlstads Globala Gymnasium;54399371;Karlstad;1780;Enskild;Global bildning AB;5592340144;357;139;126;92;57;36;65;
KLARA Teoretiska Gymnasium Karlstad;79516949;Karlstad;1780;Enskild;KLARA Gymnasium Kunskap AB;5566303938;60;31;29;.;45;42;57;
Lillerudsgymnasiet;65662401;Karlstad;1780;Enskild;Lillerudsgymnasiet AB;5566243548;266;91;91;84;84;6;60;
Nobelgymnasiet 1;55654062;Karlstad;1780;Kommunal;Karlstads kommun;2120001850;169;61;57;51;24;55;26;
Nobelgymnasiet 2;82378820;Karlstad;1780;Kommunal;Karlstads kommun;2120001850;352;124;120;108;63;7;46;
Nobelgymnasiet 3;79909954;Karlstad;1780;Kommunal;Karlstads kommun;2120001850;282;96;92;94;13;10;59;
Nobelgymnasiet 4;83612768;Karlstad;1780;Kommunal;Karlstads kommun;2120001850;141;86;33;22;43;26;45;
NTI Gymnasiet Karlstad;41867682;Karlstad;1780;Enskild;NTI Gymnasiet Ellips AB;5565970471;216;75;78;63;11;22;57;
Praktiska Gymnasiet Karlstad;38645259;Karlstad;1780;Enskild;Praktiska Sverige AB;5562575786;323;135;102;86;31;27;35;
Realgymnasiet Karlstad;59571562;Karlstad;1780;Enskild;Lärande i Sverige AB;5565715892;57;24;33;.;89;..;46;
Sundsta-Älvkullegymnasiet 1;99147574;Karlstad;1780;Kommunal;Karlstads kommun;2120001850;391;135;121;135;58;30;82;
Sundsta-Älvkullegymnasiet 2;42168219;Karlstad;1780;Kommunal;Karlstads kommun;2120001850;498;170;167;161;25;14;84;
Sundsta-Älvkullegymnasiet 4;89630390;Karlstad;1780;Kommunal;Karlstads kommun;2120001850;514;168;176;170;70;11;81;
Sundsta-Älvkullegymnasiet 5;65637648;Karlstad;1780;Kommunal;Karlstads kommun;2120001850;355;121;116;118;70;10;72;
Sundsta-Älvkullegymnasiet 6;62272121;Karlstad;1780;Kommunal;Karlstads kommun;2120001850;119;38;38;43;66;13;70;
Thoren Business School Karlstad;87207941;Karlstad;1780;Enskild;Thorengruppen AB;5566139290;248;72;77;99;43;39;52;
Tingvallagymnasiet 1;73235474;Karlstad;1780;Kommunal;Karlstads kommun;2120001850;458;158;151;149;50;22;64;
Tingvallagymnasiet 2;56249605;Karlstad;1780;Kommunal;Karlstads kommun;2120001850;284;118;105;61;75;39;42;
Duveholmsgymnasiet 1;23836342;Katrineholm;0483;Kommunal;Katrineholms kommun;2120000340;248;85;85;78;72;30;58;
Duveholmsgymnasiet 4;79471219;Katrineholm;0483;Kommunal;Katrineholms kommun;2120000340;152;72;39;41;43;74;14;
Katrineholms Tekniska College 1;63791419;Katrineholm;0483;Kommunal;Katrineholms kommun;2120000340;268;87;88;93;55;41;41;
Katrineholms Tekniska College 2;39805497;Katrineholm;0483;Kommunal;Katrineholms kommun;2120000340;276;89;97;90;9;24;53;
Lindengymnasiet;38400227;Katrineholm;0483;Kommunal;Katrineholms kommun;2120000340;384;130;135;119;50;38;41;
IM;58943570;Kil;1715;Kommunal;Kils kommun;2120001751;19;8;10;1;..;..;..;
Lapplands Gymnasium Kiruna enh. 1;53630885;Kiruna;2584;Kommunal;Lapplands Kommunalförbund;2220000760;193;73;66;54;60;20;61;
Lapplands Gymnasium Kiruna enh. 2;53048977;Kiruna;2584;Kommunal;Lapplands Kommunalförbund;2220000760;274;104;86;84;42;9;51;
Lapplands Gymnasium Kiruna enh. 3;53131149;Kiruna;2584;Kommunal;Lapplands Kommunalförbund;2220000760;256;93;77;86;40;9;43;
Rymdgymnasiet;90006712;Kiruna;2584;Enskild;Malmens Friskola AB;5565528022;94;32;33;29;43;13;76;
Flygteknikcenter, Ljungbyhed;43649848;Klippan;1276;Kommunal;Klippans kommun;2120000928;67;23;22;22;..;30;63;
Segragymnasiet Klippan;75344502;Klippan;1276;Enskild;Sveriges Naturbruksgymnasium AB;5569162562;130;50;43;37;73;..;55;
Tegelbruksskolan;84247499;Klippan;1276;Kommunal;Klippans kommun;2120000928;386;157;115;114;17;12;36;
Åbyskolan;27041885;Klippan;1276;Kommunal;Klippans kommun;2120000928;502;227;147;128;58;37;39;
Sjögrenska gymnasiet;97064126;Knivsta;0330;Kommunal;Knivsta kommun;2120003013;99;48;26;25;56;70;18;
Räddningsgymnasiet Sandö;38233622;Kramfors;2282;Kommunal;Kramfors kommun;2120002429;71;27;20;24;48;14;69;
Ådalsskolan 1;48156011;Kramfors;2282;Kommunal;Kramfors kommun;2120002429;235;91;60;84;54;40;40;
Ådalsskolan 2;48722826;Kramfors;2282;Kommunal;Kramfors kommun;2120002429;225;60;77;88;37;22;36;
Ådalsskolan 3;87094678;Kramfors;2282;Kommunal;Kramfors kommun;2120002429;83;29;29;25;76;..;47;
Academy of Retail and Business (ARB);85014247;Kristianstad;1290;Enskild;Academy of Retail and Business Education Kristianstad AB;5569863433;87;32;26;29;46;29;55;
Christian 4:s Gymnasium 11;84341377;Kristianstad;1290;Kommunal;Kristianstads kommun;2120000951;139;62;33;44;72;20;63;
Christian 4:s Gymnasium 12;20734425;Kristianstad;1290;Kommunal;Kristianstads kommun;2120000951;140;49;48;43;70;35;36;
Christian 4:s Gymnasium 13;71073360;Kristianstad;1290;Kommunal;Kristianstads kommun;2120000951;101;49;31;21;69;34;47;
Drottning Blankas Gymnasieskola Kristianstad;67554405;Kristianstad;1290;Enskild;DBGY Juvelen AB;5565789129;742;250;241;251;73;36;44;
Furuboda Gymnasieskola;10975008;Kristianstad;1290;Enskild;Föreningen Furuboda;8382005281;13;13;.;.;..;..;..;
JENSEN Gymnasium Kristianstad;17666526;Kristianstad;1290;Enskild;Jensen Education College AB;5566358759;98;42;56;.;57;63;43;
LBS Kreativa Gymnasiet Kristianstad;43251309;Kristianstad;1290;Enskild;Ljud & Bildskolan LBS AB;5564851649;147;54;47;46;22;11;58;
NTI Gymnasiet Kristianstad;53691739;Kristianstad;1290;Enskild;NTI Gymnasiet Ellips AB;5565970471;195;68;83;44;14;57;39;
Praktiska Gymnasiet Kristianstad;71571158;Kristianstad;1290;Enskild;Praktiska Studier Riks AB;5565755500;317;134;100;83;43;51;31;
Söderportgymnasiet 31;73944169;Kristianstad;1290;Kommunal;Kristianstads kommun;2120000951;437;178;138;121;74;29;60;
Söderportgymnasiet 32;59849681;Kristianstad;1290;Kommunal;Kristianstads kommun;2120000951;488;177;174;137;53;17;66;
Söderportgymnasiet 33;98239050;Kristianstad;1290;Kommunal;Kristianstads kommun;2120000951;174;60;59;55;59;80;59;
Wendesgymnasiet 51;58368956;Kristianstad;1290;Kommunal;Kristianstads kommun;2120000951;185;66;63;56;6;12;50;
Wendesgymnasiet 52;73567152;Kristianstad;1290;Kommunal;Kristianstads kommun;2120000951;235;87;78;70;9;9;42;
Önnestadsgymnasiet;61547652;Kristianstad;1290;Enskild;Hushållningssällskapets Kompetensutveckling i Syd AB (HUSKAB);5567502777;224;84;76;64;54;6;51;
Österänggymnasiet 61;21702982;Kristianstad;1290;Kommunal;Kristianstads kommun;2120000951;355;171;92;92;55;43;66;
Österänggymnasiet 62;60209222;Kristianstad;1290;Kommunal;Kristianstads kommun;2120000951;201;103;51;47;12;49;44;
Österänggymnasiet 63;87034307;Kristianstad;1290;Kommunal;Kristianstads kommun;2120000951;314;106;89;119;36;37;67;
Österänggymnasiet 64;62104139;Kristianstad;1290;Kommunal;Kristianstads kommun;2120000951;86;41;24;21;56;23;41;
Brogymnasiet;86972402;Kristinehamn;1781;Kommunal;Kristinehamns kommun;2120001868;586;266;161;159;44;30;44;
Dille Gård Naturbruksgymnasium;62490359;Krokom;2309;Enskild;Dille Gård AB;5564173853;143;61;40;42;71;..;66;
Jämtlands Gymn, Torsta;64725297;Krokom;2309;Kommunal;Jämtlands Gymnasieförbund;2220001636;137;53;44;40;47;..;53;
Jämtlands Gymn, Wången;43362941;Krokom;2309;Kommunal;Jämtlands Gymnasieförbund;2220001636;78;24;33;21;90;19;51;
Introduktionsprogrammet Kumla;23350817;Kumla;1881;Kommunal;Kumla kommun;2120001975;39;22;13;4;44;54;33;
Aranäsgymnasiet Enhet 1;76860623;Kungsbacka;1384;Kommunal;Kungsbacka kommun;2120001256;59;17;18;24;78;34;46;
Aranäsgymnasiet Enhet 2;58191646;Kungsbacka;1384;Kommunal;Kungsbacka kommun;2120001256;524;159;184;181;67;6;71;
Aranäsgymnasiet Enhet 3;80405898;Kungsbacka;1384;Kommunal;Kungsbacka kommun;2120001256;380;131;121;128;25;9;87;
Aranäsgymnasiet Enhet 4;56021320;Kungsbacka;1384;Kommunal;Kungsbacka kommun;2120001256;215;69;72;74;72;27;57;
Aranäsgymnasiet Enhet 5;41358402;Kungsbacka;1384;Kommunal;Kungsbacka kommun;2120001256;92;31;32;29;..;..;52;
Aranäsgymnasiet Enhet 6;15567070;Kungsbacka;1384;Kommunal;Kungsbacka kommun;2120001256;216;95;60;61;53;9;90;
Aranäsgymnasiet Enhet 7;69859216;Kungsbacka;1384;Kommunal;Kungsbacka kommun;2120001256;89;89;.;.;51;45;35;
Beda Hallbergs gymnasium;63179610;Kungsbacka;1384;Kommunal;Kungsbacka kommun;2120001256;41;.;15;26;49;..;76;
Drottning Blankas Gymnasieskola Kungsbacka;64569393;Kungsbacka;1384;Enskild;DBGY Kronan AB;5565668794;164;69;45;50;76;18;62;
Elof Lindälvs Gymnasium Enhet 1;87262566;Kungsbacka;1384;Kommunal;Kungsbacka kommun;2120001256;304;118;95;91;28;9;41;
Elof Lindälvs Gymnasium Enhet 2;64160122;Kungsbacka;1384;Kommunal;Kungsbacka kommun;2120001256;457;159;145;153;42;7;71;
Elof Lindälvs Gymnasium Enhet 3;48217580;Kungsbacka;1384;Kommunal;Kungsbacka kommun;2120001256;109;33;30;46;..;12;81;
Elof Lindälvs Gymnasium Enhet 4;41844601;Kungsbacka;1384;Kommunal;Kungsbacka kommun;2120001256;217;92;59;66;50;14;48;
Elof Lindälvs Gymnasium Enhet 5;51620045;Kungsbacka;1384;Kommunal;Kungsbacka kommun;2120001256;150;59;46;45;..;..;67;
Elof Lindälvs Gymnasium Enhet 6;61252599;Kungsbacka;1384;Kommunal;Kungsbacka kommun;2120001256;93;31;26;36;57;30;75;
Elof Lindälvs Gymnasium Enhet 7;50228904;Kungsbacka;1384;Kommunal;Kungsbacka kommun;2120001256;90;90;.;.;40;58;26;
LBS Kreativa Gymnasiet Kungsbacka;86888278;Kungsbacka;1384;Enskild;Ljud & Bildskolan LBS AB;5564851649;132;50;49;33;33;11;70;
Praktiska Gymnasiet Kungsbacka;23457902;Kungsbacka;1384;Enskild;Praktiska Sverige AB;5562575786;122;56;35;31;30;20;41;
Sveriges Ridgymnasium Kungsbacka;27597104;Kungsbacka;1384;Enskild;Sveriges Ridgymnasium AB;5566814504;87;26;32;29;98;..;59;
Kungsörs Gymnasium;95992977;Kungsör;1960;Kommunal;Kungsörs kommun;2120002056;26;16;9;1;42;46;..;
Mimers hus Gymnasium, Skolenhet 1;90435000;Kungälv;1482;Kommunal;Kungälvs kommun;2120001371;318;180;42;96;14;8;46;
Mimers hus Gymnasium, Skolenhet 2;75941223;Kungälv;1482;Kommunal;Kungälvs kommun;2120001371;387;122;120;145;49;6;66;
Mimers hus Gymnasium, Skolenhet 3;33720955;Kungälv;1482;Kommunal;Kungälvs kommun;2120001371;201;89;52;60;53;45;36;
Mimers hus Gymnasium, Skolenhet 4;45796620;Kungälv;1482;Kommunal;Kungälvs kommun;2120001371;349;111;106;132;31;18;72;
Mimers hus Gymnasium, Skolenhet 5;38646067;Kungälv;1482;Kommunal;Kungälvs kommun;2120001371;336;120;113;103;60;19;58;
Kävlinge Lärcentrum, Gymnasieskola;88192227;Kävlinge;1261;Kommunal;Kävlinge kommun;2120001058;39;20;16;3;56;59;31;
Ullvi1;35632014;Köping;1983;Kommunal;Köpings kommun;2120002114;325;107;105;113;53;30;42;
Ullvi2;34412858;Köping;1983;Kommunal;Köpings kommun;2120002114;261;152;56;53;52;42;39;
Ullvi3;34931041;Köping;1983;Kommunal;Köpings kommun;2120002114;202;62;70;70;16;27;48;
Ullvi4;34852224;Köping;1983;Kommunal;Köpings kommun;2120002114;250;89;79;82;60;28;43;
Osbecksgymnasiet RO1;71512894;Laholm;1381;Kommunal;Laholms kommun;2120001223;396;163;122;111;42;27;48;
Öresundsgymnasiet Landskrona;28248021;Landskrona;1282;Kommunal;Landskrona kommun;2120001140;494;211;147;136;43;70;31;
Gymnasieutbildning i Lekeberg;24445686;Lekeberg;1814;Kommunal;Lekebergs kommun;2120002981;8;6;2;.;..;..;..;
Leksands gymnasium;44417214;Leksand;2029;Kommunal;Leksands kommun;2120002163;497;182;144;171;46;15;59;
Lerums Gymnasium, skolenhet 1;25025681;Lerum;1441;Kommunal;Lerums kommun;2120001447;239;77;81;81;61;9;68;
Lerums Gymnasium, skolenhet 2;88776535;Lerum;1441;Kommunal;Lerums kommun;2120001447;416;132;128;156;25;10;73;
Lerums Gymnasium, skolenhet 3;29351272;Lerum;1441;Kommunal;Lerums kommun;2120001447;156;154;2;.;38;37;34;
Lerums Gymnasium, skolenhet 4;49488344;Lerum;1441;Kommunal;Lerums kommun;2120001447;91;31;30;30;64;16;78;
Lerums Gymnasium, skolenhet 5;74408578;Lerum;1441;Kommunal;Lerums kommun;2120001447;448;163;143;142;35;10;68;
Lessebo Gymnasium;75395882;Lessebo;0761;Kommunal;Lessebo kommun;2120000613;35;21;12;2;51;83;..;
Christinagymnasiet;76359296;Lidingö;0186;Enskild;Lidingö Gymnasium AB;5592340474;80;60;20;.;15;19;79;
Hersby gymnasium;71043974;Lidingö;0186;Kommunal;Lidingö kommun;2120000191;998;352;343;303;37;11;86;
Lunagymnasiet;57777751;Lidingö;0186;Enskild;Utvecklingspedagogik Sverige Aktiebolag;5564715729;75;29;25;21;56;..;87;
Stillerska gymnasiet;38732602;Lidingö;0186;Enskild;Stillerska AB;5567777270;53;20;5;28;32;..;70;
De la Gardiegymnasiet, enhet 1;89807183;Lidköping;1494;Kommunal;Lidköpings kommun;2120001694;375;136;121;118;44;19;74;
De la Gardiegymnasiet, enhet 2;86724994;Lidköping;1494;Kommunal;Lidköpings kommun;2120001694;305;108;103;94;10;11;48;
De la Gardiegymnasiet, enhet 3;61161774;Lidköping;1494;Kommunal;Lidköpings kommun;2120001694;532;178;173;181;66;21;67;
De la Gardiegymnasiet, enhet 4;86158933;Lidköping;1494;Kommunal;Lidköpings kommun;2120001694;216;90;57;69;72;14;56;
De la Gardiegymnasiet, enhet 5;39179525;Lidköping;1494;Kommunal;Lidköpings kommun;2120001694;105;52;31;22;48;51;25;
De la Gardiegymnasiet, enhet 6;14102256;Lidköping;1494;Kommunal;Lidköpings kommun;2120001694;308;116;90;102;68;22;47;
Lindeskolan LS 1;75082280;Lindesberg;1885;Kommunal;Lindesbergs kommun;2120002015;206;78;80;48;56;26;36;
Lindeskolan LS 2;75914181;Lindesberg;1885;Kommunal;Lindesbergs kommun;2120002015;97;97;.;.;45;63;19;
Lindeskolan LS 3;39302565;Lindesberg;1885;Kommunal;Lindesbergs kommun;2120002015;196;69;62;65;19;12;44;
Lindeskolan LS 4;96818167;Lindesberg;1885;Kommunal;Lindesbergs kommun;2120002015;269;105;85;79;62;35;61;
Anders Ljungstedts gymnasium 10;89357497;Linköping;0580;Kommunal;Linköpings kommun;2120000449;72;27;21;24;14;22;33;
Anders Ljungstedts gymnasium 4;61432781;Linköping;0580;Kommunal;Linköpings kommun;2120000449;260;90;91;79;12;20;38;
Anders Ljungstedts gymnasium 7;78287294;Linköping;0580;Kommunal;Linköpings kommun;2120000449;307;130;102;75;68;52;31;
Anders Ljungstedts gymnasium 8;74316305;Linköping;0580;Kommunal;Linköpings kommun;2120000449;99;33;34;32;13;23;48;
Anders Ljungstedts gymnasium 9;39096170;Linköping;0580;Kommunal;Linköpings kommun;2120000449;228;78;79;71;21;13;50;
Berzeliusskolan 1;79527481;Linköping;0580;Kommunal;Linköpings kommun;2120000449;474;159;159;156;24;15;89;
Berzeliusskolan 2;67300857;Linköping;0580;Kommunal;Linköpings kommun;2120000449;478;161;155;162;53;20;90;
Berzeliusskolan 7;67809400;Linköping;0580;Kommunal;Linköpings kommun;2120000449;80;41;27;12;50;60;30;
Birgittaskolan 1;99279503;Linköping;0580;Kommunal;Linköpings kommun;2120000449;239;85;72;82;55;61;54;
Birgittaskolan 2;63653488;Linköping;0580;Kommunal;Linköpings kommun;2120000449;83;26;28;29;35;16;72;
Birgittaskolan 3;50063655;Linköping;0580;Kommunal;Linköpings kommun;2120000449;269;116;82;71;75;48;33;
Drottning Blankas Gymnasieskola Linköping;70412563;Linköping;0580;Enskild;DBGY Kronan AB;5565668794;134;40;43;51;82;56;36;
Folkungaskolan 1;24544503;Linköping;0580;Kommunal;Linköpings kommun;2120000449;302;119;87;96;62;21;74;
Folkungaskolan 2;25392789;Linköping;0580;Kommunal;Linköpings kommun;2120000449;348;96;126;126;76;12;79;
Fria Läroverken Linköping;69240218;Linköping;0580;Enskild;Fria Läroverken i Sverige AB;5569172041;497;173;166;158;44;18;67;
JENSEN Gymnasium Linköping;38460895;Linköping;0580;Enskild;Jensen Education College AB;5566358759;129;54;37;38;61;38;59;
Katedralskolan 1;53821161;Linköping;0580;Kommunal;Linköpings kommun;2120000449;462;175;135;152;59;25;84;
Katedralskolan 2;31199511;Linköping;0580;Kommunal;Linköpings kommun;2120000449;341;119;123;99;69;31;76;
Katedralskolan 3;12934438;Linköping;0580;Kommunal;Linköpings kommun;2120000449;418;153;148;117;60;16;77;
KLARA Teoretiska Gymnasium Linköping;43313366;Linköping;0580;Enskild;KLARA Gymnasium Kunskap AB;5566303938;488;181;152;155;65;37;53;
LBS Kreativa Gymnasiet Linköping;86787111;Linköping;0580;Enskild;Ljud & Bildskolan LBS AB;5564851649;186;62;80;44;31;19;67;
Mediateknikerutbildningen, MTU;97868185;Linköping;0580;Enskild;Mediateknikerutbildningen, Mtu AB;5564631983;130;48;40;42;28;20;64;
Praktiska Gymnasiet Linköping Attorp;72109637;Linköping;0580;Enskild;Praktiska Lärande AB;5565304481;56;20;8;28;45;50;30;
Praktiska Gymnasiet Linköping Gamla Tannefors;14057258;Linköping;0580;Enskild;Hagströmska Gymnasiet AB;5567550461;94;30;31;33;32;..;31;
Praktiska Gymnasiet Linköping Roxen;81551726;Linköping;0580;Enskild;Praktiska Sverige AB;5562575786;167;75;52;40;34;19;41;
Realgymnasiet Linköping;77823650;Linköping;0580;Enskild;Lärande i Sverige AB;5565715892;217;71;72;74;47;29;53;
S:t Lars gymnasium;84476205;Linköping;0580;Kommunal;Linköpings kommun;2120000449;154;67;43;44;72;38;56;
Thoren Business School Linköping;37550979;Linköping;0580;Enskild;Thorengruppen AB;5566139290;112;29;36;47;54;87;31;
Vreta utbildningscentrum;52634142;Linköping;0580;Region;Region Östergötland;2321000040;460;157;153;150;48;..;53;
Yrkesgymnasiet Linköping;76195214;Linköping;0580;Enskild;Thorengruppen AB;5566139290;194;67;61;66;44;45;34;
RyssbyGymnasiet;32705515;Ljungby;0781;Enskild;Ryssbygymnasiet AB;5566214069;198;66;71;61;29;9;58;
Sunnerbogymnasiet 1;60214465;Ljungby;0781;Kommunal;Ljungby kommun;2120000670;316;111;119;86;44;24;48;
Sunnerbogymnasiet 2;70137084;Ljungby;0781;Kommunal;Ljungby kommun;2120000670;311;128;94;89;38;24;53;
Sunnerbogymnasiet 3;82002016;Ljungby;0781;Kommunal;Ljungby kommun;2120000670;237;87;74;76;49;36;60;
Sunnerbogymnasiet 4;21901328;Ljungby;0781;Kommunal;Ljungby kommun;2120000670;77;19;29;29;86;39;44;
Järvsögymnasiet;93674454;Ljusdal;2161;Enskild;Mästaren 22 AB;5591656151;75;33;42;.;51;..;51;
Slottegymnasiet;23306658;Ljusdal;2161;Kommunal;Ljusdals kommun;2120002320;420;166;123;131;42;19;40;
Träutbildningar i Hälsingland;57350392;Ljusdal;2161;Enskild;Träutbildningar i Hälsingland AB;5567796718;49;18;17;14;..;..;41;
Hitachigymnasiet;97535124;Ludvika;2085;Enskild;Industritekniska Gymnasiet Bergslagen AB;5566081740;105;36;35;34;35;31;76;
VBU Högbergsskolan 1;11102578;Ludvika;2085;Kommunal;Västerbergslagens Utbildningsförbund,Vbu;2220000802;339;99;135;105;67;28;47;
VBU Högbergsskolan 2;69306209;Ludvika;2085;Kommunal;Västerbergslagens Utbildningsförbund,Vbu;2220000802;289;98;96;95;22;28;48;
VBU Malmen;92651253;Ludvika;2085;Kommunal;Västerbergslagens Utbildningsförbund,Vbu;2220000802;112;38;36;38;36;..;29;
Luleå gymnasieskola, skolenhet A;31740319;Luleå;2580;Kommunal;Luleå kommun;2120002742;136;48;45;43;80;20;55;
Luleå gymnasieskola, skolenhet B;10129345;Luleå;2580;Kommunal;Luleå kommun;2120002742;339;129;118;92;72;11;74;
Luleå gymnasieskola, skolenhet C;17944628;Luleå;2580;Kommunal;Luleå kommun;2120002742;331;95;110;126;67;17;70;
Luleå gymnasieskola, skolenhet D;82826083;Luleå;2580;Kommunal;Luleå kommun;2120002742;182;87;55;40;18;20;47;
Luleå gymnasieskola, skolenhet E;94468610;Luleå;2580;Kommunal;Luleå kommun;2120002742;234;112;64;58;70;35;50;
Luleå gymnasieskola, skolenhet F;94090461;Luleå;2580;Kommunal;Luleå kommun;2120002742;298;115;83;100;42;4;78;
Luleå gymnasieskola, skolenhet G;12954099;Luleå;2580;Kommunal;Luleå kommun;2120002742;293;114;94;85;23;12;74;
Luleå gymnasieskola, skolenhet H;80931789;Luleå;2580;Kommunal;Luleå kommun;2120002742;350;134;108;108;50;17;80;
Luleå Gymnasieskola, skolenhet J;84098842;Luleå;2580;Kommunal;Luleå kommun;2120002742;135;56;33;46;87;19;45;
NTI Gymnasiet Luleå;90473340;Luleå;2580;Enskild;NTI Gymnasiet Macro AB;5561203679;171;62;47;62;20;13;68;
Praktiska Gymnasiet Luleå;26167236;Luleå;2580;Enskild;Praktiska Sverige AB;5562575786;304;103;107;94;50;9;49;
Realgymnasiet i Luleå;27023902;Luleå;2580;Enskild;Lärande i Sverige AB;5565715892;43;43;.;.;95;..;65;
Consensum Gymnasium Lund;69807202;Lund;1281;Enskild;Consensum Lund AB;5566023684;295;118;99;78;74;56;52;
Drottning Blankas Gymnasieskola Lund;64648904;Lund;1281;Enskild;DBGY Kronan AB;5565668794;396;153;120;123;61;17;62;
Flyinge Hästsportgymnasium;43450482;Lund;1281;Enskild;Flyinge Aktiebolag;5563792927;27;16;5;6;93;..;59;
Gymnasieskolan Spyken;75939593;Lund;1281;Kommunal;Lunds kommun;2120001132;1 224;412;410;402;67;13;93;
Gymnasieskolan Vipan;63035915;Lund;1281;Kommunal;Lunds kommun;2120001132;1 051;496;285;270;35;30;45;
Hedda Anderssongymnasiet;20763964;Lund;1281;Kommunal;Lunds kommun;2120001132;585;247;181;157;33;33;71;
Hvilan Gymnasium Lund;36208931;Lund;1281;Enskild;Eruditia AB;5593786345;183;58;68;57;48;42;58;
JENSEN Gymnasium Lund;26324896;Lund;1281;Enskild;Jensen Education College AB;5566358759;249;84;79;86;55;25;65;
Katedralskolan;56639389;Lund;1281;Kommunal;Lunds kommun;2120001132;1 518;476;529;513;55;23;88;
Lars-Erik Larssongymnasiet;95700485;Lund;1281;Enskild;Lars-Erik Larsson Gymnasiet;8465021015;196;64;65;67;60;12;93;
LBS Kreativa Gymnasiet Lund;51449748;Lund;1281;Enskild;Ljud & Bildskolan LBS AB;5564851649;389;118;125;146;35;18;77;
Lunds Dans- o Musikalgymnasium;28267726;Lund;1281;Enskild;Dans o Musikal i Lund AB;5566981766;180;66;57;57;89;13;77;
Lunds Fordonstekniska Gymn.;28848709;Lund;1281;Enskild;Lunds Fordonstekniska Gymnasium AB;5566426630;56;22;18;16;..;39;50;
NTI Gymnasiet Lund;12613085;Lund;1281;Enskild;NTI Gymnasiet Macro AB;5561203679;164;53;50;61;..;26;70;
NTI Vetenskapsgymnasiet Lund;15783533;Lund;1281;Enskild;NTI Gymnasiet Macro AB;5561203679;38;12;17;9;26;34;87;
Polhemskolan;53896162;Lund;1281;Kommunal;Lunds kommun;2120001132;2 618;904;840;874;46;16;85;
ProCivitas Privata Gymnasium Lund;17779637;Lund;1281;Enskild;ProCivitas Privata Gymnasium AB;5566157102;331;136;97;98;61;17;75;
Realgymnasiet i Lund;11185244;Lund;1281;Enskild;Lärande i Sverige AB;5565715892;326;135;116;75;72;15;55;
Sveriges Ridgymnasium Flyinge;56211717;Lund;1281;Enskild;Sveriges Ridgymnasium AB;5566814504;98;39;39;20;96;..;70;
Thoren Innovation School Lund;66824652;Lund;1281;Enskild;Thoren Innovation School AB;5568902653;188;70;59;59;19;62;53;
Tannbergsskolan 1;49168016;Lycksele;2481;Kommunal;Lycksele kommun;2120002635;194;77;50;67;32;20;58;
Tannbergsskolan 2;32042066;Lycksele;2481;Kommunal;Lycksele kommun;2120002635;99;49;23;27;31;17;36;
Tannbergsskolan 3;50821167;Lycksele;2481;Kommunal;Lycksele kommun;2120002635;79;21;32;26;89;28;39;
Tannbergsskolan 4;71929526;Lycksele;2481;Kommunal;Lycksele kommun;2120002635;180;78;53;49;55;22;53;
Gullmarsgymnasiet 1;92814975;Lysekil;1484;Kommunal;Lysekils kommun;2120001389;201;86;59;56;42;23;45;
Gullmarsgymnasiet 2;60873719;Lysekil;1484;Kommunal;Lysekils kommun;2120001389;324;112;105;107;63;18;75;
Agnesfrids gymnasium;28770304;Malmö;1280;Kommunal;Malmö kommun;2120001124;220;110;55;55;8;70;23;
Bellevue gymnasium;86483208;Malmö;1280;Kommunal;Malmö kommun;2120001124;102;51;44;7;57;56;32;
Bladins gymnasium;21938183;Malmö;1280;Enskild;Bladins Skola, Stiftelsen;8460010948;228;76;97;55;55;43;75;
Bryggeriets Gymnasium;71472793;Malmö;1280;Enskild;Bryggeriets Bildnings Byrå (Bbb);8465017070;177;63;52;62;54;38;60;
Designgymnasiet Malmö;42662249;Malmö;1280;Enskild;Designgymnasiet i Sverige AB;5569320681;129;79;50;.;75;45;55;
Drottning Blankas Gymnasieskola Malmö City;77609073;Malmö;1280;Enskild;DBGY Kronan AB;5565668794;181;73;54;54;55;65;41;
Drottning Blankas Gymnasieskola Malmö City 2;69063711;Malmö;1280;Enskild;Cybergymnasiet Malmö AB;5565693289;327;108;94;125;56;58;47;
Drottning Blankas Gymnasieskola Malmö Söderport;35894996;Malmö;1280;Enskild;DBGY Kronan AB;5565668794;324;109;101;114;84;48;43;
Einar Hansengymnasiet;12926770;Malmö;1280;Enskild;Folkuniversitetet Stiftelsen Kurs- Verksamheten vid Lunds Universitet;8450003481;227;77;79;71;61;85;56;
Fria Läroverken Malmö;68748767;Malmö;1280;Enskild;Fria Läroverken i Sverige AB;5569172041;378;140;110;128;41;54;47;
Gymnasieskolan Gripen;28085125;Malmö;1280;Enskild;Gymnasieskolan Gripen AB;5567622682;148;52;44;52;56;74;33;
Heleneholms gymnasium;61320691;Malmö;1280;Kommunal;Malmö kommun;2120001124;328;167;131;30;46;96;13;
JENSEN Gymnasium Malmö;48593439;Malmö;1280;Enskild;Jensen Education College AB;5566358759;393;136;137;120;54;74;52;
KLARA Teoretiska Gymnasium Malmö;23548714;Malmö;1280;Enskild;KLARA Gymnasium Bildning AB;5565286696;245;88;83;74;59;84;37;
Kunskapsgymnasiet Malmö;91773491;Malmö;1280;Enskild;Kunskapsskolan i Sverige Aktiebolag;5565661815;374;163;112;99;57;97;46;
LBS Kreativa Gymnasiet Malmö;97931189;Malmö;1280;Enskild;Ljud & Bildskolan LBS AB;5564851649;237;84;87;66;27;38;62;
Malmö Borgarskola Ro 1;30361243;Malmö;1280;Kommunal;Malmö kommun;2120001124;1 350;448;430;472;52;55;67;
Malmö Citadellsgymnasium;57072964;Malmö;1280;Kommunal;Malmö kommun;2120001124;162;162;.;.;35;54;59;
Malmö Idrottsgymnasium Ro1;25596917;Malmö;1280;Kommunal;Malmö kommun;2120001124;481;189;146;146;41;19;71;
Malmö Latinskola Ro 1;65722876;Malmö;1280;Kommunal;Malmö kommun;2120001124;1 167;390;402;375;70;16;84;
Malmö lärlingscenter;65407241;Malmö;1280;Kommunal;Malmö kommun;2120001124;219;102;55;62;61;47;29;
Malmö Restaurangskola;11608031;Malmö;1280;Kommunal;Malmö kommun;2120001124;207;99;59;49;47;47;41;
NTI Gymnasiet Malmö;52129378;Malmö;1280;Enskild;NTI Gymnasiet Macro AB;5561203679;261;74;94;93;5;55;54;
Pauliskolan;65381163;Malmö;1280;Kommunal;Malmö kommun;2120001124;1 122;478;355;289;43;60;53;
Peabskolan Malmö;98541468;Malmö;1280;Enskild;Peabskolan AB;5564427432;103;68;4;31;..;47;25;
Praktiska Gymnasiet Malmö City;25648215;Malmö;1280;Enskild;Praktiska Sverige AB;5562575786;251;77;90;84;49;80;27;
Praktiska Gymnasiet Malmö Limhamn;61823258;Malmö;1280;Enskild;Praktiska Sverige AB;5562575786;260;109;89;62;32;49;36;
Praktiska Gymnasiet Malmö Norra;17119840;Malmö;1280;Enskild;Praktiska Studier Riks AB;5565755500;270;113;79;78;5;80;22;
ProCivitas Privata Gymnasium Malmö;84424083;Malmö;1280;Enskild;ProCivitas Privata Gymnasium AB;5566157102;726;217;250;259;61;22;81;
Realgymnasiet Malmö;39178171;Malmö;1280;Enskild;Lärande i Sverige AB;5565715892;99;37;26;36;82;17;55;
Rytmus Malmö;49231191;Malmö;1280;Enskild;Rytmus AB;5564648979;186;64;63;59;45;18;74;
SJÖLINS Gymnasium Malmö;37692021;Malmö;1280;Enskild;Sjölins Gymnasium AB;5563758399;93;93;.;.;56;55;66;
S:t Petri skola;78231062;Malmö;1280;Kommunal;Malmö kommun;2120001124;838;286;282;270;63;21;85;
TAU Hantverksskola Gymnasium;79994304;Malmö;1280;Enskild;TAU Learning Aktiebolag;5566866082;108;71;13;24;42;81;27;
Thoren Business School Malmö;10481541;Malmö;1280;Enskild;Thorengruppen AB;5566139290;342;86;118;138;46;85;42;
Thoren Innovation School Malmö 2;45355980;Malmö;1280;Enskild;Thoren Innovation School AB;5568902653;152;46;56;50;19;78;44;
Universitetsholmens gymnasium;68006362;Malmö;1280;Kommunal;Malmö kommun;2120001124;560;217;159;184;39;62;35;
Yrkesgymnasiet Malmö;86762103;Malmö;1280;Enskild;Thorengruppen AB;5566139290;274;111;91;72;32;52;36;
Malung-Sälens gymnasieskola;68381790;Malung-Sälen;2023;Kommunal;Malung-Sälens kommun;2120002148;361;128;113;120;37;15;58;
Malå gymnasieskola;73138140;Malå;2418;Kommunal;Malå kommun;2120002866;15;4;5;6;..;87;..;
Vadsbogymnasiet enhet 1;14384562;Mariestad;1493;Kommunal;Mariestads kommun;2120001686;263;96;76;91;58;28;62;
Vadsbogymnasiet enhet 2;14414747;Mariestad;1493;Kommunal;Mariestads kommun;2120001686;227;76;77;74;9;14;56;
Vadsbogymnasiet enhet 3;14550581;Mariestad;1493;Kommunal;Mariestads kommun;2120001686;207;93;58;56;64;22;44;
Vänergymnasiet;76007769;Mariestad;1493;Enskild;Vänergymnasiet AB;5566269014;151;57;42;52;42;7;31;
Marks Gymnasieskola, enhet A;60294546;Mark;1463;Kommunal;Marks kommun;2120001504;183;66;51;66;42;24;57;
Marks Gymnasieskola, enhet B;60183866;Mark;1463;Kommunal;Marks kommun;2120001504;276;126;82;68;61;31;44;
Marks Gymnasieskola, enhet C;60155358;Mark;1463;Kommunal;Marks kommun;2120001504;209;72;67;70;55;13;61;
Marks Gymnasieskola, enhet D;60878131;Mark;1463;Kommunal;Marks kommun;2120001504;281;97;92;92;27;12;51;
Strömma Naturbrukscentrum;93486713;Mark;1463;Enskild;Strömma Naturbrukscentrum AB;5590488465;184;74;56;54;74;..;51;
Gymnasieskolan;58187973;Markaryd;0767;Kommunal;Markaryds kommun;2120000654;286;107;88;91;45;34;37;
Dahlstiernska gymnasiet;88894245;Mellerud;1461;Kommunal;Melleruds kommun;2120001488;92;39;22;31;41;35;21;
Dackeskolan MG3;80376589;Mjölby;0586;Kommunal;Mjölby kommun;2120000480;102;40;32;30;21;11;48;
Dackeskolan MG4;67752682;Mjölby;0586;Kommunal;Mjölby kommun;2120000480;150;47;53;50;17;11;45;
Kungshögaskolan MG1;31870541;Mjölby;0586;Kommunal;Mjölby kommun;2120000480;199;115;44;40;48;43;36;
Kungshögaskolan MG2;71160225;Mjölby;0586;Kommunal;Mjölby kommun;2120000480;256;98;84;74;46;23;48;
Mora gymnasium;15056010;Mora;2062;Kommunal;Mora kommun;2120002213;1 037;374;327;336;48;16;52;
Carlsund utbildningscentrum 1;36670439;Motala;0583;Kommunal;Motala kommun;2120002817;195;85;49;61;25;10;36;
Carlsund utbildningscentrum 2;22220001;Motala;0583;Kommunal;Motala kommun;2120002817;168;70;41;57;43;27;41;
Carlsund utbildningscentrum 3;72351233;Motala;0583;Kommunal;Motala kommun;2120002817;122;69;30;23;48;39;22;
Platengymnasiet 1;31822012;Motala;0583;Kommunal;Motala kommun;2120002817;345;122;115;108;60;28;57;
Platengymnasiet 2;83161201;Motala;0583;Kommunal;Motala kommun;2120002817;269;76;97;96;42;28;78;
Platengymnasiet 4;94843889;Motala;0583;Kommunal;Motala kommun;2120002817;68;26;22;20;87;49;31;
Dinglegymnasiet;97090958;Munkedal;1430;Enskild;Naturbruk Väst AB;5590475611;78;30;29;19;76;..;53;
Kunskapens hus, IM;58583587;Munkedal;1430;Kommunal;Munkedals kommun;2120001330;39;29;7;3;38;56;..;
Lärlingsgymnasiet i Munkedal;15100079;Munkedal;1430;Enskild;Lärlingsgymnasiet i Sverige AB;5567628176;141;44;51;46;25;15;28;
Processtekniska Gymnasiet;55421481;Munkedal;1430;Kommunal;Munkedals kommun;2120001330;19;9;6;4;..;..;..;
Franklins gymnasium;76562396;Mölndal;1481;Kommunal;Mölndals kommun;2120001363;249;89;85;75;43;23;86;
Krokslättsgymnasiet Skolenhet 1;76470241;Mölndal;1481;Kommunal;Mölndals kommun;2120001363;170;99;36;35;49;51;32;
Krokslättsgymnasiet Skolenhet 2;99356671;Mölndal;1481;Kommunal;Mölndals kommun;2120001363;201;117;42;42;71;43;37;
Mönsteråsgymnasiet;16702464;Mönsterås;0861;Kommunal;Mönsterås kommun;2120000720;94;34;34;26;37;49;53;
Mönsteråsgymnasiet IM;43762671;Mönsterås;0861;Kommunal;Mönsterås kommun;2120000720;40;22;12;6;33;53;..;
Designgymnasiet Sickla;14355031;Nacka;0182;Enskild;Designgymnasiet i Sverige AB;5569320681;287;106;104;77;75;18;70;
Drottning Blankas Gymnasieskola Nacka;68602647;Nacka;0182;Enskild;DBGY Kronan AB;5565668794;458;195;141;122;55;21;53;
Ebba Brahe Gymnasium;16755988;Nacka;0182;Enskild;Ebba Braheskolan AB;5590468624;157;84;73;.;33;15;70;
JENSEN Gymnasium Nacka Strand;42053960;Nacka;0182;Enskild;Jensen Education College AB;5566358759;77;77;.;.;56;34;70;
Magelungens Gymnasium Danvikstull;71353314;Nacka;0182;Enskild;Magelungen Utveckling AB;5564891447;102;50;25;27;75;21;57;
Nacka Enskilda Gymnasium;62855448;Nacka;0182;Enskild;Nacka Enskilda Gymnasium AB;5567841977;156;56;45;55;23;10;66;
Nacka Gymnasium;92506886;Nacka;0182;Kommunal;Nacka kommun;2120000167;2 199;767;701;731;38;13;80;
Nacka Idrottsgymnasium;35265260;Nacka;0182;Enskild;Idrottsgymnasiet i Nacka AB;5592790397;96;80;16;.;24;19;68;
Nacka Strands Gymnasium;29449669;Nacka;0182;Enskild;Nacka Strands Gymnasium AB;5566765995;300;113;88;99;29;18;65;
NTI Gymnasiet Nacka;31071774;Nacka;0182;Enskild;NTI Gymnasiet Macro AB;5561203679;288;92;111;85;4;25;70;
Praktiska Gymnasiet Nacka;72891848;Nacka;0182;Enskild;Praktiska Sverige AB;5562575786;421;194;122;105;33;38;33;
Rytmus Stockholm;46611859;Nacka;0182;Enskild;Rytmus AB;5564648979;693;237;232;224;53;13;78;
Sjölins gymnasium Nacka;58907711;Nacka;0182;Enskild;Sjölins Gymnasium AB;5563758399;478;160;159;159;51;12;77;
YBC, Young Business Creatives;68285560;Nacka;0182;Kommunal;Nacka kommun;2120000167;621;198;200;223;52;15;77;
IV-programmet i Nora;71728074;Nora;1884;Kommunal;Nora kommun;2120002007;10;4;4;2;..;..;..;
Gymnasieutbildn. i Nordanstig RO9;16374064;Nordanstig;2132;Kommunal;Hälsinglands Utbildningsförbund;2220003111;31;8;14;9;48;32;..;
Bråvallagymnasiet 1;83805032;Norrköping;0581;Kommunal;Norrköpings kommun;2120000456;151;56;44;51;28;12;37;
Bråvallagymnasiet 2;48862305;Norrköping;0581;Kommunal;Norrköpings kommun;2120000456;257;84;73;100;18;15;33;
Bråvallagymnasiet 3;32887559;Norrköping;0581;Kommunal;Norrköpings kommun;2120000456;189;68;57;64;..;28;45;
Bråvallagymnasiet 4;85586216;Norrköping;0581;Kommunal;Norrköpings kommun;2120000456;62;31;14;17;21;40;27;
De Geergymnasiet 1;58544422;Norrköping;0581;Kommunal;Norrköpings kommun;2120000456;307;114;105;88;64;41;52;
De Geergymnasiet 3;65150019;Norrköping;0581;Kommunal;Norrköpings kommun;2120000456;286;109;100;77;70;11;76;
De Geergymnasiet 6;22426680;Norrköping;0581;Kommunal;Norrköpings kommun;2120000456;49;18;18;13;80;..;82;
Drottning Blankas Gymnasieskola Norrköping;28023078;Norrköping;0581;Enskild;DBGY Juvelen AB;5565789129;219;64;75;80;87;38;37;
Ebersteinska gymnasiet  4;53832505;Norrköping;0581;Kommunal;Norrköpings kommun;2120000456;177;62;55;60;11;48;62;
Ebersteinska gymnasiet 5;71541108;Norrköping;0581;Kommunal;Norrköpings kommun;2120000456;239;85;82;72;69;72;41;
Ebersteinska gymnasiet 6;62956050;Norrköping;0581;Kommunal;Norrköpings kommun;2120000456;134;73;32;29;36;63;40;
Film & Musikgymnasiet;47537928;Norrköping;0581;Enskild;Studiefrämjandet i Östergötland;8220038460;130;34;45;51;56;10;59;
Fria Läroverken Norrköping;69471748;Norrköping;0581;Enskild;Fria Läroverken i Sverige AB;5569172041;364;127;128;109;53;57;39;
Hagagymnasiet skolenhet Blå;49750031;Norrköping;0581;Kommunal;Norrköpings kommun;2120000456;351;128;94;129;69;30;72;
Hagagymnasiet skolenhet grön;76485705;Norrköping;0581;Kommunal;Norrköpings kommun;2120000456;188;61;64;63;54;55;69;
Hagagymnasiet skolenhet gul;31771188;Norrköping;0581;Kommunal;Norrköpings kommun;2120000456;72;28;25;19;50;18;40;
Hagagymnasiet skolenhet röd;93239262;Norrköping;0581;Kommunal;Norrköpings kommun;2120000456;167;52;62;53;61;31;48;
Himmelstalunds utbildningscentrum;25745773;Norrköping;0581;Region;Region Östergötland;2321000040;232;85;73;74;78;6;53;
JENSEN Gymnasium Norrköping;97378761;Norrköping;0581;Enskild;Jensen Education College AB;5566358759;124;65;59;.;62;56;56;
Kungsgårdsgymnasiet 1;99976753;Norrköping;0581;Kommunal;Norrköpings kommun;2120000456;271;94;90;87;54;35;58;
Kungsgårdsgymnasiet 2;58037626;Norrköping;0581;Kommunal;Norrköpings kommun;2120000456;145;83;46;16;41;88;16;
Kungsgårdsgymnasiet 3;14278480;Norrköping;0581;Kommunal;Norrköpings kommun;2120000456;235;88;68;79;71;14;44;
Kunskapsgymnasiet Norrköping;75575321;Norrköping;0581;Enskild;Kunskapsskolan i Sverige Aktiebolag;5565661815;607;207;202;198;62;18;73;
Norrköpings Lärlingsgymnasium 1;17204216;Norrköping;0581;Kommunal;Norrköpings kommun;2120000456;196;57;75;64;52;29;31;
Praktiska Gymnasiet Norrköping;62458752;Norrköping;0581;Enskild;Praktiska Sverige AB;5562575786;228;123;105;.;25;37;33;
Realgymnasiet Norrköping;43284031;Norrköping;0581;Enskild;Lärande i Sverige AB;5565715892;309;92;105;112;27;26;55;
Second chance School 1;96786102;Norrköping;0581;Kommunal;Norrköpings kommun;2120000456;45;25;18;2;36;33;22;
Yrkesgymnasiet Norrköping;67842103;Norrköping;0581;Enskild;Thorengruppen AB;5566139290;108;46;28;34;34;41;37;
Carl Wahren Gymnasium;13963517;Norrtälje;0188;Enskild;Roslagen Education AB;5568027378;93;33;28;32;49;37;18;
Ekebyholmsskolan, gy;24194577;Norrtälje;0188;Enskild;Ekebyholmsskolan Aktiebolag;5562512425;27;7;12;8;56;44;56;
Rodengymnasiet;42258644;Norrtälje;0188;Kommunal;Norrtälje kommun;2120000217;1 168;449;350;369;45;22;47;
Skärgårdsgymnasiet Norrtälje;26267406;Norrtälje;0188;Enskild;Norrtelje teknikgymnasium AB;5567916761;252;109;79;64;44;10;40;
Norsjö gymnasium;25985417;Norsjö;2417;Kommunal;Norsjö kommun;2120002858;2;2;.;.;..;..;..;
Åkrahällskolan Akra01;35035671;Nybro;0881;Kommunal;Nybro kommun;2120000753;77;18;29;30;39;..;44;
Åkrahällskolan Akra02;12130801;Nybro;0881;Kommunal;Nybro kommun;2120000753;179;67;58;54;46;34;50;
Åkrahällskolan Akra03;51736304;Nybro;0881;Kommunal;Nybro kommun;2120000753;131;47;38;46;20;33;56;
Praktiska Gymnasiet Nykvarn;53180719;Nykvarn;0140;Enskild;Praktiska Sverige AB;5562575786;252;87;88;77;37;52;29;
Elteknikbranschens gymnasium;27489137;Nyköping;0480;Enskild;Elteknikbranschens Gymnasium i Nyköping AB;5567106637;89;30;29;30;..;..;51;
LBS Kreativa Gymnasiet Nyköping;44285075;Nyköping;0480;Enskild;Ljud & Bildskolan LBS AB;5564851649;177;63;63;51;37;20;60;
Nyköping Strand Utbildn.center;60424371;Nyköping;0480;Enskild;Nyköping Strand Utbildningscentrum AB;5564710795;137;56;30;51;61;12;49;
Nyköpings Enskilda Gymnasium;95785055;Nyköping;0480;Enskild;Erastos AB;5564418449;510;174;164;172;63;15;77;
Nyköpings gymnasium Gripen;68655578;Nyköping;0480;Kommunal;Nyköpings kommun;2120002940;1 091;406;360;325;47;36;47;
Nyköpings gymnasium Nico;68741484;Nyköping;0480;Kommunal;Nyköpings kommun;2120002940;406;137;136;133;52;40;43;
Nyköpings gymnasium Skavsta;17062663;Nyköping;0480;Kommunal;Nyköpings kommun;2120002940;224;70;75;79;19;18;42;
Praktiska Gymnasiet Nyköping;15609112;Nyköping;0480;Enskild;Praktiska Lärande AB;5565304481;200;81;57;62;23;37;28;
Realgymnasiet Nyköping;56267421;Nyköping;0480;Enskild;Lärande i Sverige AB;5565715892;77;26;20;31;87;..;53;
Öknaskolan;34990065;Nyköping;0480;Region;Region Sörmland;2321000032;220;87;66;67;50;..;54;
Nynäshamns gymnasium;37054246;Nynäshamn;0192;Kommunal;Nynäshamns kommun;2120000233;342;158;76;108;37;31;45;
Brinellgymnasiet 1;96383883;Nässjö;0682;Kommunal;Nässjö kommun;2120000548;96;37;41;18;42;74;18;
Brinellgymnasiet 2;39199869;Nässjö;0682;Kommunal;Nässjö kommun;2120000548;389;119;135;135;21;31;54;
Brinellgymnasiet 3;62216381;Nässjö;0682;Kommunal;Nässjö kommun;2120000548;251;92;68;91;76;30;53;
Brinellgymnasiet 4;31179045;Nässjö;0682;Kommunal;Nässjö kommun;2120000548;321;117;115;89;54;44;43;
Klaragymnasiet med internat;15763669;Olofström;1060;Kommunal;Kommunsamverkan Cura Individutveckling;2220000711;55;13;18;24;40;..;49;
Nordenbergsskolan 1;59655752;Olofström;1060;Kommunal;Olofströms kommun;2120000811;309;107;108;94;25;32;47;
Nordenbergsskolan 2;88750078;Olofström;1060;Kommunal;Olofströms kommun;2120000811;206;53;70;83;64;21;47;
Gymnasiet;41878314;Orust;1421;Kommunal;Orust kommun;2120001314;17;17;.;.;..;88;..;
Ekbackeskolan Ro1;41555549;Osby;1273;Kommunal;Osby kommun;2120000902;166;60;43;63;64;22;46;
Ekbackeskolan Ro2;98876996;Osby;1273;Kommunal;Osby kommun;2120000902;200;66;81;53;47;50;38;
Yrkesskolan, introduktionsprogrammet;19878579;Osby;1273;Kommunal;Osby kommun;2120000902;24;8;6;10;..;..;..;
Etec Teknikutbildning AB;22383788;Oskarshamn;0882;Enskild;Etec Teknikutbildning AB;5562216027;81;28;26;27;..;..;65;
Oscarsgymnasiet A;85459854;Oskarshamn;0882;Kommunal;Oskarshamns kommun;2120000761;257;87;83;87;59;32;50;
Oscarsgymnasiet B;81876614;Oskarshamn;0882;Kommunal;Oskarshamns kommun;2120000761;276;97;93;86;24;32;54;
Oscarsgymnasiet C;44963095;Oskarshamn;0882;Kommunal;Oskarshamns kommun;2120000761;186;64;63;59;52;16;48;
Oscarsgymnasiet D;18711877;Oskarshamn;0882;Kommunal;Oskarshamns kommun;2120000761;197;88;61;48;70;24;45;
Oscarsgymnasiet E;67167389;Oskarshamn;0882;Kommunal;Oskarshamns kommun;2120000761;63;34;24;5;40;52;22;
Voxnadalens gymnasium;67071618;Ovanåker;2121;Kommunal;Ovanåkers kommun;2120002304;292;120;104;68;41;21;43;
Lapplands Gymnasium Pajala;75324351;Pajala;2521;Kommunal;Lapplands Kommunalförbund;2220000760;132;45;50;37;46;17;44;
Partille Gymnasium;61229217;Partille;1402;Kommunal;Partille kommun;2120001272;417;146;159;112;31;34;48;
Perstorp Tekniska Gymnasium;58929357;Perstorp;1275;Enskild;Perstorp Aktiebolag;5560246513;72;31;22;19;15;21;67;
Grans naturbruksgymnasium;42517257;Piteå;2581;Kommunal;Piteå kommun;2120002759;139;51;51;37;71;..;46;
Strömbacka Hugin;59575030;Piteå;2581;Kommunal;Piteå kommun;2120002759;298;114;97;87;42;12;73;
Strömbacka Magne;93503103;Piteå;2581;Kommunal;Piteå kommun;2120002759;176;60;56;60;20;7;43;
Strömbacka Mimer;18617410;Piteå;2581;Kommunal;Piteå kommun;2120002759;289;118;74;97;71;26;46;
Strömbacka Mjölner;41697930;Piteå;2581;Kommunal;Piteå kommun;2120002759;300;112;95;93;17;7;50;
Strömbacka Munin;28025244;Piteå;2581;Kommunal;Piteå kommun;2120002759;334;120;104;110;64;7;63;
Jämtlands Gymn, Bispgården;17184072;Ragunda;2303;Kommunal;Jämtlands Gymnasieförbund;2220001636;67;31;19;17;22;21;16;
Blekinge Naturbruksgymnasium;86896907;Ronneby;1081;Kommunal;Ronneby kommun;2120000837;110;40;33;37;56;..;47;
Gymnasieskolan Knut Hahn 1;40338843;Ronneby;1081;Kommunal;Ronneby kommun;2120000837;362;149;105;108;64;26;58;
Gymnasieskolan Knut Hahn 2;77440824;Ronneby;1081;Kommunal;Ronneby kommun;2120000837;317;102;95;120;30;29;59;
Gymnasieskolan Knut Hahn 3;13883567;Ronneby;1081;Kommunal;Ronneby kommun;2120000837;162;100;46;16;50;67;17;
Gymnasieskolan Knut Hahn 4;71069359;Ronneby;1081;Kommunal;Ronneby kommun;2120000837;62;21;21;20;23;..;66;
Stiernhööksgymnasiet;14292382;Rättvik;2031;Kommunal;Rättviks kommun;2120002171;457;180;132;145;54;8;55;
Kungsängsgymnasiet;87859089;Sala;1981;Kommunal;Sala kommun;2120002098;419;191;119;109;45;32;44;
Ösbygymnasiet;54764253;Sala;1981;Kommunal;Sala kommun;2120002098;236;85;76;75;48;..;49;
Rönninge gymnasium;98908403;Salem;0128;Kommunal;Salems kommun;2120002874;307;106;98;103;57;77;45;
Bessemerskolan;16493131;Sandviken;2181;Kommunal;Sandvikens kommun;2120002346;841;278;288;275;49;24;50;
Bessemerskolan_IM;33528519;Sandviken;2181;Kommunal;Sandvikens kommun;2120002346;180;103;53;24;40;46;22;
Göranssonska skolan;41119610;Sandviken;2181;Enskild;Sandvik Utbildningsaktiebolag;5563048791;196;66;65;65;31;13;77;
Arlandagymnasiet 1;83272868;Sigtuna;0191;Kommunal;Sigtuna kommun;2120000225;592;200;205;187;42;42;51;
Arlandagymnasiet 2;66912789;Sigtuna;0191;Kommunal;Sigtuna kommun;2120000225;122;102;16;4;45;85;11;
Arlandagymnasiet 3;48304166;Sigtuna;0191;Kommunal;Sigtuna kommun;2120000225;374;122;127;125;29;56;38;
Bergstrands Gymnasium Sigtuna;11674477;Sigtuna;0191;Enskild;Bergstrands Gymnasium AB;5566753736;15;14;.;1;..;..;..;
JENSEN Gymnasium Wenngarn;65615078;Sigtuna;0191;Enskild;Jensen Education College AB;5566358759;35;35;.;.;94;..;57;
Praktiska Gymnasiet Märsta;24982097;Sigtuna;0191;Enskild;Praktiska Sverige AB;5562575786;101;44;32;25;28;42;37;
Sigtunaskolan hum. läroverket, gy;45552626;Sigtuna;0191;Enskild;Sigtuna Skolstiftelse;8148002879;292;85;96;111;53;16;80;
Sigtunaskolan hum. läroverket, int gy;50906954;Sigtuna;0191;Enskild;Sigtuna Skolstiftelse;8148002879;163;53;61;49;50;68;40;
Nova gymnasium;16748680;Simrishamn;1291;Kommunal;Simrishamns kommun;2120000969;264;75;106;83;53;31;52;
Malenagymnasiet;27964873;Sjöbo;1265;Kommunal;Sjöbo kommun;2120001090;199;78;65;56;34;10;27;
Katedralskolan Skara Enhet 1;65674821;Skara;1495;Kommunal;Skara kommun;2120001702;189;95;55;39;48;45;44;
Katedralskolan Skara Enhet 2;30706655;Skara;1495;Kommunal;Skara kommun;2120001702;206;79;74;53;39;24;47;
Katedralskolan Skara Enhet 3;92332557;Skara;1495;Kommunal;Skara kommun;2120001702;161;68;38;55;55;52;47;
Naturbruksskolan Uddetorp;46332927;Skara;1495;Region;Västra Götalandsregionen;2321000131;186;70;63;53;29;..;48;
Olinsgymnasiet i Skara;16555851;Skara;1495;Enskild;Olinsgymnasiet i Skara AB;5569998932;134;50;38;46;66;13;64;
Anderstorpsgymnasiet 1;78821574;Skellefteå;2482;Kommunal;Skellefteå kommun;2120002643;52;26;26;.;21;..;63;
Anderstorpsgymnasiet 2;70408763;Skellefteå;2482;Kommunal;Skellefteå kommun;2120002643;231;85;54;92;75;6;68;
Anderstorpsgymnasiet 3;99620228;Skellefteå;2482;Kommunal;Skellefteå kommun;2120002643;366;130;125;111;55;11;72;
Anderstorpsgymnasiet 4;42440084;Skellefteå;2482;Kommunal;Skellefteå kommun;2120002643;427;123;132;172;63;11;65;
Anderstorpsgymnasiet 5;70815774;Skellefteå;2482;Kommunal;Skellefteå kommun;2120002643;127;48;43;36;14;..;49;
Anderstorpsgymnasiet 6;21080571;Skellefteå;2482;Kommunal;Skellefteå kommun;2120002643;29;25;2;2;45;..;34;
Anderstorpsgymnasiet Hammarängen;24653673;Skellefteå;2482;Kommunal;Skellefteå kommun;2120002643;47;16;17;14;26;..;53;
Anderstorpsgymnasiet Hammarängen 2;20942261;Skellefteå;2482;Kommunal;Skellefteå kommun;2120002643;60;20;20;20;50;..;52;
Baldergymnasiet 1;58200871;Skellefteå;2482;Kommunal;Skellefteå kommun;2120002643;302;107;100;95;38;17;71;
Baldergymnasiet 3;90505849;Skellefteå;2482;Kommunal;Skellefteå kommun;2120002643;136;130;6;.;44;74;13;
Baldergymnasiet 4;83880861;Skellefteå;2482;Kommunal;Skellefteå kommun;2120002643;277;88;82;107;21;13;67;
Baldergymnasiet 5;71099568;Skellefteå;2482;Kommunal;Skellefteå kommun;2120002643;69;26;24;19;86;32;46;
Baldergymnasiet 6;51145165;Skellefteå;2482;Kommunal;Skellefteå kommun;2120002643;125;51;49;25;64;12;59;
Guldstadsgymnasiet i Skellefteå;90990441;Skellefteå;2482;Enskild;Honesta Skolutveckling AB;5569173635;158;74;51;33;46;20;48;
Naturbruksgymnasiet i Burträsk;86319615;Skellefteå;2482;Kommunal;Skellefteå kommun;2120002643;84;36;26;22;36;..;52;
Praktiska Gymnasiet Skellefteå;87303004;Skellefteå;2482;Enskild;Praktiska Sverige AB;5562575786;134;37;54;43;45;38;27;
Yrkesgymnasiet Skellefteå;97835550;Skellefteå;2482;Enskild;Thorengruppen AB;5566139290;114;40;46;28;23;21;33;
Nils Holgerssongy i Skurup;22446331;Skurup;1264;Kommunal;Skurups kommun;2120001082;232;101;74;57;28;..;34;
Drottning Blankas Gymnasieskola Skövde;26508763;Skövde;1496;Enskild;DBGY Juvelen AB;5565789129;395;165;134;96;75;33;38;
Gymnasieskola enhet 882;42287353;Skövde;1496;Kommunal;Skövde kommun;2120001710;221;78;75;68;52;10;47;
Kavelbro enhet 876;42911621;Skövde;1496;Kommunal;Skövde kommun;2120001710;392;132;126;134;20;8;48;
Kavelbro enhet 878;43998440;Skövde;1496;Kommunal;Skövde kommun;2120001710;152;82;43;27;37;57;27;
Lichron Teknikgymnasium Skövde;75027822;Skövde;1496;Enskild;Lichron Teknik AB;5567560635;102;35;33;34;..;19;51;
NTI Gymnasiet Skövde;26671095;Skövde;1496;Enskild;NTI Gymnasiet Ellips AB;5565970471;222;86;67;69;23;32;57;
Praktiska Gymnasiet Skövde;14504503;Skövde;1496;Enskild;Praktiska Sverige AB;5562575786;224;92;65;67;38;35;28;
Volvogymnasiet Skövde;21850904;Skövde;1496;Enskild;Volvo Industrial Academy AB;5592205149;142;48;46;48;25;13;72;
Västerhöjd enhet 871;65320354;Skövde;1496;Kommunal;Skövde kommun;2120001710;448;152;141;155;49;29;76;
Västerhöjd enhet 872;77544055;Skövde;1496;Kommunal;Skövde kommun;2120001710;377;127;126;124;61;16;63;
Västerhöjd enhet 873;49112879;Skövde;1496;Kommunal;Skövde kommun;2120001710;242;79;84;79;78;22;49;
Västerhöjd enhet 874;30279258;Skövde;1496;Kommunal;Skövde kommun;2120001710;365;120;119;126;67;23;69;
VBU Smeden;12496135;Smedjebacken;2061;Kommunal;Västerbergslagens Utbildningsförbund,Vbu;2220000802;72;29;22;21;75;38;25;
VBU Stegelbacken;29220606;Smedjebacken;2061;Kommunal;Västerbergslagens Utbildningsförbund,Vbu;2220000802;89;41;35;13;55;55;18;
Sollefteå gymnasium;76903284;Sollefteå;2283;Kommunal;Sollefteå kommun;2120002437;594;238;175;181;48;21;52;
Häggviks Gymnasium;43623146;Sollentuna;0163;Enskild;Utvecklingspedagogik Sverige Aktiebolag;5564715729;29;8;7;14;45;34;48;
KLARA Teoretiska Gymnasium Sollentuna;49141105;Sollentuna;0163;Enskild;KLARA Gymnasium Lärande AB;5565583282;209;83;65;61;65;86;42;
NTI Gymnasiet Sollentuna;15870428;Sollentuna;0163;Enskild;NTI Gymnasiet Macro AB;5561203679;168;55;59;54;..;55;53;
Rudbeck AST-enheten;53709553;Sollentuna;0163;Kommunal;Sollentuna kommun;2120000134;44;14;12;18;43;23;91;
Rudbeck Ekonomiprogrammet;26646080;Sollentuna;0163;Kommunal;Sollentuna kommun;2120000134;577;213;188;176;47;23;79;
Rudbeck El- och Teknikprogrammet;26750052;Sollentuna;0163;Kommunal;Sollentuna kommun;2120000134;451;161;154;136;15;18;79;
Rudbeck Humanistiska och Estetiska programmet;26996566;Sollentuna;0163;Kommunal;Sollentuna kommun;2120000134;98;35;32;31;70;22;76;
Rudbeck Introduktionsprogrammet och Löpargymnasiet;15832056;Sollentuna;0163;Kommunal;Sollentuna kommun;2120000134;207;80;96;31;47;57;42;
Rudbeck Naturvetenskapsprogrammet;27704246;Sollentuna;0163;Kommunal;Sollentuna kommun;2120000134;483;151;152;180;56;30;90;
Rudbeck Samhällsvetenskapsprogrammet;57246966;Sollentuna;0163;Kommunal;Sollentuna kommun;2120000134;480;175;147;158;63;21;73;
Vård- och omsorgsgymnasiet Sollentuna AB;68649663;Sollentuna;0163;Enskild;Vård och omsorgsgymnasiet i Sollentuna AB;5592575061;178;73;55;50;87;76;24;
Yrkesgymnasiet Sollentuna;81997762;Sollentuna;0163;Enskild;Thorengruppen AB;5566139290;248;108;71;69;37;48;33;
Ingridskolan, gymnasiet;28967085;Solna;0184;Enskild;Ingridskolan AB;5566222013;55;23;21;11;60;..;85;
Johan Movingers Gymnasium;69747871;Solna;0184;Enskild;Johan Movingers Gymnasium;8024142781;54;22;18;14;54;72;52;
LBS Kreativa Gymnasiet Stockholm Norra;18106851;Solna;0184;Enskild;Ljud & Bildskolan LBS AB;5564851649;325;114;116;95;18;27;64;
NTI Vetenskapsgymnasiet Solna;71164175;Solna;0184;Enskild;NTI Gymnasiet Macro AB;5561203679;150;52;54;44;25;65;67;
Peabskolan Solna;70119254;Solna;0184;Enskild;Peabskolan AB;5564427432;82;43;22;17;..;28;33;
ProCivitas Privata Gymnasium Karlberg;29733255;Solna;0184;Enskild;ProCivitas Privata Gymnasium AB;5566157102;319;134;89;96;63;28;71;
Psykologigymnasiet;31151740;Solna;0184;Enskild;Psykologigymnasiet Sverige AB;5567295885;187;66;55;66;75;37;54;
Solna Gymnasium;79346084;Solna;0184;Kommunal;Solna kommun;2120000183;764;296;233;235;42;43;59;
Thoren Business School Solna;28264170;Solna;0184;Enskild;Thorengruppen AB;5566139290;421;145;133;143;57;68;45;
Thoren Innovation School Solna;63837179;Solna;0184;Enskild;Thoren Innovation School AB;5568902653;214;62;70;82;24;74;51;
Yrkesgymnasiet Solna;63437833;Solna;0184;Enskild;Thorengruppen AB;5566139290;287;113;91;83;46;58;34;
Sorsele gymnasieskola;98927766;Sorsele;2422;Kommunal;Sorsele kommun;2120002585;1;1;.;.;..;..;..;
Sotenäs Gymnasieskola;19456482;Sotenäs;1427;Kommunal;Sotenäs kommun;2120001322;20;14;3;3;..;..;..;
Hvilan Gymnasium Kabbarp;34222422;Staffanstorp;1230;Enskild;Hvilan Utbildning AB;5566066980;65;17;30;18;58;..;62;
Kometskolan Introduktionsprogram;31688123;Staffanstorp;1230;Kommunal;Staffanstorps kommun;2120001017;18;18;.;.;61;..;..;
Nösnäsgymnasiet 1;42060237;Stenungsund;1415;Kommunal;Stenungsunds kommun;2120001298;223;85;69;69;13;9;49;
Nösnäsgymnasiet 2;89816391;Stenungsund;1415;Kommunal;Stenungsunds kommun;2120001298;278;101;88;89;65;11;59;
Nösnäsgymnasiet 3;14448619;Stenungsund;1415;Kommunal;Stenungsunds kommun;2120001298;397;145;141;111;60;14;70;
Nösnäsgymnasiet 4;12546590;Stenungsund;1415;Kommunal;Stenungsunds kommun;2120001298;370;125;117;128;23;9;71;
Nösnäsgymnasiet 5;38604678;Stenungsund;1415;Kommunal;Stenungsunds kommun;2120001298;139;83;34;22;35;59;22;
Amerikanska Gymnasiet Stockholm;16631623;Stockholm;0180;Enskild;Amerikanska Gymnasiet i Sverige AB;5590415591;346;183;163;.;53;40;68;
Anna Whitlocks gymnasium 54040574;54040574;Stockholm;0180;Kommunal;Stockholms kommun;2120000142;2 189;736;687;766;68;13;87;
Bergstrands Gymnasium Stockholm;26298615;Stockholm;0180;Enskild;Bergstrands Gymnasium AB;5566753736;229;81;78;70;9;34;38;
Bernadottegymnasiet 77176811;77176811;Stockholm;0180;Kommunal;Stockholms kommun;2120000142;397;134;137;126;47;14;78;
Betty Petterssons gymnasium;29445330;Stockholm;0180;Kommunal;Stockholms kommun;2120000142;114;114;.;.;41;46;54;
Blackebergs gymnasium 85152591;85152591;Stockholm;0180;Kommunal;Stockholms kommun;2120000142;1 233;459;392;382;52;21;83;
Bromma gymnasium 54117171;54117171;Stockholm;0180;Kommunal;Stockholms kommun;2120000142;1 269;453;426;390;36;25;77;
Campus Manilla Gymnasium;48120273;Stockholm;0180;Enskild;Campus Manilla Utbildning AB;5568834765;257;88;85;84;63;8;87;
Cybergymnasiet Stockholm;94167577;Stockholm;0180;Enskild;Cybergymnasiet Stockholm AB;5565547964;1 142;404;393;345;47;64;50;
Dansgymnasiet Stockholm;70404319;Stockholm;0180;Enskild;Vasiliou Education AB;5568920218;171;58;57;56;73;59;37;
Designgymnasiet Kungsholmen;27023528;Stockholm;0180;Enskild;Designgymnasiet i Sverige AB;5569320681;312;112;110;90;57;36;58;
Didaktus Liljeholmen;53903798;Stockholm;0180;Enskild;Didaktus Skolor AB;5564732856;328;50;145;133;71;78;31;
Distra Gymnasium;85782695;Stockholm;0180;Enskild;Distra Utbildnings Center AB;5566064209;271;99;91;81;18;44;38;
Djurgymnasiet Stockholm;98815582;Stockholm;0180;Enskild;Animallogos AB;5566205455;310;111;100;99;86;16;58;
Drottning Blankas Gymnasieskola Stockholm Södra;97770837;Stockholm;0180;Enskild;DBGY Kronan AB;5565668794;586;232;183;171;80;23;59;
Drottning Blankas Gymnasieskola Stockholm Vasastan;85516596;Stockholm;0180;Enskild;DBGY Juvelen AB;5565789129;483;178;154;151;65;37;47;
Elektrikergymnasiet;21312503;Stockholm;0180;Enskild;Stockholms El-utbildning AB;5566814801;164;57;54;53;..;16;57;
Enskilda gymnasiet, gy;69650864;Stockholm;0180;Enskild;Enskilda Gymnasiet;8020126531;287;97;95;95;56;8;93;
ESS-gymnasiet 84286715;84286715;Stockholm;0180;Kommunal;Stockholms kommun;2120000142;298;138;91;69;45;34;57;
Franska Skolan/Ecole francaise Gymnasium;41938272;Stockholm;0180;Enskild;Stiftelsen Franska Skolan;8020061530;288;98;97;93;52;16;90;
Globala gymnasiet 76054399;76054399;Stockholm;0180;Kommunal;Stockholms kommun;2120000142;623;228;189;206;61;22;82;
Grillska Gymnasiet Kungsholmen;21627442;Stockholm;0180;Enskild;Stadsmissionens Skolstiftelse;8020170794;223;79;82;62;44;30;56;
Grillska Gymnasiet Liljeholmen;33132452;Stockholm;0180;Enskild;Stadsmissionens Skolstiftelse;8020170794;461;160;125;176;45;49;40;
Hermods Distansgymnasium;70811222;Stockholm;0180;Enskild;Hermods Aktiebolag;5560440017;118;56;34;28;59;38;56;
Hvilan Gymnasium Stockholm;24716263;Stockholm;0180;Enskild;Eruditia AB;5593786345;678;262;233;183;50;23;64;
International IT College of Sweden Stockholm;35084976;Stockholm;0180;Enskild;Edinit AB;5563114445;392;132;125;135;43;67;62;
International School of the Stockholm Region 25525759;25525759;Stockholm;0180;Kommunal;Stockholms kommun;2120000142;251;79;88;84;54;77;70;
Internationella Engelska Gymnasiet Södermalm;77632411;Stockholm;0180;Enskild;Internationella Engelska Skolan i Sverige AB;5564624368;717;234;241;242;57;62;73;
Internationella Hotell- och Restaurangskolan;56653353;Stockholm;0180;Enskild;Internationella hotell- och restaurangskolan IHR AB;5569828451;220;95;71;54;47;22;53;
JENSEN Gymnasium Gamla stan;97510495;Stockholm;0180;Enskild;Jensen Education College AB;5566358759;686;238;237;211;55;47;64;
JENSEN Gymnasium Norra;38195284;Stockholm;0180;Enskild;Jensen Education College AB;5566358759;682;208;258;216;52;42;64;
KLARA Teoretiska Gymnasium Stockholm Norra;73812226;Stockholm;0180;Enskild;KLARA Gymnasium Lärande AB;5565583282;541;181;179;181;55;63;59;
KLARA Teoretiska Gymnasium Stockholm Södra;94717858;Stockholm;0180;Enskild;KLARA Gymnasium Kunskap AB;5566303938;504;195;162;147;44;19;73;
KLARA Teoretiska Gymnasium Stockholm Östra;17911161;Stockholm;0180;Enskild;KLARA Gymnasium Bildning AB;5565286696;477;171;168;138;64;72;40;
Kristofferskolan, gy;53760158;Stockholm;0180;Enskild;Stiftelsen Kristofferskolan;8020018720;181;64;55;62;63;8;90;
Kulturama gymnasium;78422467;Stockholm;0180;Enskild;Medborgarskolan Stockholmsregionen;8020060524;547;193;186;168;74;13;80;
Kulturama Gymnasium Natur;37802196;Stockholm;0180;Enskild;Medborgarskolan Stockholmsregionen;8020060524;68;22;23;23;78;22;82;
Kungl. Svenska Balettskolan gy 38683336;38683336;Stockholm;0180;Kommunal;Stockholms kommun;2120000142;63;28;21;14;70;37;76;
Kungsh gy/Sthlms Musikgy 74812809;74812809;Stockholm;0180;Kommunal;Stockholms kommun;2120000142;1 317;455;415;447;67;26;89;
Kungsholmens Västra Gymnasium 95618280;95618280;Stockholm;0180;Kommunal;Stockholms kommun;2120000142;1 004;359;358;287;68;58;55;
Kungstensgymnasiet;75075402;Stockholm;0180;Enskild;Folkuniversitetet Stift Kursverksamheten vid Stockholms Universitet;8020064096;534;180;180;174;72;12;80;
Kunskapsgymnasiet Globen;26326048;Stockholm;0180;Enskild;Kunskapsskolan i Sverige Aktiebolag;5565661815;464;154;158;152;50;51;46;
Kunskapsgymnasiet Liljeholmen;49068301;Stockholm;0180;Enskild;Kunskapsskolan i Sverige Aktiebolag;5565661815;268;110;76;82;52;53;53;
Kärrtorps gymnasium 37839488;37839488;Stockholm;0180;Kommunal;Stockholms kommun;2120000142;412;151;126;135;51;84;33;
LBS Kreativa Gymnasiet Stockholm Södra;46256929;Stockholm;0180;Enskild;Ljud & Bildskolan LBS AB;5564851649;507;184;161;162;32;23;70;
Liljeholmens gymnasium 59409052;59409052;Stockholm;0180;Kommunal;Stockholms kommun;2120000142;177;177;.;.;51;100;..;
Lilla Akademiens Musikgymn.;83374651;Stockholm;0180;Enskild;Musikskolan Lilla Akademien AB;5565510756;125;37;44;44;44;28;94;
Lycée Francais Saint Louis, gy;59796774;Stockholm;0180;Enskild;Lycée Francais Saint-Louis;9020041852;123;46;43;34;46;68;75;
Magelungens Gymnasium Liljeholmen;56942970;Stockholm;0180;Enskild;Magelungen Utveckling AB;5564891447;91;46;23;22;33;21;54;
Magelungens gymnasium Södermalm;24147242;Stockholm;0180;Enskild;Magelungen Utveckling AB;5564891447;143;64;39;40;55;10;69;
Midsommarkransens gy 17675502;17675502;Stockholm;0180;Kommunal;Stockholms kommun;2120000142;627;210;208;209;49;28;56;
Nordiska Musikgymnasiet;30762346;Stockholm;0180;Enskild;Nordiska Musikgymnasiet AB;5565851507;44;9;18;17;59;34;80;
Norra Real 82964090;82964090;Stockholm;0180;Kommunal;Stockholms kommun;2120000142;1 008;326;333;349;62;14;92;
NTI Gymnasiet Stockholm;15390992;Stockholm;0180;Enskild;NTI Gymnasiet Macro AB;5561203679;819;276;276;267;21;30;66;
NTI Handelsgymnasiet Stockholm;15278518;Stockholm;0180;Enskild;NTI Gymnasiet Macro AB;5561203679;367;122;124;121;29;20;56;
NTI Vetenskapsgymnasiet Stockholm;50644850;Stockholm;0180;Enskild;NTI Gymnasiet Macro AB;5561203679;258;72;100;86;30;48;71;
Odengymnasiet;63943560;Stockholm;0180;Enskild;Värmdö Tekniska Utbildningar Aktiebolag, Vtu;5563836757;214;102;59;53;63;66;35;
P A Fogelströms gymnasium 24650116;24650116;Stockholm;0180;Kommunal;Stockholms kommun;2120000142;661;226;216;219;62;10;89;
Praktiska Gymnasiet Bromma;14926020;Stockholm;0180;Enskild;Praktiska Utbildning AB;5564781606;197;72;61;64;6;39;40;
Praktiska Gymnasiet Stockholm Liljeholmen;38236800;Stockholm;0180;Enskild;Praktiska Sverige AB;5562575786;405;167;134;104;37;40;35;
ProCivitas Privata Gymnasium Stockholm;59359012;Stockholm;0180;Enskild;ProCivitas Privata Gymnasium AB;5566157102;473;204;135;134;71;14;75;
Påhlmans gymnasium;16784385;Stockholm;0180;Enskild;Medborgarskolan Stockholmsregionen;8020060524;403;127;156;120;57;13;70;
Realgymnasiet Stockholm;59026584;Stockholm;0180;Enskild;Lärande i Sverige AB;5565715892;657;222;221;214;77;19;51;
REFIS Rörentr. friskola Sthlm;79829846;Stockholm;0180;Enskild;REFIS Rör- och Elentreprenörernas friskola i Stockholm AB;5566285994;209;90;71;48;..;12;54;
RGRH Stockholm, Riksgymnasium  för rörelsehindrade elever 89963319;89963319;Stockholm;0180;Kommunal;Stockholms kommun;2120000142;32;11;6;15;31;41;59;
Sjölins gymnasium Södermalm;24339566;Stockholm;0180;Enskild;Sjölins Gymnasium AB;5563758399;770;353;194;223;62;13;84;
Sjölins Gymnasium Vasastan;87844327;Stockholm;0180;Enskild;Sjölins Gymnasium AB;5563758399;679;260;261;158;63;20;78;
Sjömansskolan;20061769;Stockholm;0180;Enskild;Sjömansskolan Stockholm AB;5565662409;51;19;15;17;..;..;59;
Skolslussen 65458415;65458415;Stockholm;0180;Kommunal;Stockholms kommun;2120000142;2;2;.;.;..;..;..;
Snitz Gymnasium;95154882;Stockholm;0180;Enskild;Swedish Education Group AB;5565042255;169;55;65;49;33;12;63;
Sofiaängens skola;86086213;Stockholm;0180;Enskild;Sofiaängen AB;5565980942;79;35;33;11;53;..;71;
Spånga Gymnasium 52333875;52333875;Stockholm;0180;Kommunal;Stockholms kommun;2120000142;328;144;81;103;56;51;39;
S:t Eriks gymnasium 65666808;65666808;Stockholm;0180;Kommunal;Stockholms kommun;2120000142;1 239;480;393;366;54;26;64;
Sthlm hotell & restaurangsk 30677562;30677562;Stockholm;0180;Kommunal;Stockholms kommun;2120000142;406;171;102;133;48;30;47;
Sthlm Transport- och fordonstekniska gymnasiet 85054102;85054102;Stockholm;0180;Kommunal;Stockholms kommun;2120000142;188;59;64;65;13;22;44;
Stift. Sthlm Intern. School gy;89693952;Stockholm;0180;Enskild;Stiftelsen Stockholm International School;8024264775;179;56;59;64;47;74;56;
Stiftelsen KFUM Söder Fryshuset, Fryshusets Gymnasium;24759907;Stockholm;0180;Enskild;Stiftelsen Fryshuset;8020111582;1 042;458;317;267;52;43;55;
Stockholm Science & Innovation School 78433202, SSIS;78433202;Stockholm;0180;Kommunal;Stockholms kommun;2120000142;378;131;120;127;11;22;84;
Stockholms Estetiska Gymnasium;35366805;Stockholm;0180;Enskild;Stockholms Estetiska Gymnasium Ek. För.;7696029995;250;88;75;87;75;17;76;
Stockholms Idrottsgymnasium;31315191;Stockholm;0180;Enskild;Stockholms Idrottsgymnasium AB;5567379226;375;127;121;127;52;10;81;
Södra Latins gymnasium 89370947;89370947;Stockholm;0180;Kommunal;Stockholms kommun;2120000142;1 131;401;380;350;70;16;87;
Teknik & Service Gymnasiet;18451445;Stockholm;0180;Enskild;Ludus AB;5568879018;122;48;34;40;..;40;37;
Thoren Business School Stockholm;48555205;Stockholm;0180;Enskild;Thorengruppen AB;5566139290;506;70;184;252;55;67;51;
Thoren Innovation School Kista;31313926;Stockholm;0180;Enskild;Thoren Innovation School AB;5568902653;5;.;.;5;..;..;..;
Thorildsplans gymnasium 32116280;32116280;Stockholm;0180;Kommunal;Stockholms kommun;2120000142;1 337;527;377;433;30;36;69;
Tibble Gymnasium Campus Kista;43565270;Stockholm;0180;Enskild;Atleticagymnasiet AB;5567799035;159;70;42;47;63;76;50;
Tyska skolan;53175499;Stockholm;0180;Enskild;Tyska Skolföreningen;8020056530;88;27;45;16;53;57;86;
Viktor Rydberg gy. Jarlaplan;64388538;Stockholm;0180;Enskild;Stiftelsen Viktor Rydbergs Skolor;8120005650;546;185;176;185;77;8;86;
Viktor Rydberg gy. Odenplan;52153758;Stockholm;0180;Enskild;Stiftelsen Viktor Rydbergs Skolor;8120005650;665;224;218;223;62;23;88;
Yrkesgymnasiet Skarpnäck;16501673;Stockholm;0180;Enskild;Thorengruppen AB;5566139290;221;89;71;61;43;57;36;
Östra Reals gymnasium 99755443;99755443;Stockholm;0180;Kommunal;Stockholms kommun;2120000142;1 198;401;406;391;61;17;85;
Lundsbergs gymnasieskola;30167976;Storfors;1760;Enskild;Stiftelsen Lundsbergs Skola;8740019362;203;72;63;68;51;13;81;
Luspengymnasiet;50104466;Storuman;2421;Kommunal;Södra Lapplands Gymnasieförbund;2220003293;56;24;19;13;46;..;30;
Tärnaby Alpina Gymnasium;28004794;Storuman;2421;Kommunal;Södra Lapplands Gymnasieförbund;2220003293;39;10;10;19;54;..;85;
Europaskolan Strängnäs;32071849;Strängnäs;0486;Enskild;Europaskolan Utbildning AB;5567478416;489;173;161;155;59;15;81;
Thomasgymnasiet;79845033;Strängnäs;0486;Kommunal;Strängnäs kommun;2120000365;523;258;129;136;40;29;51;
Strömstad Gymnasium, SGY1;70036612;Strömstad;1486;Kommunal;Strömstads kommun;2120001405;135;47;37;51;40;46;33;
Strömstad Gymnasium, SGY2;36936260;Strömstad;1486;Kommunal;Strömstads kommun;2120001405;227;98;70;59;52;35;44;
Hjalmar Strömerskolan;59386837;Strömsund;2313;Kommunal;Strömsunds kommun;2120002486;303;126;79;98;45;30;38;
NTI Gymnasiet Sundbyberg;17276047;Sundbyberg;0183;Enskild;NTI Gymnasiet Ellips AB;5565970471;119;39;33;47;9;57;51;
Realgymnasiet i Sundbyberg;20454041;Sundbyberg;0183;Enskild;Lärande i Sverige AB;5565715892;27;27;.;.;81;..;59;
S:t Martins gymnasium;73217812;Sundbyberg;0183;Kommunal;Sundbybergs kommun;2120000175;253;137;62;54;57;55;35;
Viktor Rydberg gy. Sundbyberg;78825169;Sundbyberg;0183;Enskild;Stiftelsen Viktor Rydbergs Skolor;8120005650;638;192;190;256;48;24;78;
Drottning Blankas Gymnasieskola Sundsvall;36769815;Sundsvall;2281;Enskild;DBGY Juvelen AB;5565789129;150;65;43;42;87;10;48;
KLARA Teoretiska Gymnasium Sundsvall;21382451;Sundsvall;2281;Enskild;KLARA Gymnasium Lärande AB;5565583282;285;96;96;93;72;20;73;
NTI Gymnasiet Sundsvall;48244956;Sundsvall;2281;Enskild;NTI Gymnasiet Macro AB;5561203679;242;98;69;75;13;13;68;
Praktiska Gymnasiet Sundsvall;16931486;Sundsvall;2281;Enskild;Praktiska Sverige AB;5562575786;302;103;111;88;31;18;38;
Realgymnasiet i Sundsvall;92489953;Sundsvall;2281;Enskild;Lärande i Sverige AB;5565715892;134;50;42;42;87;..;52;
Skvaderns gymnasieskola;43873969;Sundsvall;2281;Enskild;Norrlidens Kunskapscentrum AB;5566178215;562;193;186;183;71;11;82;
Sundsvalls gymn. Hedbergska 1;89793044;Sundsvall;2281;Kommunal;Sundsvalls kommun;2120002411;413;120;149;144;57;15;64;
Sundsvalls Gymn. Hedbergska 2;55825382;Sundsvall;2281;Kommunal;Sundsvalls kommun;2120002411;351;118;119;114;56;9;76;
Sundsvalls Gymn. Hedbergska 3;19306558;Sundsvall;2281;Kommunal;Sundsvalls kommun;2120002411;49;23;12;14;27;..;37;
Sundsvalls Gymn. Hedbergska 4;35301145;Sundsvall;2281;Kommunal;Sundsvalls kommun;2120002411;184;59;58;67;50;26;41;
Sundsvalls gymn. Hedbergska 5;94206100;Sundsvall;2281;Kommunal;Sundsvalls kommun;2120002411;105;43;36;26;44;100;..;
Sundsvalls Gymn. Västermalm 1;24993048;Sundsvall;2281;Kommunal;Sundsvalls kommun;2120002411;358;100;118;140;28;15;78;
Sundsvalls Gymn. Västermalm 2;70132092;Sundsvall;2281;Kommunal;Sundsvalls kommun;2120002411;253;91;88;74;9;6;42;
Sundsvalls Gymn. Västermalm 4;65034473;Sundsvall;2281;Kommunal;Sundsvalls kommun;2120002411;170;89;60;21;42;18;32;
Sundsvalls Gymn. Västermalm 5;13084253;Sundsvall;2281;Kommunal;Sundsvalls kommun;2120002411;244;86;74;84;54;16;37;
Thoren Business School Sundsvall;59942080;Sundsvall;2281;Enskild;Thorengruppen AB;5566139290;193;70;60;63;48;39;44;
Sunne Gymnasieskola / Broby;66273269;Sunne;1766;Kommunal;Sunne kommun;2120001843;165;63;53;49;41;24;40;
Sunne Gymnasieskola / Södra Viken;82888663;Sunne;1766;Kommunal;Sunne kommun;2120001843;226;81;81;64;27;..;43;
Viljan;23384476;Surahammar;1907;Enskild;Viljan Friskola AB;5567777775;42;11;18;13;36;..;55;
Svalöfs gymnasium;11275959;Svalöv;1214;Kommunal;Svalövs kommun;2120000993;383;139;131;113;36;14;34;
Nils Fredriksson Utbildning, gymnasium;58518163;Svedala;1263;Kommunal;Svedala kommun;2120001074;212;71;74;67;53;25;54;
Sveriges Ridgymnasium Svedala;50615280;Svedala;1263;Enskild;Sveriges Ridgymnasium AB;5566814504;93;42;29;22;100;12;63;
Gymnasieutbildn. i Svenljunga;11681103;Svenljunga;1465;Kommunal;Svenljunga kommun;2120001512;1;1;.;.;..;..;..;
Naturbruksskolan Svenljunga;19035583;Svenljunga;1465;Region;Västra Götalandsregionen;2321000131;122;50;43;29;16;..;52;
Herrgårdsgymnasiet 1;27993549;Säffle;1785;Kommunal;Säffle kommun;2120001900;196;72;60;64;38;8;37;
Herrgårdsgymnasiet 2;51285539;Säffle;1785;Kommunal;Säffle kommun;2120001900;116;48;34;34;22;18;32;
Dahlander kunskapscentrum;69985412;Säter;2082;Kommunal;Säters kommun;2120002247;32;6;19;7;69;47;..;
Aleholm;37912396;Sävsjö;0684;Kommunal;Sävsjö kommun;2120000563;279;110;80;89;56;41;51;
Staffangymnasiet RO6;45593337;Söderhamn;2182;Kommunal;Hälsinglands Utbildningsförbund;2220003111;338;112;113;113;50;36;54;
Staffangymnasiet RO7;90312942;Söderhamn;2182;Kommunal;Hälsinglands Utbildningsförbund;2220003111;351;138;107;106;37;22;34;
Nyströmska skolan 1;10226870;Söderköping;0582;Kommunal;Söderköpings kommun;2120000464;121;30;43;48;52;29;61;
Nyströmska skolan 2;19839859;Söderköping;0582;Kommunal;Söderköpings kommun;2120000464;41;28;10;3;59;34;29;
Nyströmska skolan 3;37583611;Söderköping;0582;Kommunal;Söderköpings kommun;2120000464;63;28;14;21;48;..;44;
Järna Naturbruksgymnasium;80280597;Södertälje;0181;Enskild;Nibblestiftelsen;8020024405;31;10;10;11;45;..;52;
Morabergs studiecentrum;97651849;Södertälje;0181;Kommunal;Södertälje kommun;2120000159;248;139;66;43;51;91;17;
Mälardalens Tekniska Gymnasium;67628478;Södertälje;0181;Enskild;Mälardalens Tekniska Gymnasium Aktiebolag;5565484754;212;72;71;69;15;20;75;
Novalisgymnasiet;68485877;Södertälje;0181;Enskild;Stiftelsen Novalis;8156008172;50;18;14;18;42;..;48;
NTI Gymnasiet Södertälje;37517404;Södertälje;0181;Enskild;NTI Gymnasiet Macro AB;5561203679;160;63;54;43;..;61;57;
Praktiska Gymnasiet Södertälje;29159460;Södertälje;0181;Enskild;Praktiska Sverige AB;5562575786;285;110;87;88;51;53;28;
S:ta Ragnhildgymnasiet;32057701;Södertälje;0181;Enskild;S:ta Ragnhildgymnasiet AB;5564065687;247;73;89;85;49;59;65;
Torekällgymnasiet;43601850;Södertälje;0181;Kommunal;Södertälje kommun;2120000159;266;115;77;74;26;42;37;
Täljegymnasiet;30615080;Södertälje;0181;Kommunal;Södertälje kommun;2120000159;667;248;224;195;49;75;46;
Vackstanäsgymnasiet;89630851;Södertälje;0181;Enskild;Stiftelsen Otto och Signe Broms Hemskola Å Vackstanäs;8156000690;235;82;83;70;54;11;62;
Örjanskolan gym;70543431;Södertälje;0181;Enskild;Föreningen Örjanskolan;8156005103;78;25;29;24;51;19;78;
Furulundsskolan 1;23476801;Sölvesborg;1083;Kommunal;Sölvesborgs kommun;2120000852;190;59;54;77;16;21;60;
Furulundsskolan 2;86351879;Sölvesborg;1083;Kommunal;Sölvesborgs kommun;2120000852;361;139;119;103;55;20;52;
Tanums Gymnasium;14586562;Tanum;1435;Kommunal;Tanums kommun;2120001348;17;7;4;6;59;71;..;
Nyboskolan - gymnasieskola;74322969;Tibro;1472;Kommunal;Tibro kommun;2120001660;25;25;.;.;56;52;..;
Rudbecksgymnasiet 1;90260899;Tidaholm;1498;Kommunal;Tidaholms kommun;2120001736;250;84;73;93;44;22;47;
Rudbecksgymnasiet 2;69302313;Tidaholm;1498;Kommunal;Tidaholms kommun;2120001736;34;30;4;.;41;41;..;
Högbergsskolan;31057219;Tierp;0360;Kommunal;Tierps kommun;2120000266;511;183;150;178;41;27;40;
Timrå gymnasium 1;27079521;Timrå;2262;Kommunal;Timrå kommun;2120002395;339;129;93;117;42;13;52;
Timrå gymnasium 2;47864446;Timrå;2262;Kommunal;Timrå kommun;2120002395;35;35;.;.;46;49;..;
Academy of Music and Business Tingsryd;33572033;Tingsryd;0763;Enskild;Academy of Music and Business Education Tingsryd AB;5568792997;137;44;46;47;45;9;60;
Wasaskolan;64579522;Tingsryd;0763;Kommunal;Tingsryds kommun;2120000621;193;91;49;53;36;36;31;
Bollerups lantbruksinstitut;65234368;Tomelilla;1270;Enskild;Bollerups Lantbruksinstitut;8388001177;209;71;69;69;66;..;67;
Stjerneskolan;34381901;Torsby;1737;Kommunal;Torsby kommun;2120001777;429;134;137;158;49;13;51;
Torsås korrespondensgymnasium 1;55150847;Torsås;0834;Kommunal;Torsås kommun;2120000696;266;62;73;131;71;14;73;
Torsås Korrespondensgymnasium 2;90076461;Torsås;0834;Kommunal;Torsås kommun;2120000696;269;52;98;119;77;14;68;
Tranemo gymnasieskola;60513602;Tranemo;1452;Kommunal;Tranemo kommun;2120001462;313;132;87;94;36;30;43;
Holavedsgymnasiet SCD;76342612;Tranås;0687;Kommunal;Tranås kommun;2120000597;250;96;84;70;40;20;61;
Holavedsgymnasiet TSS;95368476;Tranås;0687;Kommunal;Tranås kommun;2120000597;241;106;61;74;29;26;61;
Holavedsgymnasiet TYM;14853321;Tranås;0687;Kommunal;Tranås kommun;2120000597;316;100;112;104;64;32;50;
Söderslättsgymnasiet;26072400;Trelleborg;1287;Kommunal;Trelleborgs kommun;2120001199;1 115;414;364;337;39;24;54;
Drottning Blankas Gymnasieskola Trollhättan;25156286;Trollhättan;1488;Enskild;DBGY Kronan AB;5565668794;215;56;62;97;73;49;44;
Folkuniversitetets gymnasium i Trollhättan;28081446;Trollhättan;1488;Enskild;Folkuniversitetet Stiftelsen Kursver Ksamheten vid Göteborgs Universitet;8572006313;347;112;107;128;66;16;75;
LBS Kreativa Gymnasiet Trollhättan;21400668;Trollhättan;1488;Enskild;Ljud & Bildskolan LBS AB;5564851649;167;71;47;49;27;13;60;
Magnus Åbergsgymnasiet 1;92949043;Trollhättan;1488;Kommunal;Kunskapsförbundet Väst;2220002998;649;269;209;171;52;33;52;
Magnus Åbergsgymnasiet 3;92712591;Trollhättan;1488;Kommunal;Kunskapsförbundet Väst;2220002998;84;35;29;20;51;99;18;
Nils Ericsonsgymnasiet 1;84329061;Trollhättan;1488;Kommunal;Kunskapsförbundet Väst;2220002998;779;261;278;240;38;39;62;
Nils Ericsonsgymnasiet 2;84225089;Trollhättan;1488;Kommunal;Kunskapsförbundet Väst;2220002998;96;56;25;15;50;47;29;
Praktiska Gymnasiet Trollhättan;71969230;Trollhättan;1488;Enskild;Praktiska Sverige AB;5562575786;144;52;42;50;51;38;22;
Realgymnasiet Trollhättan;42500145;Trollhättan;1488;Enskild;Lärande i Sverige AB;5565715892;92;34;29;29;83;..;63;
Trosa Gymnasium;20862637;Trosa;0488;Kommunal;Trosa kommun;2120002957;9;5;3;1;..;..;..;
Tyresö gymnasium;91048178;Tyresö;0138;Kommunal;Tyresö kommun;2120000092;359;190;84;85;32;38;33;
Mimers Gymnasium Täby;82718660;Täby;0160;Enskild;Adinova AB;5567797831;89;29;28;32;36;..;84;
Praktiska Gymnasiet Täby;76942525;Täby;0160;Enskild;Praktiska Sverige AB;5562575786;176;64;57;55;43;24;50;
Sparre Gymnasium;12399380;Täby;0160;Enskild;Upplevelse Utbildning i Täby AB;5567875413;165;67;50;48;41;33;57;
Tibble Gymnasium Campus Täby;31486865;Täby;0160;Enskild;Tibble Fristående Gymnasium TFG AB;5566978556;1 784;605;590;589;54;10;83;
Täby Enskilda gymnasium;97265732;Täby;0160;Enskild;Täby Enskilda Gymnasium AB;5565680112;896;307;292;297;70;12;90;
Täby språkintroduktion;86923395;Täby;0160;Kommunal;Täby kommun;2120000118;36;22;11;3;58;100;..;
Täby Yrkesgymnasium;10373112;Täby;0160;Enskild;Täby Yrkesgymnasium AB;5562629179;142;51;51;40;25;35;42;
Åva gymnasium;61720981;Täby;0160;Kommunal;Täby kommun;2120000118;1 375;474;465;436;38;18;78;
Gymn.utb. Töreboda Kanalskola;57446690;Töreboda;1473;Kommunal;Töreboda kommun;2120001678;21;21;.;.;..;..;..;
Naturbruksskolan Sötåsen;25698509;Töreboda;1473;Region;Västra Götalandsregionen;2321000131;247;86;81;80;79;4;44;
Drottning Blankas Gymnasieskola Uddevalla;50424828;Uddevalla;1485;Enskild;DBGY Juvelen AB;5565789129;221;87;57;77;71;51;35;
Thoren Innovation School Uddevalla;82931004;Uddevalla;1485;Enskild;Thoren Innovation School AB;5568902653;148;63;55;30;14;47;53;
Uddevalla gymnasieskola, Agneberg BF;83584125;Uddevalla;1485;Kommunal;Uddevalla kommun;2120001397;86;32;27;27;71;17;51;
Uddevalla gymnasieskola, Agneberg EK;95024660;Uddevalla;1485;Kommunal;Uddevalla kommun;2120001397;372;145;117;110;55;17;70;
Uddevalla gymnasieskola, Agneberg GLU;16496466;Uddevalla;1485;Kommunal;Uddevalla kommun;2120001397;193;71;66;56;56;18;42;
Uddevalla gymnasieskola, Agneberg HA;12075195;Uddevalla;1485;Kommunal;Uddevalla kommun;2120001397;111;51;30;30;62;20;48;
Uddevalla gymnasieskola, Agneberg IM;67785826;Uddevalla;1485;Kommunal;Uddevalla kommun;2120001397;143;58;37;48;40;52;28;
Uddevalla gymnasieskola, Agneberg RL;62300682;Uddevalla;1485;Kommunal;Uddevalla kommun;2120001397;59;22;19;18;56;..;39;
Uddevalla gymnasieskola, Agneberg SA;47393891;Uddevalla;1485;Kommunal;Uddevalla kommun;2120001397;263;97;91;75;69;30;63;
Uddevalla gymnasieskola, Agneberg SA/EK internationell;32263814;Uddevalla;1485;Kommunal;Uddevalla kommun;2120001397;60;19;19;22;70;23;68;
Uddevalla gymnasieskola, Agneberg SAFS;48846872;Uddevalla;1485;Kommunal;Uddevalla kommun;2120001397;12;11;.;1;..;..;..;
Uddevalla gymnasieskola, Sinclair ES;11533776;Uddevalla;1485;Kommunal;Uddevalla kommun;2120001397;245;85;86;74;71;16;56;
Uddevalla gymnasieskola, Östrabo 1 IN;71938440;Uddevalla;1485;Kommunal;Uddevalla kommun;2120001397;48;20;16;12;..;..;58;
Uddevalla gymnasieskola, Östrabo 1 TE;28829503;Uddevalla;1485;Kommunal;Uddevalla kommun;2120001397;270;96;86;88;30;13;78;
Uddevalla gymnasieskola, Östrabo 1 VO;97191332;Uddevalla;1485;Kommunal;Uddevalla kommun;2120001397;133;43;46;44;79;59;29;
Uddevalla gymnasieskola, Östrabo Y BA;22811839;Uddevalla;1485;Kommunal;Uddevalla kommun;2120001397;213;78;69;66;17;13;44;
Uddevalla gymnasieskola, Östrabo Y EE;33205596;Uddevalla;1485;Kommunal;Uddevalla kommun;2120001397;70;16;28;26;..;14;41;
Uddevalla gymnasieskola, Östrabo Y FT;19930101;Uddevalla;1485;Kommunal;Uddevalla kommun;2120001397;250;88;82;80;30;7;37;
Uddevalla Gymnasieskola, Östrabo Y GLU;60727136;Uddevalla;1485;Kommunal;Uddevalla kommun;2120001397;37;12;14;11;38;..;41;
Uddevalla gymnasieskola, Östrabo Y HV;45132264;Uddevalla;1485;Kommunal;Uddevalla kommun;2120001397;115;47;33;35;88;12;50;
Uddevalla gymnasieskola, Östrabo Y VF;61647360;Uddevalla;1485;Kommunal;Uddevalla kommun;2120001397;65;17;24;24;..;..;48;
Uddevalla gymnasieskola,Östrabo 1 NA;98651664;Uddevalla;1485;Kommunal;Uddevalla kommun;2120001397;199;62;57;80;57;35;79;
Introduktionsprogrammet;69504751;Ulricehamn;1491;Kommunal;Ulricehamns kommun;2120001579;61;57;2;2;46;54;16;
Tingsholmsgymnasiets nationella program;33657492;Ulricehamn;1491;Kommunal;Ulricehamns kommun;2120001579;445;151;143;151;43;21;60;
Dragonskolan BA;61622991;Umeå;2480;Kommunal;Umeå kommun;2120002627;183;64;62;57;20;7;54;
Dragonskolan BF;66644568;Umeå;2480;Kommunal;Umeå kommun;2120002627;132;45;33;54;72;17;56;
Dragonskolan EE;93659517;Umeå;2480;Kommunal;Umeå kommun;2120002627;174;64;62;48;7;7;64;
Dragonskolan EK;79309485;Umeå;2480;Kommunal;Umeå kommun;2120002627;330;126;110;94;59;11;78;
Dragonskolan GL;61175914;Umeå;2480;Kommunal;Umeå kommun;2120002627;116;44;36;36;54;17;41;
Dragonskolan HV;73316818;Umeå;2480;Kommunal;Umeå kommun;2120002627;31;.;.;31;100;..;42;
Dragonskolan IN;27859889;Umeå;2480;Kommunal;Umeå kommun;2120002627;60;26;16;18;..;..;48;
Dragonskolan NA;16130958;Umeå;2480;Kommunal;Umeå kommun;2120002627;181;48;77;56;60;30;68;
Dragonskolan RH;29161632;Umeå;2480;Kommunal;Umeå kommun;2120002627;4;.;1;3;..;..;..;
Dragonskolan SA;82195565;Umeå;2480;Kommunal;Umeå kommun;2120002627;318;126;99;93;68;12;80;
Dragonskolan TE;33596572;Umeå;2480;Kommunal;Umeå kommun;2120002627;191;62;61;68;26;10;83;
Dragonskolan VF;45541222;Umeå;2480;Kommunal;Umeå kommun;2120002627;36;12;12;12;..;..;72;
Dragonskolan VO;17812651;Umeå;2480;Kommunal;Umeå kommun;2120002627;90;38;21;31;87;42;46;
Forslundagymnasiet GY;63451147;Umeå;2480;Kommunal;Umeå kommun;2120002627;205;72;77;56;66;..;57;
Frisörgymnasiet Dragonskolan;80951860;Umeå;2480;Kommunal;Umeå kommun;2120002627;30;16;14;.;100;..;63;
Idrottsgymnasiet Dragonskolan;10425474;Umeå;2480;Kommunal;Umeå kommun;2120002627;141;93;48;.;32;17;73;
Maja Beskowgymnasiet GY;53889000;Umeå;2480;Kommunal;Umeå kommun;2120002627;364;124;119;121;29;30;66;
Midgårdsskolan ESBIL;51131594;Umeå;2480;Kommunal;Umeå kommun;2120002627;88;30;29;29;94;..;86;
Midgårdsskolan ESDAN;89680395;Umeå;2480;Kommunal;Umeå kommun;2120002627;26;9;10;7;88;..;69;
Midgårdsskolan ESEST;53696633;Umeå;2480;Kommunal;Umeå kommun;2120002627;86;25;30;31;57;..;84;
Midgårdsskolan ESMUS;27440210;Umeå;2480;Kommunal;Umeå kommun;2120002627;159;58;44;57;58;8;81;
Midgårdsskolan ESTEA;62758285;Umeå;2480;Kommunal;Umeå kommun;2120002627;43;16;13;14;84;..;70;
Midgårdsskolan IM;37471443;Umeå;2480;Kommunal;Umeå kommun;2120002627;123;112;11;.;44;47;38;
Midgårdsskolan NA;16218090;Umeå;2480;Kommunal;Umeå kommun;2120002627;84;27;31;26;54;..;87;
Midgårdsskolan SA;64667996;Umeå;2480;Kommunal;Umeå kommun;2120002627;169;48;63;58;77;14;78;
Minervagymnasium;23544320;Umeå;2480;Enskild;Minervaskolan i Umeå AB;5565735049;562;175;146;241;57;27;82;
NTI Gymnasiet Umeå;57668673;Umeå;2480;Enskild;NTI Gymnasiet Macro AB;5561203679;169;54;56;59;18;11;64;
Stylistgymnasiet Dragonskolan;98894655;Umeå;2480;Kommunal;Umeå kommun;2120002627;30;16;14;.;100;..;60;
Thoren Business School Umeå;69040241;Umeå;2480;Enskild;Thorengruppen AB;5566139290;109;41;30;38;39;36;49;
Umeå Elitidrottsgymnasium;77713695;Umeå;2480;Kommunal;Umeå kommun;2120002627;396;133;128;135;44;4;84;
Yrkesgymnasiet Umeå;91905819;Umeå;2480;Enskild;Thorengruppen AB;5566139290;163;75;48;40;47;18;46;
Väsby Nya Gymnasium;20855811;Upplands Väsby;0114;Kommunal;Upplands Väsby kommun;2120000019;535;247;149;139;51;67;45;
Väsby Yrkesgymnasium (Skolenhet: 54882637);54882637;Upplands Väsby;0114;Enskild;Väsby Yrkesgymnasium AB;5568089246;107;51;26;30;11;36;33;
Upplands-Brogymnasiet;53923398;Upplands-Bro;0139;Kommunal;Upplands-Bro kommun;2120000100;905;375;277;253;39;34;48;
Amerikanska Gymnasiet Uppsala;42063970;Uppsala;0380;Enskild;Amerikanska Gymnasiet i Sverige AB;5590415591;87;87;.;.;62;38;60;
Ansgargymnasiet;74560191;Uppsala;0380;Enskild;Ansgarskolorna AB;5565835146;98;29;26;43;40;42;59;
Bergstrands Gymnasium Uppsala;39147056;Uppsala;0380;Enskild;Bergstrands Gymnasium AB;5566753736;208;68;73;67;23;21;35;
Celsiusskolan;47844862;Uppsala;0380;Kommunal;Uppsala kommun;2120003005;1 048;337;374;337;41;12;74;
CULTUS Gymnasieskola;22239675;Uppsala;0380;Enskild;Folkuniversitetet Stiftelsen Kursverksamheten vid Uppsala Universitet;8176007055;91;50;22;19;68;64;29;
Drottning Blankas Gymnasieskola Uppsala;55472112;Uppsala;0380;Enskild;DBGY Juvelen AB;5565789129;175;77;62;36;82;22;53;
Ellen Fries gymnasium;56050416;Uppsala;0380;Kommunal;Uppsala kommun;2120003005;367;139;132;96;53;49;47;
Fyrisskolan;72984079;Uppsala;0380;Kommunal;Uppsala kommun;2120003005;244;65;56;123;35;47;59;
Grillska Gymnasiet Uppsala;36480690;Uppsala;0380;Enskild;Stadsmissionens Skolstiftelse;8020170794;371;139;101;131;35;25;54;
Internationella Gymnasiet;32995170;Uppsala;0380;Enskild;Folkuniversitetet Stiftelsen Kursverksamheten vid Uppsala Universitet;8176007055;90;25;26;39;63;67;52;
JENSEN Gymnasium Uppsala;61674097;Uppsala;0380;Enskild;Jensen Education College AB;5566358759;408;150;146;112;59;56;54;
Katedralskolan;32550660;Uppsala;0380;Kommunal;Uppsala kommun;2120003005;1 407;492;443;472;66;25;81;
Kunskapsgymnasiet Uppsala;93488613;Uppsala;0380;Enskild;Kunskapsskolan i Sverige Aktiebolag;5565661815;178;59;69;50;60;82;42;
Lundellska skolan;59599256;Uppsala;0380;Kommunal;Uppsala kommun;2120003005;1 209;439;383;387;57;21;75;
Magelungens Gymnasium Uppsala;45466628;Uppsala;0380;Enskild;Magelungen Utveckling AB;5564891447;111;48;35;28;44;15;64;
NTI Gymnasiet Uppsala;52048443;Uppsala;0380;Enskild;NTI Gymnasiet Ellips AB;5565970471;579;190;212;177;16;25;75;
Praktiska Gymnasiet Uppsala;69865450;Uppsala;0380;Enskild;Praktiska Sverige AB;5562575786;247;96;82;69;21;24;45;
ProCivitas Privata Gymnasium Uppsala;69618988;Uppsala;0380;Enskild;ProCivitas Privata Gymnasium AB;5566157102;272;99;85;88;53;29;74;
Realgymnasiet Uppsala;31112935;Uppsala;0380;Enskild;Lärande i Sverige AB;5565715892;164;61;56;47;95;10;49;
Rosendalsgymnasiet;26957025;Uppsala;0380;Kommunal;Uppsala kommun;2120003005;869;252;332;285;53;30;78;
The British School in Uppsala (BSU);76938456;Uppsala;0380;Enskild;British International Schools of Sweden AB;5591668248;2;.;2;.;..;..;..;
Thoren Business School Uppsala;90509211;Uppsala;0380;Enskild;Thorengruppen AB;5566139290;238;86;77;75;53;36;57;
Uppsala estetiska gymnasium;43277545;Uppsala;0380;Kommunal;Uppsala kommun;2120003005;311;123;108;80;63;14;72;
Uppsala yrkesgymnasium Ekeby;37316242;Uppsala;0380;Kommunal;Uppsala kommun;2120003005;395;196;120;79;47;32;43;
Uppsala yrkesgymnasium Jälla;20173336;Uppsala;0380;Kommunal;Uppsala kommun;2120003005;689;257;216;216;33;10;40;
Yrkesgymnasiet Uppsala;49872493;Uppsala;0380;Enskild;Thorengruppen AB;5566139290;172;73;46;53;48;51;26;
Uppvidinge Lärcenter;11953769;Uppvidinge;0760;Kommunal;Uppvidinge kommun;2120000605;19;8;9;2;..;95;..;
Fenix Gymnasium 1;32492188;Vaggeryd;0665;Kommunal;Vaggeryds kommun;2120000522;184;64;50;70;58;36;44;
Fenix Gymnasium 2;31667120;Vaggeryd;0665;Kommunal;Vaggeryds kommun;2120000522;139;47;46;46;19;34;51;
Vallentuna gymnasium;85788659;Vallentuna;0115;Kommunal;Vallentuna kommun;2120000027;418;161;138;119;39;21;48;
Vansbro utbildningscenter gy.;95340745;Vansbro;2021;Kommunal;Vansbro kommun;2120002130;128;52;41;35;50;16;32;
Academy of Music and Business Vara;54382141;Vara;1470;Enskild;Academy of Music and Business Education Vara AB;5590489760;124;41;51;32;58;9;63;
Lagmansgymnasiet1;59521477;Vara;1470;Kommunal;Vara kommun;2120002924;238;82;65;91;49;12;45;
Lagmansgymnasiet2;29221653;Vara;1470;Kommunal;Vara kommun;2120002924;186;77;56;53;29;17;45;
Drottning Blankas Gymnasieskola Varberg;92442684;Varberg;1383;Enskild;DBGY Kronan AB;5565668794;191;82;63;46;61;36;52;
LBS Kreativa Gymnasiet Varberg;66095163;Varberg;1383;Enskild;Ljud & Bildskolan LBS AB;5564851649;103;38;22;43;32;21;52;
Munkagårdsgymnasiet;38544187;Varberg;1383;Region;Region Halland;2321000115;298;107;97;94;56;..;48;
Peder Skrivares skola Enhet 1;54599691;Varberg;1383;Kommunal;Varbergs kommun;2120001249;723;266;238;219;60;13;67;
Peder Skrivares skola Enhet 2;54004368;Varberg;1383;Kommunal;Varbergs kommun;2120001249;502;171;169;162;48;15;80;
Peder Skrivares skola Enhet 3;54467211;Varberg;1383;Kommunal;Varbergs kommun;2120001249;463;167;143;153;20;8;51;
Peder Skrivares skola Enhet 4;54361562;Varberg;1383;Kommunal;Varbergs kommun;2120001249;150;87;43;20;41;61;23;
Sveriges Ridgymnasium Varberg;23517683;Varberg;1383;Enskild;Sveriges Ridgymnasium AB;5566814504;77;35;25;17;99;..;51;
Sundsgymnasiet;31975673;Vellinge;1233;Kommunal;Vellinge kommun;2120001033;820;308;264;248;42;11;80;
Njudungsgymnasiet 1;61119556;Vetlanda;0685;Kommunal;Vetlanda kommun;2120000571;66;34;18;14;47;67;..;
Njudungsgymnasiet 2;82251333;Vetlanda;0685;Kommunal;Vetlanda kommun;2120000571;239;88;75;76;30;26;56;
Njudungsgymnasiet 3;99864908;Vetlanda;0685;Kommunal;Vetlanda kommun;2120000571;211;66;63;82;82;29;52;
Njudungsgymnasiet 4;27106031;Vetlanda;0685;Kommunal;Vetlanda kommun;2120000571;239;87;86;66;54;26;49;
Njudungsgymnasiet 5;59463950;Vetlanda;0685;Kommunal;Vetlanda kommun;2120000571;216;73;70;73;16;20;63;
Malgomajskolan 1;63931325;Vilhelmina;2462;Kommunal;Södra Lapplands Gymnasieförbund;2220003293;98;28;38;32;51;32;47;
Malgomajskolan 2;98702729;Vilhelmina;2462;Kommunal;Södra Lapplands Gymnasieförbund;2220003293;172;68;47;57;47;8;41;
Vimmerby gymnasium 1;44586618;Vimmerby;0884;Kommunal;Vimmerby kommun;2120000787;42;38;1;3;33;50;26;
Vimmerby gymnasium 2;57391913;Vimmerby;0884;Kommunal;Vimmerby kommun;2120000787;232;79;69;84;74;25;51;
Vimmerby gymnasium 3;75374280;Vimmerby;0884;Kommunal;Vimmerby kommun;2120000787;169;55;59;55;24;24;50;
Dammsdal gymnasieskola;12807435;Vingåker;0428;Region;Region Sörmland;2321000032;16;3;6;7;..;..;..;
Sundlergymnasiet;46148350;Vårgårda;1442;Kommunal;Vårgårda kommun;2120001454;333;158;93;82;55;28;52;
Birger Sjöberggymnasiet 1;50133877;Vänersborg;1487;Kommunal;Kunskapsförbundet Väst;2220002998;819;278;267;274;44;34;56;
Birger Sjöberggymnasiet 2;49868916;Vänersborg;1487;Kommunal;Kunskapsförbundet Väst;2220002998;138;71;39;28;46;75;19;
Fridagymnasiet, Vänersborg;74919147;Vänersborg;1487;Enskild;Fridaskolorna AB;5564515988;225;74;76;75;52;20;81;
Nuntorpsgymnasiet;16093109;Vänersborg;1487;Enskild;Naturbruk Väst AB;5590475611;62;19;20;23;58;..;35;
Liljaskolan, sektor A;90240730;Vännäs;2460;Kommunal;Vännäs kommun;2120002841;202;48;77;77;30;..;50;
Liljaskolan, sektor B;84908877;Vännäs;2460;Kommunal;Vännäs kommun;2120002841;171;95;45;31;40;22;29;
Liljaskolan, sektor C;78389879;Vännäs;2460;Kommunal;Vännäs kommun;2120002841;165;76;43;46;40;22;46;
Gustavsbergs gymnasium ,G2,;24277564;Värmdö;0120;Kommunal;Värmdö kommun;2120000035;165;57;69;39;45;43;47;
Mälardalens Ridgymnasium Gustavsberg;88956420;Värmdö;0120;Enskild;Mälardalens Ridgymnasium AB;5569516742;41;15;9;17;100;..;39;
Värmdö gymnasium;44412461;Värmdö;0120;Kommunal;Värmdö kommun;2120000035;1 250;431;427;392;49;13;86;
Värmdö Tekniska gymnasieskola;34002355;Värmdö;0120;Enskild;Värmdö Tekniska Utbildningar Aktiebolag, Vtu;5563836757;177;56;68;53;11;30;41;
Finnvedens Gymnasium 1;16577552;Värnamo;0683;Kommunal;Värnamo kommun;2120000555;223;131;42;50;23;35;23;
Finnvedens Gymnasium 2;36355200;Värnamo;0683;Kommunal;Värnamo kommun;2120000555;346;98;124;124;72;37;45;
Finnvedens Gymnasium 3;96920524;Värnamo;0683;Kommunal;Värnamo kommun;2120000555;341;120;108;113;38;27;45;
Finnvedens Gymnasium 4;18217765;Värnamo;0683;Kommunal;Värnamo kommun;2120000555;250;77;77;96;35;29;66;
Gamlebygymnasiet;14677676;Västervik;0883;Enskild;Hushållningssällskapet Kalmar-Kronoberg-Blekinge;2620000071;198;65;72;61;52;..;51;
Västerviks gymnasium Ro 1;96152872;Västervik;0883;Kommunal;Västerviks kommun;2120000779;272;97;90;85;33;18;43;
Västerviks gymnasium Ro 3;70803636;Västervik;0883;Kommunal;Västerviks kommun;2120000779;389;129;134;126;58;20;61;
Västerviks gymnasium Ro 4;44041939;Västervik;0883;Kommunal;Västerviks kommun;2120000779;165;75;58;32;56;33;30;
Västerviks gymnasium RO5;49576295;Västervik;0883;Kommunal;Västerviks kommun;2120000779;129;39;46;44;51;38;75;
ABB-gymnasiet;66028861;Västerås;1980;Enskild;Industritekniska Gymnasiet Bergslagen AB;5566081740;373;126;124;123;35;21;90;
Carlforsska gymnasiet;95805896;Västerås;1980;Kommunal;Västerås kommun;2120002080;1 094;406;367;321;59;34;57;
Edströmska;92009807;Västerås;1980;Kommunal;Västerås kommun;2120002080;390;136;131;123;20;16;40;
Grillska Gymnasiet Västerås;10433896;Västerås;1980;Enskild;Stadsmissionens Skolstiftelse;8020170794;437;156;140;141;49;11;73;
Hahrska gymnasiet;10342448;Västerås;1980;Kommunal;Västerås kommun;2120002080;410;150;130;130;14;26;43;
JENSEN Gymnasium Västerås;49170638;Västerås;1980;Enskild;Jensen Education College AB;5566358759;172;72;45;55;70;57;54;
KLARA Teoretiska Gymnasium, Västerås;69270944;Västerås;1980;Enskild;KLARA Gymnasium Kunskap AB;5566303938;110;56;54;.;73;65;51;
Kopparlundsgymnasiet;46379730;Västerås;1980;Enskild;Västerås Entreprenörsgymnasium;8176058942;144;47;55;42;54;43;48;
Kunskapsgymnasiet Västerås;25379974;Västerås;1980;Enskild;Kunskapsskolan i Sverige Aktiebolag;5565661815;206;85;58;63;66;65;50;
Mälardalens Ridgymnasium Västerås;98032567;Västerås;1980;Enskild;Mälardalens Ridgymnasium Västerås Handelsbolag;9165808479;58;17;21;20;100;..;43;
NTI Gymnasiet Västerås;43154449;Västerås;1980;Enskild;NTI Gymnasiet Ellips AB;5565970471;295;99;92;104;14;24;65;
Praktiska Gymnasiet Västerås;96194948;Västerås;1980;Enskild;Praktiska Sverige AB;5562575786;239;97;78;64;53;29;33;
Realgymnasiet  Västerås;25955541;Västerås;1980;Enskild;Lärande i Sverige AB;5565715892;195;72;62;61;91;7;53;
Rudbeckianska gymnasiet;88025221;Västerås;1980;Kommunal;Västerås kommun;2120002080;1 288;395;462;431;56;43;62;
Skultuna gymnasieenhet;33537203;Västerås;1980;Kommunal;Västerås kommun;2120002080;19;14;4;1;..;..;..;
Thoren Business School Västerås;18042101;Västerås;1980;Enskild;Thorengruppen AB;5566139290;269;86;77;106;62;76;39;
Tranellska gymnasiet;14799321;Västerås;1980;Kommunal;Västerås kommun;2120002080;180;86;48;46;56;19;43;
Västerås Citygymnasium;56041699;Västerås;1980;Enskild;Västerås Citygymnasium AB;5567503890;158;60;57;41;66;89;25;
Västerås Idrottsgymnasium;45111086;Västerås;1980;Enskild;Västerås Idrottsgymnasium AB;5567802144;85;30;26;29;42;12;68;
Widénska gymnasiet;70955448;Västerås;1980;Kommunal;Västerås kommun;2120002080;587;192;198;197;49;10;80;
Yrkesgymnasiet Västerås;90685868;Västerås;1980;Enskild;Thorengruppen AB;5566139290;315;115;102;98;48;34;35;
Ingelstadgymnasiet;24501884;Växjö;0780;Enskild;Hushållningssällskapet Kalmar-Kronoberg-Blekinge;2620000071;267;96;88;83;64;4;55;
Katedralskolan 1;46707989;Växjö;0780;Kommunal;Växjö kommun;2120000662;363;128;110;125;55;28;84;
Katedralskolan 2;46986216;Växjö;0780;Kommunal;Växjö kommun;2120000662;203;77;77;49;85;16;70;
Katedralskolan 3;67924816;Växjö;0780;Kommunal;Växjö kommun;2120000662;317;95;96;126;65;21;71;
Katedralskolan 4;92805465;Växjö;0780;Kommunal;Växjö kommun;2120000662;374;129;98;147;54;34;72;
Katedralskolan 5;72276266;Växjö;0780;Kommunal;Växjö kommun;2120000662;121;74;21;26;63;55;46;
Kungsmadskolan 1;56084099;Växjö;0780;Kommunal;Växjö kommun;2120000662;186;78;64;44;65;22;61;
Kungsmadskolan 2;80711021;Växjö;0780;Kommunal;Växjö kommun;2120000662;304;134;107;63;53;25;50;
Kungsmadskolan 3;54927401;Växjö;0780;Kommunal;Växjö kommun;2120000662;138;63;44;31;13;38;46;
Kungsmadskolan 5;17648596;Växjö;0780;Kommunal;Växjö kommun;2120000662;239;86;72;81;12;15;48;
Kungsmadskolan 6;16720048;Växjö;0780;Kommunal;Växjö kommun;2120000662;227;82;75;70;72;12;57;
LBS Kreativa Gymnasiet Växjö;17083056;Växjö;0780;Enskild;Ljud & Bildskolan LBS AB;5564851649;155;66;44;45;26;25;57;
Praktiska Gymnasiet Växjö;39341381;Växjö;0780;Enskild;Praktiska Sverige AB;5562575786;146;55;43;48;33;79;28;
ProCivitas Privata Gymnasium Växjö;61176909;Växjö;0780;Enskild;ProCivitas Privata Gymnasium AB;5566157102;450;170;150;130;46;25;69;
Realgymnasiet i Växjö;50772536;Växjö;0780;Enskild;Lärande i Sverige AB;5565715892;57;17;40;.;100;..;51;
Skanskagymnasiet;43479922;Växjö;0780;Enskild;Skanskaskolan i Växjö AB;5567435994;81;21;31;29;37;17;79;
Teknikum 1;60088179;Växjö;0780;Kommunal;Växjö kommun;2120000662;230;82;70;78;74;54;33;
Teknikum 2;28391147;Växjö;0780;Kommunal;Växjö kommun;2120000662;184;57;50;77;12;36;68;
Teknikum 3;77843821;Växjö;0780;Kommunal;Växjö kommun;2120000662;156;156;.;.;50;46;37;
Teknikum 4;90347955;Växjö;0780;Kommunal;Växjö kommun;2120000662;217;83;71;63;..;29;52;
Thoren Business School Växjö;28592060;Växjö;0780;Enskild;Thorengruppen AB;5566139290;206;80;62;64;53;71;38;
Växjö Fria Fordongymnasium;29209307;Växjö;0780;Enskild;VFG Utbildning AB;5562496629;241;74;70;97;19;30;32;
Växjö Fria Gymnasium;21778322;Växjö;0780;Enskild;Växjö Fria Gymnasium AB;5565847836;562;206;188;168;63;25;64;
Fria Läroverken i Ystad;31380193;Ystad;1286;Enskild;Gymnasieskolor i Syd AB;5569306979;137;43;45;49;48;32;36;
Praktiska Gymnasiet Ystad;90290154;Ystad;1286;Enskild;Praktiska Sverige AB;5562575786;237;104;78;55;31;19;35;
Ystad Gymnasium, område 1;25847233;Ystad;1286;Kommunal;Ystad kommun;2120001181;283;117;77;89;70;17;47;
Ystad Gymnasium, område 2;62612992;Ystad;1286;Kommunal;Ystad kommun;2120001181;271;96;86;89;37;22;71;
Ystad Gymnasium, område 3;85485803;Ystad;1286;Kommunal;Ystad kommun;2120001181;312;115;103;94;64;9;63;
Ystad Gymnasium, område 4;16161214;Ystad;1286;Kommunal;Ystad kommun;2120001181;121;58;40;23;38;58;11;
Ystad Gymnasium, område 5;92816527;Ystad;1286;Kommunal;Ystad kommun;2120001181;357;142;104;111;22;13;43;
Ystad Gymnasium, område 6;98387869;Ystad;1286;Kommunal;Ystad kommun;2120001181;271;86;103;82;52;11;62;
Karlbergsgymnasiet 1;16848652;Åmål;1492;Kommunal;Åmåls kommun;2120001587;195;74;61;60;47;33;34;
Karlbergsgymnasiet 2;88429477;Åmål;1492;Kommunal;Åmåls kommun;2120001587;399;121;129;149;46;35;57;
Karlbergsgymnasiet 3;94975733;Åmål;1492;Kommunal;Åmåls kommun;2120001587;231;109;63;59;53;33;49;
Bobergsgymnasiet;56802300;Ånge;2260;Kommunal;Ånge kommun;2120002387;251;106;80;65;39;18;38;
Jämtlands Gymn, Åre 1;15149235;Åre;2321;Kommunal;Jämtlands Gymnasieförbund;2220001636;179;57;40;82;55;20;74;
Jämtlands Gymn, Åre 2;48336642;Åre;2321;Kommunal;Jämtlands Gymnasieförbund;2220001636;100;40;30;30;31;22;37;
Årjängs gymnasieskola;77379848;Årjäng;1765;Kommunal;Årjängs kommun;2120001835;41;16;16;9;59;68;27;
Vuxenutbildningscentrum IM;29535640;Åstorp;1277;Kommunal;Åstorps kommun;2120000936;78;67;11;.;49;77;..;
Bildningscentrum Facetten;24538846;Åtvidaberg;0561;Kommunal;Åtvidabergs kommun;2120000415;259;116;61;82;35;17;48;
Haganässkolan 1;67422309;Älmhult;0765;Kommunal;Älmhults kommun;2120000647;229;80;68;81;39;36;32;
Haganässkolan2;67058407;Älmhult;0765;Kommunal;Älmhults kommun;2120000647;226;48;104;74;52;54;47;
Älvdalens Utbildningscentrum;34421265;Älvdalen;2039;Enskild;Älvdalens Utbildningscentrum AB;5567759120;352;120;115;117;29;..;51;
Gymnasieutb. Älvkarleby komvux;49279427;Älvkarleby;0319;Kommunal;Älvkarleby kommun;2120000258;21;12;6;3;..;..;..;
Älvsbyns gymnasium;15791044;Älvsbyn;2560;Kommunal;Älvsbyns kommun;2120002734;160;51;54;55;45;24;46;
Ängelholms gymnasieskola Ro 2;65392939;Ängelholm;1292;Kommunal;Ängelholms kommun;2120000977;497;165;178;154;53;15;67;
Ängelholms gymnasieskola Ro 3;98696836;Ängelholm;1292;Kommunal;Ängelholms kommun;2120000977;198;66;67;65;52;18;57;
Ängelholms gymnasieskola Ro 4;82160887;Ängelholm;1292;Kommunal;Ängelholms kommun;2120000977;345;157;101;87;30;29;41;
Ängelholms gymnasieskola Ro 5;23175129;Ängelholm;1292;Kommunal;Ängelholms kommun;2120000977;37;32;4;1;65;..;49;
Ängelholms gymnasieskola Ro 6;27527812;Ängelholm;1292;Kommunal;Ängelholms kommun;2120000977;293;118;76;99;40;18;77;
Öckerö Seglande gymnasieskola;77358716;Öckerö;1407;Kommunal;Öckerö kommun;2120001280;302;107;97;98;59;6;84;
Drottning Blankas Gymnasieskola Örebro;64648566;Örebro;1880;Enskild;DBGY Juvelen AB;5565789129;294;98;95;101;74;48;35;
Grillska Gymnasiet Örebro;49739986;Örebro;1880;Enskild;Stadsmissionens Skolstiftelse;8020170794;381;134;120;127;27;42;45;
JENSEN Gymnasium Örebro;92192566;Örebro;1880;Enskild;Jensen Education College AB;5566358759;236;65;86;85;61;69;47;
Karolinska gymnasiet;56886667;Örebro;1880;Kommunal;Örebro kommun;2120001967;880;309;286;285;69;26;73;
Kvinnerstagymnasiet;33249781;Örebro;1880;Kommunal;Örebro kommun;2120001967;32;.;.;32;59;..;56;
LBS Kreativa Gymnasiet Örebro;94207720;Örebro;1880;Enskild;Ljud & Bildskolan LBS AB;5564851649;222;82;79;61;41;18;64;
NTI Gymnasiet Örebro;29225010;Örebro;1880;Enskild;NTI Gymnasiet Ellips AB;5565970471;167;48;60;59;13;36;47;
Praktiska Gymnasiet Örebro;18691102;Örebro;1880;Enskild;Praktiska Sverige AB;5562575786;257;99;86;72;7;49;31;
Proffsgymnasiet;70302356;Örebro;1880;Enskild;Proffsgymnasiet Örebro AB;5564869161;128;78;48;2;11;46;27;
Realgymnasiet i Örebro;28482422;Örebro;1880;Enskild;Lärande i Sverige AB;5565715892;126;45;47;34;83;..;56;
Rudbecksgymnasiet;65421426;Örebro;1880;Kommunal;Örebro kommun;2120001967;1 146;386;391;369;64;27;66;
Rudbecksgymnasiet RGD-RGH;62394916;Örebro;1880;Kommunal;Örebro kommun;2120001967;68;23;18;27;54;34;56;
Rytmus Örebro;67908927;Örebro;1880;Enskild;Rytmus AB;5564648979;98;35;35;28;54;11;68;
Thoren Business School Örebro;72071234;Örebro;1880;Enskild;Thorengruppen AB;5566139290;765;259;255;251;59;46;58;
Tullängsgymnasiet;24349146;Örebro;1880;Kommunal;Örebro kommun;2120001967;947;340;280;327;20;14;59;
Tullängsgymnasiet RGD-RGH;83605345;Örebro;1880;Kommunal;Örebro kommun;2120001967;73;31;20;22;14;53;30;
Virginska gymnasiet;15933512;Örebro;1880;Kommunal;Örebro kommun;2120001967;1 305;708;314;283;59;27;56;
Virginska gymnasiet RGD-RGH;12198363;Örebro;1880;Kommunal;Örebro kommun;2120001967;84;28;32;24;67;57;36;
Yrkesgymnasiet Örebro;47692481;Örebro;1880;Enskild;Thorengruppen AB;5566139290;222;89;72;61;59;59;32;
Örkelljunga Utb.centrum, gy.;64693272;Örkelljunga;1257;Kommunal;Örkelljunga kommun;2120000878;39;28;.;11;41;44;33;
Hampnäs gymnasium;18072172;Örnsköldsvik;2284;Enskild;Impius Vård och Utbildning AB;5566824693;65;24;18;23;25;..;54;
Höga kustens teoretiska gymnasium;65833454;Örnsköldsvik;2284;Enskild;Honesta Gymnasieskolor AB;5590258108;114;42;40;32;59;21;66;
Praktiska Gymnasiet Örnsköldsvik;85188855;Örnsköldsvik;2284;Enskild;Praktiska Sverige AB;5562575786;196;63;65;68;38;14;36;
Örnsköldsviks Gymnasium Alfa 1;11341077;Örnsköldsvik;2284;Kommunal;Örnsköldsviks kommun;2120002445;179;71;58;50;71;54;44;
Örnsköldsviks Gymnasium Beta;39528347;Örnsköldsvik;2284;Kommunal;Örnsköldsviks kommun;2120002445;202;66;65;71;14;5;63;
Örnsköldsviks Gymnasium Delta;34988313;Örnsköldsvik;2284;Kommunal;Örnsköldsviks kommun;2120002445;229;68;76;85;56;18;65;
Örnsköldsviks Gymnasium Epsilon;56274556;Örnsköldsvik;2284;Kommunal;Örnsköldsviks kommun;2120002445;73;30;15;28;90;30;41;
Örnsköldsviks Gymnasium Gamma;85473846;Örnsköldsvik;2284;Kommunal;Örnsköldsviks kommun;2120002445;163;61;49;53;38;6;47;
Örnsköldsviks Gymnasium Jota;71011494;Örnsköldsvik;2284;Kommunal;Örnsköldsviks kommun;2120002445;110;56;19;35;29;14;39;
Örnsköldsviks Gymnasium Kappa;29744774;Örnsköldsvik;2284;Kommunal;Örnsköldsviks kommun;2120002445;14;2;2;10;..;..;..;
Örnsköldsviks Gymnasium Lambda;89690587;Örnsköldsvik;2284;Kommunal;Örnsköldsviks kommun;2120002445;322;130;97;95;66;11;64;
Örnsköldsviks Gymnasium Omega;28045567;Örnsköldsvik;2284;Kommunal;Örnsköldsviks kommun;2120002445;245;87;78;80;62;11;69;
Örnsköldsviks Gymnasium Sigma;20768651;Örnsköldsvik;2284;Kommunal;Örnsköldsviks kommun;2120002445;208;65;69;74;23;22;62;
Jämtlands Gymn, Fyrvalla 3A;32239920;Östersund;2380;Kommunal;Jämtlands Gymnasieförbund;2220001636;317;114;110;93;28;..;46;
Jämtlands Gymn, Fyrvalla 3B;68310175;Östersund;2380;Kommunal;Jämtlands Gymnasieförbund;2220001636;161;58;54;49;25;..;47;
Jämtlands Gymn, Fyrvalla 3C;33467604;Östersund;2380;Kommunal;Jämtlands Gymnasieförbund;2220001636;163;61;55;47;11;13;55;
Jämtlands Gymn, Wargentin 1A;38880984;Östersund;2380;Kommunal;Jämtlands Gymnasieförbund;2220001636;234;88;69;77;67;53;29;
Jämtlands Gymn, Wargentin 1B;28872974;Östersund;2380;Kommunal;Jämtlands Gymnasieförbund;2220001636;448;161;154;133;38;12;84;
Jämtlands Gymn, Wargentin 1C;85760240;Östersund;2380;Kommunal;Jämtlands Gymnasieförbund;2220001636;29;26;3;.;59;..;55;
Jämtlands Gymn, Wargentin 1D;83581734;Östersund;2380;Kommunal;Jämtlands Gymnasieförbund;2220001636;1;.;.;1;..;..;..;
Jämtlands Gymn, Wargentin 1E;69812576;Östersund;2380;Kommunal;Jämtlands Gymnasieförbund;2220001636;403;199;98;106;55;16;67;
Jämtlands Gymn, Wargentin 2A;18686599;Östersund;2380;Kommunal;Jämtlands Gymnasieförbund;2220001636;282;77;98;107;34;12;81;
Jämtlands Gymn, Wargentin 2B;93779220;Östersund;2380;Kommunal;Jämtlands Gymnasieförbund;2220001636;416;130;139;147;69;14;73;
Jämtlands Gymn, Wargentin 2C;77797484;Östersund;2380;Kommunal;Jämtlands Gymnasieförbund;2220001636;269;87;88;94;65;12;67;
Jämtlands Gymn, Wargentin 2D;53279140;Östersund;2380;Kommunal;Jämtlands Gymnasieförbund;2220001636;188;80;52;56;77;11;49;
Storsjögymnasiet, Östersund;80785976;Östersund;2380;Enskild;Honesta Skolutveckling AB;5569173635;297;109;88;100;49;11;54;
Östersunds Gymnasieskola;47559319;Östersund;2380;Enskild;Östersunds gymnasieskola AB;5567212641;133;47;54;32;62;26;47;
Skärgårdsgymnasiet;56187883;Österåker;0117;Enskild;Au Claves AB;5567284822;391;146;113;132;37;15;45;
Österåkers gymnasium;20752831;Österåker;0117;Kommunal;Österåkers kommun;2120002890;623;210;207;206;41;22;65;
Bruksgymnasiet/Gimo utb.centr.;51023367;Östhammar;0382;Kommunal;Östhammars kommun;2120000290;375;152;114;109;55;15;40;
Vattenfallgymnasiet;34739511;Östhammar;0382;Enskild;Forsmarks Gymnasium AB;5566597885;68;31;23;14;22;..;69;
Wilhelm Haglunds Gymnasium;95069937;Östhammar;0382;Enskild;Gimo UtbildningsAktiebolag;5560614041;50;8;25;17;22;..;40;
Göinge utbildningscenter, Gymnasium;84200045;Östra Göinge;1256;Kommunal;Östra Göinge kommun;2120000860;80;36;32;12;38;76;14;
Gymnasieskolan;55295253;Överkalix;2513;Kommunal;Överkalix kommun;2120002684;3;3;.;.;..;..;..;
Gränsälvsgymnasiet;52690153;Övertorneå;2518;Kommunal;Övertorneå kommun;2120002700;125;45;42;38;54;30;43;

Rapportbeskrivning och definitioner etc.  
  
Rapporten visar antal elever totalt, andel kvinnor, andel med utländsk bakgrund, andel med högutbildade föräldrar samt antal elever i skolår 1 till 3. 
Uppgifterna avser oktober det valda året.
 
Observera att uppgifter avseende kön, utländsk bakgrund samt föräldrarnas utbildningsnivå dubbelprickas om de baseras på färre än 10 elever.
Då visas två prickar (..) istället för utfall. Om data saknas visas en prick (.)  istället för utfall.
 




