Statistik från Skolverket, https://www.skolverket.se

Gymnasieskola - Antal elever
Valt läsår: 2019/20


Skola;Skol-enhetskod;Skolkommun;Kommun-kod;Typ av huvudman;Huvudman;Huvudman orgnr;Antal elever;Antal elever skolår 1;Antal elever skolår 2;Antal elever skolår 3;Andel kvinnor (%);Andel m utl bakgr (%);Andel m högutb föräldrar (%);
Ale gymnasium;17221836;Ale;1440;Kommunal;Ale;2120001439;87;47;27;13;39;53;25;
Lärlingsgymnasiet i Ale;93221031;Ale;1440;Enskild;Lärlingsgymnasiet i Sverige AB;5567628176;249;90;79;80;24;19;26;
Alingsås Yrkesgymnasium;17474377;Alingsås;1489;Enskild;Alingsås Yrkesgymnasium AB;5567290548;61;22;19;20;41;21;36;
Alströmergymnasiet sektor 2;18345915;Alingsås;1489;Kommunal;Alingsås;2120001553;357;107;127;123;33;18;66;
Alströmergymnasiet sektor 3;68229719;Alingsås;1489;Kommunal;Alingsås;2120001553;291;124;84;83;67;20;52;
Alströmergymnasiet sektor 4;61004230;Alingsås;1489;Kommunal;Alingsås;2120001553;303;106;99;98;41;16;53;
Alströmergymnasiet sektor 5;67768292;Alingsås;1489;Kommunal;Alingsås;2120001553;133;115;7;11;29;62;29;
Alströmergymnasiet Sektor 6;25051158;Alingsås;1489;Kommunal;Alingsås;2120001553;78;27;21;30;67;..;74;
Allbo Lärcenter gymnasium;75459583;Alvesta;0764;Kommunal;Alvesta;2120000639;91;44;22;25;52;92;14;
Vasagymnasiet;71262305;Arboga;1984;Kommunal;Arboga;2120002122;397;147;132;118;49;32;49;
Hornavanskolan;55795961;Arjeplog;2506;Kommunal;Arjeplog;2120002668;82;47;23;12;37;38;35;
Sandbackaskolan;84947634;Arvidsjaur;2505;Kommunal;Arvidsjaur;2120002650;175;71;43;61;41;24;39;
Estetiska skolan, gymnasiet;23517336;Arvika;1784;Enskild;Estetiska Skolan Arvika;8740020212;43;19;9;15;72;..;47;
Solbergagymnasiet;48009865;Arvika;1784;Kommunal;Arvika;2120001892;364;127;125;112;58;20;62;
Taserudsgymnasiet;68518617;Arvika;1784;Kommunal;Arvika;2120001892;468;195;145;128;39;26;31;
Karlfeldtgymnasiet;30376472;Avesta;2084;Kommunal;Avesta;2120002262;730;321;223;186;42;35;38;
Strömkullegymnasiet;19464342;Bengtsfors;1460;Kommunal;Bengtsfors;2120001470;198;78;65;55;48;63;35;
Fjällgymnasiet;60743463;Berg;2326;Kommunal;Berg;2120002502;105;36;31;38;45;29;41;
Björknäsgymnasiet sektor 1;32960825;Boden;2582;Kommunal;Boden;2120002767;93;36;57;.;32;65;16;
Björknäsgymnasiet sektor 2;43609520;Boden;2582;Kommunal;Boden;2120002767;236;72;98;66;53;17;67;
Björknäsgymnasiet sektor 3;41416934;Boden;2582;Kommunal;Boden;2120002767;310;107;112;91;27;20;43;
Björknäsgymnasiet sektor 4;97968599;Boden;2582;Kommunal;Boden;2120002767;163;53;59;51;69;10;70;
Bollebygds gymnasieskola;35225375;Bollebygd;1443;Kommunal;Bollebygd;2120002973;16;15;1;.;69;..;..;
Friskolan Nytorp;21567982;Bollnäs;2183;Enskild;Friskolan Nytorp AB;5568813561;76;26;26;24;14;..;30;
Hälsingegymnasiet;91748148;Bollnäs;2183;Enskild;Hälsingegymnasiet AB;5567600886;300;87;107;106;42;27;61;
Naturlära i Hälsingland;49379603;Bollnäs;2183;Enskild;NaturLära i Hälsingland AB;5568554314;31;13;11;7;100;..;45;
Nytorps Hästgymnasium;80167319;Bollnäs;2183;Enskild;Nytorps Hästgymnasium AB;5569063455;21;8;10;3;95;..;..;
Torsbergsgymnasiet RO3;42218661;Bollnäs;2183;Kommunal;Hälsinglands Utbildningsförbund;2220003111;202;82;68;52;70;32;48;
Torsbergsgymnasiet RO4;73171934;Bollnäs;2183;Kommunal;Hälsinglands Utbildningsförbund;2220003111;82;40;31;11;48;67;16;
Torsbergsgymnasiet RO5;83474173;Bollnäs;2183;Kommunal;Hälsinglands Utbildningsförbund;2220003111;268;101;91;76;44;21;32;
Erikslundsgymnasiet;21866405;Borlänge;2081;Kommunal;Borlänge;2120002239;183;69;56;58;15;22;34;
Hagagymnasiet;74434644;Borlänge;2081;Kommunal;Borlänge;2120002239;619;223;189;207;58;33;39;
Helixgymnasiet Borlänge;42022406;Borlänge;2081;Enskild;Helixutbildningar AB;5566747290;258;88;80;90;31;35;52;
Hushagsgymnasiet;88445871;Borlänge;2081;Kommunal;Borlänge;2120002239;319;113;109;97;23;10;44;
Introduktionsprogrammen;19100658;Borlänge;2081;Kommunal;Borlänge;2120002239;178;92;49;37;42;65;17;
Rytmus Borlänge;31322470;Borlänge;2081;Enskild;Rytmus AB;5564648979;133;40;43;50;52;..;60;
Soltorgsgymnasiet;65192707;Borlänge;2081;Kommunal;Borlänge;2120002239;505;172;180;153;53;19;70;
Almåsgymnasiet A;18425335;Borås;1490;Kommunal;Borås;2120001561;258;94;86;78;71;37;30;
Almåsgymnasiet B;93281974;Borås;1490;Kommunal;Borås;2120001561;298;134;94;70;64;65;23;
Almåsgymnasiet C;23424275;Borås;1490;Kommunal;Borås;2120001561;249;115;69;65;62;38;35;
Bäckängsgymnasiet A;43634528;Borås;1490;Kommunal;Borås;2120001561;506;171;169;166;59;33;78;
Bäckängsgymnasiet B;36263479;Borås;1490;Kommunal;Borås;2120001561;520;180;169;171;75;22;66;
Bäckängsgymnasiet C;56679384;Borås;1490;Kommunal;Borås;2120001561;232;78;86;68;76;15;56;
Bäckängsgymnasiet D;30538202;Borås;1490;Kommunal;Borås;2120001561;184;96;45;43;68;42;49;
Drottning Blankas Gymnasieskola Borås;19150273;Borås;1490;Enskild;Drottning Blankas Gymnasieskola AB;5565668794;193;60;72;61;72;48;34;
LBS Kreativa Gymnasiet Borås;69018222;Borås;1490;Enskild;Ljud & Bildskolan Lbs AB;5564851649;227;98;65;64;21;17;54;
Praktiska Gymnasiet Borås;25624692;Borås;1490;Enskild;Praktiska Sverige AB;5562575786;194;74;67;53;14;47;26;
Realgymnasiet Borås;88534520;Borås;1490;Enskild;Lärande i Sverige AB;5565715892;125;39;51;35;81;9;42;
Sven Eriksonsgymnasiet A;12889940;Borås;1490;Kommunal;Borås;2120001561;361;139;114;108;26;18;73;
Sven Eriksonsgymnasiet B;16554575;Borås;1490;Kommunal;Borås;2120001561;207;101;55;51;40;61;42;
Sven Eriksonsgymnasiet C;34076477;Borås;1490;Kommunal;Borås;2120001561;610;231;190;189;47;26;54;
Viskastrandsgymnasiet A;25356960;Borås;1490;Kommunal;Borås;2120001561;252;74;91;87;12;16;33;
Viskastrandsgymnasiet B;64284020;Borås;1490;Kommunal;Borås;2120001561;297;118;83;96;18;22;35;
Viskastrandsgymnasiet C;98132436;Borås;1490;Kommunal;Borås;2120001561;268;111;77;80;6;17;34;
Viskastrandsgymnasiet D;67692516;Borås;1490;Kommunal;Borås;2120001561;84;84;.;.;15;75;12;
Viskastrandsgymnasiet F;16050914;Borås;1490;Kommunal;Borås;2120001561;13;13;.;.;..;..;..;
Skyttbrinks gymnasium;60096875;Botkyrka;0127;Kommunal;Botkyrka;2120002882;189;97;57;35;34;57;27;
S:t Botvids gymnasium;97758137;Botkyrka;0127;Kommunal;Botkyrka;2120002882;497;186;181;130;53;88;27;
Södertörns Gymnasium;53400472;Botkyrka;0127;Enskild;STEG för framtiden Aktiebolag;5567538383;65;20;30;15;54;86;34;
Tullinge gymnasium;26334561;Botkyrka;0127;Kommunal;Botkyrka;2120002882;681;238;219;224;48;31;66;
Tumba gymnasium;40386043;Botkyrka;0127;Kommunal;Botkyrka;2120002882;1 277;499;407;371;51;44;55;
Furubygg;29324709;Bromölla;1272;Kommunal;Sölvesborgs-Bromöllas Kommunalförbund;2220001222;51;18;17;16;..;..;33;
Jämtlands Gymn, Bräcke 4A;26864271;Bräcke;2305;Kommunal;Jämtlands Gymnasieförbund;2220001636;90;32;29;29;..;..;32;
Jämtlands Gymn, Bräcke 4B;64411379;Bräcke;2305;Kommunal;Jämtlands Gymnasieförbund;2220001636;23;8;2;13;43;74;..;
Gymnasieutbildningen i Burlöv;73416853;Burlöv;1231;Kommunal;Burlöv;2120001025;56;34;12;10;29;86;18;
Akademi Båstad Gymnasium;59483268;Båstad;1278;Kommunal;Båstad;2120000944;212;88;55;69;47;42;50;
Apelrydsskolan;33685428;Båstad;1278;Enskild;Stiftelsen Apelrydsskolan;8024247234;113;53;32;28;68;15;53;
Apelrydsskolan i Båstad;32879845;Båstad;1278;Enskild;Stiftelsen Apelryd International;8024778402;67;27;22;18;57;..;55;
Utsikten, Dals-Eds gymnasium;88573795;Dals-Ed;1438;Kommunal;Dals-Ed;2120001413;67;36;19;12;34;15;43;
British International School;66620411;Danderyd;0162;Enskild;Stiftelsen Borgen 2 - British International School Stockholm;8024777289;8;8;.;.;..;..;..;
Danderyds Gymnasium;30866364;Danderyd;0162;Kommunal;Danderyd;2120000126;1 245;440;407;398;40;18;81;
Marina läroverket i Danderyd;82814120;Danderyd;0162;Enskild;Klart Skepp Marinteknik AB;5565160669;500;174;164;162;45;4;78;
Viktor Rydberg gy. Djursholm;45164827;Danderyd;0162;Enskild;Stiftelsen Viktor Rydbergs Skolor;8120005650;502;153;176;173;56;12;92;
Möckelngymnasiet Degerfors;10924758;Degerfors;1862;Kommunal;Karlskoga;2120001991;278;111;81;86;37;28;34;
Individuella Gymnasiet;55711881;Ekerö;0125;Kommunal;Ekerö;2120000050;26;14;10;2;58;65;..;
Eksjö Gymnasium 1;34153869;Eksjö;0686;Kommunal;Eksjö;2120000589;216;71;72;73;32;24;72;
Eksjö Gymnasium 2;88259298;Eksjö;0686;Kommunal;Eksjö;2120000589;211;60;68;83;61;22;61;
Eksjö Gymnasium 3;73098153;Eksjö;0686;Kommunal;Eksjö;2120000589;177;113;42;22;62;67;24;
Nifsarpsskolan fri;44240250;Eksjö;0686;Enskild;Eksjö Fordonsutbildning AB;5565848537;234;82;74;78;18;7;31;
Vilhelm Mobergsgymnasiet;17846181;Emmaboda;0862;Kommunal;Emmaboda;2120000738;212;99;61;52;39;60;28;
Westerlundska gymnasiet;75082798;Enköping;0381;Kommunal;Enköping;2120000282;1 288;564;367;357;43;29;44;
Grillska Gymnasiet Eskilstuna;23555409;Eskilstuna;0484;Enskild;Stadsmissionens Skolstiftelse;8020170794;675;235;230;210;51;21;58;
Kunskapscompaniets Gymnasium i Eskilstuna;91333138;Eskilstuna;0484;Enskild;Kunskapscompaniet Gymnasium KCGY AB;5561383885;178;78;51;49;32;27;24;
NTI Gymnasiet Eskilstuna;30341162;Eskilstuna;0484;Enskild;Nordens Teknikerinstitut Aktiebolag (Nti);5561203679;157;47;53;57;7;27;49;
Realgymnasiet Eskilstuna;39936461;Eskilstuna;0484;Enskild;Lärande i Sverige AB;5565715892;139;55;35;49;86;12;49;
Rekarnegymnasiet 1;72266906;Eskilstuna;0484;Kommunal;Eskilstuna;2120000357;643;215;211;217;32;30;41;
Rekarnegymnasiet 2;27030026;Eskilstuna;0484;Kommunal;Eskilstuna;2120000357;777;297;242;238;41;45;37;
Rinmangymnasiet RI 1;16950252;Eskilstuna;0484;Kommunal;Eskilstuna;2120000357;670;245;214;211;33;50;49;
Rinmangymnasiet RI 2;34637764;Eskilstuna;0484;Kommunal;Eskilstuna;2120000357;555;205;183;167;62;54;48;
S:t Eskils gymnasium 1;19912478;Eskilstuna;0484;Kommunal;Eskilstuna;2120000357;528;208;151;169;62;38;58;
S:t Eskils gymnasium 2;73255276;Eskilstuna;0484;Kommunal;Eskilstuna;2120000357;298;83;138;77;61;69;30;
Carl Engströmgymnasiet;15077883;Eslöv;1285;Kommunal;Eslöv;2120001173;678;260;207;211;39;41;39;
NVU, Brinellskolan 1;32420077;Fagersta;1982;Kommunal;Norra Västmanlands Utbildningsförbund;2220000927;111;64;27;20;41;77;9;
NVU, Brinellskolan 2;48434184;Fagersta;1982;Kommunal;Norra Västmanlands Utbildningsförbund;2220000927;437;171;145;121;42;36;35;
Drottning Blankas Gymnasieskola Falkenberg;58724424;Falkenberg;1382;Enskild;Drottning Blankas Gymnasieskola AB;5565668794;147;50;55;42;72;33;33;
Falkenbergs Gymnasieskola 1;95684185;Falkenberg;1382;Kommunal;Falkenberg;2120001231;157;81;35;41;38;75;18;
Falkenbergs Gymnasieskola 2;51138448;Falkenberg;1382;Kommunal;Falkenberg;2120001231;220;71;84;65;47;22;50;
Falkenbergs Gymnasieskola 3;19647256;Falkenberg;1382;Kommunal;Falkenberg;2120001231;199;61;79;59;46;17;34;
Falkenbergs Gymnasieskola 4;56421429;Falkenberg;1382;Kommunal;Falkenberg;2120001231;199;61;65;73;12;20;57;
Falkenbergs Gymnasieskola 5;39911065;Falkenberg;1382;Kommunal;Falkenberg;2120001231;241;95;76;70;59;33;47;
Falkenbergs Gymnasieskola 6;89068742;Falkenberg;1382;Kommunal;Falkenberg;2120001231;214;82;62;70;65;24;66;
Ållebergsgymnasiet A;17008320;Falköping;1499;Kommunal;Falköping;2120001744;262;94;88;80;34;26;69;
Ållebergsgymnasiet B;56737496;Falköping;1499;Kommunal;Falköping;2120001744;280;101;99;80;46;23;54;
Ållebergsgymnasiet C;88850910;Falköping;1499;Kommunal;Falköping;2120001744;244;81;75;88;49;75;20;
Ållebergsgymnasiet E;93939982;Falköping;1499;Kommunal;Falköping;2120001744;283;109;84;90;67;19;45;
Drottning Blankas Gymnasieskola Falun;34253318;Falun;2080;Enskild;Drottning Blankas Gymnasieskola AB;5565668794;314;103;97;114;66;39;34;
Falu Frigymnasium;25720752;Falun;2080;Enskild;Falu Frigymnasium Aktiebolag;5566112834;382;119;135;128;64;27;59;
Hagströmska gymnasiet Falun;55155562;Falun;2080;Enskild;Hagströmska Gymnasiet AB;5567550461;699;217;264;218;27;11;50;
Kristinegymnasiet RO1;31533003;Falun;2080;Kommunal;Falun;2120002221;346;142;107;97;70;16;50;
Kristinegymnasiet RO2;31429031;Falun;2080;Kommunal;Falun;2120002221;360;139;115;106;67;23;48;
Lugnetgymnasiet RO1;23164911;Falun;2080;Kommunal;Falun;2120002221;432;158;141;133;43;13;76;
Lugnetgymnasiet RO2;24008049;Falun;2080;Kommunal;Falun;2120002221;204;79;69;56;12;21;42;
Lugnetgymnasiet RO3;72661886;Falun;2080;Kommunal;Falun;2120002221;182;74;55;53;74;11;66;
Lugnetgymnasiet RO4;94144023;Falun;2080;Kommunal;Falun;2120002221;176;150;10;16;31;57;22;
Musikkonservatoriet Falun;54481243;Falun;2080;Region;Region Dalarna;2321000180;51;24;10;17;51;..;90;
Praktiska Gymnasiet Falun;59734510;Falun;2080;Enskild;Praktiska Sverige AB;5562575786;141;66;39;36;39;20;28;
Spångbergsgymnasiet;19586169;Filipstad;1782;Kommunal;Filipstad;2120001876;370;131;119;120;41;41;25;
Bergska gymnasiet Bergska skolan;17643936;Finspång;0562;Kommunal;Finspång;2120000423;114;102;12;.;31;65;11;
Bergska gymnasiet Bildningen;24273261;Finspång;0562;Kommunal;Finspång;2120000423;257;100;87;70;52;34;42;
Curt Nicolin-gymnasiet;95683850;Finspång;0562;Enskild;Curt Nicolin Gymnasiet AB;5566431044;542;188;182;172;27;15;61;
Prins Wilhelm gymnasiet;59455288;Flen;0482;Kommunal;Flen;2120000332;250;94;94;62;51;66;24;
ForshagaAkademin;82163292;Forshaga;1763;Enskild;ForshagaAkademin AB;5566205737;260;103;79;78;36;19;42;
Gymnasieutbildningen i Gagnef;19599583;Gagnef;2026;Kommunal;Gagnef;2120002155;17;10;4;3;..;..;..;
Gislaveds gymnasium Ekonomisk sektor;25679488;Gislaved;0662;Kommunal;Gislaved;2120000514;360;134;115;111;61;31;40;
Gislaveds gymnasium NEO sektor;25677996;Gislaved;0662;Kommunal;Gislaved;2120000514;305;153;72;80;63;54;38;
Gislaveds gymnasium Teknisk sektor;89888648;Gislaved;0662;Kommunal;Gislaved;2120000514;344;161;93;90;19;37;35;
Motorsportsgymnasiet i Anderstorp;90003262;Gislaved;0662;Enskild;Värmdö Tekniska Utbildningar Aktiebolag, Vtu;5563836757;70;23;28;19;16;..;47;
Stora Segerstad Naturbrukscentrum;88163512;Gislaved;0662;Region;Region Jönköpings Län;2321000057;181;65;54;62;31;..;39;
Introduktionsprogram Gnesta kommun;35191755;Gnesta;0461;Kommunal;Gnesta;2120002965;12;3;9;.;..;..;..;
Gnosjöandans kunskapsc. gy;35063170;Gnosjö;0617;Kommunal;Gnosjö;2120000506;262;100;96;66;48;52;34;
Gutegymnasiet;31279294;Gotland;0980;Enskild;Guteskolan AB;5567044267;234;83;89;62;42;38;32;
Wisbygymnasiet;36782335;Gotland;0980;Kommunal;Gotland;2120000803;1 558;647;494;417;47;12;50;
Introduktionsprogrammet Språkintroduktion;42892954;Gullspång;1447;Kommunal;Gullspång;2120001637;14;14;.;.;..;86;..;
Välkommaskolan enhet 1;20666515;Gällivare;2523;Kommunal;Lapplands Kommunalförbund;2220000760;170;53;58;59;29;12;54;
Välkommaskolan enhet 2;37906565;Gällivare;2523;Kommunal;Lapplands Kommunalförbund;2220000760;168;87;50;31;54;28;36;
Välkommaskolan enhet 3;23063954;Gällivare;2523;Kommunal;Lapplands Kommunalförbund;2220000760;181;64;60;57;43;12;37;
Borgarskolan;21648755;Gävle;2180;Kommunal;Gävle;2120002338;926;338;319;269;44;27;50;
Drottning Blankas Gymnasieskola Gävle;11111710;Gävle;2180;Enskild;Plusgymnasiet AB;5565789129;219;96;62;61;78;41;33;
NTI Vetenskapsgymnasiet Gävle;86547467;Gävle;2180;Enskild;Nordens Teknikerinstitut Aktiebolag (Nti);5561203679;65;42;23;.;32;37;46;
Polhemsskolan;90551279;Gävle;2180;Kommunal;Gävle;2120002338;1 547;737;432;378;38;31;45;
Praktiska Gymnasiet Gävle;93062368;Gävle;2180;Enskild;Praktiska Sverige AB;5562575786;108;44;43;21;27;56;20;
Realgymnasiet Gävle;69686851;Gävle;2180;Enskild;Lärande i Sverige AB;5565715892;440;168;131;141;65;13;42;
Thoren Business School Gävle;49616977;Gävle;2180;Enskild;Thorengruppen AB;5566139290;274;119;85;70;64;24;52;
Vasaskolan;54965510;Gävle;2180;Kommunal;Gävle;2120002338;1 002;388;299;315;66;32;68;
Yrkesgymnasiet Gävle;90267145;Gävle;2180;Enskild;Thorengruppen AB;5566139290;182;70;59;53;27;23;34;
Amerikanska Gymnasiet;49918856;Göteborg;1480;Enskild;Amerikanska Gymnasiet i Sverige AB;5590415591;156;156;.;.;50;24;69;
Angeredsgymnasiet 1;72998905;Göteborg;1480;Kommunal;Göteborg;2120001355;272;139;80;53;51;95;14;
Angeredsgymnasiet 2;84835666;Göteborg;1480;Kommunal;Göteborg;2120001355;222;105;67;50;45;76;30;
Angeredsgymnasiet 3;24685151;Göteborg;1480;Kommunal;Göteborg;2120001355;168;167;1;.;51;99;11;
Angeredsgymnasiet 4;25872338;Göteborg;1480;Kommunal;Göteborg;2120001355;107;36;38;33;51;80;40;
Angeredsgymnasiet 5;54164490;Göteborg;1480;Kommunal;Göteborg;2120001355;191;129;32;30;60;93;24;
Aniaragymnasiet;69481650;Göteborg;1480;Enskild;AF Affärseffekt Framtidsskola AB;5566666789;282;108;97;77;48;51;41;
Aspero Idrottsgymn. Göteborg;20319353;Göteborg;1480;Enskild;Aspero Friskolor AB;5566363973;246;85;83;78;29;28;54;
Bernadottegymnasiet;92194545;Göteborg;1480;Kommunal;Göteborg;2120001355;310;128;93;89;38;13;68;
Bräckegymnasiet 1;88153340;Göteborg;1480;Kommunal;Göteborg;2120001355;192;97;42;53;6;57;28;
Bräckegymnasiet 2;94353434;Göteborg;1480;Kommunal;Göteborg;2120001355;207;45;83;79;6;26;38;
Bräckegymnasiet 4;84978846;Göteborg;1480;Kommunal;Göteborg;2120001355;209;160;32;17;33;66;20;
Burgårdens Gymnasium 1;59396229;Göteborg;1480;Kommunal;Göteborg;2120001355;269;97;73;99;89;32;40;
Burgårdens Gymnasium 2;95165649;Göteborg;1480;Kommunal;Göteborg;2120001355;195;119;48;28;71;58;25;
Burgårdens Gymnasium 3;64740897;Göteborg;1480;Kommunal;Göteborg;2120001355;132;114;18;.;59;66;24;
Burgårdens Gymnasium 4;78979604;Göteborg;1480;Kommunal;Göteborg;2120001355;187;95;45;47;44;53;49;
Burgårdens Gymnasium 5;69626109;Göteborg;1480;Kommunal;Göteborg;2120001355;307;109;101;97;69;45;36;
Center för språkintroduktion Lindholmen 1;53432700;Göteborg;1480;Kommunal;Göteborg;2120001355;246;144;102;.;47;100;9;
Cybergymnasiet Göteborg;85068812;Göteborg;1480;Enskild;Cybergymnasiet Göteborg AB;5565693297;282;116;95;71;40;81;30;
Donnergymnasiet;78397312;Göteborg;1480;Enskild;Donnergymnasiet AB;5565408381;588;218;192;178;64;20;80;
Drottning Blankas Gymnasieskola Göteborg Centrum;36444853;Göteborg;1480;Enskild;Drottning Blankas Gymnasieskola AB;5565668794;454;183;150;121;88;20;54;
Drottning Blankas Gymnasieskola Göteborg Gårda;10638939;Göteborg;1480;Enskild;Plusgymnasiet AB;5565789129;239;75;93;71;61;48;39;
Ester Mosessons gymnasium 1;15414001;Göteborg;1480;Kommunal;Göteborg;2120001355;300;116;98;86;50;18;50;
Ester Mosessons gymnasium 2;38311488;Göteborg;1480;Kommunal;Göteborg;2120001355;89;60;29;.;42;79;19;
Framtidsgymnasiet Göteborg;16819383;Göteborg;1480;Enskild;Framtidsgymnasiet i Göteborg Aktiebolag;5564781606;347;139;100;108;9;94;10;
GTI:s gymnasieskola;89837629;Göteborg;1480;Enskild;Göteborgs Tekniska Institut Aktiebolag;5562358993;376;120;115;141;49;84;37;
Gymnasieakademin;12994441;Göteborg;1480;Enskild;IEAB International Education AB;5567265979;343;87;147;109;68;74;41;
Göteborgregionens tekniska gy;53660780;Göteborg;1480;Enskild;Göteborgs Tekniska College Aktiebolag;5565706768;482;171;161;150;17;18;70;
Göteborgs Högre Samskola gy.;88774402;Göteborg;1480;Enskild;Stiftelsen Göteborgs Högre Samskola;8572059197;565;201;179;185;61;13;86;
Hvitfeldtska gymnasiet 1;61701709;Göteborg;1480;Kommunal;Göteborg;2120001355;414;158;126;130;61;26;71;
Hvitfeldtska gymnasiet 2;61469192;Göteborg;1480;Kommunal;Göteborg;2120001355;242;87;83;72;57;17;75;
Hvitfeldtska gymnasiet 3;84306392;Göteborg;1480;Kommunal;Göteborg;2120001355;469;157;153;159;55;29;83;
Hvitfeldtska gymnasiet 4;28627819;Göteborg;1480;Kommunal;Göteborg;2120001355;407;157;125;125;74;20;75;
Hvitfeldtska gymnasiet 5;30086854;Göteborg;1480;Kommunal;Göteborg;2120001355;210;49;73;88;64;63;60;
Hvitfeldtska gymnasiet 6;50235617;Göteborg;1480;Kommunal;Göteborg;2120001355;214;99;68;47;57;41;45;
IHGR-gymnasiet;26627862;Göteborg;1480;Kommunal;Göteborg;2120001355;370;129;131;110;61;56;73;
Ingrid Segerstedts gymnasium;48847282;Göteborg;1480;Enskild;Stiftelsen Ingrid Segerstedts Gymnasium;8572088824;376;127;125;124;83;9;77;
International IT College of Sweden Gothenburg;72517762;Göteborg;1480;Enskild;Edinit AB;5563114445;141;93;36;12;43;86;33;
JENSEN Gymnasium Göteborg;38684438;Göteborg;1480;Enskild;Jensen Education College AB;5566358759;422;149;161;112;54;60;52;
Katrinelundsgymnasiet 1;31251822;Göteborg;1480;Kommunal;Göteborg;2120001355;284;96;96;92;52;53;51;
Katrinelundsgymnasiet 2;90099336;Göteborg;1480;Kommunal;Göteborg;2120001355;7;.;1;6;..;..;..;
Katrinelundsgymnasiet 3;96590873;Göteborg;1480;Kommunal;Göteborg;2120001355;361;131;116;114;77;74;21;
Katrinelundsgymnasiet 4;35647481;Göteborg;1480;Kommunal;Göteborg;2120001355;287;105;87;95;48;67;60;
Katrinelundsgymnasiet 5;39549479;Göteborg;1480;Kommunal;Göteborg;2120001355;369;125;121;123;36;36;62;
Kitas Ekonomi;73147554;Göteborg;1480;Enskild;Kitas utbildning AB;5567097117;263;92;100;71;56;9;77;
Kitas Frisörgymnasium;65752105;Göteborg;1480;Enskild;Kimuo frisörutbildning AB;5567385330;21;.;14;7;95;..;..;
Kitas Gymnasium;69983740;Göteborg;1480;Enskild;Kitas utbildning AB;5567097117;328;101;102;125;69;15;77;
Kitas Natur;66491596;Göteborg;1480;Enskild;Kitas utbildning AB;5567097117;286;98;98;90;47;17;86;
KLARA Teoretiska Gymnasium Göteborg Postgatan;40690520;Göteborg;1480;Enskild;Mikael Elias Gymnasium AB;5565583282;615;197;190;228;62;29;78;
KLARA Teoretiska Gymnasium Göteborg Vallgatan;75141151;Göteborg;1480;Enskild;Hermods Gymnasium AB;5565286696;354;125;118;111;66;49;55;
Kunskapsgymnasiet Göteborg;12052268;Göteborg;1480;Enskild;Kunskapsskolan i Sverige Aktiebolag;5565661815;353;115;128;110;53;82;44;
L M Engströms gymnasium;71597051;Göteborg;1480;Enskild;Peter Isaac Béens Utbildningsstiftelse;8572003666;561;181;186;194;75;8;88;
LBS Kreativa Gymnasiet Göteborg;53231578;Göteborg;1480;Enskild;Ljud & Bildskolan Lbs AB;5564851649;493;186;173;134;16;16;67;
LBS Mediegymnasiet;97382366;Göteborg;1480;Enskild;Nordens Teknikerinstitut Aktiebolag (Nti);5561203679;433;149;159;125;63;25;55;
Lindholmens tekn gymnasium 1;11274830;Göteborg;1480;Kommunal;Göteborg;2120001355;225;72;79;74;4;36;39;
Lindholmens tekn gymnasium 2;51321260;Göteborg;1480;Kommunal;Göteborg;2120001355;248;83;84;81;..;33;37;
Lindholmens tekn gymnasium 3;96279444;Göteborg;1480;Kommunal;Göteborg;2120001355;368;148;110;110;11;23;67;
Magelungens Gymnasium Göteborg;27268498;Göteborg;1480;Enskild;Magelungen Utveckling AB;5564891447;86;34;36;16;40;14;62;
Motorbranschens Tekniska gymn.;61880907;Göteborg;1480;Kommunal;Göteborg;2120001355;295;118;104;73;10;36;28;
NTI Gymnasiet Johanneberg;79094701;Göteborg;1480;Enskild;IT Gymnasiet Sverige AB;5565970471;468;159;152;157;19;17;79;
NTI Gymnasiet Kronhus;35006050;Göteborg;1480;Enskild;Nordens Teknikerinstitut Aktiebolag (Nti);5561203679;499;182;174;143;24;33;62;
Peabskolan Göteborg;88886610;Göteborg;1480;Enskild;Peabskolan AB;5564427432;102;43;31;28;..;31;32;
Polhemsgymnasiet 1;21505555;Göteborg;1480;Kommunal;Göteborg;2120001355;382;129;121;132;42;28;80;
Polhemsgymnasiet 2;34336190;Göteborg;1480;Kommunal;Göteborg;2120001355;389;133;131;125;50;13;71;
Polhemsgymnasiet 3;21052710;Göteborg;1480;Kommunal;Göteborg;2120001355;389;131;125;133;57;12;82;
Praktiska Gymnasiet Göteborg;88556189;Göteborg;1480;Enskild;Praktiska Sverige AB;5562575786;221;62;94;65;26;61;27;
Realgymnasiet Göteborg;35236491;Göteborg;1480;Enskild;Lärande i Sverige AB;5565715892;250;96;71;83;82;12;54;
Rytmus Göteborg;69739484;Göteborg;1480;Enskild;Rytmus AB;5564648979;263;93;90;80;57;9;69;
Schillerska gymnasiet 1;92887917;Göteborg;1480;Kommunal;Göteborg;2120001355;300;116;93;91;79;18;75;
Schillerska gymnasiet 2;88834120;Göteborg;1480;Kommunal;Göteborg;2120001355;386;143;128;115;59;35;58;
Schillerska gymnasiet 3;36748805;Göteborg;1480;Kommunal;Göteborg;2120001355;154;106;40;8;51;57;25;
Schillerska gymnasiet 4;70066748;Göteborg;1480;Kommunal;Göteborg;2120001355;268;99;87;82;67;43;71;
Sigrid Rudebecks gymnasium;19207279;Göteborg;1480;Enskild;Aktiebolaget Sigrid Rudebecks Skola;5563571248;476;153;172;151;70;11;91;
Sjölins Gymnasium Göteborg;53640774;Göteborg;1480;Enskild;Sjölins Gymnasium AB;5563758399;463;158;157;148;44;11;69;
SKF Tekniska Gymnasium;58502307;Göteborg;1480;Enskild;Skf Sverige Aktiebolag;5562408301;94;30;33;31;..;28;67;
Thoren Innovation School Göteborg;97177328;Göteborg;1480;Enskild;Thoren Innovation School AB;5568902653;209;44;82;83;7;35;52;
Västsvenska Gymnasiet;34831349;Göteborg;1480;Enskild;Idrottens Skola i Göteborg AB;5562035906;278;126;70;82;23;92;17;
Yrkesgymnasiet Göteborg;63511898;Göteborg;1480;Enskild;Thorengruppen AB;5566139290;370;136;130;104;44;48;26;
Älvstrandsgymnasiet;72127035;Hagfors;1783;Kommunal;Hagfors;2120001884;385;160;104;121;35;26;33;
Alléskolan 1;70969714;Hallsberg;1861;Kommunal;Sydnärkes Utbildningsförbund;2220001180;218;83;63;72;25;15;41;
Alléskolan 2;85003442;Hallsberg;1861;Kommunal;Sydnärkes Utbildningsförbund;2220001180;164;67;56;41;74;43;25;
Alléskolan 3;22752398;Hallsberg;1861;Kommunal;Sydnärkes Utbildningsförbund;2220001180;266;98;95;73;12;19;26;
Alléskolan 4;68734112;Hallsberg;1861;Kommunal;Sydnärkes Utbildningsförbund;2220001180;158;68;50;40;63;16;51;
Alléskolan 5;71922787;Hallsberg;1861;Kommunal;Sydnärkes Utbildningsförbund;2220001180;188;76;63;49;55;26;38;
Alléskolan 6;78730011;Hallsberg;1861;Kommunal;Sydnärkes Utbildningsförbund;2220001180;210;117;54;39;37;62;16;
Alléskolan 7;74148070;Hallsberg;1861;Kommunal;Sydnärkes Utbildningsförbund;2220001180;196;43;77;76;41;18;46;
Ridsportsgymnasiet;50696507;Hallstahammar;1961;Enskild;Ridskolan Strömsholm RS AB;5566940408;89;32;25;32;94;..;70;
Aspero Idrottsgymn. Halmstad;92507006;Halmstad;1380;Enskild;Aspero Friskolor AB;5566363973;309;112;113;84;41;4;69;
Drottning Blankas Gymnasieskola Halmstad;44653962;Halmstad;1380;Enskild;Drottning Blankas Gymnasieskola AB;5565668794;216;78;69;69;81;39;36;
Kattegattgymnasiet 1;20100577;Halmstad;1380;Kommunal;Halmstad;2120001215;268;98;81;89;47;20;65;
Kattegattgymnasiet 2;81993306;Halmstad;1380;Kommunal;Halmstad;2120001215;236;72;77;87;15;23;71;
Kattegattgymnasiet 3;19051089;Halmstad;1380;Kommunal;Halmstad;2120001215;333;102;149;82;46;50;67;
Kattegattgymnasiet 4;29097621;Halmstad;1380;Kommunal;Halmstad;2120001215;144;62;47;35;..;22;44;
Kattegattgymnasiet 5;61195886;Halmstad;1380;Kommunal;Halmstad;2120001215;352;127;117;108;7;16;35;
LBS Kreativa Gymnasiet Halmstad;47264019;Halmstad;1380;Enskild;Ljud & Bildskolan Lbs AB;5564851649;132;48;44;40;20;19;53;
Praktiska Gymnasiet Halmstad;87764775;Halmstad;1380;Enskild;Praktiska Sverige AB;5562575786;236;91;74;71;46;56;25;
Sannarpsgymnasiet 1;35670336;Halmstad;1380;Kommunal;Halmstad;2120001215;101;52;24;25;50;36;37;
Sannarpsgymnasiet 2;50198492;Halmstad;1380;Kommunal;Halmstad;2120001215;359;148;95;116;67;27;56;
Sannarpsgymnasiet 3;48438396;Halmstad;1380;Kommunal;Halmstad;2120001215;292;95;113;84;60;31;55;
Sannarpsgymnasiet 4;98052678;Halmstad;1380;Kommunal;Halmstad;2120001215;248;91;71;86;60;40;71;
Sannarpsgymnasiet 5;95993832;Halmstad;1380;Kommunal;Halmstad;2120001215;85;52;6;27;33;93;33;
Sturegymnasiet 1;20099064;Halmstad;1380;Kommunal;Halmstad;2120001215;305;113;100;92;74;20;65;
Sturegymnasiet 2;44341171;Halmstad;1380;Kommunal;Halmstad;2120001215;139;68;50;21;55;63;30;
Sturegymnasiet 3;77130356;Halmstad;1380;Kommunal;Halmstad;2120001215;113;40;39;34;37;34;34;
Sturegymnasiet 4;32671805;Halmstad;1380;Kommunal;Halmstad;2120001215;169;51;74;44;61;22;39;
Berga naturbruksgymnasium;38448056;Haninge;0136;Region;Region Stockholm;2321000016;169;65;56;48;84;10;46;
Fredrika Bremergymnasiet;16313848;Haninge;0136;Kommunal;Haninge;2120000084;2 051;800;701;550;35;36;39;
Riksäpplet;79606767;Haninge;0136;Kommunal;Haninge;2120000084;295;94;111;90;43;60;22;
Tornedalsskolan;11294673;Haparanda;2583;Kommunal;Haparanda;2120002775;268;81;94;93;44;48;30;
Martin Koch-gymnasiet;86327236;Hedemora;2083;Kommunal;Hedemora;2120002254;406;209;110;87;42;41;31;
Campeon Frigymnasium;41745951;Helsingborg;1283;Enskild;Campeon Frigymnasium AB;5566264056;208;70;68;70;77;11;78;
Cultura Gymnasium;83137205;Helsingborg;1283;Enskild;Cultura Utbildning AB;5567127237;164;46;60;58;58;94;49;
Drottning Blankas Gymnasieskola Helsingborg Prästgatan;66335258;Helsingborg;1283;Enskild;Drottning Blankas Gymnasieskola AB;5565668794;295;110;98;87;71;33;40;
Drottning Blankas Gymnasieskola Helsingborg S:a Kyrkogatan;28398531;Helsingborg;1283;Enskild;Drottning Blankas Gymnasieskola AB;5565668794;249;82;79;88;61;45;39;
Filbornaskolan;54172830;Helsingborg;1283;Kommunal;Helsingborg;2120001157;592;232;167;193;37;28;55;
G.O. Kompetens Transportgymnasium;86310217;Helsingborg;1283;Enskild;G.O. Kompetens Transportgymnasium AB;5566412549;146;48;59;39;25;21;18;
Helsingborgs Lärlingsgymnasium;77352223;Helsingborg;1283;Kommunal;Helsingborg;2120001157;288;116;101;71;50;32;29;
Helsingborgs Ridgymnasium;83085136;Helsingborg;1283;Enskild;Humeq Education AB;5565974671;133;48;44;41;96;..;47;
Helsingborgs Sportgymnasium;75458014;Helsingborg;1283;Enskild;Helsingborgs Sportgymnasium AB;5591204101;98;27;36;35;23;35;38;
Impius gymnasium;65136104;Helsingborg;1283;Enskild;Impius Utvecklings AB;5565523858;121;44;40;37;28;9;53;
International school of Hbg/Gy;61826221;Helsingborg;1283;Kommunal;Helsingborg;2120001157;129;127;1;1;57;71;67;
JENSEN Gymnasium Helsingborg;56330385;Helsingborg;1283;Enskild;Jensen Education College AB;5566358759;217;80;80;57;68;69;46;
Johannes Hedberggymnasiet;20228162;Helsingborg;1283;Enskild;Folkuniversitetet Stiftelsen Kurs- Verksamheten Vid Lunds Universitet;8450003481;369;177;92;100;60;33;72;
LBS Kreativa Gymnasiet Helsingborg;68240485;Helsingborg;1283;Enskild;Ljud & Bildskolan Lbs AB;5564851649;265;97;67;101;28;20;52;
Mega Musik gymnasium;95046058;Helsingborg;1283;Enskild;Mega Musik Gymnasieskola AB;5565956553;127;47;46;34;54;11;53;
Nicolaiskolan;44392995;Helsingborg;1283;Kommunal;Helsingborg;2120001157;578;222;179;177;70;36;46;
NTI Gymnasiet Helsingborg;79033948;Helsingborg;1283;Enskild;IT Gymnasiet Sverige AB;5565970471;372;131;124;117;18;38;47;
NTI Vetenskapsgymnasiet Helsingborg;48610406;Helsingborg;1283;Enskild;Nordens Teknikerinstitut Aktiebolag (Nti);5561203679;31;31;.;.;39;61;45;
Olympiaskolan;53462953;Helsingborg;1283;Kommunal;Helsingborg;2120001157;535;230;122;183;56;57;46;
Praktiska Gymnasiet Helsingborg;69241230;Helsingborg;1283;Enskild;Praktiska Sverige AB;5562575786;132;58;44;30;15;35;31;
ProCivitas Privata Gymnasium Helsingborg;60730660;Helsingborg;1283;Enskild;ProCivitas Privata Gymnasium AB;5566157102;532;175;179;178;65;14;79;
Realgymnasiet Helsingborg;85544331;Helsingborg;1283;Enskild;Lärande i Sverige AB;5565715892;92;24;38;30;68;..;43;
Rönnowska skolan;80327946;Helsingborg;1283;Kommunal;Helsingborg;2120001157;844;370;254;220;20;50;25;
Thoren Business School Helsingborg;82592568;Helsingborg;1283;Enskild;Thorengruppen AB;5566139290;487;165;155;167;53;28;65;
Thoren Innovation School Helsingborg;30359269;Helsingborg;1283;Enskild;Thoren Innovation School AB;5568902653;119;57;62;.;34;42;66;
Tycho Braheskolan;78875918;Helsingborg;1283;Kommunal;Helsingborg;2120001157;602;220;216;166;43;41;61;
Victum Gymnasium;78023197;Helsingborg;1283;Enskild;Victum Gymnasium Aktiebolag;5564889482;202;92;58;52;77;41;27;
Kunskapskällan;86385479;Herrljunga;1466;Kommunal;Herrljunga;2120001520;232;63;94;75;31;26;38;
Individuella programmet;53494028;Hjo;1497;Kommunal;Hjo;2120001728;18;12;5;1;..;..;..;
Björkhagsskolan, gymnasium;40991561;Hofors;2104;Kommunal;Hofors;2120002296;36;15;18;3;36;69;..;
Huddingegymnasiet;49862313;Huddinge;0126;Kommunal;Huddinge;2120000068;525;155;203;167;43;66;45;
NTI Gymnasiet Södertörn;99838438;Huddinge;0126;Enskild;IT Gymnasiet Sverige AB;5565970471;247;80;85;82;9;46;52;
Sjödalsgymnasiet;42859669;Huddinge;0126;Kommunal;Huddinge;2120000068;890;328;244;318;40;54;41;
Sågbäcksgymnasiet;70923626;Huddinge;0126;Kommunal;Huddinge;2120000068;518;282;128;108;33;62;25;
Widerströmska gymnasiet;55871389;Huddinge;0126;Kommunal;Huddinge;2120000068;161;120;18;23;58;61;46;
Yrkesgymnasiet Huddinge;92905347;Huddinge;0126;Enskild;Thorengruppen AB;5566139290;217;81;84;52;29;45;27;
Östra gymnasiet;99592025;Huddinge;0126;Kommunal;Huddinge;2120000068;838;322;260;256;48;30;68;
Bromangymnasiet 1;34247736;Hudiksvall;2184;Kommunal;Hudiksvall;2120002379;413;151;159;103;68;20;51;
Bromangymnasiet 2;47550455;Hudiksvall;2184;Kommunal;Hudiksvall;2120002379;651;248;205;198;36;22;48;
Bromangymnasiet 3;30329172;Hudiksvall;2184;Kommunal;Hudiksvall;2120002379;217;91;82;44;15;12;47;
Bromangymnasiet 4;82423815;Hudiksvall;2184;Kommunal;Hudiksvall;2120002379;102;102;.;.;40;50;15;
Hudikgymnasiet;76877530;Hudiksvall;2184;Enskild;Hudiksvalls Gymnasieskola AB;5590053723;126;49;35;42;56;21;52;
Hultsfreds gymnasium 1;47046103;Hultsfred;0860;Kommunal;Hultsfred;2120000712;219;86;68;65;35;42;32;
Hultsfreds gymnasium 2;56664512;Hultsfred;0860;Kommunal;Hultsfred;2120000712;121;47;48;26;42;81;19;
Hultsfreds gymnasium 3;38167912;Hultsfred;0860;Kommunal;Hultsfred;2120000712;138;49;51;38;45;35;40;
Hylte gymnasieskola;83501757;Hylte;1315;Kommunal;Hylte;2120001207;75;27;20;28;36;89;19;
Labora Gymnasium;43826783;Hylte;1315;Enskild;OneSchool Global Nyby Campus AB;5566657515;20;4;10;6;..;..;..;
Fridegårdsgymnasiet;58125096;Håbo;0305;Kommunal;Håbo;2120000241;495;206;156;133;50;20;51;
Fridegårdsgymnasiet- AST-programmen;82914148;Håbo;0305;Kommunal;Håbo;2120000241;84;33;25;26;45;13;58;
Pihlskolan gymnasium;20620556;Hällefors;1863;Kommunal;Hällefors;2120001942;163;86;50;27;38;63;15;
Härjedalens gymnasium;17173461;Härjedalen;2361;Kommunal;Härjedalen;2120002510;224;77;60;87;50;25;35;
Härnösands gymnasium 1;55535552;Härnösand;2280;Kommunal;Härnösand;2120002403;213;171;20;22;47;64;32;
Härnösands gymnasium 2;19560192;Härnösand;2280;Kommunal;Härnösand;2120002403;259;95;83;81;39;22;42;
Härnösands gymnasium 3;30468157;Härnösand;2280;Kommunal;Härnösand;2120002403;372;134;120;118;49;21;73;
Hulebäcksgymnasiet 1;98053087;Härryda;1401;Kommunal;Härryda;2120001264;384;149;117;118;52;10;69;
Hulebäcksgymnasiet 2;92533079;Härryda;1401;Kommunal;Härryda;2120001264;214;85;73;56;76;11;71;
Hulebäcksgymnasiet 3;61528940;Härryda;1401;Kommunal;Härryda;2120001264;340;132;114;94;45;15;90;
Hulebäcksgymnasiet 4;23681822;Härryda;1401;Kommunal;Härryda;2120001264;108;96;11;1;31;44;31;
Hulebäcksgymnasiet 5;66861851;Härryda;1401;Kommunal;Härryda;2120001264;415;149;138;128;62;13;69;
Hulebäcksgymnasiet 6;72206824;Härryda;1401;Kommunal;Härryda;2120001264;274;92;94;88;16;7;79;
Hässleholms Tekniska Skola;92858957;Hässleholm;1293;Kommunal;Hässleholm;2120000985;913;336;299;278;51;28;58;
IM Jacobsskolan;23372675;Hässleholm;1293;Kommunal;Hässleholm;2120000985;98;33;42;23;47;94;13;
Jacobsskolan;46660042;Hässleholm;1293;Kommunal;Hässleholm;2120000985;506;192;166;148;29;29;34;
Norrängsskolan;33678402;Hässleholm;1293;Kommunal;Hässleholm;2120000985;31;15;3;13;32;..;..;
Kullagymnasiet 1;44113417;Höganäs;1284;Kommunal;Höganäs;2120001165;235;102;66;67;15;37;48;
Kullagymnasiet 2;43627097;Höganäs;1284;Kommunal;Höganäs;2120001165;223;62;87;74;47;19;66;
Högsby utbildningscenter;67783774;Högsby;0821;Kommunal;Högsby;2120000688;101;57;20;24;45;82;14;
Hörby Lärcenter, Gymnasieutb.;95324620;Hörby;1266;Kommunal;Hörby;2120001108;25;12;7;6;..;68;..;
Hörby Yrkesgymnasium;38917647;Hörby;1266;Enskild;Hörby Yrkesgymnasium AB;5568212939;54;16;15;23;19;20;..;
Gymnasieutbildningen i Höör;45101776;Höör;1267;Kommunal;Höör;2120001116;40;21;14;5;35;50;..;
Karolinaskolan;21363125;Höör;1267;Enskild;Föreningen Fogdaröd omsorg, vård & utbildning utan personligt ansvar;7420002045;28;9;11;8;..;..;46;
Bokenskolan;39555838;Jokkmokk;2510;Kommunal;Lapplands Kommunalförbund;2220000760;117;41;38;38;44;29;44;
Didaktus Jakobsberg;85214294;Järfälla;0123;Enskild;Didaktus Skolor AB;5564732856;410;130;160;120;58;88;26;
Järfälla gymnasium;82084961;Järfälla;0123;Kommunal;Järfälla;2120000043;993;469;273;251;31;63;36;
Järfälla Vägledningsc. IMIND;23849498;Järfälla;0123;Kommunal;Järfälla;2120000043;19;19;.;.;..;..;..;
Bäckadalsgymn RO 1;46162400;Jönköping;0680;Kommunal;Jönköping;2120000530;332;137;93;102;8;33;45;
Bäckadalsgymn RO 2;39565412;Jönköping;0680;Kommunal;Jönköping;2120000530;169;110;34;25;31;71;17;
Bäckadalsgymn RO 3;98369689;Jönköping;0680;Kommunal;Jönköping;2120000530;247;84;80;83;19;10;30;
Bäckadalsgymn RO 4;56529916;Jönköping;0680;Kommunal;Jönköping;2120000530;261;107;81;73;25;6;38;
Bäckadalsgymn RO 5;40810950;Jönköping;0680;Kommunal;Jönköping;2120000530;178;89;66;23;60;19;40;
Drottning Blankas Gymnasieskola Jönköping;12279302;Jönköping;0680;Enskild;Plusgymnasiet AB;5565789129;166;44;71;51;81;42;36;
Erik Dahlbergsgymnasiet Ro 1;67279263;Jönköping;0680;Kommunal;Jönköping;2120000530;375;129;118;128;22;16;79;
Erik Dahlbergsgymnasiet RO 2;40037982;Jönköping;0680;Kommunal;Jönköping;2120000530;212;119;48;45;68;61;25;
Erik Dahlbergsgymnasiet RO 3;51210136;Jönköping;0680;Kommunal;Jönköping;2120000530;379;125;125;129;53;35;80;
Erik Dahlbergsgymnasiet RO 4;73829818;Jönköping;0680;Kommunal;Jönköping;2120000530;272;91;92;89;42;18;65;
Erik Dahlbergsgymnasiet RO 5;60881275;Jönköping;0680;Kommunal;Jönköping;2120000530;252;93;96;63;69;32;54;
JENSEN Gymnasium Jönköping;18881773;Jönköping;0680;Enskild;Jensen Education College AB;5566358759;57;16;19;22;63;46;46;
Kungsgymnasiet;50908408;Jönköping;0680;Enskild;Jönköpings Kristna Skolförening;8260017648;56;24;18;14;41;..;61;
LBS Kreativa Gymnasiet Jönköping;18594470;Jönköping;0680;Enskild;Ljud & Bildskolan Lbs AB;5564851649;244;86;89;69;27;19;55;
Magelungens Gymnasium Jönköping;69271071;Jönköping;0680;Enskild;Magelungen Utveckling AB;5564891447;43;33;6;4;37;..;51;
Per Brahegymnasiet RO 1;78295411;Jönköping;0680;Kommunal;Jönköping;2120000530;398;125;151;122;70;22;59;
Per Brahegymnasiet RO 2;80686587;Jönköping;0680;Kommunal;Jönköping;2120000530;324;107;104;113;71;36;69;
Per Brahegymnasiet RO 3;72232853;Jönköping;0680;Kommunal;Jönköping;2120000530;287;96;96;95;85;10;75;
Per Brahegymnasiet RO4;78986011;Jönköping;0680;Kommunal;Jönköping;2120000530;206;114;63;29;54;38;56;
Praktiska Gymnasiet Jönköping;17849518;Jönköping;0680;Enskild;Praktiska Sverige AB;5562575786;129;46;54;29;10;49;13;
Sandagymnasiet RO 1 Ny fr lå 17/18;64205087;Jönköping;0680;Kommunal;Jönköping;2120000530;377;128;128;121;43;20;66;
Sandagymnasiet RO 2 Ny fr lå 17/18;50500028;Jönköping;0680;Kommunal;Jönköping;2120000530;241;64;96;81;62;25;59;
Sandagymnasiet RO 4 Ny fr lå 17/18;94570025;Jönköping;0680;Kommunal;Jönköping;2120000530;130;54;26;50;40;21;47;
Sandagymnasiet RO 5;91984508;Jönköping;0680;Kommunal;Jönköping;2120000530;385;147;126;112;46;34;55;
Tenhults naturbruksgymnasium;78659008;Jönköping;0680;Region;Region Jönköpings Län;2321000057;192;69;68;55;74;6;44;
Vettergymnasiet Jönköping;12448823;Jönköping;0680;Enskild;Wetterbygdens Gymnasium AB;5567507420;80;40;25;15;23;50;25;
Furuhed 3;73008905;Kalix;2514;Kommunal;Kalix;2120002692;147;51;60;36;64;16;49;
Furuhedsskolan 1;40667807;Kalix;2514;Kommunal;Kalix;2120002692;231;87;84;60;45;32;37;
Furuhedsskolan 2;18091973;Kalix;2514;Kommunal;Kalix;2120002692;216;80;60;76;32;9;52;
Calmare Internationella Skola;88466776;Kalmar;0880;Enskild;CIS Kalmar AB;5565896213;184;60;49;75;52;24;67;
Dag Hammarskjöld Gymnasiet;36539945;Kalmar;0880;Enskild;Stiftelsen Kalmar Waldorfskola;8324012288;12;3;4;5;92;..;..;
Fria Läroverken i Kalmar;40634612;Kalmar;0880;Enskild;Gymnasieskolor i Syd AB;5569306979;183;63;57;63;39;33;40;
Jenny Nyströmsskolan 1 HT, RL, IM;62439199;Kalmar;0880;Kommunal;Kalmarsunds Gymnasieförbund;8324016453;231;128;47;56;56;45;31;
Jenny Nyströmsskolan 2 ES;66132676;Kalmar;0880;Kommunal;Kalmarsunds Gymnasieförbund;8324016453;225;96;78;51;76;19;59;
Jenny Nyströmsskolan 3 NA, GYSÄR;57942242;Kalmar;0880;Kommunal;Kalmarsunds Gymnasieförbund;8324016453;83;29;26;28;54;48;59;
Jenny Nyströmsskolan 4 BF, VO;80762863;Kalmar;0880;Kommunal;Kalmarsunds Gymnasieförbund;8324016453;248;84;82;82;70;39;35;
Lars Kaggskolan 1 NA, HV;77688926;Kalmar;0880;Kommunal;Kalmarsunds Gymnasieförbund;8324016453;383;123;122;138;68;19;69;
Lars Kaggskolan 2 TE, VF;14508922;Kalmar;0880;Kommunal;Kalmarsunds Gymnasieförbund;8324016453;415;141;139;135;23;21;68;
Lars Kaggskolan 3 IM;89409574;Kalmar;0880;Kommunal;Kalmarsunds Gymnasieförbund;8324016453;134;134;.;.;42;84;18;
Lars Kaggskolan 4 BA, EE, FT;69629086;Kalmar;0880;Kommunal;Kalmarsunds Gymnasieförbund;8324016453;384;137;134;113;5;12;40;
Naturbruksgymnasiet Kalmar 1;88624631;Kalmar;0880;Enskild;Hushållningssällskapet Kalmar-Kronoberg-Blekinge;2620000071;108;44;43;21;65;..;44;
Naturbruksgymnasiet Kalmar 2;35390185;Kalmar;0880;Enskild;Hushållningssällskapet Kalmar-Kronoberg-Blekinge;2620000071;21;11;5;5;..;..;..;
Praktiska Gymnasiet Kalmar;31657916;Kalmar;0880;Enskild;Praktiska Sverige AB;5562575786;144;52;56;36;45;40;22;
Stagneliusskolan 1 SA, SA-A, HA-A, IMIND-A;21008461;Kalmar;0880;Kommunal;Kalmarsunds Gymnasieförbund;8324016453;255;90;82;83;58;20;59;
Stagneliusskolan 2 EK, HA;54606928;Kalmar;0880;Kommunal;Kalmarsunds Gymnasieförbund;8324016453;543;202;168;173;58;23;59;
Stagneliusskolan 3, SA;53893730;Kalmar;0880;Kommunal;Kalmarsunds Gymnasieförbund;8324016453;437;167;148;122;61;13;60;
SYAB Transportgymnasium;46241804;Kalmar;0880;Enskild;SYAB Transportgymnasium AB;5567290035;102;34;33;35;25;..;34;
Vuxenutbildningen i Karlsborg och Karlsborgs gymnasieskola;55870331;Karlsborg;1446;Kommunal;Karlsborg;2120001629;18;16;2;.;..;61;..;
Fria Läroverken i Karlshamn;42573391;Karlshamn;1082;Enskild;Gymnasieskolor i Syd AB;5569306979;129;49;33;47;50;20;39;
Vägga gymnasieskola 1b;21673083;Karlshamn;1082;Kommunal;Karlshamn;2120000845;227;101;60;66;25;41;31;
Vägga gymnasieskola 2;64574972;Karlshamn;1082;Kommunal;Karlshamn;2120000845;285;90;90;105;72;23;49;
Vägga gymnasieskola 3;19741742;Karlshamn;1082;Kommunal;Karlshamn;2120000845;279;104;96;79;41;18;50;
Vägga gymnasieskola 4;29032715;Karlshamn;1082;Kommunal;Karlshamn;2120000845;220;88;56;76;44;33;75;
Karlskoga Idrottsgymnasium;45830583;Karlskoga;1883;Enskild;Karlskoga Idrottsgymnasium AB;5567823611;73;21;27;25;59;15;55;
Möckelngymnasiet Ro 2;48931433;Karlskoga;1883;Kommunal;Karlskoga;2120001991;307;101;110;96;65;23;58;
Möckelngymnasiet Ro 3;97270136;Karlskoga;1883;Kommunal;Karlskoga;2120001991;302;109;109;84;52;44;22;
Möckelngymnasiet Ro 4;19909435;Karlskoga;1883;Kommunal;Karlskoga;2120001991;237;83;81;73;12;14;47;
af Chapmangymnasiet;30530571;Karlskrona;1080;Kommunal;Karlskrona;2120000829;778;270;273;235;60;14;66;
Aspero Idrottsgymn. Karlskrona;78839208;Karlskrona;1080;Enskild;Aspero Friskolor AB;5566363973;208;78;74;56;53;8;82;
Ehrensvärdska gymnasiet;96024712;Karlskrona;1080;Kommunal;Karlskrona;2120000829;649;232;213;204;50;25;69;
Fischerströmska gymnasiet;36845597;Karlskrona;1080;Kommunal;Karlskrona;2120000829;199;129;49;21;35;64;27;
Praktiska Gymnasiet Karlskrona;40829056;Karlskrona;1080;Enskild;Praktiska Sverige AB;5562575786;41;.;13;28;37;34;27;
Törnströmska gymnasiet;85800840;Karlskrona;1080;Kommunal;Karlskrona;2120000829;519;221;172;126;23;13;55;
Fria Läroverken Karlstad;27115998;Karlstad;1780;Enskild;Fria Läroverken i Sverige AB;5569172041;580;214;158;208;44;11;59;
KLARA Teoretiska Gymnasium Karlstad;79516949;Karlstad;1780;Enskild;Klaragymnasium AB;5566303938;390;137;121;132;56;24;67;
Lillerudsgymnasiet;65662401;Karlstad;1780;Enskild;Lillerudsgymnasiet AB;5566243548;224;89;72;63;84;7;51;
Nobelgymnasiet 1;55654062;Karlstad;1780;Kommunal;Karlstad;2120001850;153;45;50;58;52;12;35;
Nobelgymnasiet 2;82378820;Karlstad;1780;Kommunal;Karlstad;2120001850;326;119;99;108;50;18;37;
Nobelgymnasiet 3;79909954;Karlstad;1780;Kommunal;Karlstad;2120001850;323;113;105;105;8;11;46;
Nobelgymnasiet 4;83612768;Karlstad;1780;Kommunal;Karlstad;2120001850;212;121;55;36;35;58;16;
NTI Gymnasiet Karlstad;41867682;Karlstad;1780;Enskild;IT Gymnasiet Sverige AB;5565970471;140;61;39;40;9;31;45;
Praktiska Gymnasiet Karlstad;38645259;Karlstad;1780;Enskild;Praktiska Sverige AB;5562575786;244;95;80;69;36;36;26;
Sundsta-Älvkullegymnasiet 1;99147574;Karlstad;1780;Kommunal;Karlstad;2120001850;392;114;139;139;55;35;79;
Sundsta-Älvkullegymnasiet 2;42168219;Karlstad;1780;Kommunal;Karlstad;2120001850;523;168;166;189;27;17;76;
Sundsta-Älvkullegymnasiet 4;89630390;Karlstad;1780;Kommunal;Karlstad;2120001850;471;170;155;146;72;18;73;
Sundsta-Älvkullegymnasiet 5;65637648;Karlstad;1780;Kommunal;Karlstad;2120001850;364;107;121;136;75;13;70;
Sundsta-Älvkullegymnasiet 6;62272121;Karlstad;1780;Kommunal;Karlstad;2120001850;73;26;27;20;71;22;71;
Sundsta-Älvkullegymnasiet 7;50669042;Karlstad;1780;Kommunal;Karlstad;2120001850;37;17;14;6;38;..;51;
Thoren Business School Karlstad;87207941;Karlstad;1780;Enskild;Thorengruppen AB;5566139290;306;109;81;116;49;27;54;
Tingvallagymnasiet 1;73235474;Karlstad;1780;Kommunal;Karlstad;2120001850;490;167;174;149;53;18;60;
Tingvallagymnasiet 2;56249605;Karlstad;1780;Kommunal;Karlstad;2120001850;269;106;92;71;71;43;33;
Duveholmsgymnasiet 1;23836342;Katrineholm;0483;Kommunal;Katrineholm;2120000340;264;86;85;93;64;29;52;
Duveholmsgymnasiet 3;10193789;Katrineholm;0483;Kommunal;Katrineholm;2120000340;22;15;5;2;59;..;..;
Duveholmsgymnasiet 4;79471219;Katrineholm;0483;Kommunal;Katrineholm;2120000340;201;81;61;59;46;88;13;
Katrineholms Tekniska College 1;63791419;Katrineholm;0483;Kommunal;Katrineholm;2120000340;315;113;103;99;50;42;40;
Katrineholms Tekniska College 2;39805497;Katrineholm;0483;Kommunal;Katrineholm;2120000340;235;77;86;72;13;17;45;
Lindengymnasiet;38400227;Katrineholm;0483;Kommunal;Katrineholm;2120000340;403;150;136;117;48;26;42;
Kinda lärcentrum;94660328;Kinda;0513;Kommunal;Kinda;2120000399;7;2;4;1;..;..;..;
Hjalmar Lundbohmsskolan enhet 1;81619482;Kiruna;2584;Kommunal;Lapplands Kommunalförbund;2220000760;214;81;65;68;51;13;66;
Hjalmar Lundbohmsskolan enhet 2;83829189;Kiruna;2584;Kommunal;Lapplands Kommunalförbund;2220000760;151;51;48;52;33;9;28;
Hjalmar Lundbohmsskolan enhet 3;46145886;Kiruna;2584;Kommunal;Lapplands Kommunalförbund;2220000760;211;63;75;73;44;13;37;
Hjalmar Lundbohmsskolan enhet 4;12395564;Kiruna;2584;Kommunal;Lapplands Kommunalförbund;2220000760;135;52;48;35;66;32;45;
Rymdgymnasiet;90006712;Kiruna;2584;Enskild;Malmens Friskola AB;5565528022;88;33;30;25;42;..;81;
Flygteknikcenter, Ljungbyhed;43649848;Klippan;1276;Kommunal;Klippan;2120000928;69;23;22;24;23;23;67;
Segragymnasiet Klippan;75344502;Klippan;1276;Enskild;Sveriges Naturbruksgymnasium AB;5569162562;124;47;44;33;73;..;40;
Tegelbruksskolan;84247499;Klippan;1276;Kommunal;Klippan;2120000928;347;150;94;103;13;18;25;
Åbyskolan 1;27041885;Klippan;1276;Kommunal;Klippan;2120000928;180;70;59;51;52;37;23;
Åbyskolan 2;39149668;Klippan;1276;Kommunal;Klippan;2120000928;254;81;98;75;55;30;52;
Åbyskolan 3;13509408;Klippan;1276;Kommunal;Klippan;2120000928;101;42;31;28;46;99;..;
Sjögrenska gymnasiet;97064126;Knivsta;0330;Kommunal;Knivsta;2120003013;99;46;32;21;32;90;11;
Räddningsgymnasiet Sandö;38233622;Kramfors;2282;Kommunal;Kramfors;2120002429;68;29;17;22;54;22;62;
Ådalsskolan 1;48156011;Kramfors;2282;Kommunal;Kramfors;2120002429;259;85;83;91;52;26;49;
Ådalsskolan 2;48722826;Kramfors;2282;Kommunal;Kramfors;2120002429;422;233;106;83;41;32;27;
Academy of Retail and Business (ARB);85014247;Kristianstad;1290;Enskild;Academy of Retail and Business Education Kristianstad AB;5569863433;82;52;30;.;35;30;49;
Christian 4:s Gymnasium ES;73063662;Kristianstad;1290;Kommunal;Kristianstad;2120000951;177;75;48;54;73;18;61;
Christian 4:s Gymnasium HA, HT, NA, SA;20734425;Kristianstad;1290;Kommunal;Kristianstad;2120000951;67;47;20;.;51;37;43;
Christian 4:s Gymnasium IM;71073360;Kristianstad;1290;Kommunal;Kristianstad;2120000951;42;24;18;.;38;..;50;
Drottning Blankas Gymnasieskola Kristianstad;67554405;Kristianstad;1290;Enskild;Plusgymnasiet AB;5565789129;601;208;205;188;67;35;41;
Framtidsgymnasiet Kristianstad;71571158;Kristianstad;1290;Enskild;Framtidsgymnasiet i Sverige AB;5565755500;315;78;134;103;6;80;10;
LBS Kreativa Gymnasiet Kristianstad;43251309;Kristianstad;1290;Enskild;Ljud & Bildskolan Lbs AB;5564851649;153;56;60;37;22;22;54;
Milnergymnasiet BF, HV, VO;97596286;Kristianstad;1290;Kommunal;Kristianstad;2120000951;336;131;108;97;74;29;42;
NTI Gymnasiet Kristianstad;53691739;Kristianstad;1290;Enskild;IT Gymnasiet Sverige AB;5565970471;137;40;52;45;..;58;39;
Praktiska Gymnasiet Kristianstad;86473502;Kristianstad;1290;Enskild;Praktiska Sverige AB;5562575786;119;46;35;38;60;54;24;
Söderportgymnasiet EK;59849681;Kristianstad;1290;Kommunal;Kristianstad;2120000951;270;96;87;87;53;21;69;
Söderportgymnasiet HA, IB, NA;98239050;Kristianstad;1290;Kommunal;Kristianstad;2120000951;159;45;55;59;56;64;54;
Söderportgymnasiet HU, SA;73944169;Kristianstad;1290;Kommunal;Kristianstad;2120000951;311;96;90;125;55;23;70;
Söderportgymnasiet IM;13520728;Kristianstad;1290;Kommunal;Kristianstad;2120000951;100;87;9;4;35;89;20;
Söderportgymnasiet RG;94455820;Kristianstad;1290;Kommunal;Kristianstad;2120000951;9;1;2;6;..;..;..;
Wendesgymnasiet BA, HV;58368956;Kristianstad;1290;Kommunal;Kristianstad;2120000951;173;60;52;61;..;8;38;
Wendesgymnasiet FT, VF;73567152;Kristianstad;1290;Kommunal;Kristianstad;2120000951;172;71;57;44;11;17;34;
Önnestadsgymnasiet;61547652;Kristianstad;1290;Enskild;Hushållningssällskapets Kompetensutveckling i Syd AB (HUSKAB);5567502777;196;84;56;56;54;6;42;
Österänggymnasiet EE, IN, RL;60209222;Kristianstad;1290;Kommunal;Kristianstad;2120000951;222;72;74;76;18;29;39;
Österänggymnasiet HT, SA;62104139;Kristianstad;1290;Kommunal;Kristianstad;2120000951;202;63;62;77;73;26;66;
Österänggymnasiet IM;21702982;Kristianstad;1290;Kommunal;Kristianstad;2120000951;141;141;.;.;42;91;13;
Österänggymnasiet NA, TE;87034307;Kristianstad;1290;Kommunal;Kristianstad;2120000951;445;156;147;142;40;31;73;
Brogårdsgymnasiet;78872213;Kristinehamn;1781;Kommunal;Kristinehamn;2120001868;393;160;117;116;46;30;53;
Presterudsgymnasiet;84286698;Kristinehamn;1781;Kommunal;Kristinehamn;2120001868;205;106;50;49;32;30;25;
Dille Gård Naturbruksgymnasium;62490359;Krokom;2309;Enskild;Dille Gård AB;5564173853;109;47;40;22;69;..;62;
Jämtlands Gymn, Torsta;64725297;Krokom;2309;Kommunal;Jämtlands Gymnasieförbund;2220001636;108;39;37;32;41;..;51;
Jämtlands Gymn, Wången;43362941;Krokom;2309;Kommunal;Jämtlands Gymnasieförbund;2220001636;59;19;14;26;92;24;41;
John Norlandergymnasiet;23350817;Kumla;1881;Kommunal;Kumla;2120001975;58;14;12;32;50;57;..;
Aranäsgymnasiet Enhet 1;76860623;Kungsbacka;1384;Kommunal;Kungsbacka;2120001256;280;97;84;99;61;17;68;
Aranäsgymnasiet Enhet 2;58191646;Kungsbacka;1384;Kommunal;Kungsbacka;2120001256;445;160;158;127;66;9;68;
Aranäsgymnasiet Enhet 3;80405898;Kungsbacka;1384;Kommunal;Kungsbacka;2120001256;359;178;96;85;31;18;67;
Aranäsgymnasiet Enhet 4;56021320;Kungsbacka;1384;Kommunal;Kungsbacka;2120001256;258;83;89;86;62;17;60;
Aranäsgymnasiet Enhet 5;41358402;Kungsbacka;1384;Kommunal;Kungsbacka;2120001256;92;31;30;31;..;..;40;
Beda Hallbergs gymnasium;63179610;Kungsbacka;1384;Kommunal;Kungsbacka;2120001256;61;26;22;13;57;16;59;
Drottning Blankas Gymnasieskola Kungsbacka;64569393;Kungsbacka;1384;Enskild;Drottning Blankas Gymnasieskola AB;5565668794;177;63;70;44;80;16;50;
Elof Lindälvs gymn Enhet 1;87262566;Kungsbacka;1384;Kommunal;Kungsbacka;2120001256;253;106;80;67;26;10;37;
Elof Lindälvs gymn Enhet 2;64160122;Kungsbacka;1384;Kommunal;Kungsbacka;2120001256;265;151;64;50;42;37;57;
Elof Lindälvs gymn Enhet 3;48217580;Kungsbacka;1384;Kommunal;Kungsbacka;2120001256;439;149;144;146;43;7;65;
Elof Lindälvs gymn Enhet 4;41844601;Kungsbacka;1384;Kommunal;Kungsbacka;2120001256;214;68;78;68;50;19;36;
Elof Lindälvs gymn Enhet 5;51620045;Kungsbacka;1384;Kommunal;Kungsbacka;2120001256;287;81;97;109;5;9;66;
LBS Kreativa Gymnasiet Kungsbacka;86888278;Kungsbacka;1384;Enskild;Ljud & Bildskolan Lbs AB;5564851649;87;37;24;26;23;..;60;
Praktiska Gymnasiet Kungsbacka;23457902;Kungsbacka;1384;Enskild;Praktiska Sverige AB;5562575786;124;45;48;31;42;23;27;
Sveriges Ridgymnasium Kungsbacka;27597104;Kungsbacka;1384;Enskild;Sveriges Ridgymnasium AB;5566814504;91;28;25;38;99;..;57;
Kungsörs Gymnasium;95992977;Kungsör;1960;Kommunal;Kungsör;2120002056;28;4;8;16;43;100;..;
Mimers Hus gymnasium Hugin;57397381;Kungälv;1482;Kommunal;Kungälv;2120001371;678;227;219;232;60;15;54;
Mimers Hus gymnasium Munin;56947954;Kungälv;1482;Kommunal;Kungälv;2120001371;850;296;280;274;25;26;49;
Kävlinge Lärcentrum, gymn.;88192227;Kävlinge;1261;Kommunal;Kävlinge;2120001058;70;70;.;.;43;76;..;
Ullvigymnasiet;72022487;Köping;1983;Kommunal;Köping;2120002114;987;428;306;253;43;30;42;
Osbecksgymnasiet RO1;71512894;Laholm;1381;Kommunal;Laholm;2120001223;286;99;113;74;48;19;59;
Osbecksgymnasiet RO2;70969556;Laholm;1381;Kommunal;Laholm;2120001223;140;44;57;39;31;22;32;
Osbecksgymnasiet RO3;11311971;Laholm;1381;Kommunal;Laholm;2120001223;71;36;20;15;28;90;28;
Öresundsgymnasiet Landskrona;28248021;Landskrona;1282;Kommunal;Landskrona;2120001140;485;208;143;134;42;78;26;
Gymnasieutbildning i Lekeberg;24445686;Lekeberg;1814;Kommunal;Lekeberg;2120002981;7;7;.;.;..;..;..;
Leksands gymnasium;44417214;Leksand;2029;Kommunal;Leksand;2120002163;508;190;153;165;43;19;54;
Lerums Gymnasium, skolenhet 1;25025681;Lerum;1441;Kommunal;Lerum;2120001447;231;75;82;74;54;13;61;
Lerums Gymnasium, skolenhet 2;88776535;Lerum;1441;Kommunal;Lerum;2120001447;276;94;91;91;32;13;82;
Lerums Gymnasium, skolenhet 3;29351272;Lerum;1441;Kommunal;Lerum;2120001447;200;114;49;37;20;32;27;
Lerums Gymnasium, skolenhet 4;49488344;Lerum;1441;Kommunal;Lerum;2120001447;187;71;54;62;61;16;51;
Lerums Gymnasium, skolenhet 5;74408578;Lerum;1441;Kommunal;Lerum;2120001447;363;133;129;101;35;16;58;
Lessebo Gymnasium;75395882;Lessebo;0761;Kommunal;Lessebo;2120000613;56;20;33;3;36;96;..;
Hersby gymnasium;71043974;Lidingö;0186;Kommunal;Lidingö;2120000191;1 003;369;329;305;39;13;82;
Lunagymnasiet;57777751;Lidingö;0186;Enskild;Utvecklingspedagogik Sverige Aktiebolag;5564715729;52;14;16;22;46;..;83;
Stillerska filmgymnasiet;38732602;Lidingö;0186;Enskild;Stillerska AB;5567777270;53;20;21;12;36;..;66;
De la Gardiegymnasiet, enhet 1;89807183;Lidköping;1494;Kommunal;Lidköping;2120001694;366;144;121;101;40;16;78;
De la Gardiegymnasiet, enhet 2;86724994;Lidköping;1494;Kommunal;Lidköping;2120001694;302;104;103;95;8;6;48;
De la Gardiegymnasiet, enhet 3;61161774;Lidköping;1494;Kommunal;Lidköping;2120001694;520;177;150;193;67;15;63;
De la Gardiegymnasiet, enhet 4;86158933;Lidköping;1494;Kommunal;Lidköping;2120001694;258;91;72;95;72;13;51;
De la Gardiegymnasiet, enhet 5;39179525;Lidköping;1494;Kommunal;Lidköping;2120001694;120;57;36;27;43;64;17;
De la Gardiegymnasiet, enhet 6;14102256;Lidköping;1494;Kommunal;Lidköping;2120001694;367;138;134;95;66;23;38;
Lindeskolan LS 1;75082280;Lindesberg;1885;Kommunal;Lindesberg;2120002015;92;70;17;5;46;20;20;
Lindeskolan LS 2;75914181;Lindesberg;1885;Kommunal;Lindesberg;2120002015;272;92;90;90;67;21;47;
Lindeskolan LS 3;39302565;Lindesberg;1885;Kommunal;Lindesberg;2120002015;247;88;94;65;14;15;35;
Lindeskolan LS 4;96818167;Lindesberg;1885;Kommunal;Lindesberg;2120002015;212;72;69;71;53;68;34;
Anders Ljungstedts gymnasium 10;89357497;Linköping;0580;Kommunal;Linköping;2120000449;65;31;20;14;..;51;38;
Anders Ljungstedts gymnasium 3;36072799;Linköping;0580;Kommunal;Linköping;2120000449;165;81;46;38;85;30;33;
Anders Ljungstedts gymnasium 4;61432781;Linköping;0580;Kommunal;Linköping;2120000449;250;83;90;77;10;16;37;
Anders Ljungstedts gymnasium 7;78287294;Linköping;0580;Kommunal;Linköping;2120000449;174;53;59;62;32;74;13;
Anders Ljungstedts gymnasium 8;74316305;Linköping;0580;Kommunal;Linköping;2120000449;170;62;61;47;..;28;45;
Anders Ljungstedts gymnasium 9;39096170;Linköping;0580;Kommunal;Linköping;2120000449;211;83;66;62;70;27;33;
Berzeliusskolan 1;79527481;Linköping;0580;Kommunal;Linköping;2120000449;465;160;149;156;26;14;81;
Berzeliusskolan 2;67300857;Linköping;0580;Kommunal;Linköping;2120000449;378;132;126;120;57;24;84;
Berzeliusskolan 3;55047771;Linköping;0580;Kommunal;Linköping;2120000449;12;5;5;2;..;..;..;
Berzeliusskolan 7;67809400;Linköping;0580;Kommunal;Linköping;2120000449;36;12;8;16;..;100;..;
Birgittaskolan 1;99279503;Linköping;0580;Kommunal;Linköping;2120000449;317;122;115;80;62;55;42;
Birgittaskolan 2;63653488;Linköping;0580;Kommunal;Linköping;2120000449;94;39;21;34;35;..;71;
Björkö Fria Gymnasium;84476205;Linköping;0580;Enskild;Stiftelsen Waldorfpedagogik i Vreta Kloster;8220027596;129;66;30;33;63;49;53;
Drottning Blankas Gymnasieskola Linköping;70412563;Linköping;0580;Enskild;Drottning Blankas Gymnasieskola AB;5565668794;120;54;32;34;78;61;31;
Folkungaskolan 1;24544503;Linköping;0580;Kommunal;Linköping;2120000449;296;128;77;91;59;12;72;
Folkungaskolan 2;25392789;Linköping;0580;Kommunal;Linköping;2120000449;415;127;158;130;70;13;75;
Folkungaskolan 3;64394770;Linköping;0580;Kommunal;Linköping;2120000449;29;8;16;5;34;100;..;
Framtidsgymnasiet Linköping;72109637;Linköping;0580;Enskild;Framtidsgymnasiet Öst AB;5565304481;139;71;43;25;13;55;24;
Fria Läroverken Linköping;69240218;Linköping;0580;Enskild;Fria Läroverken i Sverige AB;5569172041;366;140;133;93;42;25;58;
Hagströmska gymnasiet Linköping;14057258;Linköping;0580;Enskild;Hagströmska Gymnasiet AB;5567550461;93;37;30;26;18;16;20;
JENSEN Gymnasium Linköping;38460895;Linköping;0580;Enskild;Jensen Education College AB;5566358759;45;9;17;19;69;49;42;
Katedralskolan 2;31199511;Linköping;0580;Kommunal;Linköping;2120000449;440;148;162;130;71;38;70;
Katedralskolan 3;12934438;Linköping;0580;Kommunal;Linköping;2120000449;816;286;272;258;57;21;78;
KLARA Teoretiska Gymnasium Linköping;43313366;Linköping;0580;Enskild;Klaragymnasium AB;5566303938;470;159;160;151;65;26;57;
LBS Kreativa Gymnasiet Linköping;86787111;Linköping;0580;Enskild;Ljud & Bildskolan Lbs AB;5564851649;176;51;64;61;30;13;63;
Mediateknikerutbildningen, MTU;97868185;Linköping;0580;Enskild;Mediateknikerutbildningen, MTU AB;5564631983;142;43;49;50;35;20;58;
Praktiska Gymnasiet Linköping;81551726;Linköping;0580;Enskild;Praktiska Sverige AB;5562575786;135;53;39;43;32;25;28;
Realgymnasiet Linköping;77823650;Linköping;0580;Enskild;Lärande i Sverige AB;5565715892;218;92;74;52;38;20;41;
Thoren Business School Linköping;37550979;Linköping;0580;Enskild;Thorengruppen AB;5566139290;185;56;60;69;49;76;28;
Vreta Utbildningscentrum;52634142;Linköping;0580;Region;Region Östergötland;2321000040;436;147;155;134;39;2;43;
Yrkesgymnasiet Linköping;76195214;Linköping;0580;Enskild;Thorengruppen AB;5566139290;303;108;110;85;42;24;34;
RyssbyGymnasiet;32705515;Ljungby;0781;Enskild;Ryssbygymnasiet AB;5566214069;217;77;72;68;24;8;47;
Sunnerbogymnasiet 1;60214465;Ljungby;0781;Kommunal;Ljungby;2120000670;271;142;64;65;43;43;35;
Sunnerbogymnasiet 2;70137084;Ljungby;0781;Kommunal;Ljungby;2120000670;302;126;94;82;33;25;45;
Sunnerbogymnasiet 3;82002016;Ljungby;0781;Kommunal;Ljungby;2120000670;236;75;86;75;50;31;63;
Sunnerbogymnasiet 4;21901328;Ljungby;0781;Kommunal;Ljungby;2120000670;69;30;16;23;93;28;35;
Slottegymnasiet;23306658;Ljusdal;2161;Kommunal;Ljusdal;2120002320;514;170;186;158;49;26;34;
Träutbildningar i Hälsingland;57350392;Ljusdal;2161;Enskild;Träutbildningar i Hälsingland AB;5567796718;52;13;23;16;..;..;38;
ABB Industrigymnasium Ludvika;97535124;Ludvika;2085;Enskild;Industritekniska Gymnasiet Bergslagen AB;5566081740;103;36;35;32;47;13;72;
VBU Högbergsskolan 1;11102578;Ludvika;2085;Kommunal;Västerbergslagens Utbildningsförbund,VBU;2220000802;329;117;100;112;68;19;43;
VBU Högbergsskolan 2;69306209;Ludvika;2085;Kommunal;Västerbergslagens Utbildningsförbund,VBU;2220000802;302;95;106;101;20;32;41;
VBU Högbergsskolan 3;34488594;Ludvika;2085;Kommunal;Västerbergslagens Utbildningsförbund,VBU;2220000802;21;19;2;.;..;..;..;
VBU Malmen;92651253;Ludvika;2085;Kommunal;Västerbergslagens Utbildningsförbund,VBU;2220000802;121;38;43;40;21;12;31;
Luleå gymnasieskola, skolenhet A;31740319;Luleå;2580;Kommunal;Luleå;2120002742;163;52;64;47;76;24;42;
Luleå gymnasieskola, skolenhet B;10129345;Luleå;2580;Kommunal;Luleå;2120002742;298;109;101;88;67;17;63;
Luleå gymnasieskola, skolenhet C;17944628;Luleå;2580;Kommunal;Luleå;2120002742;420;152;126;142;74;13;66;
Luleå gymnasieskola, skolenhet D;82826083;Luleå;2580;Kommunal;Luleå;2120002742;214;82;81;51;19;18;40;
Luleå gymnasieskola, skolenhet E;94468610;Luleå;2580;Kommunal;Luleå;2120002742;193;73;68;52;65;40;45;
Luleå gymnasieskola, skolenhet F;94090461;Luleå;2580;Kommunal;Luleå;2120002742;243;92;74;77;39;7;78;
Luleå gymnasieskola, skolenhet G;12954099;Luleå;2580;Kommunal;Luleå;2120002742;303;103;102;98;23;11;77;
Luleå gymnasieskola, skolenhet H;80931789;Luleå;2580;Kommunal;Luleå;2120002742;365;119;121;125;48;19;71;
Luleå Gymnasieskola, skolenhet J;84098842;Luleå;2580;Kommunal;Luleå;2120002742;187;59;62;66;64;10;50;
NTI Gymnasiet Luleå;90473340;Luleå;2580;Enskild;Nordens Teknikerinstitut Aktiebolag (Nti);5561203679;178;53;54;71;15;20;54;
Praktiska Gymnasiet Luleå;26167236;Luleå;2580;Enskild;Praktiska Sverige AB;5562575786;222;108;66;48;47;17;33;
Consensum Gymnasium Lund;69807202;Lund;1281;Enskild;Consensum Lund AB;5566023684;256;93;79;84;70;51;43;
Drottning Blankas Gymnasieskola Lund;64648904;Lund;1281;Enskild;Drottning Blankas Gymnasieskola AB;5565668794;314;137;109;68;61;15;61;
Flyinge Hästsportgymnasium;43450482;Lund;1281;Enskild;;5563792927;14;14;.;.;93;..;..;
Gymnasieskolan Spyken;75939593;Lund;1281;Kommunal;Lund;2120001132;1 214;412;406;396;71;13;88;
Gymnasieskolan Vipan;63035915;Lund;1281;Kommunal;Lund;2120001132;1 185;542;353;290;35;32;36;
Hedda Anderssongymnasiet;20763964;Lund;1281;Kommunal;Lund;2120001132;276;147;129;.;22;32;61;
Hvilan Gymnasium Lund;36208931;Lund;1281;Enskild;Hvilan Utbildning AB;5566066980;77;77;.;.;49;21;71;
JENSEN Gymnasium Lund;26324896;Lund;1281;Enskild;Jensen Education College AB;5566358759;241;87;83;71;54;27;60;
Katedralskolan;56639389;Lund;1281;Kommunal;Lund;2120001132;1 516;496;516;504;57;20;87;
Lars-Erik Larssongymnasiet;95700485;Lund;1281;Enskild;Lars-Erik Larsson Gymnasiet;8465021015;181;54;54;73;62;16;89;
LBS Kreativa Gymnasiet Lund;51449748;Lund;1281;Enskild;Ljud & Bildskolan Lbs AB;5564851649;404;146;130;128;24;16;71;
Lunds Dans- o Musikalgymnasium;28267726;Lund;1281;Enskild;Dans o Musikal i Lund AB;5566981766;190;64;58;68;85;13;79;
Lunds Fordonstekniska Gymn.;28848709;Lund;1281;Enskild;Lunds Fordonstekniska Gymnasium AB;5566426630;54;17;23;14;..;41;37;
NTI Gymnasiet Lund;12613085;Lund;1281;Enskild;Nordens Teknikerinstitut Aktiebolag (Nti);5561203679;165;59;54;52;..;31;55;
Polhemskolan;53896162;Lund;1281;Kommunal;Lund;2120001132;2 595;942;846;807;48;17;78;
ProCivitas Privata Gymnasium Lund;17779637;Lund;1281;Enskild;ProCivitas Privata Gymnasium AB;5566157102;329;157;75;97;63;16;68;
Realgymnasiet i Lund;11185244;Lund;1281;Enskild;Lärande i Sverige AB;5565715892;264;118;88;58;73;13;46;
Sveriges Ridgymnasium Flyinge;56211717;Lund;1281;Enskild;Sveriges Ridgymnasium AB;5566814504;80;30;23;27;95;..;59;
Thoren Innovation School Lund;66824652;Lund;1281;Enskild;Thoren Innovation School AB;5568902653;226;63;86;77;12;48;60;
Tannbergsskolan 1;49168016;Lycksele;2481;Kommunal;Lycksele;2120002635;227;63;85;79;27;13;52;
Tannbergsskolan 2;32042066;Lycksele;2481;Kommunal;Lycksele;2120002635;125;49;31;45;10;19;34;
Tannbergsskolan 3;50821167;Lycksele;2481;Kommunal;Lycksele;2120002635;57;13;20;24;79;40;23;
Tannbergsskolan 4;71929526;Lycksele;2481;Kommunal;Lycksele;2120002635;105;35;34;36;73;15;48;
Tannbergsskolan 6;54461375;Lycksele;2481;Kommunal;Lycksele;2120002635;81;15;40;26;51;67;17;
Gullmarsgymnasiet 1;92814975;Lysekil;1484;Kommunal;Lysekil;2120001389;237;80;80;77;26;38;28;
Gullmarsgymnasiet 2;60873719;Lysekil;1484;Kommunal;Lysekil;2120001389;321;93;101;127;57;16;60;
4ans Gymnasium;28085125;Malmö;1280;Enskild;4ans Gymnasium AB;5567622682;103;40;31;32;58;74;37;
Agnesfrids gymnasium;28770304;Malmö;1280;Kommunal;Malmö;2120001124;230;141;52;37;9;69;24;
Bellevue gymnasium;86483208;Malmö;1280;Kommunal;Malmö;2120001124;160;94;47;19;46;68;25;
Bladins gymnasium;21938183;Malmö;1280;Enskild;Bladins Skola, Stiftelsen;8460010948;197;69;66;62;43;43;77;
Bladins International School of Malmö;78986228;Malmö;1280;Enskild;Bladins Skola, Stiftelsen;8460010948;38;.;23;15;47;82;71;
Bryggeriets Gymnasium;71472793;Malmö;1280;Enskild;Bryggeriets Bildnings Byrå (Bbb);8465017070;165;63;51;51;41;46;50;
Cybergymnasiet Malmö;69063711;Malmö;1280;Enskild;Cybergymnasiet Malmö AB;5565693289;356;124;118;114;45;57;43;
Drottning Blankas Gymnasieskola Malmö Möllan;77609073;Malmö;1280;Enskild;Drottning Blankas Gymnasieskola AB;5565668794;147;46;55;46;59;54;31;
Drottning Blankas Gymnasieskola Malmö Söderport;35894996;Malmö;1280;Enskild;Drottning Blankas Gymnasieskola AB;5565668794;327;122;110;95;73;43;41;
Einar Hansengymnasiet;12926770;Malmö;1280;Enskild;Folkuniversitetet Stiftelsen Kurs- Verksamheten Vid Lunds Universitet;8450003481;221;77;74;70;76;84;52;
Framtidsgymnasiet Malmö;17119840;Malmö;1280;Enskild;Framtidsgymnasiet i Sverige AB;5565755500;228;122;59;47;..;83;16;
Fria Läroverken Malmö;68748767;Malmö;1280;Enskild;Fria Läroverken i Sverige AB;5569172041;326;129;109;88;52;63;34;
JENSEN Gymnasium Malmö;48593439;Malmö;1280;Enskild;Jensen Education College AB;5566358759;225;92;69;64;57;72;47;
KLARA Teoretiska Gymnasium Malmö;23548714;Malmö;1280;Enskild;Hermods Gymnasium AB;5565286696;206;70;72;64;61;73;42;
Kunskapsgymnasiet Malmö;91773491;Malmö;1280;Enskild;Kunskapsskolan i Sverige Aktiebolag;5565661815;348;167;116;65;63;97;42;
Lärlingscenter Norra Sorgenfri gymnasium;20984584;Malmö;1280;Kommunal;Malmö;2120001124;185;85;46;54;54;46;32;
Malmö Borgarskola Ro 1;30361243;Malmö;1280;Kommunal;Malmö;2120001124;1 277;490;414;373;51;52;63;
Malmö Idrottsgymnasium Ro1;25596917;Malmö;1280;Kommunal;Malmö;2120001124;452;167;147;138;39;21;63;
Malmö Latinskola Ro 1;65722876;Malmö;1280;Kommunal;Malmö;2120001124;1 086;436;323;327;69;25;74;
Malmö Restaurangskola;11608031;Malmö;1280;Kommunal;Malmö;2120001124;191;110;35;46;41;55;31;
Norra Sorgenfri gymnasium;64123241;Malmö;1280;Kommunal;Malmö;2120001124;297;297;.;.;39;100;11;
NTI Gymnasiet Malmö;52129378;Malmö;1280;Enskild;Nordens Teknikerinstitut Aktiebolag (Nti);5561203679;268;107;88;73;5;48;51;
Pauliskolan;65381163;Malmö;1280;Kommunal;Malmö;2120001124;1 029;466;317;246;40;56;50;
Peabskolan Malmö;98541468;Malmö;1280;Enskild;Peabskolan AB;5564427432;104;43;32;29;..;46;30;
Praktiska Gymnasiet Malmö City;25648215;Malmö;1280;Enskild;Praktiska Sverige AB;5562575786;253;85;98;70;52;78;19;
Praktiska Gymnasiet Malmö Limhamn;61823258;Malmö;1280;Enskild;Praktiska Sverige AB;5562575786;201;75;80;46;37;63;26;
ProCivitas Privata Gymnasium Malmö;84424083;Malmö;1280;Enskild;ProCivitas Privata Gymnasium AB;5566157102;726;217;261;248;56;15;82;
Realgymnasiet Malmö;39178171;Malmö;1280;Enskild;Lärande i Sverige AB;5565715892;114;31;38;45;77;18;51;
Rytmus Malmö;49231191;Malmö;1280;Enskild;Rytmus AB;5564648979;182;66;54;62;59;21;61;
S:t Petri skola;78231062;Malmö;1280;Kommunal;Malmö;2120001124;864;314;249;301;64;27;80;
TAU Hantverksskola Gymnasium;79994304;Malmö;1280;Enskild;TAU Learning Aktiebolag;5566866082;124;95;18;11;28;81;16;
Thoren Business School Malmö;10481541;Malmö;1280;Enskild;Thorengruppen AB;5566139290;418;146;137;135;54;80;40;
Thoren Innovation School Malmö 2;45355980;Malmö;1280;Enskild;Thoren Innovation School AB;5568902653;111;67;44;.;27;57;47;
Universitetsholmens gymnasium;68006362;Malmö;1280;Kommunal;Malmö;2120001124;567;211;186;170;36;55;31;
Valdemarsro gymnasium;70200717;Malmö;1280;Kommunal;Malmö;2120001124;11;2;4;5;..;..;..;
Yrkesgymnasiet Malmö;86762103;Malmö;1280;Enskild;Thorengruppen AB;5566139290;223;116;66;41;30;55;28;
Malung-Sälens gymnasieskola;68381790;Malung-Sälen;2023;Kommunal;Västerdalarnas Utbildningsförbund;2220003145;345;116;102;127;32;18;51;
Malå gymnasieskola;73138140;Malå;2418;Kommunal;Malå;2120002866;19;5;11;3;..;79;..;
Vadsbogymnasiet;13006857;Mariestad;1493;Kommunal;Mariestad;2120001686;747;323;227;197;43;26;50;
Vänergymnasiet;76007769;Mariestad;1493;Enskild;Vänergymnasiet AB;5566269014;141;54;55;32;39;..;29;
Marks Gymnasieskola;16956086;Mark;1463;Kommunal;Mark;2120001504;850;313;289;248;45;20;47;
Strömma Naturbrukscentrum;93486713;Mark;1463;Enskild;Strömma Naturbrukscentrum AB;5590488465;148;53;60;35;81;..;54;
Gymnasieskolan;58187973;Markaryd;0767;Kommunal;Markaryd;2120000654;319;106;104;109;45;40;37;
Dahlstiernska gymnasiet;88894245;Mellerud;1461;Kommunal;Mellerud;2120001488;153;45;59;49;34;47;16;
Mjölby gymnasium 1;31870541;Mjölby;0586;Kommunal;Mjölby;2120000480;221;63;81;77;49;28;57;
Mjölby gymnasium 2;71160225;Mjölby;0586;Kommunal;Mjölby;2120000480;136;56;49;31;69;50;20;
Mjölby gymnasium 3;80376589;Mjölby;0586;Kommunal;Mjölby;2120000480;86;47;26;13;31;60;..;
Mjölby gymnasium 4;67752682;Mjölby;0586;Kommunal;Mjölby;2120000480;142;50;46;46;9;8;50;
Mjölby gymnasium 5;47884009;Mjölby;0586;Kommunal;Mjölby;2120000480;143;50;44;49;27;11;27;
Mora gymnasium, ro 1;44672598;Mora;2062;Kommunal;Mora;2120002213;497;171;164;162;51;12;66;
Mora gymnasium, ro 2;75340089;Mora;2062;Kommunal;Mora;2120002213;483;197;160;126;37;24;36;
Carlsund utbildningscentrum 1;36670439;Motala;0583;Kommunal;Motala;2120002817;200;81;78;41;48;27;27;
Carlsund utbildningscentrum 2;22220001;Motala;0583;Kommunal;Motala;2120002817;230;87;78;65;33;21;37;
Carlsund utbildningscentrum IM;15644006;Motala;0583;Kommunal;Motala;2120002817;100;39;34;27;42;58;13;
Platengymnasiet 1;31822012;Motala;0583;Kommunal;Motala;2120002817;315;117;98;100;58;31;51;
Platengymnasiet 2;83161201;Motala;0583;Kommunal;Motala;2120002817;306;98;109;99;44;20;74;
Platengymnasiet IM;77681909;Motala;0583;Kommunal;Motala;2120002817;47;7;17;23;53;98;..;
Dinglegymnasiet;97090958;Munkedal;1430;Enskild;Dinglegymnasiet AB;5590475611;61;13;27;21;77;..;46;
Kunskapenshus, IM;58583587;Munkedal;1430;Kommunal;Munkedal;2120001330;71;23;12;36;18;75;20;
Lärlingsgymnasiet i Munkedal;15100079;Munkedal;1430;Enskild;Lärlingsgymnasiet i Sverige AB;5567628176;80;32;26;22;29;18;21;
Processtekniska Gymnasiet;55421481;Munkedal;1430;Kommunal;Munkedal;2120001330;36;11;12;13;..;..;47;
Franklins gymnasium;76562396;Mölndal;1481;Kommunal;Mölndal;2120001363;59;59;.;.;31;..;69;
Krokslättsgymnasiet Skolenhet 1;76470241;Mölndal;1481;Kommunal;Mölndal;2120001363;85;84;1;.;35;99;..;
Krokslättsgymnasiet Skolenhet 2;99356671;Mölndal;1481;Kommunal;Mölndal;2120001363;225;157;38;30;68;42;36;
Mönsteråsgymnasiet;16702464;Mönsterås;0861;Kommunal;Mönsterås;2120000720;114;32;40;42;44;45;42;
Mönsteråsgymnasiet IM;43762671;Mönsterås;0861;Kommunal;Mönsterås;2120000720;65;24;14;27;37;85;17;
Designgymnasiet Sickla;14355031;Nacka;0182;Enskild;Nya Designgymnasiet i Nacka AB;5569320681;217;76;81;60;60;16;71;
Magelungens Gymnasium Danvikstull;71353314;Nacka;0182;Enskild;Magelungen Utveckling AB;5564891447;93;47;22;24;71;18;43;
MediaGymnasiet i Nacka Strand;29449669;Nacka;0182;Enskild;MediaGymnasiet Nacka Strand AB;5566765995;364;126;106;132;34;15;64;
Nacka Enskilda Gymnasium;62855448;Nacka;0182;Enskild;Nacka Enskilda Gymnasium AB;5567841977;181;59;61;61;30;17;53;
Nacka gymnasium, Natur & Teknik;36252055;Nacka;0182;Kommunal;Nacka;2120000167;1 068;390;341;337;32;13;79;
Nacka gymnasium, Samhälle;91812793;Nacka;0182;Kommunal;Nacka;2120000167;1 087;400;369;318;58;17;74;
NTI Gymnasiet Nacka;31071774;Nacka;0182;Enskild;Nordens Teknikerinstitut Aktiebolag (Nti);5561203679;57;57;.;.;..;..;81;
Praktiska Gymnasiet Nacka;72891848;Nacka;0182;Enskild;Praktiska Sverige AB;5562575786;413;181;159;73;31;58;20;
Rytmus Stockholm;46611859;Nacka;0182;Enskild;Rytmus AB;5564648979;675;236;231;208;54;12;73;
Sjölins gymnasium Nacka;58907711;Nacka;0182;Enskild;Sjölins Gymnasium AB;5563758399;413;158;128;127;56;12;73;
YBC, Young Business Creatives;68285560;Nacka;0182;Kommunal;Nacka;2120000167;541;195;171;175;48;15;69;
IV-programmet i Nora;71728074;Nora;1884;Kommunal;Nora;2120002007;24;5;9;10;..;63;..;
Gymnasieutbildn. i Nordanstig RO9;16374064;Nordanstig;2132;Kommunal;Hälsinglands Utbildningsförbund;2220003111;23;9;7;7;61;70;..;
Bråvallagymnasiet 1;83805032;Norrköping;0581;Kommunal;Norrköping;2120000456;147;64;48;35;11;39;29;
Bråvallagymnasiet 2;48862305;Norrköping;0581;Kommunal;Norrköping;2120000456;321;117;107;97;8;24;33;
Bråvallagymnasiet 3;32887559;Norrköping;0581;Kommunal;Norrköping;2120000456;201;76;72;53;..;27;36;
Bråvallagymnasiet 4;85586216;Norrköping;0581;Kommunal;Norrköping;2120000456;52;52;.;.;..;46;..;
De Geergymnasiet 1;58544422;Norrköping;0581;Kommunal;Norrköping;2120000456;370;118;139;113;63;36;54;
De Geergymnasiet 2;40549870;Norrköping;0581;Kommunal;Norrköping;2120000456;43;30;8;5;51;63;30;
De Geergymnasiet 3;65150019;Norrköping;0581;Kommunal;Norrköping;2120000456;261;82;93;86;70;14;74;
De Geergymnasiet 4;31796890;Norrköping;0581;Kommunal;Norrköping;2120000456;74;31;21;22;45;23;34;
De Geergymnasiet 6;22426680;Norrköping;0581;Kommunal;Norrköping;2120000456;44;20;.;24;84;25;61;
Drottning Blankas Gymnasieskola Norrköping;28023078;Norrköping;0581;Enskild;Plusgymnasiet AB;5565789129;230;65;89;76;82;44;34;
Ebersteinska gymnasiet 5;71541108;Norrköping;0581;Kommunal;Norrköping;2120000456;187;78;60;49;68;70;35;
Ebersteinska gymnasiet 6;62956050;Norrköping;0581;Kommunal;Norrköping;2120000456;186;103;46;37;40;69;34;
Eberstienska gymnasiet 4;53832505;Norrköping;0581;Kommunal;Norrköping;2120000456;165;51;63;51;21;42;64;
Film & Musikgymnasiet;47537928;Norrköping;0581;Enskild;Studiefrämjandet i Östergötland;8220038460;140;52;40;48;63;9;64;
Fria Läroverken Norrköping;69471748;Norrköping;0581;Enskild;Fria Läroverken i Sverige AB;5569172041;338;131;115;92;49;59;34;
Hagagymnasiet skolenhet Blå;49750031;Norrköping;0581;Kommunal;Norrköping;2120000456;344;126;97;121;70;25;67;
Hagagymnasiet skolenhet grön;76485705;Norrköping;0581;Kommunal;Norrköping;2120000456;183;61;63;59;52;48;77;
Hagagymnasiet skolenhet gul;31771188;Norrköping;0581;Kommunal;Norrköping;2120000456;76;35;31;10;61;25;34;
Hagagymnasiet skolenhet röd;93239262;Norrköping;0581;Kommunal;Norrköping;2120000456;175;63;57;55;61;27;40;
Himmelstalunds Utbildningscentrum;25745773;Norrköping;0581;Region;Region Östergötland;2321000040;256;78;101;77;78;8;45;
Kungsgårdsgymnasiet 1;99976753;Norrköping;0581;Kommunal;Norrköping;2120000456;283;96;92;95;52;37;56;
Kungsgårdsgymnasiet 2;58037626;Norrköping;0581;Kommunal;Norrköping;2120000456;165;62;45;58;39;98;12;
Kungsgårdsgymnasiet 3;14278480;Norrköping;0581;Kommunal;Norrköping;2120000456;164;59;56;49;74;21;37;
Kunskapsgymnasiet Norrköping;75575321;Norrköping;0581;Enskild;Kunskapsskolan i Sverige Aktiebolag;5565661815;476;202;136;138;64;18;73;
Norrköpings Lärlingsgymnasium 1;17204216;Norrköping;0581;Kommunal;Norrköping;2120000456;202;67;91;44;47;19;30;
Norrköpings lärlingsgymnasium 2;35230892;Norrköping;0581;Kommunal;Norrköping;2120000456;39;12;18;9;31;41;..;
Realgymnasiet Norrköping;43284031;Norrköping;0581;Enskild;Lärande i Sverige AB;5565715892;331;119;115;97;27;22;53;
Carl Wahren Gymnasium;13963517;Norrtälje;0188;Enskild;Roslagen Education AB;5568027378;173;68;51;54;38;43;14;
Ekebyholmsskolan, gy;24194577;Norrtälje;0188;Enskild;Ekebyholmsskolan Aktiebolag;5562512425;29;7;10;12;48;45;48;
Norrtelje Teknik- och Naturbruksgymnasium;26267406;Norrtälje;0188;Enskild;Norrtelje teknikgymnasium AB;5567916761;166;58;63;45;27;28;32;
Rodengymnasiet;42258644;Norrtälje;0188;Kommunal;Norrtälje;2120000217;1 242;434;426;382;43;22;42;
Norsjö gymnasium;25985417;Norsjö;2417;Kommunal;Norsjö;2120002858;11;11;.;.;..;100;..;
Åkrahällskolan Akra01;35035671;Nybro;0881;Kommunal;Nybro;2120000753;116;44;41;31;28;43;21;
Åkrahällskolan Akra02;12130801;Nybro;0881;Kommunal;Nybro;2120000753;176;52;72;52;55;30;40;
Åkrahällskolan Akra03;51736304;Nybro;0881;Kommunal;Nybro;2120000753;175;70;58;47;15;46;45;
Praktiska Gymnasiet Nykvarn;53180719;Nykvarn;0140;Enskild;Praktiska Sverige AB;5562575786;254;90;86;78;35;57;22;
Elteknikbranschens gymnasium;27489137;Nyköping;0480;Enskild;Elteknikbranschens Gymnasium i Nyköping AB;5567106637;84;30;27;27;..;..;43;
Framtidsgymnasiet Nyköping;15609112;Nyköping;0480;Enskild;Framtidsgymnasiet Öst AB;5565304481;156;54;58;44;..;47;16;
LBS Kreativa Gymnasiet Nyköping;44285075;Nyköping;0480;Enskild;Ljud & Bildskolan Lbs AB;5564851649;165;62;51;52;32;13;53;
Nyköping Strand Utbildn.center;60424371;Nyköping;0480;Enskild;Nyköping Strand Utbildningscentrum AB;5564710795;153;56;48;49;63;11;48;
Nyköpings Enskilda Gymnasium;95785055;Nyköping;0480;Enskild;Erastos AB;5564418449;511;170;164;177;66;11;76;
Nyköpings gymnasium Gripen;68655578;Nyköping;0480;Kommunal;Nyköping;2120002940;1 031;421;313;297;42;37;44;
Nyköpings gymnasium Nico;68741484;Nyköping;0480;Kommunal;Nyköping;2120002940;354;126;130;98;53;48;35;
Nyköpings gymnasium Skavsta;17062663;Nyköping;0480;Kommunal;Nyköping;2120002940;211;80;67;64;13;24;39;
Realgymnasiet Nyköping;56267421;Nyköping;0480;Enskild;Lärande i Sverige AB;5565715892;85;32;32;21;85;..;38;
Öknaskolan;34990065;Nyköping;0480;Region;Region Sörmland;2321000032;245;83;78;84;54;6;49;
Nynäshamns gymnasium;37054246;Nynäshamn;0192;Kommunal;Nynäshamn;2120000233;445;223;116;106;39;33;42;
Brinellgymnasiet 1;96383883;Nässjö;0682;Kommunal;Nässjö;2120000548;232;160;34;38;31;57;25;
Brinellgymnasiet 2;39199869;Nässjö;0682;Kommunal;Nässjö;2120000548;341;123;117;101;28;29;49;
Brinellgymnasiet 3;62216381;Nässjö;0682;Kommunal;Nässjö;2120000548;277;85;95;97;75;24;48;
Brinellgymnasiet 4;31179045;Nässjö;0682;Kommunal;Nässjö;2120000548;334;116;99;119;60;46;38;
Klaragymnasiet med internat;15763669;Olofström;1060;Kommunal;Kommunsamverkan Cura Individutveckling;2220000711;50;11;11;28;26;..;42;
Nordenbergsskolan 1;59655752;Olofström;1060;Kommunal;Olofström;2120000811;202;72;70;60;28;44;38;
Nordenbergsskolan 2;88750078;Olofström;1060;Kommunal;Olofström;2120000811;136;43;56;37;18;33;39;
Nordenbergsskolan 3;50108759;Olofström;1060;Kommunal;Olofström;2120000811;184;68;66;50;64;25;51;
Gymnasiet;41878314;Orust;1421;Kommunal;Orust;2120001314;30;21;6;3;33;37;..;
Ekbackeskolan Ro1;41555549;Osby;1273;Kommunal;Osby;2120000902;245;98;87;60;56;21;40;
Ekbackeskolan Ro2;98876996;Osby;1273;Kommunal;Osby;2120000902;146;76;40;30;53;53;42;
Yrkesskolan, introduktionsprogrammet;19878579;Osby;1273;Kommunal;Osby;2120000902;24;13;6;5;..;..;..;
Elajo Technical Edu. Center;22383788;Oskarshamn;0882;Enskild;Elajo Technical Education Center AB;5562216027;81;27;26;28;..;..;47;
Oscarsgymnasiet A;85459854;Oskarshamn;0882;Kommunal;Oskarshamn;2120000761;206;84;79;43;69;20;55;
Oscarsgymnasiet B;81876614;Oskarshamn;0882;Kommunal;Oskarshamn;2120000761;316;96;126;94;28;34;49;
Oscarsgymnasiet C;44963095;Oskarshamn;0882;Kommunal;Oskarshamn;2120000761;166;62;50;54;42;14;42;
Oscarsgymnasiet D;18711877;Oskarshamn;0882;Kommunal;Oskarshamn;2120000761;212;54;81;77;64;20;42;
Oscarsgymnasiet E/GS;67167389;Oskarshamn;0882;Kommunal;Oskarshamn;2120000761;53;30;18;5;45;83;..;
Voxnadalens gymnasium;67071618;Ovanåker;2121;Kommunal;Ovanåker;2120002304;301;103;104;94;41;29;34;
Laestadiusskolan;75324351;Pajala;2521;Kommunal;Lapplands Kommunalförbund;2220000760;142;55;57;30;42;29;36;
Partille Gymnasium;61229217;Partille;1402;Kommunal;Partille;2120001272;284;86;112;86;26;37;46;
Partille gymnasium/IM;21862642;Partille;1402;Kommunal;Partille;2120001272;127;56;43;28;28;70;17;
Perstorp Tekniska Gymnasium;58929357;Perstorp;1275;Enskild;Perstorp Aktiebolag;5560246513;69;23;25;21;26;23;59;
Grans naturbruksgymnasium;42517257;Piteå;2581;Kommunal;Piteå;2120002759;148;48;49;51;80;..;46;
Strömbacka Frigg;70376604;Piteå;2581;Kommunal;Piteå;2120002759;200;58;80;62;76;16;56;
Strömbacka Hugin;59575030;Piteå;2581;Kommunal;Piteå;2120002759;281;107;81;93;33;9;73;
Strömbacka Magne;93503103;Piteå;2581;Kommunal;Piteå;2120002759;173;60;66;47;16;8;41;
Strömbacka Mimer;18617410;Piteå;2581;Kommunal;Piteå;2120002759;287;129;99;59;70;22;49;
Strömbacka Mjölner;41697930;Piteå;2581;Kommunal;Piteå;2120002759;296;110;95;91;14;9;52;
Strömbacka Munin;28025244;Piteå;2581;Kommunal;Piteå;2120002759;196;65;58;73;62;19;45;
Jämtlands Gymn, Bispgården;17184072;Ragunda;2303;Kommunal;Jämtlands Gymnasieförbund;2220001636;34;16;6;12;..;35;..;
Blekinge Naturbruksgymnasium;86896907;Ronneby;1081;Kommunal;Ronneby;2120000837;109;48;30;31;58;..;39;
Gymnasieskolan Knut Hahn 1;40338843;Ronneby;1081;Kommunal;Ronneby;2120000837;298;94;111;93;61;21;53;
Gymnasieskolan Knut Hahn 2;77440824;Ronneby;1081;Kommunal;Ronneby;2120000837;285;112;98;75;21;34;55;
Gymnasieskolan Knut Hahn 3;13883567;Ronneby;1081;Kommunal;Ronneby;2120000837;174;60;114;.;37;79;22;
Gymnasieskolan Knut Hahn 4;71069359;Ronneby;1081;Kommunal;Ronneby;2120000837;58;22;20;16;..;22;59;
Sjöarpsskolan gy;56336528;Ronneby;1081;Kommunal;Ronneby;2120000837;1;1;.;.;..;..;..;
Stiernhööksgymnasiet;14292382;Rättvik;2031;Kommunal;Rättvik;2120002171;433;160;143;130;54;7;41;
Kungsängsgymnasiet;87859089;Sala;1981;Kommunal;Sala;2120002098;445;183;128;134;44;33;37;
Västmanland naturbruksgy. Ösby;54764253;Sala;1981;Kommunal;Sala;2120002098;215;84;65;66;41;15;37;
Rönninge gymnasium;98908403;Salem;0128;Kommunal;Salem;2120002874;552;180;194;178;51;66;45;
Bessemerskolan;16493131;Sandviken;2181;Kommunal;Sandviken;2120002346;833;279;276;278;44;26;48;
Bessemerskolan_IM;33528519;Sandviken;2181;Kommunal;Sandviken;2120002346;220;76;97;47;35;79;13;
Göranssonska skolan;41119610;Sandviken;2181;Enskild;Sandvik Utbildningsaktiebolag;5563048791;195;65;65;65;32;15;74;
Arlandagymnasiet 1;83272868;Sigtuna;0191;Kommunal;Sigtuna;2120000225;575;212;193;170;44;35;54;
Arlandagymnasiet 2;66912789;Sigtuna;0191;Kommunal;Sigtuna;2120000225;115;71;32;12;36;91;14;
Arlandagymnasiet 3;48304166;Sigtuna;0191;Kommunal;Sigtuna;2120000225;336;146;98;92;23;53;35;
Praktiska Gymnasiet Märsta;24982097;Sigtuna;0191;Enskild;Praktiska Sverige AB;5562575786;128;55;43;30;26;48;26;
Sigtunaskolan hum. läroverket, gy;45552626;Sigtuna;0191;Enskild;Sigtuna Skolstiftelse;8148002879;303;104;99;100;58;17;72;
Sigtunaskolan hum. läroverket, int gy;50906954;Sigtuna;0191;Enskild;Sigtuna Skolstiftelse;8148002879;155;49;55;51;57;75;44;
Nova Academy;16748680;Simrishamn;1291;Kommunal;Simrishamn;2120000969;203;70;66;67;53;25;62;
Österlengymnasiet;68597767;Simrishamn;1291;Kommunal;Simrishamn;2120000969;107;42;40;25;42;52;19;
Malenagymnasiet;27964873;Sjöbo;1265;Kommunal;Sjöbo;2120001090;231;98;76;57;25;8;23;
Katedralskolan Skara Enhet 1;65674821;Skara;1495;Kommunal;Skara;2120001702;186;74;58;54;44;41;37;
Katedralskolan Skara Enhet 2;30706655;Skara;1495;Kommunal;Skara;2120001702;233;84;99;50;57;31;34;
Katedralskolan Skara Enhet 3;92332557;Skara;1495;Kommunal;Skara;2120001702;222;73;61;88;45;34;56;
Naturbruksskolan Uddetorp;46332927;Skara;1495;Region;Västra Götalandsregionen;2321000131;147;58;41;48;18;..;42;
Olinsgymnasiet;16555851;Skara;1495;Enskild;Olinsgymnasiet i Skara AB;5569998932;95;45;26;24;54;12;59;
Anderstorpsgymnasiet 1;78821574;Skellefteå;2482;Kommunal;Skellefteå;2120002643;125;39;40;46;..;..;50;
Anderstorpsgymnasiet 2;70408763;Skellefteå;2482;Kommunal;Skellefteå;2120002643;226;77;67;82;78;6;64;
Anderstorpsgymnasiet 3;99620228;Skellefteå;2482;Kommunal;Skellefteå;2120002643;405;124;151;130;52;11;57;
Anderstorpsgymnasiet 4;42440084;Skellefteå;2482;Kommunal;Skellefteå;2120002643;108;42;35;31;51;..;32;
Anderstorpsgymnasiet 5;70815774;Skellefteå;2482;Kommunal;Skellefteå;2120002643;235;91;82;62;70;16;58;
Anderstorpsgymnasiet 6;21080571;Skellefteå;2482;Kommunal;Skellefteå;2120002643;58;47;9;2;29;48;..;
Anderstorpsgymnasiet Hammarängen;24653673;Skellefteå;2482;Kommunal;Skellefteå;2120002643;94;36;34;24;23;..;43;
Baldergymnasiet 1;58200871;Skellefteå;2482;Kommunal;Skellefteå;2120002643;181;69;53;59;36;9;51;
Baldergymnasiet 3;90505849;Skellefteå;2482;Kommunal;Skellefteå;2120002643;194;145;37;12;31;75;13;
Baldergymnasiet 5;71099568;Skellefteå;2482;Kommunal;Skellefteå;2120002643;343;121;108;114;65;26;60;
Baldergymnasiet 6;51145165;Skellefteå;2482;Kommunal;Skellefteå;2120002643;370;128;140;102;34;12;63;
Guldstadsgymnasiet i Skellefteå;90990441;Skellefteå;2482;Enskild;Honesta Skolutveckling AB;5569173635;142;54;51;37;48;35;32;
Naturbruksgymnasiet i Burträsk;86319615;Skellefteå;2482;Kommunal;Skellefteå;2120002643;77;28;22;27;38;..;38;
Praktiska Gymnasiet Skellefteå;87303004;Skellefteå;2482;Enskild;Praktiska Sverige AB;5562575786;162;63;51;48;38;59;20;
Yrkesgymnasiet Skellefteå;97835550;Skellefteå;2482;Enskild;Thorengruppen AB;5566139290;116;49;26;41;21;37;27;
Nils Holgerssongy i Skurup;22446331;Skurup;1264;Kommunal;Skurup;2120001082;201;83;60;58;29;8;24;
Drottning Blankas Gymnasieskola Skövde;26508763;Skövde;1496;Enskild;Plusgymnasiet AB;5565789129;272;106;81;85;78;32;32;
Gymnasieskola enhet 882;42287353;Skövde;1496;Kommunal;Skövde;2120001710;36;14;10;12;..;..;33;
Kavelbro enhet 876;42911621;Skövde;1496;Kommunal;Skövde;2120001710;306;108;105;93;27;8;44;
Kavelbro enhet 877;40575001;Skövde;1496;Kommunal;Skövde;2120001710;242;88;76;78;40;14;33;
Kavelbro enhet 878;43998440;Skövde;1496;Kommunal;Skövde;2120001710;168;61;66;41;38;63;19;
Lichron Teknikgymnasium Skövde;75027822;Skövde;1496;Enskild;Lichron Teknik AB;5567560635;108;36;37;35;18;10;44;
NTI Gymnasiet Skövde;26671095;Skövde;1496;Enskild;IT Gymnasiet Sverige AB;5565970471;210;78;70;62;16;25;44;
Praktiska Gymnasiet Skövde;14504503;Skövde;1496;Enskild;Praktiska Sverige AB;5562575786;151;64;55;32;34;48;21;
Volvogymnasiet Skövde;21850904;Skövde;1496;Enskild;Volvo Personvagnar Aktiebolag;5560743089;143;49;46;48;25;8;76;
Västerhöjd enhet 871;65320354;Skövde;1496;Kommunal;Skövde;2120001710;462;160;153;149;49;26;75;
Västerhöjd enhet 872;77544055;Skövde;1496;Kommunal;Skövde;2120001710;364;127;120;117;53;22;62;
Västerhöjd enhet 873;49112879;Skövde;1496;Kommunal;Skövde;2120001710;331;106;110;115;69;19;49;
Västerhöjd enhet 874;30279258;Skövde;1496;Kommunal;Skövde;2120001710;375;142;118;115;66;19;66;
VBU Smeden;12496135;Smedjebacken;2061;Kommunal;Västerbergslagens Utbildningsförbund,VBU;2220000802;88;22;24;42;55;49;23;
VBU Stegelbacken;29220606;Smedjebacken;2061;Kommunal;Västerbergslagens Utbildningsförbund,VBU;2220000802;121;37;38;46;36;98;12;
Sollefteå gymnasium;76903284;Sollefteå;2283;Kommunal;Sollefteå;2120002437;697;232;217;248;41;32;37;
Consensum Gymnasium Sollentuna;68649663;Sollentuna;0163;Enskild;Consensum Lund AB;5566023684;132;50;51;31;68;70;30;
Häggviks Gymnasium;43623146;Sollentuna;0163;Enskild;Utvecklingspedagogik Sverige Aktiebolag;5564715729;30;8;13;9;50;..;60;
KLARA Teoretiska Gymnasium Sollentuna;49141105;Sollentuna;0163;Enskild;Mikael Elias Gymnasium AB;5565583282;213;72;64;77;56;78;49;
NTI Gymnasiet Sollentuna;15870428;Sollentuna;0163;Enskild;Nordens Teknikerinstitut Aktiebolag (Nti);5561203679;201;77;63;61;14;48;43;
Rudbeck AST-enheten;53709553;Sollentuna;0163;Kommunal;Sollentuna;2120000134;48;12;10;26;33;..;77;
Rudbeck Ekonomiprogrammet;26646080;Sollentuna;0163;Kommunal;Sollentuna;2120000134;505;189;152;164;50;20;76;
Rudbeck El- och Teknikprogrammet;26750052;Sollentuna;0163;Kommunal;Sollentuna;2120000134;372;143;120;109;13;17;78;
Rudbeck Humanistiska och Estetiska programmet;26996566;Sollentuna;0163;Kommunal;Sollentuna;2120000134;129;42;43;44;72;19;67;
Rudbeck Introduktionsprogrammet;15832056;Sollentuna;0163;Kommunal;Sollentuna;2120000134;188;87;64;37;40;65;40;
Rudbeck Naturvetenskapsprogrammet;27704246;Sollentuna;0163;Kommunal;Sollentuna;2120000134;442;169;137;136;53;28;86;
Rudbeck Samhällsvetenskapsprogrammet;57246966;Sollentuna;0163;Kommunal;Sollentuna;2120000134;424;148;134;142;64;22;69;
Yrkesgymnasiet Sollentuna;81997762;Sollentuna;0163;Enskild;Thorengruppen AB;5566139290;238;89;87;62;40;49;27;
Ingridskolan, gymnasiet;28967085;Solna;0184;Enskild;Ingridskolan AB;5566222013;50;21;24;5;52;..;86;
Johan Movingers Gymnasium;69747871;Solna;0184;Enskild;Johan Movingers Gymnasium;8024142781;75;18;35;22;53;69;52;
LBS Kreativa Gymnasiet Stockholm Norra;18106851;Solna;0184;Enskild;Ljud & Bildskolan Lbs AB;5564851649;234;125;109;.;15;23;62;
NTI Vetenskapsgymnasiet Solna;71164175;Solna;0184;Enskild;Nordens Teknikerinstitut Aktiebolag (Nti);5561203679;28;28;.;.;39;71;75;
Peabskolan Solna;70119254;Solna;0184;Enskild;Peabskolan AB;5564427432;77;35;27;15;..;30;29;
ProCivitas Privata Gymnasium Karlberg;29733255;Solna;0184;Enskild;ProCivitas Privata Gymnasium AB;5566157102;53;53;.;.;55;19;62;
Psykologigymnasiet;31151740;Solna;0184;Enskild;Psykologigymnasiet Sverige AB;5567295885;116;55;37;24;72;38;54;
Solna Gymnasium;79346084;Solna;0184;Kommunal;Solna;2120000183;792;322;236;234;45;45;57;
Thoren Business School Solna;28264170;Solna;0184;Enskild;Thorengruppen AB;5566139290;130;130;.;.;43;54;46;
Yrkesgymnasiet Solna;63437833;Solna;0184;Enskild;Thorengruppen AB;5566139290;61;61;.;.;44;59;23;
Sorsele gymnasieskola;98927766;Sorsele;2422;Kommunal;Sorsele;2120002585;13;13;.;.;..;92;..;
Sotenäs Gymnasieskola;19456482;Sotenäs;1427;Kommunal;Sotenäs;2120001322;39;17;4;18;36;56;..;
Hvilan Gymnasium Kabbarp;34222422;Staffanstorp;1230;Enskild;Hvilan Utbildning AB;5566066980;101;53;26;22;49;46;41;
Kometskolan Introduktionsprogram;31688123;Staffanstorp;1230;Kommunal;Staffanstorp;2120001017;37;30;7;.;30;73;..;
Munkeröds utb.c., Stenungsund;84230226;Stenungsund;1415;Enskild;Munkeröds Utbildningscenter Aktiebolag;5562067495;13;6;3;4;100;..;..;
Nösnäsgymnasiet 1;42060237;Stenungsund;1415;Kommunal;Stenungsund;2120001298;329;158;105;66;26;27;32;
Nösnäsgymnasiet 2;89816391;Stenungsund;1415;Kommunal;Stenungsund;2120001298;214;62;76;76;59;13;52;
Nösnäsgymnasiet 3;14448619;Stenungsund;1415;Kommunal;Stenungsund;2120001298;344;134;99;111;63;10;65;
Nösnäsgymnasiet 4;12546590;Stenungsund;1415;Kommunal;Stenungsund;2120001298;318;114;112;92;22;8;68;
Anna Whitlocks gymnasium 54040574;54040574;Stockholm;0180;Kommunal;Stockholm;2120000142;1 381;715;666;.;66;15;84;
Bernadottegymnasiet 77176811;77176811;Stockholm;0180;Kommunal;Stockholm;2120000142;398;149;129;120;35;19;61;
Blackebergs gymnasium 85152591;85152591;Stockholm;0180;Kommunal;Stockholm;2120000142;629;269;161;199;54;24;72;
Blackebergs gymnasium 85819857;85819857;Stockholm;0180;Kommunal;Stockholm;2120000142;587;200;185;202;54;23;89;
Bromma gymnasium 40600798;40600798;Stockholm;0180;Kommunal;Stockholm;2120000142;480;165;156;159;37;16;73;
Bromma gymnasium 52942981;52942981;Stockholm;0180;Kommunal;Stockholm;2120000142;378;188;93;97;41;36;61;
Bromma gymnasium 54117171;54117171;Stockholm;0180;Kommunal;Stockholm;2120000142;359;123;120;116;19;28;83;
Campus Manilla Gymnasium;48120273;Stockholm;0180;Enskild;Campus Manilla Utbildning AB;5568834765;251;86;85;80;64;7;90;
Carlgrenska Waldorfgymnasiet;33233228;Stockholm;0180;Enskild;Stockholms Fria Waldorfgymnasium;8024530647;25;3;9;13;68;..;72;
Cybergymnasiet Stockholm;94167577;Stockholm;0180;Enskild;Cybergymnasiet Stockholm AB;5565547964;1 107;411;343;353;42;61;45;
Dansgymnasiet Stockholm;70404319;Stockholm;0180;Enskild;Vasiliou Education AB;5568920218;91;38;53;.;77;59;40;
Designgymnasiet Kungsholmen;27023528;Stockholm;0180;Enskild;Nya Designgymnasiet i Nacka AB;5569320681;303;107;114;82;49;37;50;
Didaktus Liljeholmen;53903798;Stockholm;0180;Enskild;Didaktus Skolor AB;5564732856;581;215;214;152;57;80;24;
Distra Gymnasium;85782695;Stockholm;0180;Enskild;Distra Utbildnings Center AB;5566064209;230;99;77;54;21;58;20;
Djurgymnasiet Stockholm;98815582;Stockholm;0180;Enskild;Animallogos AB;5566205455;303;111;105;87;86;14;54;
Drottning Blankas Gymnasieskola Stockholm Kungsholmen;85516596;Stockholm;0180;Enskild;Plusgymnasiet AB;5565789129;352;130;124;98;77;55;31;
Drottning Blankas Gymnasieskola Stockholm Södra;97770837;Stockholm;0180;Enskild;Drottning Blankas Gymnasieskola AB;5565668794;395;155;149;91;76;32;54;
Elektrikergymnasiet;21312503;Stockholm;0180;Enskild;Stockholms El-utbildning AB;5566814801;160;53;54;53;..;16;47;
Enskede Gårds gymnasium 35541921;35541921;Stockholm;0180;Kommunal;Stockholm;2120000142;164;51;68;45;33;73;20;
Enskilda gymnasiet, gy;69650864;Stockholm;0180;Enskild;Enskilda Gymnasiet;8020126531;282;96;93;93;63;12;94;
ESS-gymnasiet 59581397;59581397;Stockholm;0180;Kommunal;Stockholm;2120000142;175;84;56;35;51;18;60;
ESS-gymnasiet 84286715;84286715;Stockholm;0180;Kommunal;Stockholm;2120000142;109;84;21;4;38;50;40;
Framtidsgymnasiet Stockholm;14926020;Stockholm;0180;Enskild;Framtidsgymnasiet i Göteborg Aktiebolag;5564781606;148;63;44;41;..;66;24;
Franska Skolan/Ecole francaise Gymnasium;41938272;Stockholm;0180;Enskild;Stiftelsen Franska Skolan;8020061530;303;104;93;106;63;19;88;
Globala gymnasiet 29423248;29423248;Stockholm;0180;Kommunal;Stockholm;2120000142;338;126;125;87;67;21;76;
Globala gymnasiet 76054399;76054399;Stockholm;0180;Kommunal;Stockholm;2120000142;351;183;80;88;58;40;64;
Grillska Gymnasiet Stockholm;33132452;Stockholm;0180;Enskild;Stadsmissionens Skolstiftelse;8020170794;594;225;208;161;51;51;39;
Gymnasieskolan Metapontum;60142020;Stockholm;0180;Enskild;Metapontum AB;5566641691;19;5;8;6;..;53;74;
Hermods Distansgymnasium;70811222;Stockholm;0180;Enskild;Hermods Aktiebolag;5560440017;15;6;4;5;..;..;..;
Hvilan Gymnasium Stockholm;24716263;Stockholm;0180;Enskild;Hvilan Utbildning AB;5566066980;210;135;75;.;42;23;65;
International IT College of Sweden Stockholm;35084976;Stockholm;0180;Enskild;Edinit AB;5563114445;341;113;115;113;43;51;63;
International School of the Stockholm Region 25525759;25525759;Stockholm;0180;Kommunal;Stockholm;2120000142;243;71;97;75;46;68;70;
Internationella Engelska Gymnasiet Södermalm;77632411;Stockholm;0180;Enskild;Internationella Engelska Skolan i Sverige AB;5564624368;723;253;250;220;65;49;76;
Internationella Hotell- och Restaurangskolan;56653353;Stockholm;0180;Enskild;Klaragymnasium AB;5566303938;175;64;59;52;34;30;48;
Internationella Kunskapsgymnasiet;49068301;Stockholm;0180;Enskild;Kunskapsskolan i Sverige Aktiebolag;5565661815;243;88;74;81;52;45;57;
JENSEN Gymnasium Norra;38195284;Stockholm;0180;Enskild;Jensen Education College AB;5566358759;702;198;277;227;60;38;56;
JENSEN Gymnasium Södra;97510495;Stockholm;0180;Enskild;Jensen Education College AB;5566358759;661;237;228;196;61;44;53;
KLARA Teoretiska Gymnasium Stockholm Norra;89461767;Stockholm;0180;Enskild;Klaragymnasium AB;5566303938;268;90;88;90;70;52;51;
KLARA Teoretiska Gymnasium Stockholm Södra;94717858;Stockholm;0180;Enskild;Klaragymnasium AB;5566303938;400;123;127;150;44;17;71;
KLARA Teoretiska Gymnasium Stockholm Västra;73812226;Stockholm;0180;Enskild;Mikael Elias Gymnasium AB;5565583282;315;98;91;126;47;50;61;
KLARA Teoretiska Gymnasium Stockholm Östra;17911161;Stockholm;0180;Enskild;Hermods Gymnasium AB;5565286696;363;112;115;136;57;72;40;
Kristofferskolan, gy;53760158;Stockholm;0180;Enskild;Stiftelsen Kristofferskolan;8020018720;168;57;55;56;49;13;84;
Kulturama gymnasium;78422467;Stockholm;0180;Enskild;Medborgarskolan Stockholmsregionen;8020060524;531;191;180;160;72;12;75;
Kulturama Gymnasium Natur;37802196;Stockholm;0180;Enskild;Medborgarskolans Friskolor i Stockholm AB;5565684965;64;26;18;20;75;17;78;
Kungl. Svenska Balettskolan gy 38683336;38683336;Stockholm;0180;Kommunal;Stockholm;2120000142;49;14;17;18;78;39;65;
Kungsh gy/Sthlms Musikgy 36288955;36288955;Stockholm;0180;Kommunal;Stockholm;2120000142;408;128;121;159;63;39;88;
Kungsh gy/Sthlms Musikgy 74812809;74812809;Stockholm;0180;Kommunal;Stockholm;2120000142;295;100;102;93;56;23;85;
Kungsh gy/Sthlms Musikgy 88839172;88839172;Stockholm;0180;Kommunal;Stockholm;2120000142;589;229;162;198;65;23;86;
Kungsholmens västra gymnasium;69053034;Stockholm;0180;Kommunal;Stockholm;2120000142;236;85;69;82;59;76;58;
Kungsholmens Västra Gymnasium 48412612;48412612;Stockholm;0180;Kommunal;Stockholm;2120000142;442;139;162;141;68;60;45;
Kungsholmens Västra Gymnasium 95618280;95618280;Stockholm;0180;Kommunal;Stockholm;2120000142;309;129;105;75;79;75;31;
Kungstensgymnasiet;75075402;Stockholm;0180;Enskild;Folkuniversitetet Stift Kursverksamheten Vid Stockholms Universitet;8020064096;463;180;140;143;75;14;76;
Kunskapsgymnasiet Globen;26326048;Stockholm;0180;Enskild;Kunskapsskolan i Sverige Aktiebolag;5565661815;445;156;150;139;54;49;48;
Kärrtorps gymnasium 37839488;37839488;Stockholm;0180;Kommunal;Stockholm;2120000142;402;222;105;75;47;82;35;
LBS Kreativa Gymnasiet Stockholm Södra;46256929;Stockholm;0180;Enskild;Ljud & Bildskolan Lbs AB;5564851649;351;117;119;115;29;22;67;
Liljeholmens gymnasium 59409052;59409052;Stockholm;0180;Kommunal;Stockholm;2120000142;153;153;.;.;54;99;..;
Lilla Akademiens Musikgymn.;83374651;Stockholm;0180;Enskild;Musikskolan Lilla Akademien AB;5565510756;134;53;49;32;57;28;82;
Lycée Francais Saint Louis, gy;59796774;Stockholm;0180;Enskild;Lycée Francais Saint-Louis;9020041852;127;45;37;45;46;61;78;
Magelungens Gymnasium Liljeholmen;56942970;Stockholm;0180;Enskild;Magelungen Utveckling AB;5564891447;61;25;20;16;43;52;33;
Magelungens gymnasium Södermalm;24147242;Stockholm;0180;Enskild;Magelungen Utveckling AB;5564891447;130;102;18;10;59;15;59;
Midsommarkransens gy 17675502;17675502;Stockholm;0180;Kommunal;Stockholm;2120000142;455;183;163;109;51;41;44;
Midsommarkransens gy 75600007;75600007;Stockholm;0180;Kommunal;Stockholm;2120000142;220;96;53;71;30;43;61;
Nordiska Musikgymnasiet;30762346;Stockholm;0180;Enskild;Nordiska Musikgymnasiet AB;5565851507;46;18;12;16;72;30;80;
Norra Real 82964090;82964090;Stockholm;0180;Kommunal;Stockholm;2120000142;584;194;203;187;56;19;91;
Norra Real 88955893;88955893;Stockholm;0180;Kommunal;Stockholm;2120000142;422;130;124;168;75;11;85;
NTI Gymnasiet Gärdet;92204274;Stockholm;0180;Enskild;IT Gymnasiet Sverige AB;5565970471;134;22;53;59;11;39;59;
NTI Gymnasiet Stockholm;15390992;Stockholm;0180;Enskild;Nordens Teknikerinstitut Aktiebolag (Nti);5561203679;838;275;283;280;21;16;74;
NTI Handelsgymnasiet Stockholm;15278518;Stockholm;0180;Enskild;Nordens Teknikerinstitut Aktiebolag (Nti);5561203679;372;125;127;120;35;23;53;
NTI Vetenskapsgymnasiet Stockholm;50644850;Stockholm;0180;Enskild;Nordens Teknikerinstitut Aktiebolag (Nti);5561203679;198;81;54;63;25;52;65;
Odengymnasiet;63943560;Stockholm;0180;Enskild;Värmdö Tekniska Utbildningar Aktiebolag, Vtu;5563836757;166;61;57;48;56;55;30;
P A Fogelströms gymnasium 24650116;24650116;Stockholm;0180;Kommunal;Stockholm;2120000142;556;225;212;119;42;13;78;
Praktiska Gymnasiet Stockholm Bromma;31998226;Stockholm;0180;Enskild;Praktiska Sverige AB;5562575786;92;35;33;24;13;49;24;
Praktiska Gymnasiet Stockholm Liljeholmen;38236800;Stockholm;0180;Enskild;Praktiska Sverige AB;5562575786;377;149;138;90;31;43;33;
ProCivitas Privata Gymnasium Stockholm;59359012;Stockholm;0180;Enskild;ProCivitas Privata Gymnasium AB;5566157102;342;127;123;92;63;15;70;
Påhlmans gymnasium;16784385;Stockholm;0180;Enskild;Medborgarskolans Friskolor i Stockholm AB;5565684965;352;124;118;110;51;21;62;
Realgymnasiet Stockholm;59026584;Stockholm;0180;Enskild;Lärande i Sverige AB;5565715892;707;237;246;224;82;15;45;
REFIS Rörentr. friskola Sthlm;79829846;Stockholm;0180;Enskild;REFIS Rörentreprenörernas Friskola i Stockholm A;5566285994;131;44;43;44;..;18;34;
RGRH Stockholm, Riksgymnasium  för rörelsehindrade elever 89963319;89963319;Stockholm;0180;Kommunal;Stockholm;2120000142;28;9;8;11;36;36;46;
Sjölins gymnasium Södermalm;24339566;Stockholm;0180;Enskild;Sjölins Gymnasium AB;5563758399;670;256;191;223;63;11;77;
Sjölins Gymnasium Vasastan;87844327;Stockholm;0180;Enskild;Sjölins Gymnasium AB;5563758399;270;119;88;63;54;23;61;
Sjömansskolan;20061769;Stockholm;0180;Enskild;Sjömansskolan Stockholm AB;5565662409;49;21;21;7;..;..;57;
Skolslussen 65458415;65458415;Stockholm;0180;Kommunal;Stockholm;2120000142;9;9;.;.;..;..;..;
Skärholmens gymnasium 91478173;91478173;Stockholm;0180;Kommunal;Stockholm;2120000142;61;61;.;.;25;100;..;
Snitz Gymnasium;95154882;Stockholm;0180;Enskild;Swedish Education Group AB;5565042255;216;88;68;60;25;19;52;
Sofiaängens skola gy;25074310;Stockholm;0180;Enskild;Sofiaängen AB;5565980942;21;13;2;6;71;..;67;
Spånga Gymnasium 52333875;52333875;Stockholm;0180;Kommunal;Stockholm;2120000142;444;155;120;169;55;58;39;
S:t Eriks gymnasium 65666808;65666808;Stockholm;0180;Kommunal;Stockholm;2120000142;1 076;442;261;373;50;38;53;
Sthlm hotell & restaurangsk 30677562;30677562;Stockholm;0180;Kommunal;Stockholm;2120000142;534;194;187;153;47;32;40;
Sthlm Transport- och fordonstekniska gymnasiet 85054102;85054102;Stockholm;0180;Kommunal;Stockholm;2120000142;140;49;44;47;..;51;31;
Sthlm Transport- och fordonstekniska gymnasiet 87274273;87274273;Stockholm;0180;Kommunal;Stockholm;2120000142;102;45;35;22;21;36;26;
Stift. Sthlm Intern. School gy;89693952;Stockholm;0180;Enskild;Stiftelsen Stockholm International School;8024264775;154;45;58;51;44;77;56;
Stiftelsen KFUM Söder Fryshuset, Fryshusets Gymnasium;24759907;Stockholm;0180;Enskild;Stiftelsen Fryshuset;8020111582;920;415;303;202;52;43;52;
Stockholm Science & Innovation School 78433202, SSIS;78433202;Stockholm;0180;Kommunal;Stockholm;2120000142;392;134;133;125;13;28;79;
Stockholms byggtekniska gymnasium 41631104;41631104;Stockholm;0180;Kommunal;Stockholm;2120000142;86;.;57;29;..;63;29;
Stockholms Estetiska Gymnasium;35366805;Stockholm;0180;Enskild;Stockholms Estetiska Gymnasium Ek. För.;7696029995;226;80;77;69;76;12;69;
Stockholms Idrottsgymnasium;31315191;Stockholm;0180;Enskild;Stockholms Idrottsgymnasium AB;5567379226;364;125;122;117;47;12;77;
Stockholms Tillskärarakademis Gymnasium;80357110;Stockholm;0180;Enskild;Medborgarskolans Friskolor i Stockholm AB;5565684965;10;.;.;10;..;..;..;
Södra Latins gymnasium 42775003;42775003;Stockholm;0180;Kommunal;Stockholm;2120000142;444;163;157;124;83;11;86;
Södra Latins gymnasium 56670842;56670842;Stockholm;0180;Kommunal;Stockholm;2120000142;289;92;97;100;64;40;75;
Södra Latins gymnasium 89370947;89370947;Stockholm;0180;Kommunal;Stockholm;2120000142;391;132;130;129;66;6;92;
Teknik & Service Gymnasiet;18451445;Stockholm;0180;Enskild;Ludus AB;5568879018;98;37;36;25;..;49;37;
Thoren Business School Stockholm;48555205;Stockholm;0180;Enskild;Thorengruppen AB;5566139290;758;227;261;270;59;43;57;
Thoren Innovation School Stockholm;31313926;Stockholm;0180;Enskild;Thoren Innovation School AB;5568902653;107;91;7;9;20;59;44;
Thorildsplans gymnasium 30312720;30312720;Stockholm;0180;Kommunal;Stockholm;2120000142;420;128;137;155;25;35;76;
Thorildsplans gymnasium 32116280;32116280;Stockholm;0180;Kommunal;Stockholm;2120000142;327;140;92;95;30;33;72;
Thorildsplans gymnasium 57143976;57143976;Stockholm;0180;Kommunal;Stockholm;2120000142;409;128;128;153;59;23;72;
Thorildsplans gymnasium 93367005;93367005;Stockholm;0180;Kommunal;Stockholm;2120000142;330;126;106;98;8;34;51;
Tibble Gymnasium Campus Kista;43565270;Stockholm;0180;Enskild;Atleticagymnasiet AB;5567799035;355;97;126;132;43;86;33;
Tyska skolan;53175499;Stockholm;0180;Enskild;Tyska Skolföreningen;8020056530;102;26;41;35;42;60;89;
Viktor Rydberg gy. Jarlaplan;64388538;Stockholm;0180;Enskild;Stiftelsen Viktor Rydbergs Skolor;8120005650;550;184;184;182;81;7;89;
Viktor Rydberg gy. Odenplan;52153758;Stockholm;0180;Enskild;Stiftelsen Viktor Rydbergs Skolor;8120005650;627;221;218;188;67;20;86;
Yrkesgymnasiet Stockholm;16501673;Stockholm;0180;Enskild;Thorengruppen AB;5566139290;225;80;63;82;39;56;26;
Yrkesplugget;26298615;Stockholm;0180;Enskild;Yrkesplugget i Sverige AB;5566753736;253;85;93;75;7;40;31;
Östra Reals gymnasium 22116645;22116645;Stockholm;0180;Kommunal;Stockholm;2120000142;640;239;213;188;58;19;86;
Östra Reals gymnasium 99755443;99755443;Stockholm;0180;Kommunal;Stockholm;2120000142;519;205;158;156;60;18;78;
Gymnasieutbildn. i Storfors;19005839;Storfors;1760;Kommunal;Storfors;2120001785;6;6;.;.;..;..;..;
Lundsbergs gymnasieskola;30167976;Storfors;1760;Enskild;Stiftelsen Lundsbergs Skola;8740019362;211;84;63;64;41;15;71;
Luspengymnasiet;50104466;Storuman;2421;Kommunal;Storuman;2120002577;106;33;32;41;35;42;19;
Tärnaby Alpina Gymnasium;28004794;Storuman;2421;Kommunal;Storuman;2120002577;22;9;3;10;..;..;91;
Europaskolan Strängnäs;32071849;Strängnäs;0486;Enskild;Europaskolan Utbildning AB;5567478416;478;160;162;156;64;18;81;
Thomasgymnasiet;79845033;Strängnäs;0486;Kommunal;Strängnäs;2120000365;513;224;161;128;39;26;44;
Strömstad Gymnasium;41099519;Strömstad;1486;Kommunal;Strömstad;2120001405;380;137;108;135;49;37;35;
Hjalmar Strömerskolan;59386837;Strömsund;2313;Kommunal;Strömsund;2120002486;293;127;86;80;43;30;37;
Grillska Gymnasiet Sundbyberg;21627442;Sundbyberg;0183;Enskild;Stadsmissionens Skolstiftelse;8020170794;180;67;66;47;49;30;41;
NTI Gymnasiet Sundbyberg;17276047;Sundbyberg;0183;Enskild;IT Gymnasiet Sverige AB;5565970471;185;59;63;63;9;48;46;
S:t Martins gymnasium;73217812;Sundbyberg;0183;Kommunal;Sundbyberg;2120000175;325;131;110;84;56;57;27;
Viktor Rydbergs Gymnasium Sundbyberg;78825169;Sundbyberg;0183;Enskild;Stiftelsen Viktor Rydbergs Skolor;8120005650;159;159;.;.;40;29;75;
Drottning Blankas Gymnasieskola Sundsvall;36769815;Sundsvall;2281;Enskild;Plusgymnasiet AB;5565789129;92;39;33;20;95;17;26;
KLARA Teoretiska Gymnasium Sundsvall;21382451;Sundsvall;2281;Enskild;Mikael Elias Gymnasium AB;5565583282;281;96;94;91;69;20;63;
NTI Gymnasiet Sundsvall;48244956;Sundsvall;2281;Enskild;Nordens Teknikerinstitut Aktiebolag (Nti);5561203679;263;89;103;71;13;10;57;
Praktiska Gymnasiet Sundsvall;16931486;Sundsvall;2281;Enskild;Praktiska Sverige AB;5562575786;283;105;97;81;27;39;34;
Realgymnasiet i Sundsvall;92489953;Sundsvall;2281;Enskild;Lärande i Sverige AB;5565715892;107;40;38;29;82;..;42;
Skvaderns gymnasieskola;43873969;Sundsvall;2281;Enskild;Norrlidens Kunskapscentrum AB;5566178215;537;190;179;168;67;11;80;
Sundsvalls Gymn. Hedbergska 2;55825382;Sundsvall;2281;Kommunal;Sundsvall;2120002411;385;151;117;117;55;8;64;
Sundsvalls Gymn. Hedbergska 3;19306558;Sundsvall;2281;Kommunal;Sundsvall;2120002411;181;67;64;50;61;24;35;
Sundsvalls Gymn. Hedbergska 4;35301145;Sundsvall;2281;Kommunal;Sundsvall;2120002411;72;24;22;26;53;22;39;
Sundsvalls Gymn. Västermalm 1;24993048;Sundsvall;2281;Kommunal;Sundsvall;2120002411;206;99;46;61;68;14;60;
Sundsvalls Gymn. Västermalm 2;70132092;Sundsvall;2281;Kommunal;Sundsvall;2120002411;258;95;87;76;4;7;43;
Sundsvalls Gymn. Västermalm 3;36290964;Sundsvall;2281;Kommunal;Sundsvall;2120002411;191;189;2;.;29;100;8;
Sundsvalls Gymn. Västermalm 4;65034473;Sundsvall;2281;Kommunal;Sundsvall;2120002411;148;109;26;13;44;17;27;
Sundsvalls Gymn. Västermalm 5;13084253;Sundsvall;2281;Kommunal;Sundsvall;2120002411;423;156;145;122;27;10;65;
Sundsvalls Gymn. Västermalm 6;32321364;Sundsvall;2281;Kommunal;Sundsvall;2120002411;46;1;24;21;83;57;39;
Sundsvalls gymnasium, Hedbergska 1;89793044;Sundsvall;2281;Kommunal;Sundsvall;2120002411;387;142;124;121;62;18;60;
Thoren Business School Sundsvall;59942080;Sundsvall;2281;Enskild;Thorengruppen AB;5566139290;195;60;85;50;44;41;39;
Sunne Gymnasieskola / Broby;66273269;Sunne;1766;Kommunal;Sunne;2120001843;231;67;67;97;32;43;29;
Sunne Gymnasieskola / Södra Viken;82888663;Sunne;1766;Kommunal;Sunne;2120001843;191;66;66;59;23;..;39;
Viljan;23384476;Surahammar;1907;Enskild;Viljan Friskola AB;5567777775;36;8;19;9;36;..;50;
Svalöfs gymnasium;11275959;Svalöv;1214;Kommunal;Svalöv;2120000993;463;158;158;147;31;22;31;
Nils Fredriksson Utbildning;58518163;Svedala;1263;Kommunal;Svedala;2120001074;223;88;74;61;46;28;48;
Sveriges Ridgymnasium Svedala;50615280;Svedala;1263;Enskild;Sveriges Ridgymnasium AB;5566814504;92;33;31;28;98;..;52;
Gymnasieutbildn. i Svenljunga;11681103;Svenljunga;1465;Kommunal;Svenljunga;2120001512;14;7;4;3;..;..;..;
Naturbruksskolan Svenljunga;19035583;Svenljunga;1465;Region;Västra Götalandsregionen;2321000131;106;41;35;30;11;..;43;
Herrgårdsgymnasiet A;27993549;Säffle;1785;Kommunal;Säffle;2120001900;374;153;124;97;31;24;29;
Dahlander kunskapscentrum;69985412;Säter;2082;Kommunal;Säter;2120002247;40;29;11;.;60;70;..;
Aleholm;37912396;Sävsjö;0684;Kommunal;Sävsjö;2120000563;316;129;105;82;47;43;44;
Staffangymnasiet RO6;45593337;Söderhamn;2182;Kommunal;Hälsinglands Utbildningsförbund;2220003111;326;120;103;103;48;20;63;
Staffangymnasiet RO7;90312942;Söderhamn;2182;Kommunal;Hälsinglands Utbildningsförbund;2220003111;297;92;110;95;27;14;31;
Staffangymnasiet RO8;18768922;Söderhamn;2182;Kommunal;Hälsinglands Utbildningsförbund;2220003111;68;34;23;11;46;75;..;
Nyströmska skolan 1;10226870;Söderköping;0582;Kommunal;Söderköping;2120000464;157;50;59;48;51;47;52;
Nyströmska skolan 2;19839859;Söderköping;0582;Kommunal;Söderköping;2120000464;94;37;32;25;26;28;23;
Järna Naturbruksgymnasium;80280597;Södertälje;0181;Enskild;Nibblestiftelsen;8020024405;29;11;9;9;34;34;52;
Morabergs studiecentrum;97651849;Södertälje;0181;Kommunal;Södertälje;2120000159;259;119;140;.;53;92;20;
Mälardalens Tekniska Gymnasium;67628478;Södertälje;0181;Enskild;Mälardalens Tekniska Gymnasium Aktiebolag;5565484754;215;71;72;72;20;16;79;
Novalisgymnasiet;68485877;Södertälje;0181;Enskild;Stiftelsen Novalis;8156008172;40;14;15;11;30;..;43;
NTI Gymnasiet Södertälje;37517404;Södertälje;0181;Enskild;Nordens Teknikerinstitut Aktiebolag (Nti);5561203679;132;58;37;37;..;66;38;
Praktiska Gymnasiet Södertälje;29159460;Södertälje;0181;Enskild;Praktiska Sverige AB;5562575786;247;94;84;69;50;62;28;
S:ta Ragnhildgymnasiet;32057701;Södertälje;0181;Enskild;S:ta Ragnhildgymnasiet AB;5564065687;239;78;76;85;56;47;65;
Torekällgymnasiet;43601850;Södertälje;0181;Kommunal;Södertälje;2120000159;214;89;66;59;15;49;23;
Täljegymnasiet;30615080;Södertälje;0181;Kommunal;Södertälje;2120000159;568;253;194;121;48;73;44;
Vackstanäsgymnasiet;89630851;Södertälje;0181;Enskild;Stiftelsen Otto och Signe Broms Hemskola Å Vackstanäs;8156000690;200;71;72;57;55;11;50;
Wendela Hebbe gymnasiet;25178582;Södertälje;0181;Kommunal;Södertälje;2120000159;238;73;74;91;51;37;49;
Örjanskolan gym;70543431;Södertälje;0181;Enskild;Föreningen Örjanskolan;8156005103;73;22;25;26;48;36;77;
Furulundsskolan 1;23476801;Sölvesborg;1083;Kommunal;Sölvesborgs-Bromöllas Kommunalförbund;2220001222;220;91;74;55;24;31;52;
Furulundsskolan 2;86351879;Sölvesborg;1083;Kommunal;Sölvesborgs-Bromöllas Kommunalförbund;2220001222;405;174;127;104;56;25;44;
Tanums Gymnasium;14586562;Tanum;1435;Kommunal;Tanum;2120001348;19;19;.;.;..;68;..;
Tibro kompetenscenter - gymnasieskola;74322969;Tibro;1472;Kommunal;Tibro;2120001660;45;13;32;.;31;78;..;
Rudbecksgymnasiet 1;90260899;Tidaholm;1498;Kommunal;Tidaholm;2120001736;194;68;53;73;41;15;51;
Rudbecksgymnasiet 2;69302313;Tidaholm;1498;Kommunal;Tidaholm;2120001736;58;20;27;11;78;24;22;
Rudbecksgymnasiet 3;88770449;Tidaholm;1498;Kommunal;Tidaholm;2120001736;48;22;16;10;23;46;..;
Högbergsskolan;31057219;Tierp;0360;Kommunal;Tierp;2120000266;552;246;154;152;40;34;32;
Timrå gymnasium 1;27079521;Timrå;2262;Kommunal;Timrå;2120002395;331;110;108;113;40;18;47;
Timrå gymnasium 2;47864446;Timrå;2262;Kommunal;Timrå;2120002395;59;59;.;.;31;69;..;
AMB Education;33572033;Tingsryd;0763;Enskild;Academy of Music and Business Education Tingsryd AB;5568792997;153;58;47;48;53;10;64;
Wasaskolan;64579522;Tingsryd;0763;Kommunal;Tingsryd;2120000621;251;141;62;48;35;41;28;
Bollerups lantbruksinstitut;65234368;Tomelilla;1270;Enskild;Bollerups Lantbruksinstitut;8388001177;245;89;88;68;64;7;62;
Stjerneskolan;34381901;Torsby;1737;Kommunal;Torsby;2120001777;519;165;147;207;47;19;43;
Torsås korrespondensgymnasium 1;55150847;Torsås;0834;Kommunal;Torsås;2120000696;326;76;110;140;71;15;67;
Torsås Korrespondensgymnasium 2;90076461;Torsås;0834;Kommunal;Torsås;2120000696;348;67;119;162;81;15;62;
Tranemo gymnasieskola;60513602;Tranemo;1452;Kommunal;Tranemo;2120001462;363;118;129;116;41;41;34;
Holavedsgymnasiet ASB;99394620;Tranås;0687;Kommunal;Tranås;2120000597;212;73;76;63;28;21;66;
Holavedsgymnasiet SCD;76342612;Tranås;0687;Kommunal;Tranås;2120000597;248;128;62;58;30;43;35;
Holavedsgymnasiet TYM;14853321;Tranås;0687;Kommunal;Tranås;2120000597;359;141;102;116;63;29;41;
Söderslättsgymnasiet enhet Bastionen;76448076;Trelleborg;1287;Kommunal;Trelleborg;2120001199;368;156;107;105;18;18;49;
Söderslättsgymnasiet enhet Nicolai;86488203;Trelleborg;1287;Kommunal;Trelleborg;2120001199;720;294;209;217;53;26;42;
Söderslättsgymnasiet Ro 2;31537066;Trelleborg;1287;Kommunal;Trelleborg;2120001199;57;.;20;37;..;..;68;
Drottning Blankas Gymnasieskola Trollhättan;25156286;Trollhättan;1488;Enskild;Drottning Blankas Gymnasieskola AB;5565668794;266;97;79;90;83;30;40;
Folkuniversitetets gymnasium i Trollhättan;28081446;Trollhättan;1488;Enskild;Folkuniversitetet Stiftelsen Kursver Ksamheten Vid Göteborgs Universitet;8572006313;291;118;90;83;74;21;69;
LBS Kreativa Gymnasiet Trollhättan;21400668;Trollhättan;1488;Enskild;Ljud & Bildskolan Lbs AB;5564851649;172;69;55;48;20;14;58;
Magnus Åbergsgymnasiet 1;92949043;Trollhättan;1488;Kommunal;Kunskapsförbundet Väst;2220002998;611;239;175;197;45;34;45;
Magnus Åbergsgymnasiet 3;92712591;Trollhättan;1488;Kommunal;Kunskapsförbundet Väst;2220002998;121;51;46;24;54;98;17;
Nils Ericsonsgymnasiet 1;84329061;Trollhättan;1488;Kommunal;Kunskapsförbundet Väst;2220002998;772;256;257;259;40;34;62;
Nils Ericsonsgymnasiet 2;84225089;Trollhättan;1488;Kommunal;Kunskapsförbundet Väst;2220002998;122;83;26;13;44;57;19;
Praktiska Gymnasiet Trollhättan;71969230;Trollhättan;1488;Enskild;Praktiska Sverige AB;5562575786;134;59;44;31;64;60;17;
Realgymnasiet Trollhättan;42500145;Trollhättan;1488;Enskild;Lärande i Sverige AB;5565715892;48;48;.;.;92;..;54;
Trosa Gymnasium;20862637;Trosa;0488;Kommunal;Trosa;2120002957;5;2;3;.;..;..;..;
Tyresö Gymnasium 1;91048178;Tyresö;0138;Kommunal;Tyresö;2120000092;446;192;147;107;31;41;28;
Mimers Gymnasium Täby;82718660;Täby;0160;Enskild;Adinova AB;5567797831;78;29;27;22;27;17;79;
Praktiska Gymnasiet Täby;76942525;Täby;0160;Enskild;Praktiska Sverige AB;5562575786;202;80;72;50;41;39;37;
Sparre Gymnasium;12399380;Täby;0160;Enskild;Upplevelse Utbildning i Täby AB;5567875413;114;34;26;54;31;37;47;
Tibble Gymnasium Campus Täby;31486865;Täby;0160;Enskild;Tibble Fristående Gymnasium TFG AB;5566978556;1 594;569;534;491;57;9;80;
Täby Enskilda gymnasium;97265732;Täby;0160;Enskild;Täby Enskilda Gymnasium AB;5565680112;886;296;292;298;64;12;82;
Täby språkintroduktion;86923395;Täby;0160;Kommunal;Täby;2120000118;50;49;1;.;40;100;..;
Täby Yrkesgymnasium;10373112;Täby;0160;Enskild;Täby Yrkesgymnasium AB;5562629179;130;56;44;30;13;48;30;
Åva gymnasium;61720981;Täby;0160;Kommunal;Täby;2120000118;1 215;450;382;383;34;22;67;
Gymn.utb. Töreboda Kanalskola;57446690;Töreboda;1473;Kommunal;Töreboda;2120001678;66;66;.;.;26;82;..;
Naturbruksskolan Sötåsen;25698509;Töreboda;1473;Region;Västra Götalandsregionen;2321000131;211;83;65;63;73;6;43;
Drottning Blankas Gymnasieskola Uddevalla;50424828;Uddevalla;1485;Enskild;Plusgymnasiet AB;5565789129;231;65;95;71;62;50;28;
Thoren Innovation School Uddevalla;82931004;Uddevalla;1485;Enskild;Thoren Innovation School AB;5568902653;110;36;45;29;11;31;54;
Uddevalla gymnasieskola, Agneberg BF;83584125;Uddevalla;1485;Kommunal;Uddevalla;2120001397;81;29;26;26;73;20;32;
Uddevalla gymnasieskola, Agneberg EK;95024660;Uddevalla;1485;Kommunal;Uddevalla;2120001397;288;88;104;96;58;20;61;
Uddevalla gymnasieskola, Agneberg EKSPINT;32263814;Uddevalla;1485;Kommunal;Uddevalla;2120001397;59;22;18;19;54;31;66;
Uddevalla gymnasieskola, Agneberg GLU;16496466;Uddevalla;1485;Kommunal;Uddevalla;2120001397;46;20;12;14;76;..;30;
Uddevalla gymnasieskola, Agneberg HA;12075195;Uddevalla;1485;Kommunal;Uddevalla;2120001397;99;52;21;26;51;23;45;
Uddevalla gymnasieskola, Agneberg RL;62300682;Uddevalla;1485;Kommunal;Uddevalla;2120001397;69;33;24;12;67;..;48;
Uddevalla gymnasieskola, Agneberg SA;47393891;Uddevalla;1485;Kommunal;Uddevalla;2120001397;260;93;82;85;70;23;55;
Uddevalla gymnasieskola, Agneberg SASPINT;48414975;Uddevalla;1485;Kommunal;Uddevalla;2120001397;60;22;15;23;52;18;70;
Uddevalla gymnasieskola, Margretegärde GLU;65265211;Uddevalla;1485;Kommunal;Uddevalla;2120001397;132;43;48;41;46;22;36;
Uddevalla gymnasieskola, Margretegärde IM;67785826;Uddevalla;1485;Kommunal;Uddevalla;2120001397;280;99;78;103;37;73;21;
Uddevalla gymnasieskola, Sinclair ES;11533776;Uddevalla;1485;Kommunal;Uddevalla;2120001397;228;85;85;58;73;16;59;
Uddevalla gymnasieskola, Östabo 1 VO;97191332;Uddevalla;1485;Kommunal;Uddevalla;2120001397;187;52;70;65;81;53;32;
Uddevalla gymnasieskola, Östrabo 1 IN;71938440;Uddevalla;1485;Kommunal;Uddevalla;2120001397;58;20;25;13;..;38;26;
Uddevalla gymnasieskola, Östrabo 1 TE;28829503;Uddevalla;1485;Kommunal;Uddevalla;2120001397;265;95;91;79;23;17;72;
Uddevalla gymnasieskola, Östrabo Y BA;22811839;Uddevalla;1485;Kommunal;Uddevalla;2120001397;204;66;71;67;12;12;35;
Uddevalla gymnasieskola, Östrabo Y EE;33205596;Uddevalla;1485;Kommunal;Uddevalla;2120001397;67;18;18;31;..;25;45;
Uddevalla gymnasieskola, Östrabo Y ES;99622695;Uddevalla;1485;Kommunal;Uddevalla;2120001397;7;.;.;7;..;..;..;
Uddevalla gymnasieskola, Östrabo Y FT;19930101;Uddevalla;1485;Kommunal;Uddevalla;2120001397;233;85;73;75;27;13;30;
Uddevalla Gymnasieskola, Östrabo Y GLU;60727136;Uddevalla;1485;Kommunal;Uddevalla;2120001397;42;20;17;5;40;..;31;
Uddevalla gymnasieskola, Östrabo Y HV;45132264;Uddevalla;1485;Kommunal;Uddevalla;2120001397;89;31;26;32;89;21;36;
Uddevalla gymnasieskola, Östrabo Y VF;61647360;Uddevalla;1485;Kommunal;Uddevalla;2120001397;44;14;17;13;..;..;36;
Uddevalla gymnasieskola,Östrabo 1 NA;98651664;Uddevalla;1485;Kommunal;Uddevalla;2120001397;243;79;74;90;66;40;72;
Tingsholmsgymnasiets introduktionsprogram gymnasiesärskola;69504751;Ulricehamn;1491;Kommunal;Ulricehamn;2120001579;67;67;.;.;46;69;..;
Tingsholmsgymnasiets nationella program;33657492;Ulricehamn;1491;Kommunal;Ulricehamn;2120001579;512;178;188;146;46;24;51;
Dragonskolan BA;61622991;Umeå;2480;Kommunal;Umeå;2120002627;183;63;58;62;18;7;50;
Dragonskolan BF;66644568;Umeå;2480;Kommunal;Umeå;2120002627;175;65;63;47;64;15;51;
Dragonskolan EE;93659517;Umeå;2480;Kommunal;Umeå;2120002627;174;62;58;54;10;11;55;
Dragonskolan EK;79309485;Umeå;2480;Kommunal;Umeå;2120002627;376;126;125;125;60;6;76;
Dragonskolan GL;61175914;Umeå;2480;Kommunal;Umeå;2120002627;139;37;58;44;55;24;48;
Dragonskolan HV;73316818;Umeå;2480;Kommunal;Umeå;2120002627;94;32;32;30;98;..;63;
Dragonskolan IN;27859889;Umeå;2480;Kommunal;Umeå;2120002627;62;22;20;20;..;39;27;
Dragonskolan NA;16130958;Umeå;2480;Kommunal;Umeå;2120002627;266;91;90;85;45;27;74;
Dragonskolan RH;29161632;Umeå;2480;Kommunal;Umeå;2120002627;5;.;.;5;..;..;..;
Dragonskolan SA;82195565;Umeå;2480;Kommunal;Umeå;2120002627;287;95;95;97;67;15;73;
Dragonskolan TE;33596572;Umeå;2480;Kommunal;Umeå;2120002627;271;88;94;89;18;10;80;
Dragonskolan VF;45541222;Umeå;2480;Kommunal;Umeå;2120002627;36;12;11;13;..;..;67;
Dragonskolan VO;17812651;Umeå;2480;Kommunal;Umeå;2120002627;92;43;29;20;61;58;25;
Dragonskolans Elitidrottsgymnasium;77713695;Umeå;2480;Kommunal;Umeå;2120002627;344;129;114;101;43;6;76;
Forslundagymnasiet GY;63451147;Umeå;2480;Kommunal;Umeå;2120002627;181;70;72;39;49;12;42;
Maja Beskowgymnasiet EK;99369969;Umeå;2480;Kommunal;Umeå;2120002627;31;30;1;.;61;..;48;
Maja Beskowgymnasiet GL;77042763;Umeå;2480;Kommunal;Umeå;2120002627;25;25;.;.;76;..;48;
Maja Beskowgymnasiet IM;99278657;Umeå;2480;Kommunal;Umeå;2120002627;70;.;.;70;36;100;..;
Maja Beskowgymnasiet NA;80776525;Umeå;2480;Kommunal;Umeå;2120002627;22;21;1;.;64;..;68;
Maja Beskowgymnasiet TE;67197536;Umeå;2480;Kommunal;Umeå;2120002627;20;20;.;.;..;..;70;
Midgårdsskolan ESBIL;51131594;Umeå;2480;Kommunal;Umeå;2120002627;75;27;27;21;83;..;67;
Midgårdsskolan ESDAN;89680395;Umeå;2480;Kommunal;Umeå;2120002627;44;15;17;12;98;..;70;
Midgårdsskolan ESEST;53696633;Umeå;2480;Kommunal;Umeå;2120002627;70;31;23;16;67;..;66;
Midgårdsskolan ESMUS;27440210;Umeå;2480;Kommunal;Umeå;2120002627;179;61;60;58;62;7;77;
Midgårdsskolan ESTEA;62758285;Umeå;2480;Kommunal;Umeå;2120002627;36;14;6;16;94;..;69;
Midgårdsskolan IM;37471443;Umeå;2480;Kommunal;Umeå;2120002627;164;110;54;.;44;65;24;
Midgårdsskolan NA;16218090;Umeå;2480;Kommunal;Umeå;2120002627;81;32;21;28;52;31;73;
Midgårdsskolan SA;64667996;Umeå;2480;Kommunal;Umeå;2120002627;144;32;57;55;64;12;73;
Minervagymnasium;23544320;Umeå;2480;Enskild;Minervaskolan i Umeå AB;5565735049;534;204;149;181;56;22;80;
NTI Gymnasiet Umeå;57668673;Umeå;2480;Enskild;Nordens Teknikerinstitut Aktiebolag (Nti);5561203679;197;68;61;68;20;13;59;
Thoren Business School Umeå;69040241;Umeå;2480;Enskild;Thorengruppen AB;5566139290;139;63;41;35;45;37;36;
Umeå Waldorfskola, gy;49136871;Umeå;2480;Enskild;Stiftelsen Umeå Waldorfskola R Karlsson Mfl;8940012076;17;.;11;6;59;..;..;
Yrkesgymnasiet Umeå;91905819;Umeå;2480;Enskild;Thorengruppen AB;5566139290;147;57;47;43;32;36;36;
Väsby Nya Gymnasium;20855811;Upplands Väsby;0114;Kommunal;Upplands Väsby;2120000019;611;220;170;221;46;71;37;
Väsby Yrkesgymnasium (f.d. Peabskolan);54882637;Upplands Väsby;0114;Enskild;Väsby Yrkesgymnasium AB;5568089246;130;48;46;36;..;59;20;
Upplands-Brogymnasiet;53923398;Upplands-Bro;0139;Kommunal;Upplands-Bro;2120000100;975;416;268;291;39;37;44;
Ansgargymnasiet;74560191;Uppsala;0380;Enskild;Ansgarskolorna AB;5565835146;101;25;42;34;42;32;58;
Celsiusskolan;47844862;Uppsala;0380;Kommunal;Uppsala;2120003005;1 097;390;323;384;44;20;65;
CULTUS Gymnasieskola;22239675;Uppsala;0380;Enskild;Victum Utveckling AB;5566793492;62;17;20;25;56;52;23;
Fyrisskolan;72984079;Uppsala;0380;Kommunal;Uppsala;2120003005;655;231;220;204;34;55;52;
Grillska Gymnasiet Uppsala;36480690;Uppsala;0380;Enskild;Stadsmissionens Skolstiftelse;8020170794;428;156;148;124;41;22;57;
Hagströmska gymnasiet Uppsala;24787883;Uppsala;0380;Enskild;Hagströmska Gymnasiet AB;5567550461;101;23;43;35;89;28;43;
Internationella Gymnasiet;32995170;Uppsala;0380;Enskild;Folkuniversitetet Stiftelsen Kursverksamheten Vid Uppsala Universitet;8176007055;175;85;44;46;51;69;39;
JENSEN Gymnasium Uppsala;61674097;Uppsala;0380;Enskild;Jensen Education College AB;5566358759;397;125;143;129;59;42;57;
Katedralskolan;32550660;Uppsala;0380;Kommunal;Uppsala;2120003005;1 311;550;378;383;63;31;73;
Kunskapsgymnasiet Uppsala;93488613;Uppsala;0380;Enskild;Kunskapsskolan i Sverige Aktiebolag;5565661815;206;76;69;61;41;51;56;
Linnégymnasiet;45600034;Uppsala;0380;Kommunal;Uppsala;2120003005;128;50;45;33;49;32;53;
Lundellska skolan;59599256;Uppsala;0380;Kommunal;Uppsala;2120003005;1 180;399;421;360;54;22;70;
Magelungens Gymnasium Uppsala;45466628;Uppsala;0380;Enskild;Magelungen Utveckling AB;5564891447;77;33;26;18;48;22;68;
NTI Gymnasiet Uppsala;52048443;Uppsala;0380;Enskild;IT Gymnasiet Sverige AB;5565970471;408;139;135;134;12;22;64;
Praktiska Gymnasiet Uppsala;69865450;Uppsala;0380;Enskild;Praktiska Sverige AB;5562575786;218;88;67;63;24;31;26;
Realgymnasiet Uppsala;31112935;Uppsala;0380;Enskild;Lärande i Sverige AB;5565715892;174;62;64;48;90;11;48;
Rosendalsgymnasiet;26957025;Uppsala;0380;Kommunal;Uppsala;2120003005;899;329;279;291;52;26;82;
Thoren Business School Uppsala;90509211;Uppsala;0380;Enskild;Thorengruppen AB;5566139290;269;103;77;89;55;31;49;
Uppsala estetiska gymnasium;43277545;Uppsala;0380;Kommunal;Uppsala;2120003005;249;92;89;68;61;16;61;
Uppsala yrkesgymnasium Ekeby;37316242;Uppsala;0380;Kommunal;Uppsala;2120003005;320;90;102;128;53;36;28;
Uppsala yrkesgymnasium Jälla;20173336;Uppsala;0380;Kommunal;Uppsala;2120003005;650;249;220;181;27;17;33;
Uven gymnasiet;34672151;Uppsala;0380;Kommunal;Uppsala;2120003005;146;105;28;13;43;52;27;
Yrkesgymnasiet Uppsala;49872493;Uppsala;0380;Enskild;Thorengruppen AB;5566139290;197;86;69;42;38;37;21;
Yrkesplugget Uppsala;39147056;Uppsala;0380;Enskild;Yrkesplugget i Sverige AB;5566753736;203;61;74;68;16;24;32;
Uppvidinge gymnasieskola;11953769;Uppvidinge;0760;Kommunal;Uppvidinge;2120000605;129;50;41;38;38;68;13;
Fenix kunskapscentrum/gymn;50393060;Vaggeryd;0665;Kommunal;Vaggeryd;2120000522;252;82;81;89;43;28;50;
Fenix kunskapscentrum/IM;50146546;Vaggeryd;0665;Kommunal;Vaggeryd;2120000522;111;32;43;36;27;77;17;
Vallentuna gymnasium;85788659;Vallentuna;0115;Kommunal;Vallentuna;2120000027;337;134;98;105;33;34;36;
Vansbro utbildningscenter gy.;95340745;Vansbro;2021;Kommunal;Västerdalarnas Utbildningsförbund;2220003145;165;62;55;48;37;37;25;
Academy of Music and Business Vara;54382141;Vara;1470;Enskild;Academy of Music and Business Education Vara AB;5590489760;103;47;28;28;68;11;54;
Lagmansgymnasiet1;59521477;Vara;1470;Kommunal;Vara;2120002924;227;91;75;61;51;13;33;
Lagmansgymnasiet2;29221653;Vara;1470;Kommunal;Vara;2120002924;209;85;67;57;19;22;36;
Drottning Blankas Gymnasieskola Varberg;92442684;Varberg;1383;Enskild;Drottning Blankas Gymnasieskola AB;5565668794;214;74;70;70;69;27;43;
LBS Kreativa Gymnasiet Varberg;66095163;Varberg;1383;Enskild;Ljud & Bildskolan Lbs AB;5564851649;134;44;38;52;22;14;54;
Munkagårdsgymnasiet;38544187;Varberg;1383;Region;Region Halland;2321000115;285;88;101;96;51;5;40;
Peder Skrivares skola Enhet 1;54599691;Varberg;1383;Kommunal;Varberg;2120001249;604;237;192;175;63;14;60;
Peder Skrivares skola Enhet 2;54004368;Varberg;1383;Kommunal;Varberg;2120001249;545;190;198;157;45;13;77;
Peder Skrivares skola Enhet 3;54467211;Varberg;1383;Kommunal;Varberg;2120001249;436;154;133;149;22;9;39;
Peder Skrivares skola Enhet 4;54361562;Varberg;1383;Kommunal;Varberg;2120001249;152;58;63;31;34;65;18;
Sveriges Ridgymnasium Varberg;23517683;Varberg;1383;Enskild;Sveriges Ridgymnasium AB;5566814504;91;28;38;25;98;..;53;
Sundsgymnasiet;31975673;Vellinge;1233;Kommunal;Vellinge;2120001033;795;285;260;250;47;11;75;
Njudungsgymnasiet 1;61119556;Vetlanda;0685;Kommunal;Vetlanda;2120000571;109;45;27;37;39;76;12;
Njudungsgymnasiet 2;82251333;Vetlanda;0685;Kommunal;Vetlanda;2120000571;236;83;83;70;31;22;41;
Njudungsgymnasiet 3;99864908;Vetlanda;0685;Kommunal;Vetlanda;2120000571;221;71;85;65;76;23;43;
Njudungsgymnasiet 4;27106031;Vetlanda;0685;Kommunal;Vetlanda;2120000571;246;83;83;80;55;18;46;
Njudungsgymnasiet 5;59463950;Vetlanda;0685;Kommunal;Vetlanda;2120000571;217;78;66;73;12;22;57;
Malgomajskolan;63931325;Vilhelmina;2462;Kommunal;Vilhelmina;2120002601;336;114;122;100;44;22;33;
Vimmerby gymnasium 1;44586618;Vimmerby;0884;Kommunal;Vimmerby;2120000787;71;31;28;12;28;72;..;
Vimmerby gymnasium 2;57391913;Vimmerby;0884;Kommunal;Vimmerby;2120000787;287;105;87;95;65;20;49;
Vimmerby gymnasium 3;75374280;Vimmerby;0884;Kommunal;Vimmerby;2120000787;163;73;50;40;12;26;43;
Dammsdal gymnasieskola;12807435;Vingåker;0428;Region;Region Sörmland;2321000032;21;6;9;6;..;..;48;
Sundlergymnasiet;46148350;Vårgårda;1442;Kommunal;Vårgårda;2120001454;351;149;104;98;47;38;37;
Birger Sjöberggymnasiet 1;50133877;Vänersborg;1487;Kommunal;Kunskapsförbundet Väst;2220002998;822;310;242;270;43;30;55;
Birger Sjöberggymnasiet 2;49868916;Vänersborg;1487;Kommunal;Kunskapsförbundet Väst;2220002998;175;74;59;42;38;81;14;
Fridagymnasiet, Vänersborg;74919147;Vänersborg;1487;Enskild;Fridaskolorna AB;5564515988;228;75;77;76;57;17;75;
Nuntorpsgymnasiet;16093109;Vänersborg;1487;Enskild;Dinglegymnasiet AB;5590475611;28;28;.;.;57;..;43;
Liljaskolan, sektor A;90240730;Vännäs;2460;Kommunal;Vännäs;2120002841;199;46;83;70;18;12;35;
Liljaskolan, sektor B;84908877;Vännäs;2460;Kommunal;Vännäs;2120002841;193;108;51;34;37;35;22;
Liljaskolan, sektor C;78389879;Vännäs;2460;Kommunal;Vännäs;2120002841;184;107;43;34;34;47;37;
Gustavsbergs gymnasium ,G2,;24277564;Värmdö;0120;Kommunal;Värmdö;2120000035;277;113;101;63;46;64;27;
Mälardalens Ridgymnasium Gustavsberg;88956420;Värmdö;0120;Enskild;Mälardalens Ridgymnasium AB;5569516742;36;11;15;10;97;..;44;
Värmdö gymnasium;44412461;Värmdö;0120;Kommunal;Värmdö;2120000035;1 225;433;407;385;58;11;83;
Värmdö Tekniska gymnasieskola;34002355;Värmdö;0120;Enskild;Värmdö Tekniska Utbildningar Aktiebolag, Vtu;5563836757;225;64;68;93;..;48;26;
Finnvedens Gymnasium 1;16577552;Värnamo;0683;Kommunal;Värnamo;2120000555;238;157;52;29;24;52;22;
Finnvedens Gymnasium 2;36355200;Värnamo;0683;Kommunal;Värnamo;2120000555;354;129;118;107;67;33;46;
Finnvedens Gymnasium 3;96920524;Värnamo;0683;Kommunal;Värnamo;2120000555;314;99;122;93;40;24;42;
Finnvedens Gymnasium 4;18217765;Värnamo;0683;Kommunal;Värnamo;2120000555;383;114;131;138;35;26;63;
Gamlebygymnasiet;14677676;Västervik;0883;Enskild;Hushållningssällskapet Kalmar-Kronoberg-Blekinge;2620000071;157;66;51;40;51;6;32;
Västerviks gymnasium Ro 1;96152872;Västervik;0883;Kommunal;Västervik;2120000779;197;67;68;62;15;18;41;
Västerviks gymnasium Ro 3;70803636;Västervik;0883;Kommunal;Västervik;2120000779;397;150;132;115;58;13;59;
Västerviks gymnasium Ro 4;44041939;Västervik;0883;Kommunal;Västervik;2120000779;136;49;41;46;41;56;21;
Västerviks gymnasium RO5;49576295;Västervik;0883;Kommunal;Västervik;2120000779;240;80;78;82;54;33;60;
ABB Industrigymnasium Västerås;66028861;Västerås;1980;Enskild;Industritekniska Gymnasiet Bergslagen AB;5566081740;341;124;124;93;42;20;86;
Carlforsska gymnasiet;77712952;Västerås;1980;Kommunal;Västerås;2120002080;475;172;153;150;72;38;52;
Carlforsska gymnasiet EK HA;23797825;Västerås;1980;Kommunal;Västerås;2120002080;323;107;113;103;51;24;62;
Carlforsska gymnasiet IM;57999564;Västerås;1980;Kommunal;Västerås;2120002080;268;110;94;64;47;67;20;
Edströmska;92009807;Västerås;1980;Kommunal;Västerås;2120002080;350;142;111;97;13;26;34;
Grillska Gymnasiet Västerås;10433896;Västerås;1980;Enskild;Stadsmissionens Skolstiftelse;8020170794;394;128;143;123;44;13;72;
Hahrska gymnasiet;10342448;Västerås;1980;Kommunal;Västerås;2120002080;388;134;135;119;26;34;28;
JENSEN Gymnasium Västerås;49170638;Västerås;1980;Enskild;Jensen Education College AB;5566358759;153;61;50;42;57;59;50;
Kopparlundsgymnasiet;46379730;Västerås;1980;Enskild;Västerås Entreprenörsgymnasium;8176058942;141;56;45;40;59;43;40;
Kunskapsgymnasiet Västerås;25379974;Västerås;1980;Enskild;Kunskapsskolan i Sverige Aktiebolag;5565661815;241;88;88;65;63;62;49;
Mälardalens Ridgymnasium Västerås;98032567;Västerås;1980;Enskild;Mälardalens Ridgymnasium Västerås Handelsbolag;9165808479;45;15;16;14;96;..;44;
NTI Gymnasiet Västerås;43154449;Västerås;1980;Enskild;IT Gymnasiet Sverige AB;5565970471;211;87;67;57;19;25;55;
Praktiska Gymnasiet Västerås;96194948;Västerås;1980;Enskild;Praktiska Sverige AB;5562575786;197;66;67;64;47;38;26;
Realgymnasiet  Västerås;25955541;Västerås;1980;Enskild;Lärande i Sverige AB;5565715892;201;69;71;61;92;5;43;
Rudbeckianska gymnasiet;88025221;Västerås;1980;Kommunal;Västerås;2120002080;1 354;450;442;462;58;39;59;
Skultuna gymnasieenhet;33537203;Västerås;1980;Kommunal;Västerås;2120002080;7;1;3;3;..;..;..;
Thoren Business School Västerås;18042101;Västerås;1980;Enskild;Thorengruppen AB;5566139290;310;115;94;101;59;61;48;
Tranellska gymnasiet;14799321;Västerås;1980;Kommunal;Västerås;2120002080;174;56;67;51;57;27;29;
Västerås Citygymnasium;56041699;Västerås;1980;Enskild;Västerås Citygymnasium AB;5567503890;187;52;77;58;53;88;14;
Västerås Idrottsgymnasium;45111086;Västerås;1980;Enskild;Västerås Idrottsgymnasium AB;5567802144;73;20;21;32;15;16;60;
Widénska gymnasiet;70955448;Västerås;1980;Kommunal;Västerås;2120002080;607;233;195;179;48;8;72;
Wijkmanska gymnasiet;68824244;Västerås;1980;Kommunal;Västerås;2120002080;283;99;100;84;12;41;41;
Yrkesgymnasiet Västerås;90685868;Västerås;1980;Enskild;Thorengruppen AB;5566139290;261;111;75;75;45;32;32;
Ingelstadgymnasiet;24501884;Växjö;0780;Enskild;Hushållningssällskapet Kalmar-Kronoberg-Blekinge;2620000071;231;80;77;74;71;5;49;
Katedralskolan 1;46707989;Växjö;0780;Kommunal;Växjö;2120000662;365;123;113;129;53;25;85;
Katedralskolan 2;46986216;Växjö;0780;Kommunal;Växjö;2120000662;257;87;83;87;73;29;70;
Katedralskolan 3;67924816;Växjö;0780;Kommunal;Växjö;2120000662;435;159;158;118;68;25;68;
Katedralskolan 4;92805465;Växjö;0780;Kommunal;Växjö;2120000662;309;96;94;119;59;15;74;
Kungsmadskolan 1;56084099;Växjö;0780;Kommunal;Växjö;2120000662;226;82;72;72;63;25;57;
Kungsmadskolan 2;80711021;Växjö;0780;Kommunal;Växjö;2120000662;297;112;99;86;43;27;40;
Kungsmadskolan 3;54927401;Växjö;0780;Kommunal;Växjö;2120000662;173;55;51;67;38;100;21;
Kungsmadskolan 5;17648596;Växjö;0780;Kommunal;Växjö;2120000662;196;69;66;61;11;17;39;
Kungsmadskolan 6;16720048;Växjö;0780;Kommunal;Växjö;2120000662;189;68;58;63;76;17;33;
Kungsmadskolan 7;13960635;Växjö;0780;Kommunal;Växjö;2120000662;46;19;11;16;..;50;24;
LBS Kreativa Gymnasiet Växjö;17083056;Växjö;0780;Enskild;Ljud & Bildskolan Lbs AB;5564851649;122;49;42;31;17;26;59;
Praktiska Gymnasiet Växjö;39341381;Växjö;0780;Enskild;Praktiska Sverige AB;5562575786;187;76;64;47;26;86;16;
ProCivitas Privata Gymnasium Växjö;61176909;Växjö;0780;Enskild;ProCivitas Privata Gymnasium AB;5566157102;426;136;164;126;48;14;71;
Skanskagymnasiet;43479922;Växjö;0780;Enskild;Skanskaskolan i Växjö AB;5567435994;75;22;28;25;47;15;71;
Teknikum 1;60088179;Växjö;0780;Kommunal;Växjö;2120000662;249;80;95;74;61;45;37;
Teknikum 2;28391147;Växjö;0780;Kommunal;Växjö;2120000662;410;143;129;138;8;34;55;
Teknikum 3;77843821;Växjö;0780;Kommunal;Växjö;2120000662;150;99;39;12;52;57;27;
Växjö Fria Fordongymnasium;29209307;Växjö;0780;Enskild;VFG Utbildning AB;5562496629;213;72;84;57;9;48;18;
Växjö Fria Gymnasium;21778322;Växjö;0780;Enskild;Växjö Fria Gymnasium AB;5565847836;471;184;144;143;59;33;55;
Fria Läroverken i Ystad;31380193;Ystad;1286;Enskild;Gymnasieskolor i Syd AB;5569306979;156;56;52;48;49;33;29;
Praktiska Gymnasiet Ystad;90290154;Ystad;1286;Enskild;Praktiska Sverige AB;5562575786;190;71;71;48;35;34;24;
Ystad Gymnasium, område 1;25847233;Ystad;1286;Kommunal;Ystad;2120001181;252;93;88;71;67;25;35;
Ystad Gymnasium, område 2;62612992;Ystad;1286;Kommunal;Ystad;2120001181;310;95;107;108;38;24;69;
Ystad Gymnasium, område 3;85485803;Ystad;1286;Kommunal;Ystad;2120001181;254;89;95;70;72;12;61;
Ystad Gymnasium, område 4;16161214;Ystad;1286;Kommunal;Ystad;2120001181;172;73;65;34;31;77;12;
Ystad Gymnasium, område 5;92816527;Ystad;1286;Kommunal;Ystad;2120001181;367;128;133;106;24;13;39;
Ystad Gymnasium, område 6;98387869;Ystad;1286;Kommunal;Ystad;2120001181;256;87;88;81;52;14;57;
Karlbergsgymnasiet 1;16848652;Åmål;1492;Kommunal;Åmål;2120001587;160;49;63;48;61;41;31;
Karlbergsgymnasiet 2;88429477;Åmål;1492;Kommunal;Åmål;2120001587;424;141;138;145;62;28;54;
Karlbergsgymnasiet 3;94975733;Åmål;1492;Kommunal;Åmål;2120001587;181;72;64;45;8;17;48;
Karlbergsgymnasiet 4;27628327;Åmål;1492;Kommunal;Åmål;2120001587;51;51;.;.;41;71;35;
Bobergsgymnasiet;56802300;Ånge;2260;Kommunal;Ånge;2120002387;189;84;59;46;44;31;34;
Jämtlands Gymn, Åre 1;15149235;Åre;2321;Kommunal;Jämtlands Gymnasieförbund;2220001636;184;60;53;71;43;20;69;
Jämtlands Gymn, Åre 2;48336642;Åre;2321;Kommunal;Jämtlands Gymnasieförbund;2220001636;140;53;49;38;30;39;31;
Årjängs gymnasieskola;77379848;Årjäng;1765;Kommunal;Årjäng;2120001835;100;39;37;24;22;70;15;
Vuxenutbildningscentrum IM;29535640;Åstorp;1277;Kommunal;Åstorp;2120000936;71;71;.;.;39;77;..;
Bildningscentrum Facetten;24538846;Åtvidaberg;0561;Kommunal;Åtvidaberg;2120000415;264;87;90;87;35;21;44;
Haganässkolan 1;67422309;Älmhult;0765;Kommunal;Älmhult;2120000647;216;74;76;66;36;52;19;
Haganässkolan2;67058407;Älmhult;0765;Kommunal;Älmhult;2120000647;321;92;102;127;46;42;51;
Älvdalens Utbildningscentrum;34421265;Älvdalen;2039;Enskild;Älvdalens Utbildningscentrum AB;5567759120;255;102;73;80;21;4;38;
Gymnasieutb. Älvkarleby komvux;49279427;Älvkarleby;0319;Kommunal;Älvkarleby;2120000258;18;12;3;3;..;..;..;
Älvsbyns gymnasium;15791044;Älvsbyn;2560;Kommunal;Älvsbyn;2120002734;203;81;70;52;35;32;43;
Ängelholms gymnasieskola Ro 1;55010709;Ängelholm;1292;Kommunal;Ängelholm;2120000977;95;95;.;.;40;71;16;
Ängelholms gymnasieskola Ro 2;65392939;Ängelholm;1292;Kommunal;Ängelholm;2120000977;451;170;145;136;45;19;67;
Ängelholms gymnasieskola Ro 3;98696836;Ängelholm;1292;Kommunal;Ängelholm;2120000977;381;145;117;119;59;15;55;
Ängelholms gymnasieskola Ro 4;82160887;Ängelholm;1292;Kommunal;Ängelholm;2120000977;232;81;87;64;31;13;44;
Ängelholms gymnasieskola Ro 5;23175129;Ängelholm;1292;Kommunal;Ängelholm;2120000977;73;28;26;19;..;19;53;
Ängelholms gymnasieskola Ro 7;99710631;Ängelholm;1292;Kommunal;Ängelholm;2120000977;9;2;3;4;..;..;..;
Öckerö Seglande gymnasieskola;77358716;Öckerö;1407;Kommunal;Öckerö;2120001280;310;102;103;105;60;6;78;
Drottning Blankas Gymnasieskola Örebro;64648566;Örebro;1880;Enskild;Plusgymnasiet AB;5565789129;271;106;90;75;70;50;26;
Grillska Gymnasiet Örebro;49739986;Örebro;1880;Enskild;Stadsmissionens Skolstiftelse;8020170794;362;114;130;118;28;36;48;
JENSEN Gymnasium Örebro;92192566;Örebro;1880;Enskild;Jensen Education College AB;5566358759;246;90;89;67;65;48;48;
Karolinska gymnasiet;56886667;Örebro;1880;Kommunal;Örebro;2120001967;1 113;430;312;371;66;35;61;
Kvinnerstagymnasiet;33249781;Örebro;1880;Kommunal;Örebro;2120001967;203;58;69;76;43;..;41;
LBS Kreativa Gymnasiet Örebro;94207720;Örebro;1880;Enskild;Ljud & Bildskolan Lbs AB;5564851649;93;54;39;.;35;23;61;
NTI Gymnasiet Örebro;29225010;Örebro;1880;Enskild;IT Gymnasiet Sverige AB;5565970471;160;57;49;54;8;24;51;
Praktiska Gymnasiet Örebro;18691102;Örebro;1880;Enskild;Praktiska Sverige AB;5562575786;192;73;68;51;8;54;23;
Proffsgymnasiet;70302356;Örebro;1880;Enskild;Fordonsutbildningar i Örebro Aktiebolag;5564869161;89;38;27;24;11;48;20;
Rudbecksgymnasiet;65421426;Örebro;1880;Kommunal;Örebro;2120001967;1 158;363;390;405;59;35;61;
Rudbecksgymnasiet RGD-RGH;62394916;Örebro;1880;Kommunal;Örebro;2120001967;64;20;18;26;73;47;58;
Rytmus Örebro;67908927;Örebro;1880;Enskild;Rytmus AB;5564648979;96;36;33;27;60;..;70;
Thoren Business School Örebro;72071234;Örebro;1880;Enskild;Thorengruppen AB;5566139290;557;197;198;162;57;42;57;
Tullängsgymnasiet;24349146;Örebro;1880;Kommunal;Örebro;2120001967;966;348;308;310;20;14;57;
Tullängsgymnasiet RGD-RGH;83605345;Örebro;1880;Kommunal;Örebro;2120001967;102;31;38;33;10;44;33;
Virginska gymnasiet;15933512;Örebro;1880;Kommunal;Örebro;2120001967;1 418;697;366;355;60;30;47;
Virginska gymnasiet RGD-RGH;12198363;Örebro;1880;Kommunal;Örebro;2120001967;135;40;36;59;55;54;31;
Yrkesgymnasiet Örebro;47692481;Örebro;1880;Enskild;Thorengruppen AB;5566139290;209;92;64;53;49;57;24;
Örkelljunga Utb.centrum, gy.;64693272;Örkelljunga;1257;Kommunal;Örkelljunga;2120000878;148;43;61;44;40;50;35;
Hampnäs gymnasium;18072172;Örnsköldsvik;2284;Enskild;Impius Vård och Utbildning AB;5566824693;52;14;24;14;35;..;50;
Höga kustens teoretiska gymnasium;65833454;Örnsköldsvik;2284;Enskild;Honesta Gymnasieskolor AB;5590258108;131;30;46;55;66;33;54;
Praktiska Gymnasiet Örnsköldsvik;85188855;Örnsköldsvik;2284;Enskild;Praktiska Sverige AB;5562575786;189;69;69;51;41;19;32;
Örnsköldsviks Gymnasium Alfa 1;11341077;Örnsköldsvik;2284;Kommunal;Örnsköldsvik;2120002445;124;47;42;35;45;100;..;
Örnsköldsviks Gymnasium Beta;39528347;Örnsköldsvik;2284;Kommunal;Örnsköldsvik;2120002445;207;89;58;60;22;22;40;
Örnsköldsviks Gymnasium Delta;34988313;Örnsköldsvik;2284;Kommunal;Örnsköldsvik;2120002445;162;60;44;58;56;15;73;
Örnsköldsviks Gymnasium Gamma;85473846;Örnsköldsvik;2284;Kommunal;Örnsköldsvik;2120002445;211;73;75;63;29;6;45;
Örnsköldsviks Gymnasium Kappa;29744774;Örnsköldsvik;2284;Kommunal;Örnsköldsvik;2120002445;42;15;10;17;..;..;48;
Örnsköldsviks Gymnasium Lambda;89690587;Örnsköldsvik;2284;Kommunal;Örnsköldsvik;2120002445;401;144;143;114;63;13;59;
Örnsköldsviks Gymnasium Omega;28045567;Örnsköldsvik;2284;Kommunal;Örnsköldsvik;2120002445;314;107;101;106;72;9;65;
Örnsköldsviks Gymnasium Sigma;20768651;Örnsköldsvik;2284;Kommunal;Örnsköldsvik;2120002445;252;83;85;84;24;19;55;
Jämtlands Gymn, Fyrvalla 3A;32239920;Östersund;2380;Kommunal;Jämtlands Gymnasieförbund;2220001636;281;98;88;95;22;8;41;
Jämtlands Gymn, Fyrvalla 3B;98781765;Östersund;2380;Kommunal;Jämtlands Gymnasieförbund;2220001636;142;45;53;44;20;..;42;
Jämtlands Gymn, Fyrvalla 3C;33467604;Östersund;2380;Kommunal;Jämtlands Gymnasieförbund;2220001636;129;47;44;38;..;15;39;
Jämtlands Gymn, Wargentin 1A;38880984;Östersund;2380;Kommunal;Jämtlands Gymnasieförbund;2220001636;333;123;114;96;47;45;57;
Jämtlands Gymn, Wargentin 1B;28872974;Östersund;2380;Kommunal;Jämtlands Gymnasieförbund;2220001636;309;127;85;97;35;17;63;
Jämtlands Gymn, Wargentin 1E;69812576;Östersund;2380;Kommunal;Jämtlands Gymnasieförbund;2220001636;384;174;119;91;52;11;66;
Jämtlands Gymn, Wargentin 2A;18686599;Östersund;2380;Kommunal;Jämtlands Gymnasieförbund;2220001636;210;73;59;78;37;..;74;
Jämtlands Gymn, Wargentin 2B;93779220;Östersund;2380;Kommunal;Jämtlands Gymnasieförbund;2220001636;420;151;142;127;70;13;61;
Jämtlands Gymn, Wargentin 2C;77797484;Östersund;2380;Kommunal;Jämtlands Gymnasieförbund;2220001636;282;96;89;97;71;14;62;
Jämtlands Gymn, Wargentin 2D;53279140;Östersund;2380;Kommunal;Jämtlands Gymnasieförbund;2220001636;204;70;80;54;76;13;37;
Jämtlands Gymn, Wargentin 2E;22640494;Östersund;2380;Kommunal;Jämtlands Gymnasieförbund;2220001636;5;4;1;.;..;..;..;
Storsjögymnasiet, Östersund;80785976;Östersund;2380;Enskild;Honesta Skolutveckling AB;5569173635;303;103;115;85;46;11;51;
Östersunds Gymnasieskola;47559319;Östersund;2380;Enskild;Östersunds gymnasieskola AB;5567212641;170;43;68;59;62;26;50;
Skärgårdsgymnasiet;56187883;Österåker;0117;Enskild;Au Claves AB;5567284822;447;160;145;142;47;18;34;
Österåkers gymnasium;20752831;Österåker;0117;Kommunal;Österåker;2120002890;616;216;221;179;35;20;59;
Bruksgymnasiet/Gimo utb.centr.;51023367;Östhammar;0382;Kommunal;Östhammar;2120000290;343;154;107;82;48;21;35;
Forsmarks skola;34739511;Östhammar;0382;Kommunal;Östhammar;2120000290;34;18;.;16;44;..;71;
Wilhelm Haglunds Gymnasium;95069937;Östhammar;0382;Enskild;Gimo UtbildningsAktiebolag;5560614041;77;29;26;22;13;19;52;
Göinge utbildningscenter, Gymnasium;84200045;Östra Göinge;1256;Kommunal;Östra Göinge;2120000860;124;67;52;5;47;85;19;
Gymnasieskolan;55295253;Överkalix;2513;Kommunal;Överkalix;2120002684;12;12;.;.;..;100;..;
Gränsälvsgymnasiet;52690153;Övertorneå;2518;Kommunal;Övertorneå;2120002700;152;48;46;58;47;38;36;

Rapportbeskrivning och definitioner etc.  
  
Rapporten visar antal elever totalt, andel kvinnor, andel med utländsk bakgrund, andel med högutbildade föräldrar samt antal elever i skolår 1 till 3. 
Uppgifterna avser oktober det valda året.
 
Observera att uppgifter avseende kön, utländsk bakgrund samt föräldrarnas utbildningsnivå dubbelprickas om de baseras på färre än 10 elever.
Då visas två prickar (..) istället för utfall. Om data saknas visas en prick (.)  istället för utfall.
 




