Statistik från Skolverket, https://www.skolverket.se

Gymnasieskola - Antal elever
Valt läsår: 2020/21


Skola;Skol-enhetskod;Skolkommun;Kommun-kod;Typ av huvudman;Huvudman;Huvudman orgnr;Antal elever;Antal elever skolår 1;Antal elever skolår 2;Antal elever skolår 3;Andel kvinnor (%);Andel m utl bakgr (%);Andel m högutb föräldrar (%);
Ale gymnasium;17221836;Ale;1440;Kommunal;Ale;2120001439;91;39;27;25;43;49;25;
Lärlingsgymnasiet i Ale;93221031;Ale;1440;Enskild;Lärlingsgymnasiet i Sverige AB;5567628176;280;103;91;86;26;17;27;
Alingsås Yrkesgymnasium;17474377;Alingsås;1489;Enskild;Alingsås Yrkesgymnasium AB;5567290548;61;23;22;16;43;18;33;
Alströmergymnasiet sektor 2;18345915;Alingsås;1489;Kommunal;Alingsås;2120001553;357;128;104;125;34;16;69;
Alströmergymnasiet sektor 3;68229719;Alingsås;1489;Kommunal;Alingsås;2120001553;296;131;83;82;66;16;62;
Alströmergymnasiet sektor 4;61004230;Alingsås;1489;Kommunal;Alingsås;2120001553;329;108;122;99;41;12;56;
Alströmergymnasiet sektor 5;67768292;Alingsås;1489;Kommunal;Alingsås;2120001553;115;82;28;5;40;49;30;
Alströmergymnasiet Sektor 6;25051158;Alingsås;1489;Kommunal;Alingsås;2120001553;64;18;25;21;77;..;73;
Allbo Lärcenter gymnasium;75459583;Alvesta;0764;Kommunal;Alvesta;2120000639;82;34;23;25;55;85;16;
Vasagymnasiet;71262305;Arboga;1984;Kommunal;Arboga;2120002122;356;152;104;100;49;33;47;
Hornavanskolan;55795961;Arjeplog;2506;Kommunal;Arjeplog;2120002668;79;23;35;21;43;30;37;
Sandbackaskolan;84947634;Arvidsjaur;2505;Kommunal;Arvidsjaur;2120002650;179;65;66;48;46;15;43;
Estetiska skolan, gymnasiet;23517336;Arvika;1784;Enskild;Estetiska Skolan Arvika;8740020212;51;21;21;9;73;22;57;
Solbergagymnasiet;48009865;Arvika;1784;Kommunal;Arvika;2120001892;380;134;116;130;54;21;63;
Taserudsgymnasiet;68518617;Arvika;1784;Kommunal;Arvika;2120001892;465;157;163;145;38;29;31;
Karlfeldtgymnasiet;30376472;Avesta;2084;Kommunal;Avesta;2120002262;744;322;206;216;41;33;41;
Strömkullegymnasiet;19464342;Bengtsfors;1460;Kommunal;Bengtsfors;2120001470;160;43;53;64;48;60;38;
Fjällgymnasiet;60743463;Berg;2326;Kommunal;Berg;2120002502;111;39;32;40;51;22;46;
Björknäsgymnasiet Enhet 1;32960825;Boden;2582;Kommunal;Boden;2120002767;66;26;28;12;36;56;20;
Björknäsgymnasiet Enhet 2;43609520;Boden;2582;Kommunal;Boden;2120002767;258;97;67;94;57;12;71;
Björknäsgymnasiet Enhet 3;41416934;Boden;2582;Kommunal;Boden;2120002767;289;114;86;89;24;11;49;
Björknäsgymnasiet Enhet 4;97968599;Boden;2582;Kommunal;Boden;2120002767;168;63;48;57;67;8;71;
Bollebygds gymnasieskola;35225375;Bollebygd;1443;Kommunal;Bollebygd;2120002973;8;5;3;.;..;..;..;
Friskolan Nytorp;21567982;Bollnäs;2183;Enskild;Friskolan Nytorp AB;5568813561;78;29;24;25;19;..;33;
Hälsingegymnasiet;91748148;Bollnäs;2183;Enskild;Hälsingegymnasiet AB;5567600886;292;100;83;109;45;30;57;
Naturlära i Hälsingland;49379603;Bollnäs;2183;Enskild;NaturLära i Hälsingland AB;5568554314;37;15;11;11;100;..;43;
Nytorps Hästgymnasium;80167319;Bollnäs;2183;Enskild;Nytorps Hästgymnasium AB;5569063455;27;8;9;10;96;..;..;
Torsbergsgymnasiet RO4;73171934;Bollnäs;2183;Kommunal;Hälsinglands Utbildningsförbund;2220003111;281;95;107;79;66;36;41;
Torsbergsgymnasiet RO5;83474173;Bollnäs;2183;Kommunal;Hälsinglands Utbildningsförbund;2220003111;271;104;88;79;47;19;34;
Erikslundsgymnasiet;21866405;Borlänge;2081;Kommunal;Borlänge;2120002239;200;85;63;52;17;13;42;
Hagagymnasiet;74434644;Borlänge;2081;Kommunal;Borlänge;2120002239;609;214;210;185;60;28;43;
Helixgymnasiet Borlänge;42022406;Borlänge;2081;Enskild;NTI Gymnasiet Helix AB;5566747290;220;68;76;76;29;29;51;
Hushagsgymnasiet;88445871;Borlänge;2081;Kommunal;Borlänge;2120002239;333;127;104;102;23;9;45;
Introduktionsprogrammen;19100658;Borlänge;2081;Kommunal;Borlänge;2120002239;198;104;55;39;41;63;21;
Rytmus Borlänge;31322470;Borlänge;2081;Enskild;Rytmus AB;5564648979;143;56;41;46;52;9;55;
Soltorgsgymnasiet;65192707;Borlänge;2081;Kommunal;Borlänge;2120002239;513;162;173;178;56;20;72;
Almåsgymnasiet A;18425335;Borås;1490;Kommunal;Borås;2120001561;239;69;85;85;74;41;30;
Almåsgymnasiet B;93281974;Borås;1490;Kommunal;Borås;2120001561;238;76;92;70;69;65;27;
Almåsgymnasiet C;23424275;Borås;1490;Kommunal;Borås;2120001561;249;106;77;66;60;39;32;
Bäckängsgymnasiet A;43634528;Borås;1490;Kommunal;Borås;2120001561;474;150;157;167;58;35;76;
Bäckängsgymnasiet B;36263479;Borås;1490;Kommunal;Borås;2120001561;527;178;174;175;72;22;69;
Bäckängsgymnasiet C;56679384;Borås;1490;Kommunal;Borås;2120001561;210;54;72;84;78;15;57;
Bäckängsgymnasiet D;30538202;Borås;1490;Kommunal;Borås;2120001561;181;85;53;43;65;42;50;
Drottning Blankas Gymnasieskola Borås;19150273;Borås;1490;Enskild;DBGY Kronan AB;5565668794;192;72;55;65;72;45;39;
LBS Kreativa Gymnasiet Borås;69018222;Borås;1490;Enskild;Ljud & Bildskolan Lbs AB;5564851649;219;79;77;63;19;18;56;
Praktiska Gymnasiet Borås;25624692;Borås;1490;Enskild;Praktiska Sverige AB;5562575786;171;41;66;64;13;50;28;
Realgymnasiet Borås;88534520;Borås;1490;Enskild;Lärande i Sverige AB;5565715892;140;49;39;52;76;8;46;
Sven Eriksonsgymnasiet A;12889940;Borås;1490;Kommunal;Borås;2120001561;375;118;139;118;26;23;70;
Sven Eriksonsgymnasiet B;16554575;Borås;1490;Kommunal;Borås;2120001561;231;105;76;50;40;60;36;
Sven Eriksonsgymnasiet C;34076477;Borås;1490;Kommunal;Borås;2120001561;651;236;227;188;48;25;55;
Viskastrandsgymnasiet A;25356960;Borås;1490;Kommunal;Borås;2120001561;250;81;83;86;17;10;36;
Viskastrandsgymnasiet B;64284020;Borås;1490;Kommunal;Borås;2120001561;323;143;101;79;23;21;41;
Viskastrandsgymnasiet C;98132436;Borås;1490;Kommunal;Borås;2120001561;277;116;89;72;8;17;35;
Viskastrandsgymnasiet D;67692516;Borås;1490;Kommunal;Borås;2120001561;82;37;45;.;22;63;20;
Viskastrandsgymnasiet F;16050914;Borås;1490;Kommunal;Borås;2120001561;14;7;7;.;..;..;..;
Yrkesgymnasiet Borås;59082395;Borås;1490;Enskild;Thorengruppen AB;5566139290;28;28;.;.;..;43;..;
Skyttbrinks gymnasium;60096875;Botkyrka;0127;Kommunal;Botkyrka;2120002882;211;90;70;51;39;56;24;
S:t Botvids gymnasium;97758137;Botkyrka;0127;Kommunal;Botkyrka;2120002882;476;157;212;107;54;89;29;
Södertörns Gymnasium;53400472;Botkyrka;0127;Enskild;STEG för framtiden Aktiebolag;5567538383;80;30;21;29;49;86;40;
Tullinge gymnasium;26334561;Botkyrka;0127;Kommunal;Botkyrka;2120002882;729;280;235;214;50;27;70;
Tumba gymnasium;40386043;Botkyrka;0127;Kommunal;Botkyrka;2120002882;1 339;497;436;406;51;46;60;
Furubygg;29324709;Bromölla;1272;Kommunal;Sölvesborgs-Bromöllas Kommunalförbund;2220001222;52;19;17;16;..;..;33;
Jämtlands Gymn, Bräcke 4A;26864271;Bräcke;2305;Kommunal;Jämtlands Gymnasieförbund;2220001636;107;42;38;27;14;12;29;
Gymnasieutbildningen i Burlöv;73416853;Burlöv;1231;Kommunal;Burlöv;2120001025;51;24;20;7;33;84;25;
Akademi Båstad Gymnasium;59483268;Båstad;1278;Kommunal;Båstad;2120000944;196;81;60;55;45;41;51;
Apelrydsskolan;33685428;Båstad;1278;Enskild;Stiftelsen Apelrydsskolan;8024247234;130;51;48;31;72;15;56;
Apelrydsskolan i Båstad;32879845;Båstad;1278;Enskild;Stiftelsen Apelryd International;8024778402;80;32;25;23;53;..;58;
Utsikten, Dals-Eds gymnasium;88573795;Dals-Ed;1438;Kommunal;Dals-Ed;2120001413;72;27;24;21;35;15;51;
British International School;66620411;Danderyd;0162;Enskild;Stiftelsen Borgen 2 - British International School Stockholm;8024777289;14;7;7;.;..;71;71;
Danderyds Gymnasium;30866364;Danderyd;0162;Kommunal;Danderyd;2120000126;1 232;415;403;414;38;14;81;
Marina läroverket i Danderyd;82814120;Danderyd;0162;Enskild;Klart Skepp Marinteknik AB;5565160669;505;172;172;161;45;4;80;
Viktor Rydberg gy. Djursholm;45164827;Danderyd;0162;Enskild;Stiftelsen Viktor Rydbergs Skolor;8120005650;521;188;161;172;56;10;92;
Möckelngymnasiet Degerfors;10924758;Degerfors;1862;Kommunal;Karlskoga;2120001991;290;111;98;81;38;26;37;
Individuella Gymnasiet;55711881;Ekerö;0125;Kommunal;Ekerö;2120000050;35;9;17;9;54;71;..;
Eksjö Gymnasium 1;34153869;Eksjö;0686;Kommunal;Eksjö;2120000589;302;98;116;88;37;44;53;
Eksjö Gymnasium 2;88259298;Eksjö;0686;Kommunal;Eksjö;2120000589;181;58;55;68;61;19;59;
Eksjö Gymnasium 3;73098153;Eksjö;0686;Kommunal;Eksjö;2120000589;66;24;15;27;88;23;33;
Nifsarpsskolan fri;44240250;Eksjö;0686;Enskild;Eksjö Fordonsutbildning AB;5565848537;228;83;72;73;18;8;32;
Vilhelm Mobergsgymnasiet;17846181;Emmaboda;0862;Kommunal;Emmaboda;2120000738;207;64;75;68;43;62;35;
Westerlundska gymnasiet;75082798;Enköping;0381;Kommunal;Enköping;2120000282;1 319;491;446;382;44;29;47;
Grillska Gymnasiet Eskilstuna;23555409;Eskilstuna;0484;Enskild;Stadsmissionens Skolstiftelse;8020170794;681;225;228;228;50;21;58;
JENSEN Gymnasium Eskilstuna;88986563;Eskilstuna;0484;Enskild;Jensen Education College AB;5566358759;66;66;.;.;77;56;56;
Kunskapscompaniets Gymnasium i Eskilstuna;91333138;Eskilstuna;0484;Enskild;Kunskapscompaniet Gymnasium KCGY AB;5561383885;188;74;62;52;33;32;23;
NTI Gymnasiet Eskilstuna;30341162;Eskilstuna;0484;Enskild;NTI Gymnasiet Macro AB;5561203679;151;53;46;52;9;28;52;
Realgymnasiet Eskilstuna;39936461;Eskilstuna;0484;Enskild;Lärande i Sverige AB;5565715892;145;58;51;36;88;10;55;
Rekarnegymnasiet 1;72266906;Eskilstuna;0484;Kommunal;Eskilstuna;2120000357;677;238;225;214;35;28;42;
Rekarnegymnasiet 2;27030026;Eskilstuna;0484;Kommunal;Eskilstuna;2120000357;783;298;265;220;41;45;37;
Rinmangymnasiet RI 1;16950252;Eskilstuna;0484;Kommunal;Eskilstuna;2120000357;618;222;195;201;27;47;52;
Rinmangymnasiet RI 2;34637764;Eskilstuna;0484;Kommunal;Eskilstuna;2120000357;561;202;180;179;63;55;51;
S:t Eskils gymnasium 1;19912478;Eskilstuna;0484;Kommunal;Eskilstuna;2120000357;554;173;187;194;61;43;60;
S:t Eskils gymnasium 2;73255276;Eskilstuna;0484;Kommunal;Eskilstuna;2120000357;234;77;81;76;61;63;28;
Carl Engströmgymnasiet;15077883;Eslöv;1285;Kommunal;Eslöv;2120001173;716;282;244;190;41;39;39;
NVU, Brinellskolan 1;32420077;Fagersta;1982;Kommunal;Norra Västmanlands Utbildningsförbund;2220000927;262;99;102;61;29;43;20;
NVU, Brinellskolan 2;48434184;Fagersta;1982;Kommunal;Norra Västmanlands Utbildningsförbund;2220000927;265;82;91;92;59;35;43;
Drottning Blankas Gymnasieskola Falkenberg;58724424;Falkenberg;1382;Enskild;DBGY Kronan AB;5565668794;143;42;51;50;75;36;34;
Falkenbergs Gymnasieskola 1;95684185;Falkenberg;1382;Kommunal;Falkenberg;2120001231;149;68;61;20;44;64;16;
Falkenbergs Gymnasieskola 2;51138448;Falkenberg;1382;Kommunal;Falkenberg;2120001231;234;88;65;81;46;25;51;
Falkenbergs Gymnasieskola 3;19647256;Falkenberg;1382;Kommunal;Falkenberg;2120001231;216;82;58;76;44;18;35;
Falkenbergs Gymnasieskola 4;56421429;Falkenberg;1382;Kommunal;Falkenberg;2120001231;189;66;59;64;15;20;52;
Falkenbergs Gymnasieskola 5;39911065;Falkenberg;1382;Kommunal;Falkenberg;2120001231;226;64;90;72;58;32;51;
Falkenbergs Gymnasieskola 6;89068742;Falkenberg;1382;Kommunal;Falkenberg;2120001231;216;74;80;62;69;25;68;
Ållebergsgymnasiet A;17008320;Falköping;1499;Kommunal;Falköping;2120001744;256;75;90;91;35;28;69;
Ållebergsgymnasiet B;56737496;Falköping;1499;Kommunal;Falköping;2120001744;282;87;97;98;44;24;54;
Ållebergsgymnasiet C;88850910;Falköping;1499;Kommunal;Falköping;2120001744;198;96;54;48;49;71;21;
Ållebergsgymnasiet E;93939982;Falköping;1499;Kommunal;Falköping;2120001744;305;111;109;85;67;18;52;
Drottning Blankas Gymnasieskola Falun;34253318;Falun;2080;Enskild;DBGY Kronan AB;5565668794;293;103;92;98;70;46;30;
Falu Frigymnasium;25720752;Falun;2080;Enskild;Falu Frigymnasium Aktiebolag;5566112834;378;131;113;134;66;33;57;
Hagströmska gymnasiet Falun;55155562;Falun;2080;Enskild;Hagströmska Gymnasiet AB;5567550461;692;224;205;263;26;12;56;
Kristinegymnasiet RO1;31533003;Falun;2080;Kommunal;Falun;2120002221;339;96;133;110;69;17;55;
Kristinegymnasiet RO2;31429031;Falun;2080;Kommunal;Falun;2120002221;398;155;133;110;66;19;50;
Lugnetgymnasiet RO1;23164911;Falun;2080;Kommunal;Falun;2120002221;455;157;157;141;46;14;78;
Lugnetgymnasiet RO2;24008049;Falun;2080;Kommunal;Falun;2120002221;229;79;79;71;16;14;45;
Lugnetgymnasiet RO3;72661886;Falun;2080;Kommunal;Falun;2120002221;205;80;69;56;80;9;61;
Lugnetgymnasiet RO4;94144023;Falun;2080;Kommunal;Falun;2120002221;160;139;13;8;38;55;21;
Musikkonservatoriet Falun;54481243;Falun;2080;Region;Region Dalarna;2321000180;53;20;23;10;47;..;87;
Praktiska Gymnasiet Falun;59734510;Falun;2080;Enskild;Praktiska Sverige AB;5562575786;175;79;59;37;39;18;31;
Spångbergsgymnasiet;19586169;Filipstad;1782;Kommunal;Filipstad;2120001876;336;100;124;112;40;41;26;
Bergska gymnasiet Bergska skolan;17643936;Finspång;0562;Kommunal;Finspång;2120000423;95;79;7;9;36;56;12;
Bergska gymnasiet Bildningen;24273261;Finspång;0562;Kommunal;Finspång;2120000423;255;82;92;81;54;29;43;
Curt Nicolin-gymnasiet;95683850;Finspång;0562;Enskild;Curt Nicolin Gymnasiet AB;5566431044;550;183;180;187;28;15;63;
Prins Wilhelm gymnasiet;59455288;Flen;0482;Kommunal;Flen;2120000332;227;95;76;56;46;72;24;
ForshagaAkademin;82163292;Forshaga;1763;Enskild;ForshagaAkademin AB;5566205737;235;77;83;75;37;13;45;
Gymnasieutbildningen i Gagnef;19599583;Gagnef;2026;Kommunal;Gagnef;2120002155;18;15;3;.;..;..;..;
Gislaveds gymnasium Ekonomisk sektor;25679488;Gislaved;0662;Kommunal;Gislaved;2120000514;366;119;131;116;62;34;40;
Gislaveds gymnasium NEO sektor;25677996;Gislaved;0662;Kommunal;Gislaved;2120000514;320;166;81;73;68;52;36;
Gislaveds gymnasium Teknisk sektor;89888648;Gislaved;0662;Kommunal;Gislaved;2120000514;340;164;85;91;17;35;38;
Motorsportsgymnasiet i Anderstorp;90003262;Gislaved;0662;Enskild;Värmdö Tekniska Utbildningar Aktiebolag, Vtu;5563836757;75;32;19;24;..;..;48;
Stora Segerstad Naturbrukscentrum;88163512;Gislaved;0662;Region;Region Jönköpings Län;2321000057;182;68;61;53;28;..;38;
Introduktionsprogram Gnesta kommun;35191755;Gnesta;0461;Kommunal;Gnesta;2120002965;8;5;1;2;..;..;..;
Gnosjöandans kunskapsc. gy;35063170;Gnosjö;0617;Kommunal;Gnosjö;2120000506;281;111;86;84;49;51;33;
Gutegymnasiet;31279294;Gotland;0980;Enskild;Guteskolan AB;5567044267;236;77;69;90;41;35;37;
Wisbygymnasiet;36782335;Gotland;0980;Kommunal;Gotland;2120000803;1 548;589;480;479;47;11;54;
Introduktionsprogrammet Språkintroduktion;42892954;Gullspång;1447;Kommunal;Gullspång;2120001637;6;3;2;1;..;..;..;
Lapplands Gymnasium Gällivare enhet 1;20666515;Gällivare;2523;Kommunal;Lapplands Kommunalförbund;2220000760;176;59;53;64;30;11;52;
Lapplands Gymnasium Gällivare enhet 2;37906565;Gällivare;2523;Kommunal;Lapplands Kommunalförbund;2220000760;191;74;65;52;51;24;37;
Lapplands Gymnasium Gällivare enhet 3;23063954;Gällivare;2523;Kommunal;Lapplands Kommunalförbund;2220000760;178;56;58;64;43;11;42;
Borgarskolan;21648755;Gävle;2180;Kommunal;Gävle;2120002338;812;259;281;272;44;19;58;
Drottning Blankas Gymnasieskola Gävle;11111710;Gävle;2180;Enskild;DBGY Juvelen AB;5565789129;240;84;94;62;78;43;30;
IM-gymnasiet;83487818;Gävle;2180;Kommunal;Gävle;2120002338;386;310;68;8;44;69;17;
NTI Vetenskapsgymnasiet Gävle;86547467;Gävle;2180;Enskild;NTI Gymnasiet Macro AB;5561203679;124;57;44;23;34;44;48;
Polhemsskolan;90551279;Gävle;2180;Kommunal;Gävle;2120002338;1 262;451;401;410;39;21;52;
Praktiska Gymnasiet Gävle;93062368;Gävle;2180;Enskild;Praktiska Sverige AB;5562575786;145;73;38;34;24;54;26;
Realgymnasiet Gävle;69686851;Gävle;2180;Enskild;Lärande i Sverige AB;5565715892;412;128;154;130;63;15;44;
Thoren Business School Gävle;49616977;Gävle;2180;Enskild;Thorengruppen AB;5566139290;285;89;109;87;64;22;52;
Vasaskolan;54965510;Gävle;2180;Kommunal;Gävle;2120002338;989;357;340;292;66;31;69;
Yrkesgymnasiet Gävle;90267145;Gävle;2180;Enskild;Thorengruppen AB;5566139290;193;83;58;52;26;20;35;
Amerikanska Gymnasiet;49918856;Göteborg;1480;Enskild;Amerikanska Gymnasiet i Sverige AB;5590415591;343;172;169;2;49;27;72;
Angeredsgymnasiet 1;72998905;Göteborg;1480;Kommunal;Göteborg;2120001355;283;115;101;67;57;94;17;
Angeredsgymnasiet 2;84835666;Göteborg;1480;Kommunal;Göteborg;2120001355;287;107;94;86;60;93;30;
Angeredsgymnasiet 3;24685151;Göteborg;1480;Kommunal;Göteborg;2120001355;273;253;15;5;52;98;18;
Angeredsgymnasiet 4;25872338;Göteborg;1480;Kommunal;Göteborg;2120001355;84;24;35;25;50;23;43;
Aniaragymnasiet;69481650;Göteborg;1480;Enskild;AF Affärseffekt Framtidsskola AB;5566666789;318;107;107;104;46;63;37;
Aspero Idrottsgymn. Göteborg;20319353;Göteborg;1480;Enskild;Aspero Friskolor AB;5566363973;247;84;81;82;28;23;59;
Bernadottegymnasiet;92194545;Göteborg;1480;Kommunal;Göteborg;2120001355;346;127;124;95;40;14;73;
Bräckegymnasiet 1;88153340;Göteborg;1480;Kommunal;Göteborg;2120001355;193;93;63;37;8;53;27;
Bräckegymnasiet 2;94353434;Göteborg;1480;Kommunal;Göteborg;2120001355;195;50;67;78;6;33;39;
Bräckegymnasiet 4;84978846;Göteborg;1480;Kommunal;Göteborg;2120001355;208;129;60;19;25;69;23;
Burgårdens Gymnasium 1;59396229;Göteborg;1480;Kommunal;Göteborg;2120001355;232;79;84;69;94;37;36;
Burgårdens Gymnasium 2;95165649;Göteborg;1480;Kommunal;Göteborg;2120001355;167;112;34;21;74;63;25;
Burgårdens Gymnasium 3;64740897;Göteborg;1480;Kommunal;Göteborg;2120001355;129;97;27;5;50;63;37;
Burgårdens Gymnasium 4;78979604;Göteborg;1480;Kommunal;Göteborg;2120001355;246;119;65;62;57;57;43;
Burgårdens Gymnasium 5;69626109;Göteborg;1480;Kommunal;Göteborg;2120001355;274;98;85;91;69;46;41;
Center för språkintroduktion Lindholmen 1;53432700;Göteborg;1480;Kommunal;Göteborg;2120001355;257;158;74;25;46;99;13;
Donnergymnasiet;78397312;Göteborg;1480;Enskild;Donnergymnasiet AB;5565408381;631;227;212;192;61;21;83;
Drottning Blankas Gymnasieskola Göteborg Centrum;36444853;Göteborg;1480;Enskild;DBGY Kronan AB;5565668794;507;193;171;143;84;21;59;
Drottning Blankas Gymnasieskola Göteborg Gårda;10638939;Göteborg;1480;Enskild;DBGY Juvelen AB;5565789129;327;157;86;84;71;35;49;
Ester Mosessons gymnasium 1;15414001;Göteborg;1480;Kommunal;Göteborg;2120001355;282;103;90;89;49;17;49;
Ester Mosessons gymnasium 2;38311488;Göteborg;1480;Kommunal;Göteborg;2120001355;108;47;43;18;62;52;37;
Framtidsgymnasiet Göteborg;16819383;Göteborg;1480;Enskild;Framtidsgymnasiet i Göteborg Aktiebolag;5564781606;347;127;111;109;14;90;16;
GTI:s gymnasieskola;89837629;Göteborg;1480;Enskild;Göteborgs Tekniska Institut Aktiebolag;5562358993;392;165;112;115;48;83;34;
Gymnasieakademin;12994441;Göteborg;1480;Enskild;IEAB International Education AB;5567265979;423;97;154;172;67;77;39;
Göteborgregionens tekniska gy;53660780;Göteborg;1480;Enskild;Göteborgs Tekniska College Aktiebolag;5565706768;448;157;148;143;15;17;73;
Göteborgs Högre Samskola gy.;88774402;Göteborg;1480;Enskild;Stiftelsen Göteborgs Högre Samskola;8572059197;554;197;179;178;63;14;85;
Hvitfeldtska gymnasiet 1;61701709;Göteborg;1480;Kommunal;Göteborg;2120001355;414;128;154;132;64;19;77;
Hvitfeldtska gymnasiet 2;61469192;Göteborg;1480;Kommunal;Göteborg;2120001355;248;85;85;78;55;19;77;
Hvitfeldtska gymnasiet 3;84306392;Göteborg;1480;Kommunal;Göteborg;2120001355;463;152;154;157;54;24;86;
Hvitfeldtska gymnasiet 4;28627819;Göteborg;1480;Kommunal;Göteborg;2120001355;402;124;153;125;76;18;80;
Hvitfeldtska gymnasiet 5;30086854;Göteborg;1480;Kommunal;Göteborg;2120001355;207;56;88;63;64;69;62;
Hvitfeldtska gymnasiet 6;50235617;Göteborg;1480;Kommunal;Göteborg;2120001355;200;99;51;50;60;32;47;
IHGR-gymnasiet;26627862;Göteborg;1480;Kommunal;Göteborg;2120001355;350;113;111;126;57;65;75;
Ingrid Segerstedts gymnasium;48847282;Göteborg;1480;Enskild;Stiftelsen Ingrid Segerstedts Gymnasium;8572088824;388;127;129;132;87;9;82;
International IT College of Sweden Gothenburg;72517762;Göteborg;1480;Enskild;Edinit AB;5563114445;140;72;39;29;40;85;38;
JENSEN Gymnasium Göteborg;38684438;Göteborg;1480;Enskild;Jensen Education College AB;5566358759;445;138;149;158;51;68;52;
Katrinelundsgymnasiet 1;31251822;Göteborg;1480;Kommunal;Göteborg;2120001355;286;99;94;93;54;55;54;
Katrinelundsgymnasiet 2;90099336;Göteborg;1480;Kommunal;Göteborg;2120001355;9;.;2;7;..;..;..;
Katrinelundsgymnasiet 3;96590873;Göteborg;1480;Kommunal;Göteborg;2120001355;350;152;85;113;80;73;26;
Katrinelundsgymnasiet 4;35647481;Göteborg;1480;Kommunal;Göteborg;2120001355;255;69;99;87;52;61;60;
Katrinelundsgymnasiet 5;39549479;Göteborg;1480;Kommunal;Göteborg;2120001355;388;155;110;123;32;42;61;
Kitas Ekonomi;73147554;Göteborg;1480;Enskild;Kitas utbildning AB;5567097117;256;62;95;99;53;11;81;
Kitas Frisörgymnasium;65752105;Göteborg;1480;Enskild;Kimuo frisörutbildning AB;5567385330;18;4;.;14;94;..;..;
Kitas Gymnasium;69983740;Göteborg;1480;Enskild;Kitas utbildning AB;5567097117;328;147;91;90;68;19;76;
Kitas Natur;66491596;Göteborg;1480;Enskild;Kitas utbildning AB;5567097117;290;96;93;101;43;19;88;
KLARA Teoretiska Gymnasium Göteborg Postgatan;40690520;Göteborg;1480;Enskild;KLARA Gymnasium Lärande AB;5565583282;588;200;196;192;64;26;80;
KLARA Teoretiska Gymnasium Göteborg Vallgatan;75141151;Göteborg;1480;Enskild;KLARA Gymnasium Bildning AB;5565286696;350;105;123;122;70;51;60;
Kunskapsgymnasiet Göteborg;12052268;Göteborg;1480;Enskild;Kunskapsskolan i Sverige Aktiebolag;5565661815;349;104;121;124;54;87;45;
L M Engströms gymnasium;71597051;Göteborg;1480;Enskild;Peter Isaac Béens Utbildningsstiftelse;8572003666;542;161;188;193;72;8;88;
LBS Kreativa Gymnasiet Göteborg;53231578;Göteborg;1480;Enskild;Ljud & Bildskolan Lbs AB;5564851649;537;190;177;170;17;18;67;
LBS Mediegymnasiet;97382366;Göteborg;1480;Enskild;NTI Gymnasiet Macro AB;5561203679;396;112;128;156;58;26;55;
Lindholmens tekn gymnasium 1;11274830;Göteborg;1480;Kommunal;Göteborg;2120001355;314;112;95;107;3;27;50;
Lindholmens tekn gymnasium 2;51321260;Göteborg;1480;Kommunal;Göteborg;2120001355;235;105;59;71;..;26;38;
Lindholmens tekn gymnasium 3;96279444;Göteborg;1480;Kommunal;Göteborg;2120001355;329;122;114;93;16;25;71;
Magelungens Gymnasium Göteborg;27268498;Göteborg;1480;Enskild;Magelungen Utveckling AB;5564891447;92;31;29;32;45;12;66;
Motorbranschens Tekniska gymn.;61880907;Göteborg;1480;Kommunal;Göteborg;2120001355;320;118;104;98;13;35;27;
NTI Gymnasiet Johanneberg;79094701;Göteborg;1480;Enskild;NTI Gymnasiet Ellips AB;5565970471;463;156;155;152;21;17;79;
NTI Gymnasiet Kronhus;35006050;Göteborg;1480;Enskild;NTI Gymnasiet Macro AB;5561203679;562;218;169;175;24;31;65;
Peabskolan Göteborg;88886610;Göteborg;1480;Enskild;Peabskolan AB;5564427432;105;39;39;27;..;30;33;
Polhemsgymnasiet 1;21505555;Göteborg;1480;Kommunal;Göteborg;2120001355;387;131;132;124;45;30;83;
Polhemsgymnasiet 2;34336190;Göteborg;1480;Kommunal;Göteborg;2120001355;394;130;131;133;49;11;75;
Polhemsgymnasiet 3;21052710;Göteborg;1480;Kommunal;Göteborg;2120001355;383;127;130;126;60;12;82;
Praktiska Gymnasiet Göteborg;88556189;Göteborg;1480;Enskild;Praktiska Sverige AB;5562575786;217;94;49;74;32;59;26;
Realgymnasiet Göteborg;35236491;Göteborg;1480;Enskild;Lärande i Sverige AB;5565715892;258;89;99;70;83;12;52;
Rytmus Göteborg;69739484;Göteborg;1480;Enskild;Rytmus AB;5564648979;280;99;93;88;55;8;73;
Schillerska gymnasiet 1;92887917;Göteborg;1480;Kommunal;Göteborg;2120001355;417;162;138;117;84;18;78;
Schillerska gymnasiet 2;88834120;Göteborg;1480;Kommunal;Göteborg;2120001355;251;78;109;64;45;39;54;
Schillerska gymnasiet 3;36748805;Göteborg;1480;Kommunal;Göteborg;2120001355;445;192;131;122;62;38;64;
Sigrid Rudebecks gymnasium;19207279;Göteborg;1480;Enskild;Aktiebolaget Sigrid Rudebecks Skola;5563571248;479;155;148;176;71;10;92;
Sjölins Gymnasium Göteborg;53640774;Göteborg;1480;Enskild;Sjölins Gymnasium AB;5563758399;478;157;154;167;44;12;68;
SKF Tekniska Gymnasium;58502307;Göteborg;1480;Enskild;Skf Sverige Aktiebolag;5562408301;90;32;26;32;13;24;71;
Thoren Innovation School Göteborg;97177328;Göteborg;1480;Enskild;Thoren Innovation School AB;5568902653;207;73;51;83;6;49;48;
Västsvenska Gymnasiet;34831349;Göteborg;1480;Enskild;Idrottens Skola i Göteborg AB;5562035906;284;96;104;84;26;94;17;
Yrkesgymnasiet Göteborg;63511898;Göteborg;1480;Enskild;Thorengruppen AB;5566139290;368;124;116;128;49;47;30;
Älvstrandsgymnasiet;72127035;Hagfors;1783;Kommunal;Hagfors;2120001884;384;152;119;113;36;24;36;
Alléskolan 1;70969714;Hallsberg;1861;Kommunal;Sydnärkes Utbildningsförbund;2220001180;216;86;71;59;25;15;42;
Alléskolan 2;85003442;Hallsberg;1861;Kommunal;Sydnärkes Utbildningsförbund;2220001180;186;78;56;52;73;46;23;
Alléskolan 3;22752398;Hallsberg;1861;Kommunal;Sydnärkes Utbildningsförbund;2220001180;281;103;86;92;14;19;30;
Alléskolan 4;68734112;Hallsberg;1861;Kommunal;Sydnärkes Utbildningsförbund;2220001180;169;61;59;49;62;15;55;
Alléskolan 5;71922787;Hallsberg;1861;Kommunal;Sydnärkes Utbildningsförbund;2220001180;189;57;69;63;51;30;36;
Alléskolan 6;78730011;Hallsberg;1861;Kommunal;Sydnärkes Utbildningsförbund;2220001180;194;103;69;22;37;54;14;
Alléskolan 7;74148070;Hallsberg;1861;Kommunal;Sydnärkes Utbildningsförbund;2220001180;170;48;52;70;40;15;49;
Ridsportsgymnasiet;50696507;Hallstahammar;1961;Enskild;Ridskolan Strömsholm RS AB;5566940408;91;32;31;28;98;..;60;
Aspero Idrottsgymn. Halmstad;92507006;Halmstad;1380;Enskild;Aspero Friskolor AB;5566363973;306;83;110;113;42;5;70;
Drottning Blankas Gymnasieskola Halmstad;44653962;Halmstad;1380;Enskild;DBGY Kronan AB;5565668794;226;77;83;66;81;44;40;
Kattegattgymnasiet 1;20100577;Halmstad;1380;Kommunal;Halmstad;2120001215;294;127;87;80;48;21;66;
Kattegattgymnasiet 2;81993306;Halmstad;1380;Kommunal;Halmstad;2120001215;237;90;70;77;17;22;78;
Kattegattgymnasiet 3;19051089;Halmstad;1380;Kommunal;Halmstad;2120001215;303;123;89;91;42;45;69;
Kattegattgymnasiet 4;29097621;Halmstad;1380;Kommunal;Halmstad;2120001215;182;98;44;40;..;24;44;
Kattegattgymnasiet 5;61195886;Halmstad;1380;Kommunal;Halmstad;2120001215;376;144;115;117;9;14;35;
LBS Kreativa Gymnasiet Halmstad;47264019;Halmstad;1380;Enskild;Ljud & Bildskolan Lbs AB;5564851649;138;48;46;44;17;25;55;
Praktiska Gymnasiet Halmstad;87764775;Halmstad;1380;Enskild;Praktiska Sverige AB;5562575786;264;108;87;69;44;55;25;
Realgymnasiet Halmstad;71401921;Halmstad;1380;Enskild;Lärande i Sverige AB;5565715892;40;40;.;.;88;..;40;
Sannarpsgymnasiet 1;35670336;Halmstad;1380;Kommunal;Halmstad;2120001215;123;54;48;21;53;32;46;
Sannarpsgymnasiet 2;50198492;Halmstad;1380;Kommunal;Halmstad;2120001215;408;149;143;116;63;26;57;
Sannarpsgymnasiet 3;48438396;Halmstad;1380;Kommunal;Halmstad;2120001215;316;117;83;116;63;25;63;
Sannarpsgymnasiet 4;98052678;Halmstad;1380;Kommunal;Halmstad;2120001215;233;61;90;82;57;39;76;
Sannarpsgymnasiet 5;95993832;Halmstad;1380;Kommunal;Halmstad;2120001215;57;57;.;.;49;91;32;
Sturegymnasiet 1;20099064;Halmstad;1380;Kommunal;Halmstad;2120001215;311;107;106;98;76;19;68;
Sturegymnasiet 2;44341171;Halmstad;1380;Kommunal;Halmstad;2120001215;126;85;26;15;56;57;37;
Sturegymnasiet 3;77130356;Halmstad;1380;Kommunal;Halmstad;2120001215;108;37;36;35;40;30;37;
Sturegymnasiet 4;32671805;Halmstad;1380;Kommunal;Halmstad;2120001215;166;46;51;69;57;17;46;
Berga naturbruksgymnasium;38448056;Haninge;0136;Region;Region Stockholm;2321000016;174;62;57;55;83;11;50;
Fredrika Bremergymnasiet;16313848;Haninge;0136;Kommunal;Haninge;2120000084;2 107;747;692;668;38;34;42;
Riksäpplet;79606767;Haninge;0136;Kommunal;Haninge;2120000084;206;79;71;56;44;68;21;
Tornedalsskolan;11294673;Haparanda;2583;Kommunal;Haparanda;2120002775;246;68;78;100;45;44;30;
Martin Koch-gymnasiet;86327236;Hedemora;2083;Kommunal;Hedemora;2120002254;397;171;115;111;42;41;34;
Campeon Frigymnasium;41745951;Helsingborg;1283;Enskild;Campeon Frigymnasium AB;5566264056;207;69;71;67;76;11;74;
Cultura Gymnasium;83137205;Helsingborg;1283;Enskild;Cultura Utbildning AB;5567127237;176;56;57;63;53;91;51;
Drottning Blankas Gymnasieskola Helsingborg Prästgatan;66335258;Helsingborg;1283;Enskild;DBGY Kronan AB;5565668794;324;111;113;100;68;38;39;
Drottning Blankas Gymnasieskola Helsingborg S:a Kyrkogatan;28398531;Helsingborg;1283;Enskild;DBGY Kronan AB;5565668794;244;76;86;82;64;49;40;
Filbornaskolan;54172830;Helsingborg;1283;Kommunal;Helsingborg;2120001157;630;240;174;216;38;26;57;
G.O. Kompetens Transportgymnasium;86310217;Helsingborg;1283;Enskild;G.O. Kompetens Transportgymnasium AB;5566412549;147;71;34;42;23;16;20;
Helsingborgs Lärlingsgymnasium;77352223;Helsingborg;1283;Kommunal;Helsingborg;2120001157;325;117;103;105;46;30;34;
Helsingborgs Sportgymnasium;75458014;Helsingborg;1283;Enskild;Helsingborgs Sportgymnasium AB;5591204101;93;31;28;34;22;42;38;
Impius gymnasium;65136104;Helsingborg;1283;Enskild;Impius Utvecklings AB;5565523858;139;52;45;42;29;7;55;
International school of Hbg/Gy;61826221;Helsingborg;1283;Kommunal;Helsingborg;2120001157;140;45;50;45;54;71;67;
JENSEN Gymnasium Helsingborg;56330385;Helsingborg;1283;Enskild;Jensen Education College AB;5566358759;246;79;88;79;70;69;43;
Johannes Hedberggymnasiet;20228162;Helsingborg;1283;Enskild;Folkuniversitetet Stiftelsen Kurs- Verksamheten Vid Lunds Universitet;8450003481;385;148;143;94;63;23;77;
LBS Kreativa Gymnasiet Helsingborg;68240485;Helsingborg;1283;Enskild;Ljud & Bildskolan Lbs AB;5564851649;245;91;85;69;29;23;57;
Mega Musik gymnasium;95046058;Helsingborg;1283;Enskild;Mega Musik Gymnasieskola AB;5565956553;140;47;48;45;51;11;56;
Nicolaiskolan;44392995;Helsingborg;1283;Kommunal;Helsingborg;2120001157;585;258;169;158;74;34;50;
NTI Gymnasiet Helsingborg;79033948;Helsingborg;1283;Enskild;NTI Gymnasiet Ellips AB;5565970471;357;119;124;114;17;41;52;
NTI Vetenskapsgymnasiet Helsingborg;48610406;Helsingborg;1283;Enskild;NTI Gymnasiet Macro AB;5561203679;41;17;24;.;41;68;51;
Olympiaskolan;53462953;Helsingborg;1283;Kommunal;Helsingborg;2120001157;485;211;138;136;57;54;44;
Praktiska Gymnasiet Helsingborg;69241230;Helsingborg;1283;Enskild;Praktiska Sverige AB;5562575786;144;59;47;38;17;31;33;
ProCivitas Privata Gymnasium Helsingborg;60730660;Helsingborg;1283;Enskild;ProCivitas Privata Gymnasium AB;5566157102;539;179;170;190;68;16;81;
Realgymnasiet Helsingborg;85544331;Helsingborg;1283;Enskild;Lärande i Sverige AB;5565715892;110;48;24;38;74;..;43;
Rid- & Djursjukvårdsgymnasiet, Helsingborg;83085136;Helsingborg;1283;Enskild;Humeq Education AB;5565974671;152;58;47;47;93;..;54;
Rönnowska skolan;80327946;Helsingborg;1283;Kommunal;Helsingborg;2120001157;894;367;251;276;26;51;25;
Thoren Business School Helsingborg;82592568;Helsingborg;1283;Enskild;Thorengruppen AB;5566139290;484;169;163;152;55;29;67;
Thoren Innovation School Helsingborg;30359269;Helsingborg;1283;Enskild;Thoren Innovation School AB;5568902653;182;70;53;59;27;42;62;
Tycho Braheskolan;78875918;Helsingborg;1283;Kommunal;Helsingborg;2120001157;522;179;163;180;36;34;71;
Victum Gymnasium;78023197;Helsingborg;1283;Enskild;Victum Gymnasium Aktiebolag;5564889482;237;108;71;58;81;50;27;
Kunskapskällan;86385479;Herrljunga;1466;Kommunal;Herrljunga;2120001520;240;94;57;89;38;24;40;
Individuella programmet;53494028;Hjo;1497;Kommunal;Hjo;2120001728;11;11;.;.;..;..;..;
Björkhagsskolan, gymnasium;40991561;Hofors;2104;Kommunal;Hofors;2120002296;20;7;6;7;50;65;..;
Huddingegymnasiet;49862313;Huddinge;0126;Kommunal;Huddinge;2120000068;544;180;188;176;46;69;47;
NTI Gymnasiet Södertörn;99838438;Huddinge;0126;Enskild;NTI Gymnasiet Ellips AB;5565970471;247;86;75;86;10;46;47;
Sjödalsgymnasiet;42859669;Huddinge;0126;Kommunal;Huddinge;2120000068;668;235;213;220;40;52;45;
Sågbäcksgymnasiet;70923626;Huddinge;0126;Kommunal;Huddinge;2120000068;518;284;130;104;34;64;26;
Widerströmska gymnasiet;55871389;Huddinge;0126;Kommunal;Huddinge;2120000068;289;154;118;17;51;55;55;
Yrkesgymnasiet Huddinge;92905347;Huddinge;0126;Enskild;Thorengruppen AB;5566139290;258;103;83;72;28;46;28;
Östra gymnasiet;99592025;Huddinge;0126;Kommunal;Huddinge;2120000068;842;325;256;261;49;29;69;
Bromangymnasiet 1;34247736;Hudiksvall;2184;Kommunal;Hudiksvall;2120002379;473;168;144;161;69;21;53;
Bromangymnasiet 2;47550455;Hudiksvall;2184;Kommunal;Hudiksvall;2120002379;646;215;228;203;38;18;50;
Bromangymnasiet 3;30329172;Hudiksvall;2184;Kommunal;Hudiksvall;2120002379;253;85;83;85;24;12;50;
Bromangymnasiet 4;82423815;Hudiksvall;2184;Kommunal;Hudiksvall;2120002379;95;93;2;.;40;52;21;
Hudikgymnasiet;76877530;Hudiksvall;2184;Enskild;Hudiksvalls Gymnasieskola AB;5590053723;124;47;48;29;55;15;45;
Hultsfreds gymnasium 1;47046103;Hultsfred;0860;Kommunal;Hultsfred;2120000712;213;67;77;69;32;37;34;
Hultsfreds gymnasium 2;56664512;Hultsfred;0860;Kommunal;Hultsfred;2120000712;109;44;43;22;40;74;20;
Hultsfreds gymnasium 3;38167912;Hultsfred;0860;Kommunal;Hultsfred;2120000712;146;46;45;55;46;40;41;
Hylte gymnasieskola;83501757;Hylte;1315;Kommunal;Hylte;2120001207;75;21;26;28;40;75;16;
OneSchool Global Nyby Campus Gymnasium;43826783;Hylte;1315;Enskild;OneSchool Global Nyby Campus AB;5566657515;24;10;4;10;..;..;..;
Fridegårdsgymnasiet;58125096;Håbo;0305;Kommunal;Håbo;2120000241;511;181;180;150;55;17;52;
Fridegårdsgymnasiet- AST-programmen;82914148;Håbo;0305;Kommunal;Håbo;2120000241;93;38;27;28;46;13;62;
Pihlskolan gymnasium;20620556;Hällefors;1863;Kommunal;Hällefors;2120001942;148;56;52;40;36;59;21;
Härjedalens gymnasium;17173461;Härjedalen;2361;Kommunal;Härjedalen;2120002510;212;63;68;81;51;17;40;
Härnösands gymnasium 1;55535552;Härnösand;2280;Kommunal;Härnösand;2120002403;194;155;19;20;51;58;37;
Härnösands gymnasium 2;19560192;Härnösand;2280;Kommunal;Härnösand;2120002403;283;126;82;75;37;18;47;
Härnösands gymnasium 3;30468157;Härnösand;2280;Kommunal;Härnösand;2120002403;392;144;129;119;53;24;70;
Fridagymnasiet i Mölnlycke;67286143;Härryda;1401;Enskild;Fridaskolorna AB;5564515988;82;82;.;.;29;15;71;
Hulebäcksgymnasiet 1;98053087;Härryda;1401;Kommunal;Härryda;2120001264;385;121;147;117;52;9;72;
Hulebäcksgymnasiet 2;92533079;Härryda;1401;Kommunal;Härryda;2120001264;228;79;77;72;74;13;69;
Hulebäcksgymnasiet 3;61528940;Härryda;1401;Kommunal;Härryda;2120001264;369;123;132;114;44;15;90;
Hulebäcksgymnasiet 4;23681822;Härryda;1401;Kommunal;Härryda;2120001264;76;75;.;1;36;28;38;
Hulebäcksgymnasiet 5;66861851;Härryda;1401;Kommunal;Härryda;2120001264;430;152;138;140;63;12;73;
Hulebäcksgymnasiet 6;72206824;Härryda;1401;Kommunal;Härryda;2120001264;314;106;104;104;14;9;72;
Hässleholms Tekniska Skola;92858957;Hässleholm;1293;Kommunal;Hässleholm;2120000985;862;267;308;287;51;32;60;
Jacobsskolan;46660042;Hässleholm;1293;Kommunal;Hässleholm;2120000985;600;227;186;187;34;36;33;
Norrängsskolan;33678402;Hässleholm;1293;Kommunal;Hässleholm;2120000985;36;11;16;9;42;..;..;
Kullagymnasiet 1;44113417;Höganäs;1284;Kommunal;Höganäs;2120001165;211;90;57;64;18;38;58;
Kullagymnasiet 2;43627097;Höganäs;1284;Kommunal;Höganäs;2120001165;199;45;66;88;48;14;67;
Högsby utbildningscenter;67783774;Högsby;0821;Kommunal;Högsby;2120000688;80;40;15;25;33;85;19;
Hörby Yrkesgymnasium;38917647;Hörby;1266;Enskild;Hörby Yrkesgymnasium AB;5568212939;58;21;22;15;31;..;..;
Gymnasieutbildningen i Höör;45101776;Höör;1267;Kommunal;Höör;2120001116;24;11;7;6;46;50;..;
Karolinaskolan;21363125;Höör;1267;Enskild;Föreningen Fogdaröd omsorg, vård & utbildning utan personligt ansvar;7420002045;27;8;7;12;..;..;..;
Lapplands Gymnasium Jokkmokk;39555838;Jokkmokk;2510;Kommunal;Lapplands Kommunalförbund;2220000760;103;38;30;35;44;27;47;
Didaktus Jakobsberg;85214294;Järfälla;0123;Enskild;Didaktus Skolor AB;5564732856;407;130;132;145;60;88;23;
Järfälla gymnasium;82084961;Järfälla;0123;Kommunal;Järfälla;2120000043;890;422;204;264;30;61;37;
Bäckadalsgymn RO 1;46162400;Jönköping;0680;Kommunal;Jönköping;2120000530;301;115;94;92;6;22;56;
Bäckadalsgymn RO 2;39565412;Jönköping;0680;Kommunal;Jönköping;2120000530;220;113;55;52;42;74;19;
Bäckadalsgymn RO 3;98369689;Jönköping;0680;Kommunal;Jönköping;2120000530;270;87;102;81;17;8;35;
Bäckadalsgymn RO 4;56529916;Jönköping;0680;Kommunal;Jönköping;2120000530;281;115;89;77;28;10;41;
Bäckadalsgymn RO 5;40810950;Jönköping;0680;Kommunal;Jönköping;2120000530;231;87;85;59;61;20;39;
Drottning Blankas Gymnasieskola Jönköping;12279302;Jönköping;0680;Enskild;DBGY Juvelen AB;5565789129;146;40;40;66;84;40;36;
Erik Dahlbergsgymnasiet Ro 1;67279263;Jönköping;0680;Kommunal;Jönköping;2120000530;376;128;126;122;22;16;77;
Erik Dahlbergsgymnasiet RO 2;40037982;Jönköping;0680;Kommunal;Jönköping;2120000530;179;84;51;44;75;56;27;
Erik Dahlbergsgymnasiet RO 3;51210136;Jönköping;0680;Kommunal;Jönköping;2120000530;364;125;114;125;51;38;80;
Erik Dahlbergsgymnasiet RO 4;73829818;Jönköping;0680;Kommunal;Jönköping;2120000530;276;92;91;93;39;18;64;
Erik Dahlbergsgymnasiet RO 5;60881275;Jönköping;0680;Kommunal;Jönköping;2120000530;284;96;92;96;67;35;56;
JENSEN Gymnasium Jönköping;18881773;Jönköping;0680;Enskild;Jensen Education College AB;5566358759;50;15;16;19;60;48;42;
Kungsgymnasiet;50908408;Jönköping;0680;Enskild;Jönköpings Kristna Skolförening;8260017648;64;20;26;18;44;16;58;
LBS Kreativa Gymnasiet Jönköping;18594470;Jönköping;0680;Enskild;Ljud & Bildskolan Lbs AB;5564851649;253;82;82;89;25;17;54;
Magelungens Gymnasium Jönköping;69271071;Jönköping;0680;Enskild;Magelungen Utveckling AB;5564891447;51;37;6;8;45;..;65;
Per Brahegymnasiet RO 1;78295411;Jönköping;0680;Kommunal;Jönköping;2120000530;435;161;124;150;70;21;61;
Per Brahegymnasiet RO 2;80686587;Jönköping;0680;Kommunal;Jönköping;2120000530;328;128;99;101;67;38;77;
Per Brahegymnasiet RO 3;72232853;Jönköping;0680;Kommunal;Jönköping;2120000530;285;95;95;95;82;13;76;
Per Brahegymnasiet RO4;78986011;Jönköping;0680;Kommunal;Jönköping;2120000530;251;98;90;63;56;35;62;
Praktiska Gymnasiet Jönköping;17849518;Jönköping;0680;Enskild;Praktiska Sverige AB;5562575786;155;52;50;53;12;46;22;
Sandagymnasiet RO 1 Ny fr lå 17/18;64205087;Jönköping;0680;Kommunal;Jönköping;2120000530;383;128;127;128;46;17;71;
Sandagymnasiet RO 2 Ny fr lå 17/18;50500028;Jönköping;0680;Kommunal;Jönköping;2120000530;224;64;63;97;69;24;63;
Sandagymnasiet RO 4 Ny fr lå 17/18;94570025;Jönköping;0680;Kommunal;Jönköping;2120000530;166;51;64;51;44;30;77;
Sandagymnasiet RO 5;91984508;Jönköping;0680;Kommunal;Jönköping;2120000530;355;128;126;101;43;29;46;
Tenhults naturbruksgymnasium;78659008;Jönköping;0680;Region;Region Jönköpings Län;2321000057;218;88;69;61;76;6;45;
Thoren Business School Jönköping;66151516;Jönköping;0680;Enskild;Thorengruppen AB;5566139290;31;31;.;.;58;39;45;
Vettergymnasiet Jönköping;12448823;Jönköping;0680;Enskild;Wetterbygdens Gymnasium AB;5567507420;66;20;22;24;35;53;20;
Furuhed 3;73008905;Kalix;2514;Kommunal;Kalix;2120002692;163;57;53;53;61;14;48;
Furuhedsskolan 1;40667807;Kalix;2514;Kommunal;Kalix;2120002692;213;84;74;55;47;27;41;
Furuhedsskolan 2;18091973;Kalix;2514;Kommunal;Kalix;2120002692;202;72;71;59;32;9;52;
Calmare Internationella Skola;88466776;Kalmar;0880;Enskild;CIS Kalmar AB;5565896213;185;72;60;53;51;29;69;
Dag Hammarskjöld Gymnasiet;36539945;Kalmar;0880;Enskild;Stiftelsen Kalmar Waldorfskola;8324012288;12;5;2;5;100;..;..;
Fria Läroverken i Kalmar;40634612;Kalmar;0880;Enskild;Gymnasieskolor i Syd AB;5569306979;184;71;56;57;38;36;42;
Jenny Nyströmsskolan 1 HT, RL, IM;62439199;Kalmar;0880;Kommunal;Kalmarsunds Gymnasieförbund;8324016453;186;98;44;44;56;36;37;
Jenny Nyströmsskolan 2 ES;66132676;Kalmar;0880;Kommunal;Kalmarsunds Gymnasieförbund;8324016453;252;86;90;76;75;19;62;
Jenny Nyströmsskolan 3 NA, GYSÄR;57942242;Kalmar;0880;Kommunal;Kalmarsunds Gymnasieförbund;8324016453;79;27;26;26;65;54;65;
Jenny Nyströmsskolan 4 BF, VO;80762863;Kalmar;0880;Kommunal;Kalmarsunds Gymnasieförbund;8324016453;221;74;71;76;70;40;35;
Lars Kaggskolan 1 NA, HV;77688926;Kalmar;0880;Kommunal;Kalmarsunds Gymnasieförbund;8324016453;360;119;123;118;69;21;71;
Lars Kaggskolan 2 TE, VF;14508922;Kalmar;0880;Kommunal;Kalmarsunds Gymnasieförbund;8324016453;416;141;139;136;25;21;71;
Lars Kaggskolan 3 IM;89409574;Kalmar;0880;Kommunal;Kalmarsunds Gymnasieförbund;8324016453;115;69;32;14;35;77;18;
Lars Kaggskolan 4 BA, EE, FT;69629086;Kalmar;0880;Kommunal;Kalmarsunds Gymnasieförbund;8324016453;410;146;132;132;5;13;44;
Naturbruksgymnasiet Kalmar 1;88624631;Kalmar;0880;Enskild;Hushållningssällskapet Kalmar-Kronoberg-Blekinge;2620000071;129;45;43;41;64;9;45;
Naturbruksgymnasiet Kalmar 2;35390185;Kalmar;0880;Enskild;Hushållningssällskapet Kalmar-Kronoberg-Blekinge;2620000071;31;13;14;4;..;..;39;
Praktiska Gymnasiet Kalmar;31657916;Kalmar;0880;Enskild;Praktiska Sverige AB;5562575786;149;57;41;51;40;38;23;
Stagneliusskolan 1 SA-M, SA-A, HA-A, IM-A;21008461;Kalmar;0880;Kommunal;Kalmarsunds Gymnasieförbund;8324016453;167;57;58;52;52;11;63;
Stagneliusskolan 2 EK;54606928;Kalmar;0880;Kommunal;Kalmarsunds Gymnasieförbund;8324016453;464;158;161;145;55;22;65;
Stagneliusskolan 3 SA-L, SA-R;53893730;Kalmar;0880;Kommunal;Kalmarsunds Gymnasieförbund;8324016453;213;79;78;56;55;8;62;
Stagneliusskolan 4 HA, SA-B, SA-S;83732494;Kalmar;0880;Kommunal;Kalmarsunds Gymnasieförbund;8324016453;428;151;132;145;68;24;53;
SYAB Transportgymnasium;46241804;Kalmar;0880;Enskild;SYAB Transportgymnasium AB;5567290035;98;36;31;31;33;..;37;
Vuxenutbildningen i Karlsborg och Karlsborgs gymnasieskola;55870331;Karlsborg;1446;Kommunal;Karlsborg;2120001629;11;10;1;.;..;..;..;
Fria Läroverken i Karlshamn;42573391;Karlshamn;1082;Enskild;Gymnasieskolor i Syd AB;5569306979;125;47;46;32;54;29;38;
Vägga gymnasieskola 1b;21673083;Karlshamn;1082;Kommunal;Karlshamn;2120000845;90;38;29;23;36;64;20;
Vägga gymnasieskola 2;64574972;Karlshamn;1082;Kommunal;Karlshamn;2120000845;289;116;82;91;71;21;53;
Vägga gymnasieskola 3;19741742;Karlshamn;1082;Kommunal;Karlshamn;2120000845;319;123;100;96;40;19;51;
Vägga gymnasieskola 4;29032715;Karlshamn;1082;Kommunal;Karlshamn;2120000845;323;106;129;88;33;24;63;
Karlskoga Idrottsgymnasium;45830583;Karlskoga;1883;Enskild;Karlskoga Idrottsgymnasium AB;5567823611;65;16;20;29;60;20;54;
Möckelngymnasiet Ro 2;48931433;Karlskoga;1883;Kommunal;Karlskoga;2120001991;312;99;100;113;62;29;61;
Möckelngymnasiet Ro 3;97270136;Karlskoga;1883;Kommunal;Karlskoga;2120001991;291;100;89;102;55;46;21;
Möckelngymnasiet Ro 4;19909435;Karlskoga;1883;Kommunal;Karlskoga;2120001991;237;83;76;78;16;11;50;
af Chapmangymnasiet;30530571;Karlskrona;1080;Kommunal;Karlskrona;2120000829;774;255;249;270;60;15;68;
Aspero Idrottsgymn. Karlskrona;78839208;Karlskrona;1080;Enskild;Aspero Friskolor AB;5566363973;237;84;79;74;51;9;80;
Ehrensvärdska gymnasiet;96024712;Karlskrona;1080;Kommunal;Karlskrona;2120000829;676;249;213;214;50;27;68;
Fischerströmska gymnasiet;36845597;Karlskrona;1080;Kommunal;Karlskrona;2120000829;193;113;39;41;29;64;23;
Praktiska Gymnasiet Karlskrona;40829056;Karlskrona;1080;Enskild;Praktiska Sverige AB;5562575786;12;.;.;12;..;..;..;
Törnströmska gymnasiet;85800840;Karlskrona;1080;Kommunal;Karlskrona;2120000829;605;232;202;171;26;11;56;
Fria Läroverken Karlstad;27115998;Karlstad;1780;Enskild;Fria Läroverken i Sverige AB;5569172041;568;198;210;160;46;12;63;
KLARA Teoretiska Gymnasium Karlstad;79516949;Karlstad;1780;Enskild;KLARA Gymnasium Kunskap AB;5566303938;365;109;132;124;55;29;65;
Lillerudsgymnasiet;65662401;Karlstad;1780;Enskild;Lillerudsgymnasiet AB;5566243548;250;98;85;67;86;6;55;
Nobelgymnasiet 1;55654062;Karlstad;1780;Kommunal;Karlstad;2120001850;153;39;40;74;44;13;45;
Nobelgymnasiet 2;82378820;Karlstad;1780;Kommunal;Karlstad;2120001850;319;119;105;95;57;14;41;
Nobelgymnasiet 3;79909954;Karlstad;1780;Kommunal;Karlstad;2120001850;332;112;115;105;9;12;51;
Nobelgymnasiet 4;83612768;Karlstad;1780;Kommunal;Karlstad;2120001850;212;120;66;26;44;60;22;
NTI Gymnasiet Karlstad;41867682;Karlstad;1780;Enskild;NTI Gymnasiet Ellips AB;5565970471;164;72;55;37;9;30;50;
Praktiska Gymnasiet Karlstad;38645259;Karlstad;1780;Enskild;Praktiska Sverige AB;5562575786;263;112;86;65;35;34;28;
Sundsta-Älvkullegymnasiet 1;99147574;Karlstad;1780;Kommunal;Karlstad;2120001850;372;141;105;126;58;25;85;
Sundsta-Älvkullegymnasiet 2;42168219;Karlstad;1780;Kommunal;Karlstad;2120001850;494;168;161;165;31;11;79;
Sundsta-Älvkullegymnasiet 4;89630390;Karlstad;1780;Kommunal;Karlstad;2120001850;490;169;167;154;70;14;77;
Sundsta-Älvkullegymnasiet 5;65637648;Karlstad;1780;Kommunal;Karlstad;2120001850;357;125;111;121;72;12;69;
Sundsta-Älvkullegymnasiet 6;62272121;Karlstad;1780;Kommunal;Karlstad;2120001850;80;30;24;26;76;16;71;
Sundsta-Älvkullegymnasiet 7;50669042;Karlstad;1780;Kommunal;Karlstad;2120001850;36;8;16;12;..;..;61;
Thoren Business School Karlstad;87207941;Karlstad;1780;Enskild;Thorengruppen AB;5566139290;298;109;106;83;47;35;52;
Tingvallagymnasiet 1;73235474;Karlstad;1780;Kommunal;Karlstad;2120001850;494;164;160;170;52;20;61;
Tingvallagymnasiet 2;56249605;Karlstad;1780;Kommunal;Karlstad;2120001850;273;91;93;89;67;45;33;
Duveholmsgymnasiet 1;23836342;Katrineholm;0483;Kommunal;Katrineholm;2120000340;262;83;88;91;64;32;52;
Duveholmsgymnasiet 3;10193789;Katrineholm;0483;Kommunal;Katrineholm;2120000340;24;12;10;2;..;..;..;
Duveholmsgymnasiet 4;79471219;Katrineholm;0483;Kommunal;Katrineholm;2120000340;164;61;52;51;42;87;12;
Katrineholms Tekniska College 1;63791419;Katrineholm;0483;Kommunal;Katrineholm;2120000340;329;115;112;102;49;44;39;
Katrineholms Tekniska College 2;39805497;Katrineholm;0483;Kommunal;Katrineholm;2120000340;285;101;89;95;11;14;52;
Lindengymnasiet;38400227;Katrineholm;0483;Kommunal;Katrineholm;2120000340;380;132;128;120;51;30;43;
Sannerudsskolan 7-9;83291761;Kil;1715;Kommunal;Kil;2120001751;12;12;.;.;..;..;..;
Lapplands Gymnasium Kiruna enhet 1;81619482;Kiruna;2584;Kommunal;Lapplands Kommunalförbund;2220000760;195;66;80;49;61;28;53;
Lapplands Gymnasium Kiruna enhet 2;83829189;Kiruna;2584;Kommunal;Lapplands Kommunalförbund;2220000760;251;103;71;77;36;13;44;
Lapplands Gymnasium Kiruna enhet 3;46145886;Kiruna;2584;Kommunal;Lapplands Kommunalförbund;2220000760;249;89;74;86;49;12;40;
Rymdgymnasiet;90006712;Kiruna;2584;Enskild;Malmens Friskola AB;5565528022;93;32;31;30;43;..;74;
Flygteknikcenter, Ljungbyhed;43649848;Klippan;1276;Kommunal;Klippan;2120000928;69;23;24;22;23;23;68;
Kommunala aktivitetsansvaret;68524034;Klippan;1276;Kommunal;Klippan;2120000928;3;3;.;.;..;..;..;
Segragymnasiet Klippan;75344502;Klippan;1276;Enskild;Sveriges Naturbruksgymnasium AB;5569162562;130;46;43;41;75;..;45;
Tegelbruksskolan;84247499;Klippan;1276;Kommunal;Klippan;2120000928;353;151;110;92;14;15;26;
Åbyskolan;27041885;Klippan;1276;Kommunal;Klippan;2120000928;465;182;131;152;51;36;40;
Åbyskolan 3;13509408;Klippan;1276;Kommunal;Klippan;2120000928;55;10;22;23;49;100;..;
Sjögrenska gymnasiet;97064126;Knivsta;0330;Kommunal;Knivsta;2120003013;112;41;43;28;36;82;17;
Räddningsgymnasiet Sandö;38233622;Kramfors;2282;Kommunal;Kramfors;2120002429;69;21;29;19;46;20;65;
Ådalsskolan 1;48156011;Kramfors;2282;Kommunal;Kramfors;2120002429;232;77;70;85;59;22;51;
Ådalsskolan 2;48722826;Kramfors;2282;Kommunal;Kramfors;2120002429;407;203;111;93;46;29;30;
Academy of Retail and Business (ARB);85014247;Kristianstad;1290;Enskild;Academy of Retail and Business Education Kristianstad AB;5569863433;115;30;55;30;40;30;49;
Christian 4:s Gymnasium 11;84341377;Kristianstad;1290;Kommunal;Kristianstad;2120000951;177;49;78;50;69;15;62;
Christian 4:s Gymnasium 12;20734425;Kristianstad;1290;Kommunal;Kristianstad;2120000951;148;48;55;45;74;26;39;
Christian 4:s Gymnasium 14;71073360;Kristianstad;1290;Kommunal;Kristianstad;2120000951;86;55;31;.;66;34;51;
Drottning Blankas Gymnasieskola Kristianstad;67554405;Kristianstad;1290;Enskild;DBGY Juvelen AB;5565789129;675;269;202;204;70;38;41;
Framtidsgymnasiet Kristianstad;71571158;Kristianstad;1290;Enskild;Framtidsgymnasiet i Sverige AB;5565755500;213;26;62;125;9;77;10;
LBS Kreativa Gymnasiet Kristianstad;43251309;Kristianstad;1290;Enskild;Ljud & Bildskolan Lbs AB;5564851649;168;60;50;58;20;18;52;
NTI Gymnasiet Kristianstad;53691739;Kristianstad;1290;Enskild;NTI Gymnasiet Ellips AB;5565970471;133;42;44;47;..;60;34;
Praktiska Gymnasiet Kristianstad;86473502;Kristianstad;1290;Enskild;Praktiska Sverige AB;5562575786;148;70;44;34;56;57;26;
Söderportgymnasiet 31;73944169;Kristianstad;1290;Kommunal;Kristianstad;2120000951;414;138;146;130;63;36;57;
Söderportgymnasiet 32;59849681;Kristianstad;1290;Kommunal;Kristianstad;2120000951;408;147;132;129;56;18;63;
Söderportgymnasiet 33;98239050;Kristianstad;1290;Kommunal;Kristianstad;2120000951;166;64;49;53;61;78;61;
Wendesgymnasiet 51;58368956;Kristianstad;1290;Kommunal;Kristianstad;2120000951;167;61;55;51;6;11;41;
Wendesgymnasiet 52;73567152;Kristianstad;1290;Kommunal;Kristianstad;2120000951;198;82;63;53;11;14;31;
Önnestadsgymnasiet;61547652;Kristianstad;1290;Enskild;Hushållningssällskapets Kompetensutveckling i Syd AB (HUSKAB);5567502777;202;66;83;53;54;5;40;
Österänggymnasiet 61;21702982;Kristianstad;1290;Kommunal;Kristianstad;2120000951;462;280;93;89;54;56;52;
Österänggymnasiet 62;60209222;Kristianstad;1290;Kommunal;Kristianstad;2120000951;104;36;32;36;..;25;53;
Österänggymnasiet 63;87034307;Kristianstad;1290;Kommunal;Kristianstad;2120000951;219;73;74;72;15;23;66;
Österänggymnasiet 64;62104139;Kristianstad;1290;Kommunal;Kristianstad;2120000951;261;89;86;86;61;26;61;
Brogårdsgymnasiet;78872213;Kristinehamn;1781;Kommunal;Kristinehamn;2120001868;377;152;114;111;49;29;56;
Presterudsgymnasiet;84286698;Kristinehamn;1781;Kommunal;Kristinehamn;2120001868;207;102;59;46;36;22;26;
Dille Gård Naturbruksgymnasium;62490359;Krokom;2309;Enskild;Dille Gård AB;5564173853;131;47;44;40;80;..;65;
Jämtlands Gymn, Torsta;64725297;Krokom;2309;Kommunal;Jämtlands Gymnasieförbund;2220001636;119;43;41;35;39;..;49;
Jämtlands Gymn, Wången;43362941;Krokom;2309;Kommunal;Jämtlands Gymnasieförbund;2220001636;51;20;18;13;90;25;41;
John Norlandergymnasiet;23350817;Kumla;1881;Kommunal;Kumla;2120001975;28;14;10;4;50;57;..;
Aranäsgymnasiet Enhet 1;76860623;Kungsbacka;1384;Kommunal;Kungsbacka;2120001256;259;91;79;89;64;14;71;
Aranäsgymnasiet Enhet 2;58191646;Kungsbacka;1384;Kommunal;Kungsbacka;2120001256;510;192;158;160;67;7;71;
Aranäsgymnasiet Enhet 3;80405898;Kungsbacka;1384;Kommunal;Kungsbacka;2120001256;382;197;90;95;31;13;76;
Aranäsgymnasiet Enhet 4;56021320;Kungsbacka;1384;Kommunal;Kungsbacka;2120001256;248;77;81;90;63;20;58;
Aranäsgymnasiet Enhet 5;41358402;Kungsbacka;1384;Kommunal;Kungsbacka;2120001256;92;33;32;27;..;..;39;
Beda Hallbergs gymnasium;63179610;Kungsbacka;1384;Kommunal;Kungsbacka;2120001256;79;34;25;20;58;..;75;
Drottning Blankas Gymnasieskola Kungsbacka;64569393;Kungsbacka;1384;Enskild;DBGY Kronan AB;5565668794;182;62;53;67;79;16;51;
Elof Lindälvs gymn Enhet 1;87262566;Kungsbacka;1384;Kommunal;Kungsbacka;2120001256;276;109;93;74;28;10;38;
Elof Lindälvs gymn Enhet 2;64160122;Kungsbacka;1384;Kommunal;Kungsbacka;2120001256;227;106;60;61;44;35;59;
Elof Lindälvs gymn Enhet 3;48217580;Kungsbacka;1384;Kommunal;Kungsbacka;2120001256;442;150;150;142;41;6;67;
Elof Lindälvs gymn Enhet 4;41844601;Kungsbacka;1384;Kommunal;Kungsbacka;2120001256;210;72;63;75;50;19;41;
Elof Lindälvs gymn Enhet 5;51620045;Kungsbacka;1384;Kommunal;Kungsbacka;2120001256;268;96;75;97;6;9;69;
LBS Kreativa Gymnasiet Kungsbacka;86888278;Kungsbacka;1384;Enskild;Ljud & Bildskolan Lbs AB;5564851649;96;40;31;25;22;11;64;
Praktiska Gymnasiet Kungsbacka;23457902;Kungsbacka;1384;Enskild;Praktiska Sverige AB;5562575786;116;34;41;41;37;23;33;
Sveriges Ridgymnasium Kungsbacka;27597104;Kungsbacka;1384;Enskild;Sveriges Ridgymnasium AB;5566814504;86;35;26;25;98;..;64;
Kungsörs Gymnasium;95992977;Kungsör;1960;Kommunal;Kungsör;2120002056;40;19;8;13;50;65;..;
Mimers Hus gymnasium Hugin;57397381;Kungälv;1482;Kommunal;Kungälv;2120001371;728;287;222;219;60;17;56;
Mimers Hus gymnasium Munin;56947954;Kungälv;1482;Kommunal;Kungälv;2120001371;854;327;258;269;27;23;52;
Kävlinge Lärcentrum, Gymnasieskola;88192227;Kävlinge;1261;Kommunal;Kävlinge;2120001058;31;15;16;.;52;65;..;
Ullvigymnasiet;72022487;Köping;1983;Kommunal;Köping;2120002114;1 069;480;291;298;44;31;42;
Osbecksgymnasiet RO1;71512894;Laholm;1381;Kommunal;Laholm;2120001223;492;144;159;189;41;29;47;
Öresundsgymnasiet Landskrona;28248021;Landskrona;1282;Kommunal;Landskrona;2120001140;508;213;170;125;41;76;30;
Gymnasieutbildning i Lekeberg;24445686;Lekeberg;1814;Kommunal;Lekeberg;2120002981;8;5;3;.;..;..;..;
Leksands gymnasium;44417214;Leksand;2029;Kommunal;Leksand;2120002163;509;199;171;139;47;17;56;
Lerums Gymnasium, skolenhet 1;25025681;Lerum;1441;Kommunal;Lerum;2120001447;248;88;75;85;60;13;63;
Lerums Gymnasium, skolenhet 2;88776535;Lerum;1441;Kommunal;Lerum;2120001447;389;141;116;132;24;14;76;
Lerums Gymnasium, skolenhet 3;29351272;Lerum;1441;Kommunal;Lerum;2120001447;211;141;39;31;23;31;28;
Lerums Gymnasium, skolenhet 4;49488344;Lerum;1441;Kommunal;Lerum;2120001447;90;32;22;36;69;21;70;
Lerums Gymnasium, skolenhet 5;74408578;Lerum;1441;Kommunal;Lerum;2120001447;377;122;134;121;50;11;60;
Lessebo Gymnasium;75395882;Lessebo;0761;Kommunal;Lessebo;2120000613;59;26;21;12;34;88;20;
Hersby gymnasium;71043974;Lidingö;0186;Kommunal;Lidingö;2120000191;1 002;344;320;338;39;11;86;
Lunagymnasiet;57777751;Lidingö;0186;Enskild;Utvecklingspedagogik Sverige Aktiebolag;5564715729;57;16;18;23;51;..;81;
Stillerska filmgymnasiet;38732602;Lidingö;0186;Enskild;Stillerska AB;5567777270;65;24;22;19;29;..;66;
De la Gardiegymnasiet, enhet 1;89807183;Lidköping;1494;Kommunal;Lidköping;2120001694;392;133;137;122;42;20;76;
De la Gardiegymnasiet, enhet 2;86724994;Lidköping;1494;Kommunal;Lidköping;2120001694;306;104;102;100;9;9;48;
De la Gardiegymnasiet, enhet 3;61161774;Lidköping;1494;Kommunal;Lidköping;2120001694;500;176;173;151;68;17;64;
De la Gardiegymnasiet, enhet 4;86158933;Lidköping;1494;Kommunal;Lidköping;2120001694;227;74;82;71;74;14;50;
De la Gardiegymnasiet, enhet 5;39179525;Lidköping;1494;Kommunal;Lidköping;2120001694;131;68;40;23;42;56;22;
De la Gardiegymnasiet, enhet 6;14102256;Lidköping;1494;Kommunal;Lidköping;2120001694;367;115;126;126;65;23;39;
Lindeskolan LS 1;75082280;Lindesberg;1885;Kommunal;Lindesberg;2120002015;168;75;58;35;45;18;20;
Lindeskolan LS 2;75914181;Lindesberg;1885;Kommunal;Lindesberg;2120002015;104;9;44;51;62;22;50;
Lindeskolan LS 3;39302565;Lindesberg;1885;Kommunal;Lindesberg;2120002015;216;71;70;75;15;19;42;
Lindeskolan LS 4;96818167;Lindesberg;1885;Kommunal;Lindesberg;2120002015;320;135;92;93;60;47;46;
Anders Ljungstedts gymnasium 10;89357497;Linköping;0580;Kommunal;Linköping;2120000449;73;30;24;19;..;36;42;
Anders Ljungstedts gymnasium 3;36072799;Linköping;0580;Kommunal;Linköping;2120000449;177;75;60;42;88;23;39;
Anders Ljungstedts gymnasium 4;61432781;Linköping;0580;Kommunal;Linköping;2120000449;259;93;78;88;10;18;32;
Anders Ljungstedts gymnasium 7;78287294;Linköping;0580;Kommunal;Linköping;2120000449;140;52;50;38;33;61;26;
Anders Ljungstedts gymnasium 8;74316305;Linköping;0580;Kommunal;Linköping;2120000449;105;38;32;35;11;28;50;
Anders Ljungstedts gymnasium 9;39096170;Linköping;0580;Kommunal;Linköping;2120000449;160;52;58;50;34;15;42;
Berzeliusskolan 1;79527481;Linköping;0580;Kommunal;Linköping;2120000449;472;159;157;156;27;13;82;
Berzeliusskolan 2;67300857;Linköping;0580;Kommunal;Linköping;2120000449;420;163;123;134;55;17;87;
Berzeliusskolan 7;67809400;Linköping;0580;Kommunal;Linköping;2120000449;57;33;18;6;47;68;21;
Birgittaskolan 1;99279503;Linköping;0580;Kommunal;Linköping;2120000449;191;92;47;52;48;57;54;
Birgittaskolan 2;63653488;Linköping;0580;Kommunal;Linköping;2120000449;88;27;31;30;26;..;70;
Birgittaskolan 3;50063655;Linköping;0580;Kommunal;Linköping;2120000449;303;114;97;92;74;47;31;
Drottning Blankas Gymnasieskola Linköping;70412563;Linköping;0580;Enskild;DBGY Kronan AB;5565668794;143;55;47;41;73;63;29;
Folkungaskolan 1;24544503;Linköping;0580;Kommunal;Linköping;2120000449;302;96;127;79;64;14;79;
Folkungaskolan 2;25392789;Linköping;0580;Kommunal;Linköping;2120000449;406;127;122;157;73;11;77;
Folkungaskolan 3;64394770;Linköping;0580;Kommunal;Linköping;2120000449;38;20;9;9;66;100;..;
Framtidsgymnasiet Linköping;72109637;Linköping;0580;Enskild;Framtidsgymnasiet Öst AB;5565304481;159;55;59;45;17;54;27;
Fria Läroverken Linköping;69240218;Linköping;0580;Enskild;Fria Läroverken i Sverige AB;5569172041;429;165;130;134;39;24;61;
Hagströmska gymnasiet Linköping;14057258;Linköping;0580;Enskild;Hagströmska Gymnasiet AB;5567550461;106;45;32;29;19;13;22;
JENSEN Gymnasium Linköping;38460895;Linköping;0580;Enskild;Jensen Education College AB;5566358759;76;41;12;23;54;46;46;
Katedralskolan 1;53821161;Linköping;0580;Kommunal;Linköping;2120000449;543;152;183;208;58;21;83;
Katedralskolan 2;31199511;Linköping;0580;Kommunal;Linköping;2120000449;351;97;123;131;64;40;70;
Katedralskolan 3;12934438;Linköping;0580;Kommunal;Linköping;2120000449;338;120;124;94;59;12;71;
KLARA Teoretiska Gymnasium Linköping;43313366;Linköping;0580;Enskild;KLARA Gymnasium Kunskap AB;5566303938;471;153;159;159;65;27;57;
LBS Kreativa Gymnasiet Linköping;86787111;Linköping;0580;Enskild;Ljud & Bildskolan Lbs AB;5564851649;163;46;50;67;32;14;64;
Mediateknikerutbildningen, MTU;97868185;Linköping;0580;Enskild;Mediateknikerutbildningen, MTU AB;5564631983;124;41;38;45;32;19;60;
Praktiska Gymnasiet Linköping;81551726;Linköping;0580;Enskild;Praktiska Sverige AB;5562575786;138;57;50;31;37;21;30;
Realgymnasiet Linköping;77823650;Linköping;0580;Enskild;Lärande i Sverige AB;5565715892;245;89;81;75;40;26;46;
S:t Lars gymnasium;84476205;Linköping;0580;Kommunal;Linköping;2120000449;126;56;42;28;68;40;53;
Thoren Business School Linköping;37550979;Linköping;0580;Enskild;Thorengruppen AB;5566139290;170;45;56;69;49;83;31;
Vreta utbildningscentrum;52634142;Linköping;0580;Region;Region Östergötland;2321000040;459;161;144;154;42;..;48;
Yrkesgymnasiet Linköping;76195214;Linköping;0580;Enskild;Thorengruppen AB;5566139290;271;91;95;85;39;34;32;
RyssbyGymnasiet;32705515;Ljungby;0781;Enskild;Ryssbygymnasiet AB;5566214069;210;66;71;73;27;8;51;
Sunnerbogymnasiet 1;60214465;Ljungby;0781;Kommunal;Ljungby;2120000670;276;145;73;58;36;39;39;
Sunnerbogymnasiet 2;70137084;Ljungby;0781;Kommunal;Ljungby;2120000670;324;101;129;94;42;21;51;
Sunnerbogymnasiet 3;82002016;Ljungby;0781;Kommunal;Ljungby;2120000670;243;88;69;86;51;34;64;
Sunnerbogymnasiet 4;21901328;Ljungby;0781;Kommunal;Ljungby;2120000670;74;30;28;16;91;26;36;
Slottegymnasiet;23306658;Ljusdal;2161;Kommunal;Ljusdal;2120002320;498;168;145;185;47;22;37;
Träutbildningar i Hälsingland;57350392;Ljusdal;2161;Enskild;Träutbildningar i Hälsingland AB;5567796718;49;17;13;19;..;..;47;
ABB Industrigymnasium Ludvika;97535124;Ludvika;2085;Enskild;Industritekniska Gymnasiet Bergslagen AB;5566081740;106;35;36;35;42;19;75;
VBU Högbergsskolan 1;11102578;Ludvika;2085;Kommunal;Västerbergslagens Utbildningsförbund,VBU;2220000802;335;119;106;110;71;22;42;
VBU Högbergsskolan 2;69306209;Ludvika;2085;Kommunal;Västerbergslagens Utbildningsförbund,VBU;2220000802;292;111;81;100;23;27;45;
VBU Högbergsskolan 3;34488594;Ludvika;2085;Kommunal;Västerbergslagens Utbildningsförbund,VBU;2220000802;26;26;.;.;..;..;..;
VBU Malmen;92651253;Ludvika;2085;Kommunal;Västerbergslagens Utbildningsförbund,VBU;2220000802;119;39;37;43;25;..;30;
Luleå gymnasieskola, skolenhet A;31740319;Luleå;2580;Kommunal;Luleå;2120002742;154;48;47;59;75;25;46;
Luleå gymnasieskola, skolenhet B;10129345;Luleå;2580;Kommunal;Luleå;2120002742;292;105;100;87;66;14;64;
Luleå gymnasieskola, skolenhet C;17944628;Luleå;2580;Kommunal;Luleå;2120002742;419;148;144;127;74;14;68;
Luleå gymnasieskola, skolenhet D;82826083;Luleå;2580;Kommunal;Luleå;2120002742;186;77;61;48;18;19;39;
Luleå gymnasieskola, skolenhet E;94468610;Luleå;2580;Kommunal;Luleå;2120002742;188;68;69;51;68;35;48;
Luleå gymnasieskola, skolenhet F;94090461;Luleå;2580;Kommunal;Luleå;2120002742;267;104;91;72;43;6;78;
Luleå gymnasieskola, skolenhet G;12954099;Luleå;2580;Kommunal;Luleå;2120002742;287;85;102;100;24;11;74;
Luleå gymnasieskola, skolenhet H;80931789;Luleå;2580;Kommunal;Luleå;2120002742;345;117;106;122;46;21;74;
Luleå Gymnasieskola, skolenhet I;91165303;Luleå;2580;Kommunal;Luleå;2120002742;22;8;10;4;64;..;50;
Luleå Gymnasieskola, skolenhet J;84098842;Luleå;2580;Kommunal;Luleå;2120002742;168;51;55;62;73;13;50;
NTI Gymnasiet Luleå;90473340;Luleå;2580;Enskild;NTI Gymnasiet Macro AB;5561203679;163;63;46;54;15;18;60;
Praktiska Gymnasiet Luleå;26167236;Luleå;2580;Enskild;Praktiska Sverige AB;5562575786;263;111;91;61;48;15;37;
Consensum Gymnasium Lund;69807202;Lund;1281;Enskild;Consensum Lund AB;5566023684;264;89;93;82;73;53;47;
Drottning Blankas Gymnasieskola Lund;64648904;Lund;1281;Enskild;DBGY Kronan AB;5565668794;370;137;127;106;58;17;62;
Flyinge Hästsportgymnasium;43450482;Lund;1281;Enskild;Flyinge Aktiebolag;5563792927;23;9;14;.;96;..;57;
Gymnasieskolan Spyken;75939593;Lund;1281;Kommunal;Lund;2120001132;1 222;412;407;403;67;14;90;
Gymnasieskolan Vipan;63035915;Lund;1281;Kommunal;Lund;2120001132;1 162;517;310;335;35;34;36;
Hedda Anderssongymnasiet;20763964;Lund;1281;Kommunal;Lund;2120001132;432;175;134;123;26;32;68;
Hvilan Gymnasium Lund;36208931;Lund;1281;Enskild;Hvilan Utbildning AB;5566066980;144;62;74;8;52;31;69;
JENSEN Gymnasium Lund;26324896;Lund;1281;Enskild;Jensen Education College AB;5566358759;250;87;82;81;56;26;62;
Katedralskolan;56639389;Lund;1281;Kommunal;Lund;2120001132;1 523;486;524;513;57;22;88;
Lars-Erik Larssongymnasiet;95700485;Lund;1281;Enskild;Lars-Erik Larsson Gymnasiet;8465021015;179;67;53;59;65;14;91;
LBS Kreativa Gymnasiet Lund;51449748;Lund;1281;Enskild;Ljud & Bildskolan Lbs AB;5564851649;408;149;129;130;25;16;74;
Lunds Dans- o Musikalgymnasium;28267726;Lund;1281;Enskild;Dans o Musikal i Lund AB;5566981766;181;62;62;57;88;10;82;
Lunds Fordonstekniska Gymn.;28848709;Lund;1281;Enskild;Lunds Fordonstekniska Gymnasium AB;5566426630;62;23;16;23;..;50;39;
NTI Gymnasiet Lund;12613085;Lund;1281;Enskild;NTI Gymnasiet Macro AB;5561203679;171;61;57;53;..;32;61;
NTI Vetenskapsgymnasiet Lund;15783533;Lund;1281;Enskild;NTI Gymnasiet Macro AB;5561203679;12;12;.;.;..;..;100;
Polhemskolan;53896162;Lund;1281;Kommunal;Lund;2120001132;2 628;940;838;850;49;16;81;
ProCivitas Privata Gymnasium Lund;17779637;Lund;1281;Enskild;ProCivitas Privata Gymnasium AB;5566157102;329;100;124;105;64;17;67;
Realgymnasiet i Lund;11185244;Lund;1281;Enskild;Lärande i Sverige AB;5565715892;282;85;111;86;73;15;53;
Sveriges Ridgymnasium Flyinge;56211717;Lund;1281;Enskild;Sveriges Ridgymnasium AB;5566814504;64;17;26;21;97;..;61;
Thoren Innovation School Lund;66824652;Lund;1281;Enskild;Thoren Innovation School AB;5568902653;223;62;61;100;16;49;58;
Tannbergsskolan 1;49168016;Lycksele;2481;Kommunal;Lycksele;2120002635;194;63;57;74;30;15;58;
Tannbergsskolan 2;32042066;Lycksele;2481;Kommunal;Lycksele;2120002635;108;38;42;28;20;29;36;
Tannbergsskolan 3;50821167;Lycksele;2481;Kommunal;Lycksele;2120002635;90;32;19;39;76;40;31;
Tannbergsskolan 4;71929526;Lycksele;2481;Kommunal;Lycksele;2120002635;155;47;58;50;50;21;45;
Gullmarsgymnasiet 1;92814975;Lysekil;1484;Kommunal;Lysekil;2120001389;222;79;66;77;31;31;37;
Gullmarsgymnasiet 2;60873719;Lysekil;1484;Kommunal;Lysekil;2120001389;307;116;91;100;62;17;64;
4ans Gymnasium;28085125;Malmö;1280;Enskild;4ans Gymnasium AB;5567622682;110;42;39;29;60;78;36;
Agnesfrids gymnasium;28770304;Malmö;1280;Kommunal;Malmö;2120001124;243;146;47;50;13;67;27;
Bellevue gymnasium;86483208;Malmö;1280;Kommunal;Malmö;2120001124;145;66;61;18;42;65;29;
Bladins gymnasium;21938183;Malmö;1280;Enskild;Bladins Skola, Stiftelsen;8460010948;182;73;42;67;40;38;73;
Bladins International School of Malmö;78986228;Malmö;1280;Enskild;Bladins Skola, Stiftelsen;8460010948;45;.;26;19;58;80;67;
Bryggeriets Gymnasium;71472793;Malmö;1280;Enskild;Bryggeriets Bildnings Byrå (Bbb);8465017070;176;63;60;53;49;41;55;
Cybergymnasiet Malmö;69063711;Malmö;1280;Enskild;Cybergymnasiet Malmö AB;5565693289;373;148;113;112;46;58;42;
Drottning Blankas Gymnasieskola Malmö Möllan;77609073;Malmö;1280;Enskild;DBGY Kronan AB;5565668794;144;48;46;50;60;53;35;
Drottning Blankas Gymnasieskola Malmö Möllan 2;31155312;Malmö;1280;Enskild;DBGY Juvelen AB;5565789129;15;15;.;.;..;73;..;
Drottning Blankas Gymnasieskola Malmö Söderport;35894996;Malmö;1280;Enskild;DBGY Kronan AB;5565668794;339;115;114;110;78;44;41;
Einar Hansengymnasiet;12926770;Malmö;1280;Enskild;Folkuniversitetet Stiftelsen Kurs- Verksamheten Vid Lunds Universitet;8450003481;224;77;74;73;69;85;51;
Framtidsgymnasiet Malmö;17119840;Malmö;1280;Enskild;Framtidsgymnasiet i Sverige AB;5565755500;247;129;60;58;..;82;18;
Fria Läroverken Malmö;68748767;Malmö;1280;Enskild;Fria Läroverken i Sverige AB;5569172041;364;144;117;103;50;63;33;
Heleneholmskolans gymnasium;61320691;Malmö;1280;Kommunal;Malmö;2120001124;343;342;.;1;44;96;15;
JENSEN Gymnasium Malmö;48593439;Malmö;1280;Enskild;Jensen Education College AB;5566358759;269;110;87;72;59;70;51;
KLARA Teoretiska Gymnasium Malmö;23548714;Malmö;1280;Enskild;KLARA Gymnasium Bildning AB;5565286696;224;86;68;70;64;79;37;
Kunskapsgymnasiet Malmö;91773491;Malmö;1280;Enskild;Kunskapsskolan i Sverige Aktiebolag;5565661815;362;144;110;108;61;96;42;
LBS Kreativa Gymnasiet Malmö;97931189;Malmö;1280;Enskild;Ljud & Bildskolan Lbs AB;5564851649;80;80;.;.;21;41;61;
Malmö Borgarskola Ro 1;30361243;Malmö;1280;Kommunal;Malmö;2120001124;1 361;501;460;400;53;52;65;
Malmö Idrottsgymnasium Ro1;25596917;Malmö;1280;Kommunal;Malmö;2120001124;454;167;142;145;42;19;67;
Malmö Latinskola Ro 1;65722876;Malmö;1280;Kommunal;Malmö;2120001124;1 107;388;388;331;69;21;78;
Malmö lärlingscenter;65407241;Malmö;1280;Kommunal;Malmö;2120001124;168;82;46;40;51;51;30;
Malmö Restaurangskola;11608031;Malmö;1280;Kommunal;Malmö;2120001124;151;72;39;40;34;45;38;
NTI Gymnasiet Malmö;52129378;Malmö;1280;Enskild;NTI Gymnasiet Macro AB;5561203679;300;102;99;99;5;47;57;
Pauliskolan;65381163;Malmö;1280;Kommunal;Malmö;2120001124;995;371;325;299;42;57;51;
Peabskolan Malmö;98541468;Malmö;1280;Enskild;Peabskolan AB;5564427432;102;42;33;27;..;42;28;
Praktiska Gymnasiet Malmö City;25648215;Malmö;1280;Enskild;Praktiska Sverige AB;5562575786;278;112;77;89;46;79;23;
Praktiska Gymnasiet Malmö Limhamn;61823258;Malmö;1280;Enskild;Praktiska Sverige AB;5562575786;217;78;64;75;35;55;27;
ProCivitas Privata Gymnasium Malmö;84424083;Malmö;1280;Enskild;ProCivitas Privata Gymnasium AB;5566157102;728;252;214;262;58;17;81;
Realgymnasiet Malmö;39178171;Malmö;1280;Enskild;Lärande i Sverige AB;5565715892;111;43;30;38;77;16;50;
Rytmus Malmö;49231191;Malmö;1280;Enskild;Rytmus AB;5564648979;175;62;61;52;56;19;66;
S:t Petri skola;78231062;Malmö;1280;Kommunal;Malmö;2120001124;841;310;281;250;63;26;82;
TAU Hantverksskola Gymnasium;79994304;Malmö;1280;Enskild;TAU Learning Aktiebolag;5566866082;111;64;35;12;36;80;23;
Thoren Business School Malmö;10481541;Malmö;1280;Enskild;Thorengruppen AB;5566139290;415;143;134;138;48;84;39;
Thoren Innovation School Malmö 2;45355980;Malmö;1280;Enskild;Thoren Innovation School AB;5568902653;156;48;63;45;22;62;50;
Universitetsholmens gymnasium;68006362;Malmö;1280;Kommunal;Malmö;2120001124;577;209;183;185;40;59;32;
Valdemarsro gymnasium;70200717;Malmö;1280;Kommunal;Malmö;2120001124;12;12;.;.;..;..;..;
Yrkesgymnasiet Malmö;86762103;Malmö;1280;Enskild;Thorengruppen AB;5566139290;273;108;97;68;30;54;29;
Malung-Sälens gymnasieskola;68381790;Malung-Sälen;2023;Kommunal;Malung-Sälen;2120002148;338;124;91;123;33;16;51;
Malå gymnasieskola;73138140;Malå;2418;Kommunal;Malå;2120002866;16;5;4;7;..;88;..;
Vadsbogymnasiet;13006857;Mariestad;1493;Kommunal;Mariestad;2120001686;740;287;230;223;44;26;52;
Vänergymnasiet;76007769;Mariestad;1493;Enskild;Vänergymnasiet AB;5566269014;155;56;51;48;41;..;32;
Marks Gymnasieskola, enhet A;60294546;Mark;1463;Kommunal;Mark;2120001504;202;71;59;72;45;26;48;
Marks Gymnasieskola, enhet B;60183866;Mark;1463;Kommunal;Mark;2120001504;248;133;73;42;52;30;43;
Marks Gymnasieskola, enhet C;60155358;Mark;1463;Kommunal;Mark;2120001504;195;70;51;74;66;9;57;
Marks Gymnasieskola, enhet D;60878131;Mark;1463;Kommunal;Mark;2120001504;279;106;100;73;28;13;52;
Strömma Naturbrukscentrum;93486713;Mark;1463;Enskild;Strömma Naturbrukscentrum AB;5590488465;165;59;48;58;82;..;53;
Gymnasieskolan;58187973;Markaryd;0767;Kommunal;Markaryd;2120000654;329;125;97;107;40;39;34;
Dahlstiernska gymnasiet;88894245;Mellerud;1461;Kommunal;Mellerud;2120001488;140;55;34;51;38;36;21;
Mjölby gymnasium 1;31870541;Mjölby;0586;Kommunal;Mjölby;2120000480;168;74;58;36;56;48;35;
Mjölby gymnasium 2;71160225;Mjölby;0586;Kommunal;Mjölby;2120000480;233;80;73;80;53;31;43;
Mjölby gymnasium 3;80376589;Mjölby;0586;Kommunal;Mjölby;2120000480;128;47;36;45;22;12;37;
Mjölby gymnasium 4;67752682;Mjölby;0586;Kommunal;Mjölby;2120000480;163;53;62;48;16;15;44;
Mora gymnasium, ro 1;44672598;Mora;2062;Kommunal;Mora;2120002213;509;176;163;170;53;12;64;
Mora gymnasium, ro 2;75340089;Mora;2062;Kommunal;Mora;2120002213;488;183;166;139;40;22;38;
Carlsund utbildningscentrum 1;36670439;Motala;0583;Kommunal;Motala;2120002817;202;66;63;73;26;18;37;
Carlsund utbildningscentrum 2;22220001;Motala;0583;Kommunal;Motala;2120002817;185;68;56;61;38;21;37;
Carlsund utbildningscentrum 3;72351233;Motala;0583;Kommunal;Motala;2120002817;195;77;55;63;58;50;18;
Platengymnasiet 1;31822012;Motala;0583;Kommunal;Motala;2120002817;326;116;113;97;58;30;54;
Platengymnasiet 2;83161201;Motala;0583;Kommunal;Motala;2120002817;294;97;85;112;47;23;75;
Dinglegymnasiet;97090958;Munkedal;1430;Enskild;Naturbruk Väst AB;5590475611;59;24;10;25;73;..;32;
Kunskapens hus, IM;58583587;Munkedal;1430;Kommunal;Munkedal;2120001330;57;20;14;23;25;68;23;
Lärlingsgymnasiet i Munkedal;15100079;Munkedal;1430;Enskild;Lärlingsgymnasiet i Sverige AB;5567628176;135;68;42;25;30;16;21;
Processtekniska Gymnasiet;55421481;Munkedal;1430;Kommunal;Munkedal;2120001330;25;4;9;12;..;..;48;
Franklins gymnasium;76562396;Mölndal;1481;Kommunal;Mölndal;2120001363;141;81;60;.;40;18;79;
Krokslättsgymnasiet Skolenhet 1;76470241;Mölndal;1481;Kommunal;Mölndal;2120001363;128;106;22;.;67;59;34;
Krokslättsgymnasiet Skolenhet 2;99356671;Mölndal;1481;Kommunal;Mölndal;2120001363;199;120;52;27;60;52;33;
Mönsteråsgymnasiet;16702464;Mönsterås;0861;Kommunal;Mönsterås;2120000720;98;31;30;37;41;51;39;
Mönsteråsgymnasiet IM;43762671;Mönsterås;0861;Kommunal;Mönsterås;2120000720;54;27;15;12;48;72;..;
Designgymnasiet Sickla;14355031;Nacka;0182;Enskild;Designgymnasiet i Sverige AB;5569320681;224;79;64;81;67;18;65;
Drottning Blankas Gymnasieskola Nacka;68602647;Nacka;0182;Enskild;DBGY Kronan AB;5565668794;125;125;.;.;50;19;52;
Magelungens Gymnasium Danvikstull;71353314;Nacka;0182;Enskild;Magelungen Utveckling AB;5564891447;98;46;30;22;74;18;50;
MediaGymnasiet i Nacka Strand;29449669;Nacka;0182;Enskild;MediaGymnasiet Nacka Strand AB;5566765995;333;109;124;100;28;15;66;
Nacka Enskilda Gymnasium;62855448;Nacka;0182;Enskild;Nacka Enskilda Gymnasium AB;5567841977;178;60;55;63;29;10;59;
Nacka Gymnasium;92506886;Nacka;0182;Kommunal;Nacka;2120000167;2 214;761;760;693;43;14;79;
NTI Gymnasiet Nacka;31071774;Nacka;0182;Enskild;NTI Gymnasiet Macro AB;5561203679;144;88;56;.;..;19;71;
Praktiska Gymnasiet Nacka;72891848;Nacka;0182;Enskild;Praktiska Sverige AB;5562575786;446;158;150;138;31;51;23;
Rytmus Stockholm;46611859;Nacka;0182;Enskild;Rytmus AB;5564648979;694;238;228;228;55;11;75;
Sjölins gymnasium Nacka;58907711;Nacka;0182;Enskild;Sjölins Gymnasium AB;5563758399;446;160;158;128;52;12;72;
YBC, Young Business Creatives;68285560;Nacka;0182;Kommunal;Nacka;2120000167;600;231;201;168;52;14;75;
IV-programmet i Nora;71728074;Nora;1884;Kommunal;Nora;2120002007;19;8;8;3;..;..;..;
Gymnasieutbildn. i Nordanstig RO9;16374064;Nordanstig;2132;Kommunal;Hälsinglands Utbildningsförbund;2220003111;26;16;8;2;50;38;..;
Bråvallagymnasiet 1;83805032;Norrköping;0581;Kommunal;Norrköping;2120000456;150;49;57;44;13;31;31;
Bråvallagymnasiet 2;48862305;Norrköping;0581;Kommunal;Norrköping;2120000456;309;129;106;74;15;32;32;
Bråvallagymnasiet 3;32887559;Norrköping;0581;Kommunal;Norrköping;2120000456;212;66;75;71;..;30;40;
Bråvallagymnasiet 4;85586216;Norrköping;0581;Kommunal;Norrköping;2120000456;95;32;31;32;..;19;35;
De Geergymnasiet 1;58544422;Norrköping;0581;Kommunal;Norrköping;2120000456;334;102;118;114;62;39;50;
De Geergymnasiet 3;65150019;Norrköping;0581;Kommunal;Norrköping;2120000456;272;91;87;94;70;14;72;
De Geergymnasiet 4;31796890;Norrköping;0581;Kommunal;Norrköping;2120000456;79;19;36;24;41;25;39;
De Geergymnasiet 6;22426680;Norrköping;0581;Kommunal;Norrköping;2120000456;51;12;18;21;78;..;61;
Drottning Blankas Gymnasieskola Norrköping;28023078;Norrköping;0581;Enskild;DBGY Juvelen AB;5565789129;234;86;59;89;83;39;35;
Ebersteinska gymnasiet  4;53832505;Norrköping;0581;Kommunal;Norrköping;2120000456;175;64;46;65;17;41;64;
Ebersteinska gymnasiet 5;71541108;Norrköping;0581;Kommunal;Norrköping;2120000456;230;95;77;58;66;75;38;
Ebersteinska gymnasiet 6;62956050;Norrköping;0581;Kommunal;Norrköping;2120000456;168;92;41;35;45;63;37;
Film & Musikgymnasiet;47537928;Norrköping;0581;Enskild;Studiefrämjandet i Östergötland;8220038460;142;49;49;44;61;10;63;
Fria Läroverken Norrköping;69471748;Norrköping;0581;Enskild;Fria Läroverken i Sverige AB;5569172041;328;135;110;83;47;62;35;
Hagagymnasiet skolenhet Blå;49750031;Norrköping;0581;Kommunal;Norrköping;2120000456;344;127;125;92;74;25;71;
Hagagymnasiet skolenhet grön;76485705;Norrköping;0581;Kommunal;Norrköping;2120000456;184;64;54;66;50;53;76;
Hagagymnasiet skolenhet gul;31771188;Norrköping;0581;Kommunal;Norrköping;2120000456;70;33;24;13;60;26;43;
Hagagymnasiet skolenhet röd;93239262;Norrköping;0581;Kommunal;Norrköping;2120000456;175;56;58;61;61;29;47;
Himmelstalunds Utbildningscentrum;25745773;Norrköping;0581;Region;Region Östergötland;2321000040;254;87;70;97;80;7;48;
Kungsgårdsgymnasiet 1;99976753;Norrköping;0581;Kommunal;Norrköping;2120000456;277;91;95;91;55;31;57;
Kungsgårdsgymnasiet 2;58037626;Norrköping;0581;Kommunal;Norrköping;2120000456;162;83;49;30;41;92;15;
Kungsgårdsgymnasiet 3;14278480;Norrköping;0581;Kommunal;Norrköping;2120000456;170;62;53;55;81;15;35;
Kunskapsgymnasiet Norrköping;75575321;Norrköping;0581;Enskild;Kunskapsskolan i Sverige Aktiebolag;5565661815;541;199;203;139;66;17;72;
Norrköpings Lärlingsgymnasium 1;17204216;Norrköping;0581;Kommunal;Norrköping;2120000456;215;76;59;80;49;23;30;
Norrköpings lärlingsgymnasium 2;35230892;Norrköping;0581;Kommunal;Norrköping;2120000456;37;12;20;5;..;59;..;
Realgymnasiet Norrköping;43284031;Norrköping;0581;Enskild;Lärande i Sverige AB;5565715892;347;123;112;112;30;23;53;
Yrkesgymnasiet Norrköping;67842103;Norrköping;0581;Enskild;Thorengruppen AB;5566139290;48;48;.;.;33;42;35;
Carl Wahren Gymnasium;13963517;Norrtälje;0188;Enskild;Roslagen Education AB;5568027378;154;45;63;46;42;45;16;
Ekebyholmsskolan, gy;24194577;Norrtälje;0188;Enskild;Ekebyholmsskolan Aktiebolag;5562512425;29;16;4;9;66;45;55;
Rodengymnasiet;42258644;Norrtälje;0188;Kommunal;Norrtälje;2120000217;1 238;471;389;378;44;21;43;
Skärgårdsgymnasiet Norrtälje;26267406;Norrtälje;0188;Enskild;Norrtelje teknikgymnasium AB;5567916761;163;63;54;46;26;23;36;
Norsjö gymnasium;25985417;Norsjö;2417;Kommunal;Norsjö;2120002858;6;6;.;.;..;..;..;
Åkrahällskolan Akra01;35035671;Nybro;0881;Kommunal;Nybro;2120000753;96;33;27;36;47;17;28;
Åkrahällskolan Akra02;12130801;Nybro;0881;Kommunal;Nybro;2120000753;206;82;63;61;47;44;44;
Åkrahällskolan Akra03;51736304;Nybro;0881;Kommunal;Nybro;2120000753;156;55;45;56;16;40;49;
Praktiska Gymnasiet Nykvarn;53180719;Nykvarn;0140;Enskild;Praktiska Sverige AB;5562575786;254;83;88;83;33;56;25;
Elteknikbranschens gymnasium;27489137;Nyköping;0480;Enskild;Elteknikbranschens Gymnasium i Nyköping AB;5567106637;87;30;30;27;..;..;43;
Framtidsgymnasiet Nyköping;15609112;Nyköping;0480;Enskild;Framtidsgymnasiet Öst AB;5565304481;168;86;38;44;12;39;17;
LBS Kreativa Gymnasiet Nyköping;44285075;Nyköping;0480;Enskild;Ljud & Bildskolan Lbs AB;5564851649;167;54;63;50;32;15;53;
Nyköping Strand Utbildn.center;60424371;Nyköping;0480;Enskild;Nyköping Strand Utbildningscentrum AB;5564710795;153;55;55;43;65;12;48;
Nyköpings Enskilda Gymnasium;95785055;Nyköping;0480;Enskild;Erastos AB;5564418449;507;167;173;167;63;12;75;
Nyköpings gymnasium Gripen;68655578;Nyköping;0480;Kommunal;Nyköping;2120002940;1 046;404;348;294;44;36;46;
Nyköpings gymnasium Nico;68741484;Nyköping;0480;Kommunal;Nyköping;2120002940;383;140;123;120;53;47;36;
Nyköpings gymnasium Skavsta;17062663;Nyköping;0480;Kommunal;Nyköping;2120002940;228;81;81;66;15;25;42;
Realgymnasiet Nyköping;56267421;Nyköping;0480;Enskild;Lärande i Sverige AB;5565715892;89;29;30;30;84;..;46;
Öknaskolan;34990065;Nyköping;0480;Region;Region Sörmland;2321000032;228;72;79;77;47;7;49;
Nynäshamns gymnasium;37054246;Nynäshamn;0192;Kommunal;Nynäshamn;2120000233;439;208;134;97;39;34;46;
Brinellgymnasiet 1;96383883;Nässjö;0682;Kommunal;Nässjö;2120000548;221;77;58;86;27;53;28;
Brinellgymnasiet 2;39199869;Nässjö;0682;Kommunal;Nässjö;2120000548;332;103;114;115;27;28;52;
Brinellgymnasiet 3;62216381;Nässjö;0682;Kommunal;Nässjö;2120000548;262;96;78;88;71;23;52;
Brinellgymnasiet 4;31179045;Nässjö;0682;Kommunal;Nässjö;2120000548;315;125;96;94;57;48;40;
Klaragymnasiet med internat;15763669;Olofström;1060;Kommunal;Kommunsamverkan Cura Individutveckling;2220000711;52;17;9;26;38;..;48;
Nordenbergsskolan 1;59655752;Olofström;1060;Kommunal;Olofström;2120000811;236;108;62;66;27;39;40;
Nordenbergsskolan 2;88750078;Olofström;1060;Kommunal;Olofström;2120000811;304;91;95;118;50;24;50;
Gymnasiet;41878314;Orust;1421;Kommunal;Orust;2120001314;20;16;.;4;..;..;..;
Ekbackeskolan Ro1;41555549;Osby;1273;Kommunal;Osby;2120000902;235;64;89;82;62;21;42;
Ekbackeskolan Ro2;98876996;Osby;1273;Kommunal;Osby;2120000902;175;81;30;64;59;45;37;
Yrkesskolan, introduktionsprogrammet;19878579;Osby;1273;Kommunal;Osby;2120000902;29;10;13;6;..;..;..;
Etec Teknikutbildning AB;22383788;Oskarshamn;0882;Enskild;Etec Teknikutbildning AB;5562216027;80;28;27;25;..;..;53;
Oscarsgymnasiet A;85459854;Oskarshamn;0882;Kommunal;Oskarshamn;2120000761;251;89;88;74;66;24;51;
Oscarsgymnasiet B;81876614;Oskarshamn;0882;Kommunal;Oskarshamn;2120000761;320;92;96;132;25;34;50;
Oscarsgymnasiet C;44963095;Oskarshamn;0882;Kommunal;Oskarshamn;2120000761;169;57;62;50;44;15;42;
Oscarsgymnasiet D;18711877;Oskarshamn;0882;Kommunal;Oskarshamn;2120000761;194;62;51;81;63;23;43;
Oscarsgymnasiet E/GS;67167389;Oskarshamn;0882;Kommunal;Oskarshamn;2120000761;59;32;16;11;47;69;31;
Voxnadalens gymnasium;67071618;Ovanåker;2121;Kommunal;Ovanåker;2120002304;272;94;82;96;41;27;36;
Lapplands Gymnasium Pajala;75324351;Pajala;2521;Kommunal;Lapplands Kommunalförbund;2220000760;151;46;55;50;47;22;40;
Partille Gymnasium;61229217;Partille;1402;Kommunal;Partille;2120001272;410;146;124;140;31;39;41;
Perstorp Tekniska Gymnasium;58929357;Perstorp;1275;Enskild;Perstorp Aktiebolag;5560246513;64;17;23;24;17;20;66;
Grans naturbruksgymnasium;42517257;Piteå;2581;Kommunal;Piteå;2120002759;144;51;43;50;77;..;48;
Strömbacka Hugin;59575030;Piteå;2581;Kommunal;Piteå;2120002759;346;109;131;106;44;14;69;
Strömbacka Magne;93503103;Piteå;2581;Kommunal;Piteå;2120002759;177;59;58;60;20;7;42;
Strömbacka Mimer;18617410;Piteå;2581;Kommunal;Piteå;2120002759;316;118;111;87;69;20;51;
Strömbacka Mjölner;41697930;Piteå;2581;Kommunal;Piteå;2120002759;294;104;106;84;16;9;52;
Strömbacka Munin;28025244;Piteå;2581;Kommunal;Piteå;2120002759;303;124;80;99;66;12;55;
Jämtlands Gymn, Bispgården;17184072;Ragunda;2303;Kommunal;Jämtlands Gymnasieförbund;2220001636;32;23;4;5;..;..;..;
Blekinge Naturbruksgymnasium;86896907;Ronneby;1081;Kommunal;Ronneby;2120000837;115;41;45;29;62;..;41;
Gymnasieskolan Knut Hahn 1;40338843;Ronneby;1081;Kommunal;Ronneby;2120000837;300;105;84;111;59;20;57;
Gymnasieskolan Knut Hahn 2;77440824;Ronneby;1081;Kommunal;Ronneby;2120000837;307;125;99;83;27;29;56;
Gymnasieskolan Knut Hahn 3;13883567;Ronneby;1081;Kommunal;Ronneby;2120000837;178;55;53;70;38;73;24;
Gymnasieskolan Knut Hahn 4;71069359;Ronneby;1081;Kommunal;Ronneby;2120000837;63;20;22;21;19;21;57;
Stiernhööksgymnasiet;14292382;Rättvik;2031;Kommunal;Rättvik;2120002171;469;163;175;131;52;7;43;
Kungsängsgymnasiet;87859089;Sala;1981;Kommunal;Sala;2120002098;428;133;162;133;47;31;42;
Ösbygymnasiet;54764253;Sala;1981;Kommunal;Sala;2120002098;236;90;81;65;50;13;34;
Rönninge gymnasium;98908403;Salem;0128;Kommunal;Salem;2120002874;481;133;165;183;50;71;45;
Bessemerskolan;16493131;Sandviken;2181;Kommunal;Sandviken;2120002346;837;293;265;279;46;26;49;
Bessemerskolan_IM;33528519;Sandviken;2181;Kommunal;Sandviken;2120002346;196;116;47;33;41;58;18;
Göranssonska skolan;41119610;Sandviken;2181;Enskild;Sandvik Utbildningsaktiebolag;5563048791;197;66;66;65;30;13;75;
Arlandagymnasiet 1;83272868;Sigtuna;0191;Kommunal;Sigtuna;2120000225;586;194;202;190;40;37;53;
Arlandagymnasiet 2;66912789;Sigtuna;0191;Kommunal;Sigtuna;2120000225;92;47;30;15;42;89;13;
Arlandagymnasiet 3;48304166;Sigtuna;0191;Kommunal;Sigtuna;2120000225;374;154;136;84;24;55;36;
Praktiska Gymnasiet Märsta;24982097;Sigtuna;0191;Enskild;Praktiska Sverige AB;5562575786;112;28;52;32;26;51;26;
Sigtunaskolan hum. läroverket, gy;45552626;Sigtuna;0191;Enskild;Sigtuna Skolstiftelse;8148002879;315;101;106;108;58;15;76;
Sigtunaskolan hum. läroverket, int gy;50906954;Sigtuna;0191;Enskild;Sigtuna Skolstiftelse;8148002879;153;42;57;54;58;78;35;
Nova Academy;16748680;Simrishamn;1291;Kommunal;Simrishamn;2120000969;203;69;68;66;51;26;62;
Österlengymnasiet;68597767;Simrishamn;1291;Kommunal;Simrishamn;2120000969;88;27;33;28;48;42;22;
Malenagymnasiet;27964873;Sjöbo;1265;Kommunal;Sjöbo;2120001090;238;89;79;70;27;11;26;
Katedralskolan Skara Enhet 1;65674821;Skara;1495;Kommunal;Skara;2120001702;196;88;55;53;43;38;42;
Katedralskolan Skara Enhet 2;30706655;Skara;1495;Kommunal;Skara;2120001702;224;56;81;87;39;23;44;
Katedralskolan Skara Enhet 3;92332557;Skara;1495;Kommunal;Skara;2120001702;203;65;66;72;58;52;47;
Naturbruksskolan Uddetorp;46332927;Skara;1495;Region;Västra Götalandsregionen;2321000131;155;57;58;40;19;..;42;
Olinsgymnasiet;16555851;Skara;1495;Enskild;Olinsgymnasiet i Skara AB;5569998932;109;52;36;21;56;19;63;
Anderstorpsgymnasiet 1;78821574;Skellefteå;2482;Kommunal;Skellefteå;2120002643;130;55;38;37;11;..;47;
Anderstorpsgymnasiet 2;70408763;Skellefteå;2482;Kommunal;Skellefteå;2120002643;245;106;74;65;75;7;61;
Anderstorpsgymnasiet 3;99620228;Skellefteå;2482;Kommunal;Skellefteå;2120002643;434;163;124;147;49;11;59;
Anderstorpsgymnasiet 4;42440084;Skellefteå;2482;Kommunal;Skellefteå;2120002643;102;27;39;36;52;11;34;
Anderstorpsgymnasiet 5;70815774;Skellefteå;2482;Kommunal;Skellefteå;2120002643;296;127;84;85;71;17;62;
Anderstorpsgymnasiet 6;21080571;Skellefteå;2482;Kommunal;Skellefteå;2120002643;39;27;9;3;38;28;..;
Anderstorpsgymnasiet Hammarängen;24653673;Skellefteå;2482;Kommunal;Skellefteå;2120002643;67;2;35;30;24;..;48;
Baldergymnasiet 1;58200871;Skellefteå;2482;Kommunal;Skellefteå;2120002643;160;44;64;52;27;11;54;
Baldergymnasiet 3;90505849;Skellefteå;2482;Kommunal;Skellefteå;2120002643;173;135;22;16;34;72;17;
Baldergymnasiet 4;83880861;Skellefteå;2482;Kommunal;Skellefteå;2120002643;286;95;84;107;22;13;72;
Baldergymnasiet 5;71099568;Skellefteå;2482;Kommunal;Skellefteå;2120002643;322;97;116;109;65;27;59;
Baldergymnasiet 6;51145165;Skellefteå;2482;Kommunal;Skellefteå;2120002643;102;29;38;35;70;12;47;
Guldstadsgymnasiet i Skellefteå;90990441;Skellefteå;2482;Enskild;Honesta Skolutveckling AB;5569173635;126;41;45;40;55;22;38;
Naturbruksgymnasiet i Burträsk;86319615;Skellefteå;2482;Kommunal;Skellefteå;2120002643;75;25;28;22;40;..;37;
Praktiska Gymnasiet Skellefteå;87303004;Skellefteå;2482;Enskild;Praktiska Sverige AB;5562575786;161;55;48;58;39;57;19;
Yrkesgymnasiet Skellefteå;97835550;Skellefteå;2482;Enskild;Thorengruppen AB;5566139290;114;37;47;30;19;35;25;
Nils Holgerssongy i Skurup;22446331;Skurup;1264;Kommunal;Skurup;2120001082;194;74;66;54;26;10;27;
Drottning Blankas Gymnasieskola Skövde;26508763;Skövde;1496;Enskild;DBGY Juvelen AB;5565789129;281;110;96;75;74;35;31;
Gymnasieskola enhet 882;42287353;Skövde;1496;Kommunal;Skövde;2120001710;217;70;77;70;54;16;41;
Kavelbro enhet 876;42911621;Skövde;1496;Kommunal;Skövde;2120001710;390;148;121;121;19;7;44;
Kavelbro enhet 878;43998440;Skövde;1496;Kommunal;Skövde;2120001710;158;70;51;37;39;63;21;
Lichron Teknikgymnasium Skövde;75027822;Skövde;1496;Enskild;Lichron Teknik AB;5567560635;108;36;36;36;15;12;48;
NTI Gymnasiet Skövde;26671095;Skövde;1496;Enskild;NTI Gymnasiet Ellips AB;5565970471;217;75;77;65;20;25;48;
Praktiska Gymnasiet Skövde;14504503;Skövde;1496;Enskild;Praktiska Sverige AB;5562575786;192;81;57;54;31;46;26;
Volvogymnasiet Skövde;21850904;Skövde;1496;Enskild;Volvo Personvagnar Aktiebolag;5560743089;143;48;49;46;34;7;74;
Västerhöjd enhet 871;65320354;Skövde;1496;Kommunal;Skövde;2120001710;485;160;155;170;50;23;76;
Västerhöjd enhet 872;77544055;Skövde;1496;Kommunal;Skövde;2120001710;379;128;127;124;55;22;62;
Västerhöjd enhet 873;49112879;Skövde;1496;Kommunal;Skövde;2120001710;281;94;100;87;71;19;48;
Västerhöjd enhet 874;30279258;Skövde;1496;Kommunal;Skövde;2120001710;392;136;139;117;64;22;65;
VBU Smeden;12496135;Smedjebacken;2061;Kommunal;Västerbergslagens Utbildningsförbund,VBU;2220000802;80;32;31;17;58;39;26;
VBU Stegelbacken;29220606;Smedjebacken;2061;Kommunal;Västerbergslagens Utbildningsförbund,VBU;2220000802;60;22;14;24;32;100;18;
Sollefteå gymnasium;76903284;Sollefteå;2283;Kommunal;Sollefteå;2120002437;631;212;189;230;44;25;43;
Consensum Gymnasium Sollentuna;68649663;Sollentuna;0163;Enskild;Consensum Lund AB;5566023684;149;52;46;51;69;70;28;
Häggviks Gymnasium;43623146;Sollentuna;0163;Enskild;Utvecklingspedagogik Sverige Aktiebolag;5564715729;33;14;7;12;42;..;58;
KLARA Teoretiska Gymnasium Sollentuna;49141105;Sollentuna;0163;Enskild;KLARA Gymnasium Lärande AB;5565583282;193;62;62;69;56;87;47;
NTI Gymnasiet Sollentuna;15870428;Sollentuna;0163;Enskild;NTI Gymnasiet Macro AB;5561203679;193;56;76;61;9;48;47;
Rudbeck AST-enheten;53709553;Sollentuna;0163;Kommunal;Sollentuna;2120000134;42;16;12;14;40;..;76;
Rudbeck Ekonomiprogrammet;26646080;Sollentuna;0163;Kommunal;Sollentuna;2120000134;540;182;196;162;52;20;78;
Rudbeck El- och Teknikprogrammet;26750052;Sollentuna;0163;Kommunal;Sollentuna;2120000134;403;139;137;127;14;17;80;
Rudbeck Humanistiska och Estetiska programmet;26996566;Sollentuna;0163;Kommunal;Sollentuna;2120000134;107;35;39;33;69;21;72;
Rudbeck Introduktionsprogrammet;15832056;Sollentuna;0163;Kommunal;Sollentuna;2120000134;182;95;55;32;46;60;42;
Rudbeck Naturvetenskapsprogrammet;27704246;Sollentuna;0163;Kommunal;Sollentuna;2120000134;500;176;170;154;55;29;88;
Rudbeck Samhällsvetenskapsprogrammet;57246966;Sollentuna;0163;Kommunal;Sollentuna;2120000134;451;151;154;146;63;20;71;
Yrkesgymnasiet Sollentuna;81997762;Sollentuna;0163;Enskild;Thorengruppen AB;5566139290;254;98;81;75;44;47;31;
Ingridskolan, gymnasiet;28967085;Solna;0184;Enskild;Ingridskolan AB;5566222013;51;17;15;19;49;..;76;
Johan Movingers Gymnasium;69747871;Solna;0184;Enskild;Johan Movingers Gymnasium;8024142781;66;15;17;34;55;74;55;
LBS Kreativa Gymnasiet Stockholm Norra;18106851;Solna;0184;Enskild;Ljud & Bildskolan Lbs AB;5564851649;347;122;124;101;14;22;63;
NTI Vetenskapsgymnasiet Solna;71164175;Solna;0184;Enskild;NTI Gymnasiet Macro AB;5561203679;80;54;26;.;28;58;68;
Peabskolan Solna;70119254;Solna;0184;Enskild;Peabskolan AB;5564427432;84;35;26;23;..;27;35;
ProCivitas Privata Gymnasium Karlberg;29733255;Solna;0184;Enskild;ProCivitas Privata Gymnasium AB;5566157102;154;98;55;1;55;27;66;
Psykologigymnasiet;31151740;Solna;0184;Enskild;Psykologigymnasiet Sverige AB;5567295885;149;68;45;36;74;30;56;
Solna Gymnasium;79346084;Solna;0184;Kommunal;Solna;2120000183;772;312;225;235;44;41;61;
Thoren Business School Solna;28264170;Solna;0184;Enskild;Thorengruppen AB;5566139290;284;146;138;.;51;58;48;
Thoren Innovation School Solna;63837179;Solna;0184;Enskild;Thoren Innovation School AB;5568902653;85;85;.;.;25;59;46;
Yrkesgymnasiet Solna;63437833;Solna;0184;Enskild;Thorengruppen AB;5566139290;180;118;61;1;46;49;31;
Sorsele gymnasieskola;98927766;Sorsele;2422;Kommunal;Sorsele;2120002585;3;3;.;.;..;..;..;
Sotenäs Gymnasieskola;19456482;Sotenäs;1427;Kommunal;Sotenäs;2120001322;23;15;6;2;..;61;..;
Hvilan Gymnasium Kabbarp;34222422;Staffanstorp;1230;Enskild;Hvilan Utbildning AB;5566066980;74;42;9;23;47;26;53;
Kometskolan Introduktionsprogram;31688123;Staffanstorp;1230;Kommunal;Staffanstorp;2120001017;26;24;2;.;..;65;..;
Munkeröds utb.c., Stenungsund;84230226;Stenungsund;1415;Enskild;Munkeröds Utbildningscenter Aktiebolag;5562067495;9;.;6;3;..;..;..;
Nösnäsgymnasiet 1;42060237;Stenungsund;1415;Kommunal;Stenungsund;2120001298;203;80;67;56;15;9;43;
Nösnäsgymnasiet 2;89816391;Stenungsund;1415;Kommunal;Stenungsund;2120001298;258;104;66;88;63;17;54;
Nösnäsgymnasiet 3;14448619;Stenungsund;1415;Kommunal;Stenungsund;2120001298;353;123;130;100;64;12;66;
Nösnäsgymnasiet 4;12546590;Stenungsund;1415;Kommunal;Stenungsund;2120001298;356;129;113;114;21;8;71;
Nösnäsgymnasiet 5;38604678;Stenungsund;1415;Kommunal;Stenungsund;2120001298;112;64;35;13;40;53;17;
Anna Whitlocks gymnasium 54040574;54040574;Stockholm;0180;Kommunal;Stockholm;2120000142;2 150;794;699;657;66;15;83;
Bergstrands Gymnasium Stockholm;26298615;Stockholm;0180;Enskild;Bergstrands Gymnasium AB;5566753736;249;87;74;88;6;43;31;
Bernadottegymnasiet 77176811;77176811;Stockholm;0180;Kommunal;Stockholm;2120000142;411;155;130;126;38;17;65;
Blackebergs gymnasium 85152591;85152591;Stockholm;0180;Kommunal;Stockholm;2120000142;1 210;485;362;363;58;21;82;
Bromma gymnasium 54117171;54117171;Stockholm;0180;Kommunal;Stockholm;2120000142;1 248;433;432;383;35;26;71;
Campus Manilla Gymnasium;48120273;Stockholm;0180;Enskild;Campus Manilla Utbildning AB;5568834765;260;86;88;86;66;6;90;
Cybergymnasiet Stockholm;94167577;Stockholm;0180;Enskild;Cybergymnasiet Stockholm AB;5565547964;1 137;400;382;355;42;64;45;
Dansgymnasiet Stockholm;70404319;Stockholm;0180;Enskild;Vasiliou Education AB;5568920218;148;50;43;55;72;63;35;
Designgymnasiet Kungsholmen;27023528;Stockholm;0180;Enskild;Designgymnasiet i Sverige AB;5569320681;322;106;107;109;48;39;53;
Didaktus Liljeholmen;53903798;Stockholm;0180;Enskild;Didaktus Skolor AB;5564732856;551;163;208;180;57;80;28;
Distra Gymnasium;85782695;Stockholm;0180;Enskild;Distra Utbildnings Center AB;5566064209;250;94;88;68;21;55;29;
Djurgymnasiet Stockholm;98815582;Stockholm;0180;Enskild;Animallogos AB;5566205455;315;112;100;103;84;15;53;
Drottning Blankas Gymnasieskola Stockholm Kungsholmen;85516596;Stockholm;0180;Enskild;DBGY Juvelen AB;5565789129;370;156;117;97;72;48;37;
Drottning Blankas Gymnasieskola Stockholm Södra;97770837;Stockholm;0180;Enskild;DBGY Kronan AB;5565668794;479;179;154;146;78;24;56;
Elektrikergymnasiet;21312503;Stockholm;0180;Enskild;Stockholms El-utbildning AB;5566814801;164;55;55;54;..;16;50;
Enskilda gymnasiet, gy;69650864;Stockholm;0180;Enskild;Enskilda Gymnasiet;8020126531;289;126;100;63;63;11;93;
ESS-gymnasiet 84286715;84286715;Stockholm;0180;Kommunal;Stockholm;2120000142;294;145;94;55;44;35;53;
Framtidsgymnasiet Stockholm;14926020;Stockholm;0180;Enskild;Framtidsgymnasiet i Göteborg Aktiebolag;5564781606;142;54;43;45;..;54;26;
Franska Skolan/Ecole francaise Gymnasium;41938272;Stockholm;0180;Enskild;Stiftelsen Franska Skolan;8020061530;299;99;103;97;62;18;89;
Globala gymnasiet 76054399;76054399;Stockholm;0180;Kommunal;Stockholm;2120000142;713;273;238;202;64;29;74;
Grillska Gymnasiet Kungsholmen;21627442;Stockholm;0180;Enskild;Stadsmissionens Skolstiftelse;8020170794;188;69;58;61;43;31;43;
Grillska Gymnasiet Stockholm;33132452;Stockholm;0180;Enskild;Stadsmissionens Skolstiftelse;8020170794;600;212;196;192;51;49;40;
Hermods Distansgymnasium;70811222;Stockholm;0180;Enskild;Hermods Aktiebolag;5560440017;97;37;37;23;52;36;53;
Hvilan Gymnasium Stockholm;24716263;Stockholm;0180;Enskild;Hvilan Utbildning AB;5566066980;452;245;133;74;44;24;63;
International IT College of Sweden Stockholm;35084976;Stockholm;0180;Enskild;Edinit AB;5563114445;369;127;126;116;47;56;62;
International School of the Stockholm Region 25525759;25525759;Stockholm;0180;Kommunal;Stockholm;2120000142;261;81;86;94;54;68;70;
Internationella Engelska Gymnasiet Södermalm;77632411;Stockholm;0180;Enskild;Internationella Engelska Skolan i Sverige AB;5564624368;740;259;239;242;59;52;77;
Internationella Hotell- och Restaurangskolan;56653353;Stockholm;0180;Enskild;KLARA Gymnasium Kunskap AB;5566303938;167;56;57;54;28;29;54;
Internationella Kunskapsgymnasiet;49068301;Stockholm;0180;Enskild;Kunskapsskolan i Sverige Aktiebolag;5565661815;240;90;79;71;56;44;60;
JENSEN Gymnasium Norra;38195284;Stockholm;0180;Enskild;Jensen Education College AB;5566358759;699;206;207;286;57;41;56;
JENSEN Gymnasium Södra;97510495;Stockholm;0180;Enskild;Jensen Education College AB;5566358759;672;228;225;219;60;48;56;
KLARA Teoretiska Gymnasium Stockholm Norra;89461767;Stockholm;0180;Enskild;KLARA Gymnasium Kunskap AB;5566303938;278;97;89;92;69;65;56;
KLARA Teoretiska Gymnasium Stockholm Södra;94717858;Stockholm;0180;Enskild;KLARA Gymnasium Kunskap AB;5566303938;412;162;124;126;41;18;73;
KLARA Teoretiska Gymnasium Stockholm Västra;73812226;Stockholm;0180;Enskild;KLARA Gymnasium Lärande AB;5565583282;305;105;111;89;42;66;52;
KLARA Teoretiska Gymnasium Stockholm Östra;17911161;Stockholm;0180;Enskild;KLARA Gymnasium Bildning AB;5565286696;381;150;116;115;59;76;41;
Kristofferskolan, gy;53760158;Stockholm;0180;Enskild;Stiftelsen Kristofferskolan;8020018720;166;47;60;59;58;13;86;
Kulturama gymnasium;78422467;Stockholm;0180;Enskild;Medborgarskolan Stockholmsregionen;8020060524;538;177;187;174;71;13;76;
Kulturama Gymnasium Natur;37802196;Stockholm;0180;Enskild;Medborgarskolans Friskolor i Stockholm AB;5565684965;70;27;27;16;76;17;80;
Kungl. Svenska Balettskolan gy 38683336;38683336;Stockholm;0180;Kommunal;Stockholm;2120000142;38;20;7;11;66;..;84;
Kungsh gy/Sthlms Musikgy 74812809;74812809;Stockholm;0180;Kommunal;Stockholm;2120000142;1 295;500;415;380;66;26;87;
Kungsholmens Västra Gymnasium 95618280;95618280;Stockholm;0180;Kommunal;Stockholm;2120000142;944;319;312;313;67;67;46;
Kungstensgymnasiet;75075402;Stockholm;0180;Enskild;Folkuniversitetet Stift Kursverksamheten Vid Stockholms Universitet;8020064096;493;176;175;142;71;14;76;
Kunskapsgymnasiet Globen;26326048;Stockholm;0180;Enskild;Kunskapsskolan i Sverige Aktiebolag;5565661815;452;165;150;137;51;45;50;
Kärrtorps gymnasium 37839488;37839488;Stockholm;0180;Kommunal;Stockholm;2120000142;411;198;112;101;51;80;38;
LBS Kreativa Gymnasiet Stockholm Södra;46256929;Stockholm;0180;Enskild;Ljud & Bildskolan Lbs AB;5564851649;399;158;116;125;28;24;67;
Liljeholmens gymnasium 59409052;59409052;Stockholm;0180;Kommunal;Stockholm;2120000142;127;127;.;.;46;97;..;
Lilla Akademiens Musikgymn.;83374651;Stockholm;0180;Enskild;Musikskolan Lilla Akademien AB;5565510756;142;42;49;51;53;22;85;
Lycée Francais Saint Louis, gy;59796774;Stockholm;0180;Enskild;Lycée Francais Saint-Louis;9020041852;122;40;45;37;48;64;78;
Magelungens Gymnasium Liljeholmen;56942970;Stockholm;0180;Enskild;Magelungen Utveckling AB;5564891447;72;38;19;15;42;33;43;
Magelungens gymnasium Södermalm;24147242;Stockholm;0180;Enskild;Magelungen Utveckling AB;5564891447;134;98;16;20;51;15;64;
Midsommarkransens gy 17675502;17675502;Stockholm;0180;Kommunal;Stockholm;2120000142;728;262;256;210;45;39;49;
Nordiska Musikgymnasiet;30762346;Stockholm;0180;Enskild;Nordiska Musikgymnasiet AB;5565851507;46;15;18;13;72;..;83;
Norra Real 82964090;82964090;Stockholm;0180;Kommunal;Stockholm;2120000142;1 018;362;352;304;66;14;90;
NTI Gymnasiet Gärdet;92204274;Stockholm;0180;Enskild;NTI Gymnasiet Ellips AB;5565970471;90;25;17;48;12;46;56;
NTI Gymnasiet Stockholm;15390992;Stockholm;0180;Enskild;NTI Gymnasiet Macro AB;5561203679;843;283;280;280;20;20;72;
NTI Handelsgymnasiet Stockholm;15278518;Stockholm;0180;Enskild;NTI Gymnasiet Macro AB;5561203679;378;125;126;127;33;22;54;
NTI Vetenskapsgymnasiet Stockholm;50644850;Stockholm;0180;Enskild;NTI Gymnasiet Macro AB;5561203679;245;95;88;62;29;52;65;
Odengymnasiet;63943560;Stockholm;0180;Enskild;Värmdö Tekniska Utbildningar Aktiebolag, Vtu;5563836757;205;77;67;61;59;59;31;
P A Fogelströms gymnasium 24650116;24650116;Stockholm;0180;Kommunal;Stockholm;2120000142;653;225;222;206;51;10;84;
Praktiska Gymnasiet Stockholm Bromma;31998226;Stockholm;0180;Enskild;Praktiska Sverige AB;5562575786;93;38;23;32;13;42;33;
Praktiska Gymnasiet Stockholm Liljeholmen;38236800;Stockholm;0180;Enskild;Praktiska Sverige AB;5562575786;391;152;115;124;35;43;34;
ProCivitas Privata Gymnasium Stockholm;59359012;Stockholm;0180;Enskild;ProCivitas Privata Gymnasium AB;5566157102;393;135;129;129;66;12;72;
Påhlmans gymnasium;16784385;Stockholm;0180;Enskild;Medborgarskolans Friskolor i Stockholm AB;5565684965;364;124;123;117;50;20;63;
Realgymnasiet Stockholm;59026584;Stockholm;0180;Enskild;Lärande i Sverige AB;5565715892;713;255;222;236;81;16;46;
REFIS Rörentr. friskola Sthlm;79829846;Stockholm;0180;Enskild;REFIS Rörentreprenörernas Friskola i Stockholm A;5566285994;133;45;47;41;..;18;41;
RGRH Stockholm, Riksgymnasium  för rörelsehindrade elever 89963319;89963319;Stockholm;0180;Kommunal;Stockholm;2120000142;28;4;9;15;36;36;46;
Sjölins gymnasium Södermalm;24339566;Stockholm;0180;Enskild;Sjölins Gymnasium AB;5563758399;672;220;254;198;66;11;78;
Sjölins Gymnasium Vasastan;87844327;Stockholm;0180;Enskild;Sjölins Gymnasium AB;5563758399;382;160;127;95;52;20;67;
Sjömansskolan;20061769;Stockholm;0180;Enskild;Sjömansskolan Stockholm AB;5565662409;61;23;19;19;..;16;59;
Snitz Gymnasium;95154882;Stockholm;0180;Enskild;Swedish Education Group AB;5565042255;206;60;83;63;26;17;55;
Sofiaängens skola;86086213;Stockholm;0180;Enskild;Sofiaängen AB;5565980942;27;18;7;2;52;..;78;
Spånga Gymnasium 52333875;52333875;Stockholm;0180;Kommunal;Stockholm;2120000142;390;155;126;109;63;49;44;
S:t Eriks gymnasium 65666808;65666808;Stockholm;0180;Kommunal;Stockholm;2120000142;1 109;411;424;274;50;34;56;
Sthlm hotell & restaurangsk 30677562;30677562;Stockholm;0180;Kommunal;Stockholm;2120000142;513;163;172;178;46;31;43;
Sthlm Transport- och fordonstekniska gymnasiet 85054102;85054102;Stockholm;0180;Kommunal;Stockholm;2120000142;237;75;86;76;8;42;32;
Stift. Sthlm Intern. School gy;89693952;Stockholm;0180;Enskild;Stiftelsen Stockholm International School;8024264775;177;67;52;58;47;79;60;
Stiftelsen KFUM Söder Fryshuset, Fryshusets Gymnasium;24759907;Stockholm;0180;Enskild;Stiftelsen Fryshuset;8020111582;991;403;308;280;49;42;52;
Stockholm Science & Innovation School 78433202, SSIS;78433202;Stockholm;0180;Kommunal;Stockholm;2120000142;395;130;129;136;13;20;83;
Stockholms byggtekniska gymnasium 41631104;41631104;Stockholm;0180;Kommunal;Stockholm;2120000142;32;.;.;32;..;63;31;
Stockholms Estetiska Gymnasium;35366805;Stockholm;0180;Enskild;Stockholms Estetiska Gymnasium Ek. För.;7696029995;248;90;85;73;73;16;75;
Stockholms Idrottsgymnasium;31315191;Stockholm;0180;Enskild;Stockholms Idrottsgymnasium AB;5567379226;374;126;125;123;49;11;81;
Södra Latins gymnasium 89370947;89370947;Stockholm;0180;Kommunal;Stockholm;2120000142;1 135;392;379;364;72;16;85;
Teknik & Service Gymnasiet;18451445;Stockholm;0180;Enskild;Ludus AB;5568879018;113;40;35;38;..;50;35;
Thoren Business School Stockholm;48555205;Stockholm;0180;Enskild;Thorengruppen AB;5566139290;764;280;223;261;59;55;54;
Thoren Innovation School Kista;31313926;Stockholm;0180;Enskild;Thoren Innovation School AB;5568902653;64;18;39;7;..;63;39;
Thorildsplans gymnasium 32116280;32116280;Stockholm;0180;Kommunal;Stockholm;2120000142;1 412;479;476;457;30;31;69;
Tibble Gymnasium Campus Kista;43565270;Stockholm;0180;Enskild;Atleticagymnasiet AB;5567799035;271;46;98;127;46;87;32;
Tyska skolan;53175499;Stockholm;0180;Enskild;Tyska Skolföreningen;8020056530;98;32;28;38;51;57;88;
Viktor Rydberg gy. Jarlaplan;64388538;Stockholm;0180;Enskild;Stiftelsen Viktor Rydbergs Skolor;8120005650;544;179;181;184;80;7;89;
Viktor Rydberg gy. Odenplan;52153758;Stockholm;0180;Enskild;Stiftelsen Viktor Rydbergs Skolor;8120005650;670;235;213;222;67;20;87;
Yrkesgymnasiet Skarpnäck;16501673;Stockholm;0180;Enskild;Thorengruppen AB;5566139290;213;80;75;58;33;58;23;
Östra Reals gymnasium 99755443;99755443;Stockholm;0180;Kommunal;Stockholm;2120000142;1 217;444;388;385;59;17;82;
Lundsbergs gymnasieskola;30167976;Storfors;1760;Enskild;Stiftelsen Lundsbergs Skola;8740019362;222;75;84;63;46;14;74;
Luspengymnasiet;50104466;Storuman;2421;Kommunal;Storuman;2120002577;87;20;32;35;34;44;18;
Tärnaby Alpina Gymnasium;28004794;Storuman;2421;Kommunal;Storuman;2120002577;26;10;9;7;42;..;88;
Europaskolan Strängnäs;32071849;Strängnäs;0486;Enskild;Europaskolan Utbildning AB;5567478416;478;160;165;153;62;16;81;
Thomasgymnasiet;79845033;Strängnäs;0486;Kommunal;Strängnäs;2120000365;520;243;133;144;40;27;47;
Strömstad Gymnasium, SGY1;70036612;Strömstad;1486;Kommunal;Strömstad;2120001405;153;68;47;38;33;43;25;
Strömstad Gymnasium, SGY2;36936260;Strömstad;1486;Kommunal;Strömstad;2120001405;205;64;77;64;61;29;45;
Hjalmar Strömerskolan;59386837;Strömsund;2313;Kommunal;Strömsund;2120002486;303;111;110;82;40;28;39;
NTI Gymnasiet Sundbyberg;17276047;Sundbyberg;0183;Enskild;NTI Gymnasiet Ellips AB;5565970471;163;48;55;60;8;51;47;
S:t Martins gymnasium;73217812;Sundbyberg;0183;Kommunal;Sundbyberg;2120000175;300;115;90;95;63;50;31;
Viktor Rydberg gy. Sundbyberg;78825169;Sundbyberg;0183;Enskild;Stiftelsen Viktor Rydbergs Skolor;8120005650;416;256;160;.;44;26;76;
Drottning Blankas Gymnasieskola Sundsvall;36769815;Sundsvall;2281;Enskild;DBGY Juvelen AB;5565789129;119;51;35;33;96;12;42;
KLARA Teoretiska Gymnasium Sundsvall;21382451;Sundsvall;2281;Enskild;KLARA Gymnasium Lärande AB;5565583282;286;97;95;94;69;19;66;
NTI Gymnasiet Sundsvall;48244956;Sundsvall;2281;Enskild;NTI Gymnasiet Macro AB;5561203679;260;88;74;98;13;10;58;
Praktiska Gymnasiet Sundsvall;16931486;Sundsvall;2281;Enskild;Praktiska Sverige AB;5562575786;299;104;99;96;26;33;35;
Realgymnasiet i Sundsvall;92489953;Sundsvall;2281;Enskild;Lärande i Sverige AB;5565715892;120;46;36;38;85;..;48;
Skvaderns gymnasieskola;43873969;Sundsvall;2281;Enskild;Norrlidens Kunskapscentrum AB;5566178215;566;192;186;188;71;10;80;
Sundsvalls Gymn. Hedbergska 2;55825382;Sundsvall;2281;Kommunal;Sundsvall;2120002411;388;120;145;123;55;9;69;
Sundsvalls Gymn. Hedbergska 3;19306558;Sundsvall;2281;Kommunal;Sundsvall;2120002411;194;68;64;62;55;26;34;
Sundsvalls Gymn. Hedbergska 4;35301145;Sundsvall;2281;Kommunal;Sundsvall;2120002411;66;21;24;21;58;23;38;
Sundsvalls Gymn. Västermalm 1;24993048;Sundsvall;2281;Kommunal;Sundsvall;2120002411;218;60;81;77;67;22;59;
Sundsvalls Gymn. Västermalm 2;70132092;Sundsvall;2281;Kommunal;Sundsvall;2120002411;270;94;89;87;6;8;44;
Sundsvalls Gymn. Västermalm 3;36290964;Sundsvall;2281;Kommunal;Sundsvall;2120002411;132;132;.;.;35;98;10;
Sundsvalls Gymn. Västermalm 4;65034473;Sundsvall;2281;Kommunal;Sundsvall;2120002411;134;72;42;20;43;17;26;
Sundsvalls Gymn. Västermalm 5;13084253;Sundsvall;2281;Kommunal;Sundsvall;2120002411;472;181;146;145;28;10;67;
Sundsvalls gymnasium, Hedbergska 1;89793044;Sundsvall;2281;Kommunal;Sundsvall;2120002411;419;146;141;132;62;16;60;
Thoren Business School Sundsvall;59942080;Sundsvall;2281;Enskild;Thorengruppen AB;5566139290;212;82;56;74;50;43;41;
Sunne Gymnasieskola / Broby;66273269;Sunne;1766;Kommunal;Sunne;2120001843;168;55;62;51;41;27;41;
Sunne Gymnasieskola / Södra Viken;82888663;Sunne;1766;Kommunal;Sunne;2120001843;194;64;65;65;23;..;41;
Viljan;23384476;Surahammar;1907;Enskild;Viljan Friskola AB;5567777775;37;14;7;16;35;..;54;
Svalöfs gymnasium;11275959;Svalöv;1214;Kommunal;Svalöv;2120000993;432;162;127;143;32;16;33;
Nils Fredriksson Utbildning, gymnasium;58518163;Svedala;1263;Kommunal;Svedala;2120001074;224;89;68;67;51;24;50;
Sveriges Ridgymnasium Svedala;50615280;Svedala;1263;Enskild;Sveriges Ridgymnasium AB;5566814504;84;26;31;27;99;..;56;
Gymnasieutbildn. i Svenljunga;11681103;Svenljunga;1465;Kommunal;Svenljunga;2120001512;6;6;.;.;..;..;..;
Naturbruksskolan Svenljunga;19035583;Svenljunga;1465;Region;Västra Götalandsregionen;2321000131;100;32;34;34;..;..;51;
Herrgårdsgymnasiet A;27993549;Säffle;1785;Kommunal;Säffle;2120001900;372;147;106;119;33;19;34;
Dahlander kunskapscentrum;69985412;Säter;2082;Kommunal;Säter;2120002247;60;41;19;.;62;62;..;
Aleholm;37912396;Sävsjö;0684;Kommunal;Sävsjö;2120000563;301;123;70;108;52;38;46;
Staffangymnasiet RO6;45593337;Söderhamn;2182;Kommunal;Hälsinglands Utbildningsförbund;2220003111;374;143;119;112;50;33;53;
Staffangymnasiet RO7;90312942;Söderhamn;2182;Kommunal;Hälsinglands Utbildningsförbund;2220003111;303;113;98;92;30;19;30;
Nyströmska skolan 1;10226870;Söderköping;0582;Kommunal;Söderköping;2120000464;113;52;29;32;43;49;38;
Nyströmska skolan 2;19839859;Söderköping;0582;Kommunal;Söderköping;2120000464;135;44;41;50;40;26;52;
Järna Naturbruksgymnasium;80280597;Södertälje;0181;Enskild;Nibblestiftelsen;8020024405;33;9;13;11;42;..;64;
Morabergs studiecentrum;97651849;Södertälje;0181;Kommunal;Södertälje;2120000159;228;116;65;47;56;89;14;
Mälardalens Tekniska Gymnasium;67628478;Södertälje;0181;Enskild;Mälardalens Tekniska Gymnasium Aktiebolag;5565484754;216;72;71;73;21;15;78;
Novalisgymnasiet;68485877;Södertälje;0181;Enskild;Stiftelsen Novalis;8156008172;51;19;12;20;35;..;43;
NTI Gymnasiet Södertälje;37517404;Södertälje;0181;Enskild;NTI Gymnasiet Macro AB;5561203679;134;45;52;37;..;60;38;
Praktiska Gymnasiet Södertälje;29159460;Södertälje;0181;Enskild;Praktiska Sverige AB;5562575786;271;110;84;77;45;52;27;
S:ta Ragnhildgymnasiet;32057701;Södertälje;0181;Enskild;S:ta Ragnhildgymnasiet AB;5564065687;236;88;76;72;55;44;67;
Torekällgymnasiet;43601850;Södertälje;0181;Kommunal;Södertälje;2120000159;228;97;71;60;17;45;27;
Täljegymnasiet;30615080;Södertälje;0181;Kommunal;Södertälje;2120000159;634;251;205;178;47;73;45;
Vackstanäsgymnasiet;89630851;Södertälje;0181;Enskild;Stiftelsen Otto och Signe Broms Hemskola Å Vackstanäs;8156000690;216;73;69;74;51;12;52;
Wendela Hebbe gymnasiet;25178582;Södertälje;0181;Kommunal;Södertälje;2120000159;132;.;65;67;55;33;49;
Örjanskolan gym;70543431;Södertälje;0181;Enskild;Föreningen Örjanskolan;8156005103;76;24;24;28;50;26;76;
Furulundsskolan 1;23476801;Sölvesborg;1083;Kommunal;Sölvesborgs-Bromöllas Kommunalförbund;2220001222;238;83;79;76;21;25;50;
Furulundsskolan 2;86351879;Sölvesborg;1083;Kommunal;Sölvesborgs-Bromöllas Kommunalförbund;2220001222;405;163;110;132;54;27;44;
Tanums Gymnasium;14586562;Tanum;1435;Kommunal;Tanum;2120001348;14;14;.;.;..;93;..;
Nyboskolan - gymnasieskola;74322969;Tibro;1472;Kommunal;Tibro;2120001660;14;14;.;.;..;..;..;
Rudbecksgymnasiet 1;90260899;Tidaholm;1498;Kommunal;Tidaholm;2120001736;229;94;77;58;42;17;48;
Rudbecksgymnasiet 2;69302313;Tidaholm;1498;Kommunal;Tidaholm;2120001736;81;28;23;30;60;32;25;
Högbergsskolan;31057219;Tierp;0360;Kommunal;Tierp;2120000266;574;272;141;161;40;30;36;
Timrå gymnasium 1;27079521;Timrå;2262;Kommunal;Timrå;2120002395;323;119;106;98;41;18;48;
Timrå gymnasium 2;47864446;Timrå;2262;Kommunal;Timrå;2120002395;40;36;4;.;35;53;..;
AMB Education;33572033;Tingsryd;0763;Enskild;Academy of Music and Business Education Tingsryd AB;5568792997;142;41;53;48;50;11;60;
Wasaskolan;64579522;Tingsryd;0763;Kommunal;Tingsryd;2120000621;247;101;73;73;35;44;30;
Bollerups lantbruksinstitut;65234368;Tomelilla;1270;Enskild;Bollerups Lantbruksinstitut;8388001177;247;79;83;85;67;..;65;
Stjerneskolan;34381901;Torsby;1737;Kommunal;Torsby;2120001777;475;125;154;196;49;15;45;
Torsås korrespondensgymnasium 1;55150847;Torsås;0834;Kommunal;Torsås;2120000696;296;48;113;135;72;15;72;
Torsås Korrespondensgymnasium 2;90076461;Torsås;0834;Kommunal;Torsås;2120000696;292;31;106;155;81;13;67;
Tranemo gymnasieskola;60513602;Tranemo;1452;Kommunal;Tranemo;2120001462;353;128;100;125;39;40;35;
Holavedsgymnasiet FRB;95368476;Tranås;0687;Kommunal;Tranås;2120000597;63;20;22;21;68;..;63;
Holavedsgymnasiet SCD;76342612;Tranås;0687;Kommunal;Tranås;2120000597;322;133;96;93;42;38;49;
Holavedsgymnasiet TYM;14853321;Tranås;0687;Kommunal;Tranås;2120000597;422;162;143;117;50;27;47;
Söderslättsgymnasiet;26072400;Trelleborg;1287;Kommunal;Trelleborg;2120001199;1 132;415;401;316;42;22;49;
Drottning Blankas Gymnasieskola Trollhättan;25156286;Trollhättan;1488;Enskild;DBGY Kronan AB;5565668794;270;103;90;77;77;42;42;
Folkuniversitetets gymnasium i Trollhättan;28081446;Trollhättan;1488;Enskild;Folkuniversitetet Stiftelsen Kursver Ksamheten Vid Göteborgs Universitet;8572006313;338;132;116;90;71;17;71;
LBS Kreativa Gymnasiet Trollhättan;21400668;Trollhättan;1488;Enskild;Ljud & Bildskolan Lbs AB;5564851649;180;60;66;54;19;13;59;
Magnus Åbergsgymnasiet 1;92949043;Trollhättan;1488;Kommunal;Kunskapsförbundet Väst;2220002998;592;197;219;176;45;34;49;
Magnus Åbergsgymnasiet 3;92712591;Trollhättan;1488;Kommunal;Kunskapsförbundet Väst;2220002998;92;33;34;25;48;96;16;
Nils Ericsonsgymnasiet 1;84329061;Trollhättan;1488;Kommunal;Kunskapsförbundet Väst;2220002998;754;262;239;253;39;37;57;
Nils Ericsonsgymnasiet 2;84225089;Trollhättan;1488;Kommunal;Kunskapsförbundet Väst;2220002998;105;52;34;19;47;57;20;
Praktiska Gymnasiet Trollhättan;71969230;Trollhättan;1488;Enskild;Praktiska Sverige AB;5562575786;169;79;48;42;59;57;17;
Realgymnasiet Trollhättan;42500145;Trollhättan;1488;Enskild;Lärande i Sverige AB;5565715892;73;28;45;.;86;..;62;
Trosa Gymnasium;20862637;Trosa;0488;Kommunal;Trosa;2120002957;7;4;1;2;..;..;..;
Tyresö Gymnasium 1;91048178;Tyresö;0138;Kommunal;Tyresö;2120000092;429;168;161;100;29;38;28;
Mimers Gymnasium Täby;82718660;Täby;0160;Enskild;Adinova AB;5567797831;87;32;28;27;29;17;80;
Praktiska Gymnasiet Täby;76942525;Täby;0160;Enskild;Praktiska Sverige AB;5562575786;209;73;76;60;35;34;41;
Sparre Gymnasium;12399380;Täby;0160;Enskild;Upplevelse Utbildning i Täby AB;5567875413;102;41;28;33;31;41;52;
Tibble Gymnasium Campus Täby;31486865;Täby;0160;Enskild;Tibble Fristående Gymnasium TFG AB;5566978556;1 698;597;563;538;57;9;83;
Täby Enskilda gymnasium;97265732;Täby;0160;Enskild;Täby Enskilda Gymnasium AB;5565680112;890;297;298;295;66;12;84;
Täby språkintroduktion;86923395;Täby;0160;Kommunal;Täby;2120000118;40;12;28;.;38;100;..;
Täby Yrkesgymnasium;10373112;Täby;0160;Enskild;Täby Yrkesgymnasium AB;5562629179;131;39;56;36;14;44;33;
Åva gymnasium;61720981;Täby;0160;Kommunal;Täby;2120000118;1 263;476;418;369;35;20;74;
Gymn.utb. Töreboda Kanalskola;57446690;Töreboda;1473;Kommunal;Töreboda;2120001678;47;47;.;.;36;72;..;
Naturbruksskolan Sötåsen;25698509;Töreboda;1473;Region;Västra Götalandsregionen;2321000131;231;95;77;59;77;8;44;
Drottning Blankas Gymnasieskola Uddevalla;50424828;Uddevalla;1485;Enskild;DBGY Juvelen AB;5565789129;250;91;71;88;63;52;32;
Thoren Innovation School Uddevalla;82931004;Uddevalla;1485;Enskild;Thoren Innovation School AB;5568902653;108;36;26;46;..;38;48;
Uddevalla gymnasieskola, Agneberg BF;83584125;Uddevalla;1485;Kommunal;Uddevalla;2120001397;82;30;25;27;78;21;39;
Uddevalla gymnasieskola, Agneberg EK;95024660;Uddevalla;1485;Kommunal;Uddevalla;2120001397;304;110;87;107;62;17;65;
Uddevalla gymnasieskola, Agneberg EK-SA SPINT;32263814;Uddevalla;1485;Kommunal;Uddevalla;2120001397;99;28;37;34;59;26;72;
Uddevalla gymnasieskola, Agneberg GLU;16496466;Uddevalla;1485;Kommunal;Uddevalla;2120001397;169;60;48;61;52;22;42;
Uddevalla gymnasieskola, Agneberg HA;12075195;Uddevalla;1485;Kommunal;Uddevalla;2120001397;93;31;42;20;55;16;41;
Uddevalla gymnasieskola, Agneberg NB Häst;52279508;Uddevalla;1485;Kommunal;Uddevalla;2120001397;13;6;4;3;100;..;..;
Uddevalla gymnasieskola, Agneberg RL;62300682;Uddevalla;1485;Kommunal;Uddevalla;2120001397;69;18;30;21;67;..;48;
Uddevalla gymnasieskola, Agneberg SA;47393891;Uddevalla;1485;Kommunal;Uddevalla;2120001397;266;95;93;78;66;23;56;
Uddevalla gymnasieskola, Margretegärde IM;67785826;Uddevalla;1485;Kommunal;Uddevalla;2120001397;232;91;74;67;42;66;20;
Uddevalla gymnasieskola, Sinclair ES;11533776;Uddevalla;1485;Kommunal;Uddevalla;2120001397;252;86;81;85;75;17;58;
Uddevalla gymnasieskola, Östrabo 1 IN;71938440;Uddevalla;1485;Kommunal;Uddevalla;2120001397;55;15;18;22;..;36;29;
Uddevalla gymnasieskola, Östrabo 1 TE;28829503;Uddevalla;1485;Kommunal;Uddevalla;2120001397;281;93;95;93;26;14;76;
Uddevalla gymnasieskola, Östrabo 1 VO;97191332;Uddevalla;1485;Kommunal;Uddevalla;2120001397;165;48;44;73;82;58;32;
Uddevalla gymnasieskola, Östrabo Y BA;22811839;Uddevalla;1485;Kommunal;Uddevalla;2120001397;203;76;59;68;14;11;43;
Uddevalla gymnasieskola, Östrabo Y EE;33205596;Uddevalla;1485;Kommunal;Uddevalla;2120001397;63;32;13;18;..;..;38;
Uddevalla gymnasieskola, Östrabo Y FT;19930101;Uddevalla;1485;Kommunal;Uddevalla;2120001397;230;88;69;73;29;14;33;
Uddevalla Gymnasieskola, Östrabo Y GLU;60727136;Uddevalla;1485;Kommunal;Uddevalla;2120001397;51;21;14;16;43;..;37;
Uddevalla gymnasieskola, Östrabo Y HV;45132264;Uddevalla;1485;Kommunal;Uddevalla;2120001397;88;33;30;25;86;18;39;
Uddevalla gymnasieskola, Östrabo Y VF;61647360;Uddevalla;1485;Kommunal;Uddevalla;2120001397;59;26;16;17;..;..;49;
Uddevalla gymnasieskola,Östrabo 1 NA;98651664;Uddevalla;1485;Kommunal;Uddevalla;2120001397;229;91;68;70;58;41;73;
Introduktionsprogrammet;69504751;Ulricehamn;1491;Kommunal;Ulricehamn;2120001579;65;57;4;4;58;65;23;
Tingsholmsgymnasiets nationella program;33657492;Ulricehamn;1491;Kommunal;Ulricehamn;2120001579;517;164;170;183;42;22;52;
Dragonskolan BA;61622991;Umeå;2480;Kommunal;Umeå;2120002627;179;65;57;57;20;8;47;
Dragonskolan BF;66644568;Umeå;2480;Kommunal;Umeå;2120002627;191;62;65;64;60;19;54;
Dragonskolan EE;93659517;Umeå;2480;Kommunal;Umeå;2120002627;183;63;62;58;10;13;56;
Dragonskolan EK;79309485;Umeå;2480;Kommunal;Umeå;2120002627;342;93;122;127;60;7;77;
Dragonskolan GL;61175914;Umeå;2480;Kommunal;Umeå;2120002627;133;47;31;55;59;21;48;
Dragonskolan HV;73316818;Umeå;2480;Kommunal;Umeå;2120002627;93;31;31;31;99;..;54;
Dragonskolan IN;27859889;Umeå;2480;Kommunal;Umeå;2120002627;61;21;21;19;..;31;30;
Dragonskolan NA;16130958;Umeå;2480;Kommunal;Umeå;2120002627;234;60;85;89;54;24;74;
Dragonskolan RH;29161632;Umeå;2480;Kommunal;Umeå;2120002627;2;.;.;2;..;..;..;
Dragonskolan SA;82195565;Umeå;2480;Kommunal;Umeå;2120002627;276;91;91;94;67;12;78;
Dragonskolan TE;33596572;Umeå;2480;Kommunal;Umeå;2120002627;254;73;87;94;23;13;78;
Dragonskolan VF;45541222;Umeå;2480;Kommunal;Umeå;2120002627;35;12;12;11;..;..;57;
Dragonskolan VO;17812651;Umeå;2480;Kommunal;Umeå;2120002627;95;38;38;19;74;44;34;
Forslundagymnasiet GY;63451147;Umeå;2480;Kommunal;Umeå;2120002627;178;65;54;59;60;6;46;
Maja Beskowgymnasiet EK;99369969;Umeå;2480;Kommunal;Umeå;2120002627;48;26;22;.;46;27;56;
Maja Beskowgymnasiet GL;77042763;Umeå;2480;Kommunal;Umeå;2120002627;24;.;24;.;75;..;46;
Maja Beskowgymnasiet IM;99278657;Umeå;2480;Kommunal;Umeå;2120002627;71;.;.;71;46;100;..;
Maja Beskowgymnasiet NA;80776525;Umeå;2480;Kommunal;Umeå;2120002627;39;22;17;.;51;26;77;
Maja Beskowgymnasiet TE;67197536;Umeå;2480;Kommunal;Umeå;2120002627;60;42;18;.;..;22;78;
Midgårdsskolan ESBIL;51131594;Umeå;2480;Kommunal;Umeå;2120002627;81;32;23;26;85;..;78;
Midgårdsskolan ESDAN;89680395;Umeå;2480;Kommunal;Umeå;2120002627;40;10;13;17;93;..;70;
Midgårdsskolan ESEST;53696633;Umeå;2480;Kommunal;Umeå;2120002627;84;31;32;21;68;..;75;
Midgårdsskolan ESMUS;27440210;Umeå;2480;Kommunal;Umeå;2120002627;181;63;58;60;60;7;82;
Midgårdsskolan ESTEA;62758285;Umeå;2480;Kommunal;Umeå;2120002627;36;16;14;6;92;..;61;
Midgårdsskolan IM;37471443;Umeå;2480;Kommunal;Umeå;2120002627;148;97;51;.;45;55;25;
Midgårdsskolan NA;16218090;Umeå;2480;Kommunal;Umeå;2120002627;80;27;31;22;48;20;78;
Midgårdsskolan SA;64667996;Umeå;2480;Kommunal;Umeå;2120002627;147;63;30;54;69;14;69;
Minervagymnasium;23544320;Umeå;2480;Enskild;Minervaskolan i Umeå AB;5565735049;606;257;198;151;56;24;81;
NTI Gymnasiet Umeå;57668673;Umeå;2480;Enskild;NTI Gymnasiet Macro AB;5561203679;190;68;61;61;16;9;59;
Thoren Business School Umeå;69040241;Umeå;2480;Enskild;Thorengruppen AB;5566139290;140;41;53;46;46;35;39;
Umeå Elitidrottsgymnasium;77713695;Umeå;2480;Kommunal;Umeå;2120002627;384;138;127;119;41;6;77;
Umeå Waldorfskola, gy;49136871;Umeå;2480;Enskild;Stiftelsen Umeå Waldorfskola R Karlsson Mfl;8940012076;11;.;.;11;..;..;..;
Yrkesgymnasiet Umeå;91905819;Umeå;2480;Enskild;Thorengruppen AB;5566139290;151;55;51;45;42;32;36;
Väsby Nya Gymnasium;20855811;Upplands Väsby;0114;Kommunal;Upplands Väsby;2120000019;534;179;180;175;50;70;42;
Väsby Yrkesgymnasium (Skolenhet: 54882637);54882637;Upplands Väsby;0114;Enskild;Väsby Yrkesgymnasium AB;5568089246;124;41;39;44;..;54;22;
Upplands-Brogymnasiet;53923398;Upplands-Bro;0139;Kommunal;Upplands-Bro;2120000100;915;367;274;274;41;35;46;
Ansgargymnasiet;74560191;Uppsala;0380;Enskild;Ansgarskolorna AB;5565835146;103;35;27;41;41;34;63;
Bergstrands Gymnasium Uppsala;39147056;Uppsala;0380;Enskild;Bergstrands Gymnasium AB;5566753736;204;70;66;68;19;23;31;
Celsiusskolan;47844862;Uppsala;0380;Kommunal;Uppsala;2120003005;1 051;363;362;326;45;17;68;
CULTUS Gymnasieskola;22239675;Uppsala;0380;Enskild;Victum Utveckling AB;5566793492;77;33;24;20;60;56;23;
Drottning Blankas Gymnasieskola Uppsala;24787883;Uppsala;0380;Enskild;Hagströmska Gymnasiet AB;5567550461;92;27;22;43;86;26;48;
Drottning Blankas Gymnasieskola Uppsala 2;55472112;Uppsala;0380;Enskild;DBGY Juvelen AB;5565789129;14;14;.;.;93;..;..;
Ellen Fries gymnasium;56050416;Uppsala;0380;Kommunal;Uppsala;2120003005;271;164;60;47;44;40;43;
Fyrisskolan;72984079;Uppsala;0380;Kommunal;Uppsala;2120003005;620;168;213;239;36;55;53;
Grillska Gymnasiet Uppsala;36480690;Uppsala;0380;Enskild;Stadsmissionens Skolstiftelse;8020170794;429;143;143;143;41;21;54;
Internationella Gymnasiet;32995170;Uppsala;0380;Enskild;Folkuniversitetet Stiftelsen Kursverksamheten Vid Uppsala Universitet;8176007055;119;39;40;40;68;66;53;
JENSEN Gymnasium Uppsala;61674097;Uppsala;0380;Enskild;Jensen Education College AB;5566358759;378;111;125;142;60;47;57;
Katedralskolan;32550660;Uppsala;0380;Kommunal;Uppsala;2120003005;1 351;495;472;384;66;27;76;
Kunskapsgymnasiet Uppsala;93488613;Uppsala;0380;Enskild;Kunskapsskolan i Sverige Aktiebolag;5565661815;198;59;70;69;46;58;55;
Lundellska skolan;59599256;Uppsala;0380;Kommunal;Uppsala;2120003005;1 206;404;420;382;56;24;69;
Magelungens Gymnasium Uppsala;45466628;Uppsala;0380;Enskild;Magelungen Utveckling AB;5564891447;81;29;32;20;43;20;70;
NTI Gymnasiet Uppsala;52048443;Uppsala;0380;Enskild;NTI Gymnasiet Ellips AB;5565970471;456;189;133;134;12;23;68;
Praktiska Gymnasiet Uppsala;69865450;Uppsala;0380;Enskild;Praktiska Sverige AB;5562575786;244;94;87;63;20;26;36;
ProCivitas Privata Gymnasium Uppsala;69618988;Uppsala;0380;Enskild;ProCivitas Privata Gymnasium AB;5566157102;93;93;.;.;55;29;75;
Realgymnasiet Uppsala;31112935;Uppsala;0380;Enskild;Lärande i Sverige AB;5565715892;165;49;54;62;89;12;47;
Rosendalsgymnasiet;26957025;Uppsala;0380;Kommunal;Uppsala;2120003005;918;304;326;288;49;26;81;
Thoren Business School Uppsala;90509211;Uppsala;0380;Enskild;Thorengruppen AB;5566139290;253;79;101;73;54;27;49;
Uppsala estetiska gymnasium;43277545;Uppsala;0380;Kommunal;Uppsala;2120003005;269;106;82;81;62;15;66;
Uppsala yrkesgymnasium Ekeby;37316242;Uppsala;0380;Kommunal;Uppsala;2120003005;331;167;76;88;47;35;31;
Uppsala yrkesgymnasium Jälla;20173336;Uppsala;0380;Kommunal;Uppsala;2120003005;713;269;233;211;31;13;35;
Yrkesgymnasiet Uppsala;49872493;Uppsala;0380;Enskild;Thorengruppen AB;5566139290;195;74;59;62;38;42;23;
Uppvidinge Lärcenter;11953769;Uppvidinge;0760;Kommunal;Uppvidinge;2120000605;30;11;15;4;33;80;..;
Fenix kunskapscentrum/gymn;50393060;Vaggeryd;0665;Kommunal;Vaggeryd;2120000522;283;98;89;96;44;33;52;
Fenix kunskapscentrum/IM;50146546;Vaggeryd;0665;Kommunal;Vaggeryd;2120000522;78;30;28;20;31;69;22;
Vallentuna gymnasium;85788659;Vallentuna;0115;Kommunal;Vallentuna;2120000027;349;142;116;91;34;23;39;
Vansbro utbildningscenter gy.;95340745;Vansbro;2021;Kommunal;Vansbro;2120002130;135;48;45;42;41;35;18;
Academy of Music and Business Vara;54382141;Vara;1470;Enskild;Academy of Music and Business Education Vara AB;5590489760;110;40;43;27;61;..;57;
Lagmansgymnasiet1;59521477;Vara;1470;Kommunal;Vara;2120002924;248;95;79;74;55;13;39;
Lagmansgymnasiet2;29221653;Vara;1470;Kommunal;Vara;2120002924;198;67;68;63;19;18;41;
Drottning Blankas Gymnasieskola Varberg;92442684;Varberg;1383;Enskild;DBGY Kronan AB;5565668794;185;51;67;67;70;29;44;
LBS Kreativa Gymnasiet Varberg;66095163;Varberg;1383;Enskild;Ljud & Bildskolan Lbs AB;5564851649;125;49;39;37;30;16;56;
Munkagårdsgymnasiet;38544187;Varberg;1383;Region;Region Halland;2321000115;295;111;85;99;58;3;42;
Peder Skrivares skola Enhet 1;54599691;Varberg;1383;Kommunal;Varberg;2120001249;642;232;227;183;61;13;64;
Peder Skrivares skola Enhet 2;54004368;Varberg;1383;Kommunal;Varberg;2120001249;551;171;188;192;44;12;79;
Peder Skrivares skola Enhet 3;54467211;Varberg;1383;Kommunal;Varberg;2120001249;444;149;147;148;21;10;41;
Peder Skrivares skola Enhet 4;54361562;Varberg;1383;Kommunal;Varberg;2120001249;142;83;31;28;42;63;20;
Sveriges Ridgymnasium Varberg;23517683;Varberg;1383;Enskild;Sveriges Ridgymnasium AB;5566814504;83;22;24;37;98;..;54;
Sundsgymnasiet;31975673;Vellinge;1233;Kommunal;Vellinge;2120001033;786;280;247;259;45;10;76;
Njudungsgymnasiet 1;61119556;Vetlanda;0685;Kommunal;Vetlanda;2120000571;70;38;17;15;43;64;..;
Njudungsgymnasiet 2;82251333;Vetlanda;0685;Kommunal;Vetlanda;2120000571;257;88;84;85;32;26;46;
Njudungsgymnasiet 3;99864908;Vetlanda;0685;Kommunal;Vetlanda;2120000571;238;86;67;85;75;24;49;
Njudungsgymnasiet 4;27106031;Vetlanda;0685;Kommunal;Vetlanda;2120000571;237;75;81;81;57;19;46;
Njudungsgymnasiet 5;59463950;Vetlanda;0685;Kommunal;Vetlanda;2120000571;230;84;77;69;14;23;60;
Malgomajskolan 1;63931325;Vilhelmina;2462;Kommunal;Vilhelmina;2120002601;103;33;32;38;42;36;40;
Malgomajskolan 2;98702729;Vilhelmina;2462;Kommunal;Vilhelmina;2120002601;206;68;65;73;42;13;36;
Vimmerby gymnasium 1;44586618;Vimmerby;0884;Kommunal;Vimmerby;2120000787;68;52;6;10;34;59;..;
Vimmerby gymnasium 2;57391913;Vimmerby;0884;Kommunal;Vimmerby;2120000787;280;94;104;82;74;20;50;
Vimmerby gymnasium 3;75374280;Vimmerby;0884;Kommunal;Vimmerby;2120000787;186;68;70;48;16;27;46;
Dammsdal gymnasieskola;12807435;Vingåker;0428;Region;Region Sörmland;2321000032;20;7;7;6;..;..;50;
Sundlergymnasiet;46148350;Vårgårda;1442;Kommunal;Vårgårda;2120001454;346;137;109;100;53;33;43;
Birger Sjöberggymnasiet 1;50133877;Vänersborg;1487;Kommunal;Kunskapsförbundet Väst;2220002998;844;312;296;236;45;31;57;
Birger Sjöberggymnasiet 2;49868916;Vänersborg;1487;Kommunal;Kunskapsförbundet Väst;2220002998;178;97;42;39;44;80;15;
Fridagymnasiet, Vänersborg;74919147;Vänersborg;1487;Enskild;Fridaskolorna AB;5564515988;229;76;73;80;57;19;79;
Nuntorpsgymnasiet;16093109;Vänersborg;1487;Enskild;Naturbruk Väst AB;5590475611;48;21;27;.;65;..;33;
Liljaskolan, sektor A;90240730;Vännäs;2460;Kommunal;Vännäs;2120002841;205;44;79;82;24;9;35;
Liljaskolan, sektor B;84908877;Vännäs;2460;Kommunal;Vännäs;2120002841;185;86;49;50;36;32;23;
Liljaskolan, sektor C;78389879;Vännäs;2460;Kommunal;Vännäs;2120002841;185;96;45;44;37;38;42;
Gustavsbergs gymnasium ,G2,;24277564;Värmdö;0120;Kommunal;Värmdö;2120000035;225;49;91;85;47;67;32;
Mälardalens Ridgymnasium Gustavsberg;88956420;Värmdö;0120;Enskild;Mälardalens Ridgymnasium AB;5569516742;45;17;14;14;98;..;40;
Värmdö gymnasium;44412461;Värmdö;0120;Kommunal;Värmdö;2120000035;1 255;412;430;413;57;12;83;
Värmdö Tekniska gymnasieskola;34002355;Värmdö;0120;Enskild;Värmdö Tekniska Utbildningar Aktiebolag, Vtu;5563836757;196;58;67;71;8;43;30;
Finnvedens Gymnasium 1;16577552;Värnamo;0683;Kommunal;Värnamo;2120000555;218;125;49;44;24;45;23;
Finnvedens Gymnasium 2;36355200;Värnamo;0683;Kommunal;Värnamo;2120000555;375;140;111;124;70;32;47;
Finnvedens Gymnasium 3;96920524;Värnamo;0683;Kommunal;Värnamo;2120000555;339;118;96;125;40;24;42;
Finnvedens Gymnasium 4;18217765;Värnamo;0683;Kommunal;Värnamo;2120000555;343;98;112;133;36;27;62;
Gamlebygymnasiet;14677676;Västervik;0883;Enskild;Hushållningssällskapet Kalmar-Kronoberg-Blekinge;2620000071;180;71;59;50;54;6;45;
Västerviks gymnasium Ro 1;96152872;Västervik;0883;Kommunal;Västervik;2120000779;195;66;67;62;17;18;41;
Västerviks gymnasium Ro 3;70803636;Västervik;0883;Kommunal;Västervik;2120000779;402;130;141;131;57;13;58;
Västerviks gymnasium Ro 4;44041939;Västervik;0883;Kommunal;Västervik;2120000779;134;64;37;33;46;43;31;
Västerviks gymnasium RO5;49576295;Västervik;0883;Kommunal;Västervik;2120000779;227;67;77;83;53;31;66;
ABB Industrigymnasium Västerås;66028861;Västerås;1980;Enskild;Industritekniska Gymnasiet Bergslagen AB;5566081740;371;126;122;123;41;21;86;
Carlforsska gymnasiet;77712952;Västerås;1980;Kommunal;Västerås;2120002080;509;182;172;155;70;35;56;
Carlforsska gymnasiet EK HA;23797825;Västerås;1980;Kommunal;Västerås;2120002080;338;121;106;111;48;20;67;
Carlforsska gymnasiet IM;57999564;Västerås;1980;Kommunal;Västerås;2120002080;235;83;80;72;47;66;21;
Edströmska;92009807;Västerås;1980;Kommunal;Västerås;2120002080;370;124;128;118;18;20;38;
Grillska Gymnasiet Västerås;10433896;Västerås;1980;Enskild;Stadsmissionens Skolstiftelse;8020170794;406;144;122;140;48;11;73;
Hahrska gymnasiet;10342448;Västerås;1980;Kommunal;Västerås;2120002080;362;133;108;121;27;24;35;
JENSEN Gymnasium Västerås;49170638;Västerås;1980;Enskild;Jensen Education College AB;5566358759;173;61;63;49;62;55;53;
Kopparlundsgymnasiet;46379730;Västerås;1980;Enskild;Västerås Entreprenörsgymnasium;8176058942;142;72;36;34;57;44;45;
Kunskapsgymnasiet Västerås;25379974;Västerås;1980;Enskild;Kunskapsskolan i Sverige Aktiebolag;5565661815;242;79;80;83;67;68;46;
Mälardalens Ridgymnasium Västerås;98032567;Västerås;1980;Enskild;Mälardalens Ridgymnasium Västerås Handelsbolag;9165808479;43;19;13;11;98;..;35;
NTI Gymnasiet Västerås;43154449;Västerås;1980;Enskild;NTI Gymnasiet Ellips AB;5565970471;253;99;87;67;15;26;60;
Praktiska Gymnasiet Västerås;96194948;Västerås;1980;Enskild;Praktiska Sverige AB;5562575786;206;73;68;65;50;40;28;
Realgymnasiet  Västerås;25955541;Västerås;1980;Enskild;Lärande i Sverige AB;5565715892;211;82;61;68;90;6;45;
Rudbeckianska gymnasiet;88025221;Västerås;1980;Kommunal;Västerås;2120002080;1 283;396;456;431;59;39;61;
Skultuna gymnasieenhet;33537203;Västerås;1980;Kommunal;Västerås;2120002080;17;14;3;.;59;..;..;
Thoren Business School Västerås;18042101;Västerås;1980;Enskild;Thorengruppen AB;5566139290;325;116;118;91;63;68;44;
Tranellska gymnasiet;14799321;Västerås;1980;Kommunal;Västerås;2120002080;168;56;47;65;51;22;35;
Västerås Citygymnasium;56041699;Västerås;1980;Enskild;Västerås Citygymnasium AB;5567503890;153;37;49;67;61;92;17;
Västerås Idrottsgymnasium;45111086;Västerås;1980;Enskild;Västerås Idrottsgymnasium AB;5567802144;77;31;21;25;29;13;61;
Widénska gymnasiet;70955448;Västerås;1980;Kommunal;Västerås;2120002080;623;200;228;195;52;8;76;
Wijkmanska gymnasiet;68824244;Västerås;1980;Kommunal;Västerås;2120002080;293;115;84;94;12;44;44;
Yrkesgymnasiet Västerås;90685868;Västerås;1980;Enskild;Thorengruppen AB;5566139290;285;116;94;75;52;35;31;
Ingelstadgymnasiet;24501884;Växjö;0780;Enskild;Hushållningssällskapet Kalmar-Kronoberg-Blekinge;2620000071;242;96;70;76;67;6;52;
Katedralskolan 1;46707989;Växjö;0780;Kommunal;Växjö;2120000662;362;127;116;119;57;28;85;
Katedralskolan 2;46986216;Växjö;0780;Kommunal;Växjö;2120000662;265;88;93;84;72;36;72;
Katedralskolan 3;67924816;Växjö;0780;Kommunal;Växjö;2120000662;467;155;170;142;70;22;71;
Katedralskolan 4;92805465;Växjö;0780;Kommunal;Växjö;2120000662;316;127;92;97;54;18;74;
Kungsmadskolan 1;56084099;Växjö;0780;Kommunal;Växjö;2120000662;215;55;87;73;63;27;54;
Kungsmadskolan 2;80711021;Växjö;0780;Kommunal;Växjö;2120000662;314;119;101;94;43;25;40;
Kungsmadskolan 3;54927401;Växjö;0780;Kommunal;Växjö;2120000662;108;99;9;.;45;100;20;
Kungsmadskolan 5;17648596;Växjö;0780;Kommunal;Växjö;2120000662;248;80;85;83;14;18;38;
Kungsmadskolan 6;16720048;Växjö;0780;Kommunal;Växjö;2120000662;190;75;64;51;75;14;44;
LBS Kreativa Gymnasiet Växjö;17083056;Växjö;0780;Enskild;Ljud & Bildskolan Lbs AB;5564851649;138;51;45;42;21;22;61;
Praktiska Gymnasiet Växjö;39341381;Växjö;0780;Enskild;Praktiska Sverige AB;5562575786;196;69;66;61;28;84;16;
ProCivitas Privata Gymnasium Växjö;61176909;Växjö;0780;Enskild;ProCivitas Privata Gymnasium AB;5566157102;428;129;130;169;48;18;69;
Skanskagymnasiet;43479922;Växjö;0780;Enskild;Skanskaskolan i Växjö AB;5567435994;78;31;20;27;49;13;72;
Teknikum 1;60088179;Växjö;0780;Kommunal;Växjö;2120000662;294;117;77;100;58;48;36;
Teknikum 2;28391147;Växjö;0780;Kommunal;Växjö;2120000662;226;90;64;72;13;39;66;
Teknikum 3;77843821;Växjö;0780;Kommunal;Växjö;2120000662;143;102;30;11;54;55;33;
Teknikum 4;90347955;Växjö;0780;Kommunal;Växjö;2120000662;173;55;62;56;..;24;45;
Thoren Business School Växjö;28592060;Växjö;0780;Enskild;Thorengruppen AB;5566139290;69;69;.;.;49;62;43;
Växjö Fria Fordongymnasium;29209307;Växjö;0780;Enskild;VFG Utbildning AB;5562496629;180;90;48;42;14;36;24;
Växjö Fria Gymnasium;21778322;Växjö;0780;Enskild;Växjö Fria Gymnasium AB;5565847836;479;176;162;141;58;28;59;
Fria Läroverken i Ystad;31380193;Ystad;1286;Enskild;Gymnasieskolor i Syd AB;5569306979;164;62;50;52;51;38;28;
Praktiska Gymnasiet Ystad;90290154;Ystad;1286;Enskild;Praktiska Sverige AB;5562575786;189;68;56;65;35;27;28;
Ystad Gymnasium, område 1;25847233;Ystad;1286;Kommunal;Ystad;2120001181;261;87;89;85;69;23;38;
Ystad Gymnasium, område 2;62612992;Ystad;1286;Kommunal;Ystad;2120001181;298;96;96;106;40;21;70;
Ystad Gymnasium, område 3;85485803;Ystad;1286;Kommunal;Ystad;2120001181;277;93;91;93;70;8;61;
Ystad Gymnasium, område 4;16161214;Ystad;1286;Kommunal;Ystad;2120001181;168;67;59;42;35;63;17;
Ystad Gymnasium, område 5;92816527;Ystad;1286;Kommunal;Ystad;2120001181;354;117;111;126;23;12;42;
Ystad Gymnasium, område 6;98387869;Ystad;1286;Kommunal;Ystad;2120001181;259;88;86;85;49;12;56;
Karlbergsgymnasiet 1;16848652;Åmål;1492;Kommunal;Åmål;2120001587;178;68;52;58;63;48;27;
Karlbergsgymnasiet 2;88429477;Åmål;1492;Kommunal;Åmål;2120001587;470;182;145;143;61;31;56;
Karlbergsgymnasiet 3;94975733;Åmål;1492;Kommunal;Åmål;2120001587;194;61;67;66;7;20;46;
Bobergsgymnasiet;56802300;Ånge;2260;Kommunal;Ånge;2120002387;214;100;56;58;39;28;34;
Jämtlands Gymn, Åre 1;15149235;Åre;2321;Kommunal;Jämtlands Gymnasieförbund;2220001636;185;59;51;75;48;18;71;
Jämtlands Gymn, Åre 2;48336642;Åre;2321;Kommunal;Jämtlands Gymnasieförbund;2220001636;129;53;41;35;38;31;34;
Årjängs gymnasieskola;77379848;Årjäng;1765;Kommunal;Årjäng;2120001835;93;25;41;27;32;69;19;
Vuxenutbildningscentrum IM;29535640;Åstorp;1277;Kommunal;Åstorp;2120000936;86;85;1;.;49;72;17;
Bildningscentrum Facetten;24538846;Åtvidaberg;0561;Kommunal;Åtvidaberg;2120000415;241;80;78;83;37;14;54;
Haganässkolan 1;67422309;Älmhult;0765;Kommunal;Älmhult;2120000647;276;123;74;79;39;42;31;
Haganässkolan2;67058407;Älmhult;0765;Kommunal;Älmhult;2120000647;235;51;86;98;49;53;46;
Älvdalens Utbildningscentrum;34421265;Älvdalen;2039;Enskild;Älvdalens Utbildningscentrum AB;5567759120;297;126;98;73;25;..;42;
Gymnasieutb. Älvkarleby komvux;49279427;Älvkarleby;0319;Kommunal;Älvkarleby;2120000258;20;10;6;4;..;..;..;
Älvsbyns gymnasium;15791044;Älvsbyn;2560;Kommunal;Älvsbyn;2120002734;194;59;82;53;41;28;41;
Ängelholms gymnasieskola Ro 2;65392939;Ängelholm;1292;Kommunal;Ängelholm;2120000977;530;182;205;143;52;15;69;
Ängelholms gymnasieskola Ro 3;98696836;Ängelholm;1292;Kommunal;Ängelholm;2120000977;311;103;92;116;52;17;57;
Ängelholms gymnasieskola Ro 4;82160887;Ängelholm;1292;Kommunal;Ängelholm;2120000977;302;135;79;88;34;15;52;
Ängelholms gymnasieskola Ro 5;23175129;Ängelholm;1292;Kommunal;Ängelholm;2120000977;125;72;30;23;23;50;36;
Öckerö Seglande gymnasieskola;77358716;Öckerö;1407;Kommunal;Öckerö;2120001280;299;102;99;98;62;5;79;
Drottning Blankas Gymnasieskola Örebro;64648566;Örebro;1880;Enskild;DBGY Juvelen AB;5565789129;289;104;93;92;74;51;28;
Grillska Gymnasiet Örebro;49739986;Örebro;1880;Enskild;Stadsmissionens Skolstiftelse;8020170794;380;134;123;123;27;37;44;
JENSEN Gymnasium Örebro;92192566;Örebro;1880;Enskild;Jensen Education College AB;5566358759;258;95;79;84;64;54;46;
Karolinska gymnasiet;56886667;Örebro;1880;Kommunal;Örebro;2120001967;895;281;296;318;70;27;70;
Kvinnerstagymnasiet;33249781;Örebro;1880;Kommunal;Örebro;2120001967;159;41;47;71;54;..;45;
LBS Kreativa Gymnasiet Örebro;94207720;Örebro;1880;Enskild;Ljud & Bildskolan Lbs AB;5564851649;157;65;49;43;36;21;64;
NTI Gymnasiet Örebro;29225010;Örebro;1880;Enskild;NTI Gymnasiet Ellips AB;5565970471;167;61;57;49;8;29;51;
Praktiska Gymnasiet Örebro;18691102;Örebro;1880;Enskild;Praktiska Sverige AB;5562575786;212;78;65;69;10;55;22;
Proffsgymnasiet;70302356;Örebro;1880;Enskild;Fordonsutbildningar i Örebro Aktiebolag;5564869161;113;48;38;27;17;51;22;
Realgymnasiet i Örebro;28482422;Örebro;1880;Enskild;Lärande i Sverige AB;5565715892;40;40;.;.;68;..;45;
Rudbecksgymnasiet;65421426;Örebro;1880;Kommunal;Örebro;2120001967;1 203;383;390;430;61;32;62;
Rudbecksgymnasiet RGD-RGH;62394916;Örebro;1880;Kommunal;Örebro;2120001967;67;25;16;26;66;45;54;
Rytmus Örebro;67908927;Örebro;1880;Enskild;Rytmus AB;5564648979;102;32;36;34;56;..;71;
Thoren Business School Örebro;72071234;Örebro;1880;Enskild;Thorengruppen AB;5566139290;651;264;194;193;59;44;57;
Tullängsgymnasiet;24349146;Örebro;1880;Kommunal;Örebro;2120001967;990;354;334;302;22;14;57;
Tullängsgymnasiet RGD-RGH;83605345;Örebro;1880;Kommunal;Örebro;2120001967;91;21;22;48;..;41;29;
Virginska gymnasiet;15933512;Örebro;1880;Kommunal;Örebro;2120001967;1 340;691;314;335;59;31;49;
Virginska gymnasiet RGD-RGH;12198363;Örebro;1880;Kommunal;Örebro;2120001967;123;29;37;57;57;55;36;
Yrkesgymnasiet Örebro;47692481;Örebro;1880;Enskild;Thorengruppen AB;5566139290;224;93;75;56;51;55;26;
Örkelljunga Utb.centrum, gy.;64693272;Örkelljunga;1257;Kommunal;Örkelljunga;2120000878;124;63;20;41;48;51;36;
Hampnäs gymnasium;18072172;Örnsköldsvik;2284;Enskild;Impius Vård och Utbildning AB;5566824693;65;23;16;26;35;15;57;
Höga kustens teoretiska gymnasium;65833454;Örnsköldsvik;2284;Enskild;Honesta Gymnasieskolor AB;5590258108;111;36;29;46;73;33;56;
Praktiska Gymnasiet Örnsköldsvik;85188855;Örnsköldsvik;2284;Enskild;Praktiska Sverige AB;5562575786;195;75;57;63;39;15;32;
Örnsköldsviks Gymnasium Alfa 1;11341077;Örnsköldsvik;2284;Kommunal;Örnsköldsvik;2120002445;99;45;31;23;47;100;..;
Örnsköldsviks Gymnasium Beta;39528347;Örnsköldsvik;2284;Kommunal;Örnsköldsvik;2120002445;225;99;60;66;24;18;44;
Örnsköldsviks Gymnasium Delta;34988313;Örnsköldsvik;2284;Kommunal;Örnsköldsvik;2120002445;159;59;53;47;55;19;74;
Örnsköldsviks Gymnasium Gamma;85473846;Örnsköldsvik;2284;Kommunal;Örnsköldsvik;2120002445;220;79;71;70;34;6;50;
Örnsköldsviks Gymnasium Kappa;29744774;Örnsköldsvik;2284;Kommunal;Örnsköldsvik;2120002445;48;18;16;14;..;..;46;
Örnsköldsviks Gymnasium Lambda;89690587;Örnsköldsvik;2284;Kommunal;Örnsköldsvik;2120002445;416;140;137;139;63;14;58;
Örnsköldsviks Gymnasium Omega;28045567;Örnsköldsvik;2284;Kommunal;Örnsköldsvik;2120002445;321;115;106;100;69;11;67;
Örnsköldsviks Gymnasium Sigma;20768651;Örnsköldsvik;2284;Kommunal;Örnsköldsvik;2120002445;261;99;78;84;26;19;58;
Jämtlands Gymn, Fyrvalla 3A;32239920;Östersund;2380;Kommunal;Jämtlands Gymnasieförbund;2220001636;268;106;84;78;28;4;44;
Jämtlands Gymn, Fyrvalla 3C;33467604;Östersund;2380;Kommunal;Jämtlands Gymnasieförbund;2220001636;309;111;100;98;16;13;42;
Jämtlands Gymn, Wargentin 1A;38880984;Östersund;2380;Kommunal;Jämtlands Gymnasieförbund;2220001636;310;97;119;94;47;37;63;
Jämtlands Gymn, Wargentin 1B;28872974;Östersund;2380;Kommunal;Jämtlands Gymnasieförbund;2220001636;320;105;123;92;36;19;63;
Jämtlands Gymn, Wargentin 1E;69812576;Östersund;2380;Kommunal;Jämtlands Gymnasieförbund;2220001636;404;156;144;104;53;12;67;
Jämtlands Gymn, Wargentin 2A;18686599;Östersund;2380;Kommunal;Jämtlands Gymnasieförbund;2220001636;234;96;64;74;37;8;80;
Jämtlands Gymn, Wargentin 2B;93779220;Östersund;2380;Kommunal;Jämtlands Gymnasieförbund;2220001636;460;173;149;138;70;11;66;
Jämtlands Gymn, Wargentin 2C;77797484;Östersund;2380;Kommunal;Jämtlands Gymnasieförbund;2220001636;279;107;91;81;70;13;65;
Jämtlands Gymn, Wargentin 2D;53279140;Östersund;2380;Kommunal;Jämtlands Gymnasieförbund;2220001636;206;67;59;80;78;11;41;
Jämtlands Gymn, Wargentin 2E;22640494;Östersund;2380;Kommunal;Jämtlands Gymnasieförbund;2220001636;4;.;1;3;..;..;..;
Storsjögymnasiet, Östersund;80785976;Östersund;2380;Enskild;Honesta Skolutveckling AB;5569173635;313;109;85;119;44;13;49;
Östersunds Gymnasieskola;47559319;Östersund;2380;Enskild;Östersunds gymnasieskola AB;5567212641;143;36;43;64;60;27;53;
Skärgårdsgymnasiet;56187883;Österåker;0117;Enskild;Au Claves AB;5567284822;463;161;157;145;42;18;37;
Österåkers gymnasium;20752831;Österåker;0117;Kommunal;Österåker;2120002890;645;227;201;217;39;18;65;
Bruksgymnasiet/Gimo utb.centr.;51023367;Östhammar;0382;Kommunal;Östhammar;2120000290;371;143;123;105;50;20;37;
Vattenfallgymnasiet;34739511;Östhammar;0382;Enskild;Forsmarks Gymnasium AB;5566597885;30;13;17;.;43;..;67;
Wilhelm Haglunds Gymnasium;95069937;Östhammar;0382;Enskild;Gimo UtbildningsAktiebolag;5560614041;74;18;27;29;16;..;50;
Göinge utbildningscenter, Gymnasium;84200045;Östra Göinge;1256;Kommunal;Östra Göinge;2120000860;112;51;46;15;40;79;18;
Gymnasieskolan;55295253;Överkalix;2513;Kommunal;Överkalix;2120002684;7;.;7;.;..;..;..;
Gränsälvsgymnasiet;52690153;Övertorneå;2518;Kommunal;Övertorneå;2120002700;126;36;43;47;48;39;41;

Rapportbeskrivning och definitioner etc.  
  
Rapporten visar antal elever totalt, andel kvinnor, andel med utländsk bakgrund, andel med högutbildade föräldrar samt antal elever i skolår 1 till 3. 
Uppgifterna avser oktober det valda året.
 
Observera att uppgifter avseende kön, utländsk bakgrund samt föräldrarnas utbildningsnivå dubbelprickas om de baseras på färre än 10 elever.
Då visas två prickar (..) istället för utfall. Om data saknas visas en prick (.)  istället för utfall.
 




